album,title,track,source_line,section,index,scheme,predecessor,ending_known,available_tail_syllables,rating,syllables,mass,adjacent_syllables,adjacent_rating,line_syllables,unknown_word_count,anchor_partner,anchor_syllables,anchor_rating,anchor_kind,anchor_repeated,expanded_scheme,full_syllables,repeated_syllables,repeated_words,connection_kind,adjacent_kind,adjacent_repeated,adjacent_full,marked_adlib_count,adlib_candidate,adlib_adjusted
ICEMAN,Make Them Cry,1,7,2,0,1,,True,6,,0,0,0,,13,0,1,2,100,rhyme,0,1,0,0,0,,,0,0,0,False,False
ICEMAN,Make Them Cry,1,8,2,1,1,0,True,6,100,2,2.0,2,100,21,0,,0,,,0,1,2,0,0,rhyme,rhyme,0,2,0,False,False
ICEMAN,Make Them Cry,1,9,2,2,1,0,True,6,84,3,2.52,2,92,15,0,,0,,,0,1,3,0,0,rhyme,rhyme,0,2,0,False,False
ICEMAN,Make Them Cry,1,10,2,3,1,2,True,6,84,2,1.68,2,84,19,1,,0,,,0,1,2,0,0,rhyme,rhyme,0,2,0,False,False
ICEMAN,Make Them Cry,1,11,2,4,,,False,0,,0,0,0,,15,1,,0,,,0,,0,0,0,,,0,0,0,False,False
ICEMAN,Make Them Cry,1,12,2,5,,,True,6,,0,0,0,,16,0,,0,,,0,,0,0,0,,,0,0,0,False,False
ICEMAN,Make Them Cry,1,13,2,6,2,,True,6,,0,0,0,,19,0,7,2,92,rhyme-before-repeat,1,2,0,0,0,,,0,0,0,False,False
ICEMAN,Make Them Cry,1,14,2,7,2,6,True,6,92,2,1.84,2,92,24,0,,0,,,0,2,3,1,1,rhyme-before-repeat,rhyme-before-repeat,1,3,0,False,False
ICEMAN,Make Them Cry,1,15,2,8,2,7,True,6,84,2,1.68,2,84,12,1,,0,,,0,2,2,0,0,rhyme,rhyme,0,2,0,False,False
ICEMAN,Make Them Cry,1,16,2,9,2,8,True,6,84,2,1.68,2,84,14,0,,0,,,0,2,2,0,0,rhyme,rhyme,0,2,0,False,False
ICEMAN,Make Them Cry,1,17,2,10,3,,True,6,,0,0,0,,22,0,11,2,84,rhyme,0,3,0,0,0,,,0,0,0,False,False
ICEMAN,Make Them Cry,1,18,2,11,3,10,True,6,84,2,1.68,2,84,10,0,,0,,,0,3,2,0,0,rhyme,rhyme,0,2,0,False,False
ICEMAN,Make Them Cry,1,19,2,12,3,11,True,6,92,2,1.84,2,92,16,0,,0,,,0,3,2,0,0,rhyme,rhyme,0,2,0,False,False
ICEMAN,Make Them Cry,1,20,2,13,3,12,True,6,92,2,1.84,2,92,19,0,,0,,,0,3,2,0,0,rhyme,rhyme,0,2,0,False,False
ICEMAN,Make Them Cry,1,21,2,14,4,,True,6,,0,0,0,,14,0,15,3,88,rhyme,0,4,0,0,0,,,0,0,0,False,False
ICEMAN,Make Them Cry,1,22,2,15,4,14,True,6,88,3,2.64,3,88,18,0,,0,,,0,4,3,0,0,rhyme,rhyme,0,3,0,False,False
ICEMAN,Make Them Cry,1,23,2,16,5,,True,6,,0,0,0,,18,0,17,1,92,rhyme,0,5,0,0,0,,,0,0,0,False,False
ICEMAN,Make Them Cry,1,24,2,17,5,16,True,6,92,1,0.92,1,92,12,0,,0,,,0,5,1,0,0,rhyme,rhyme,0,1,0,False,False
ICEMAN,Make Them Cry,1,25,2,18,,,True,6,,0,0,0,,19,1,,0,,,0,,0,0,0,,,0,0,0,False,False
ICEMAN,Make Them Cry,1,26,2,19,5,16,True,6,100,1,1.0,0,,17,0,,0,,,0,5,1,0,0,rhyme,,0,0,0,False,False
ICEMAN,Make Them Cry,1,27,2,20,5,17,True,6,84,2,1.68,1,92,29,0,,0,,,0,5,2,0,0,rhyme,rhyme,0,1,0,False,False
ICEMAN,Make Them Cry,1,28,2,21,5,17,True,4,92,2,1.84,2,84,8,1,,0,,,0,5,2,0,0,rhyme,rhyme,0,2,0,False,False
ICEMAN,Make Them Cry,1,29,2,22,5,21,True,6,92,1,0.92,1,92,12,0,,0,,,0,5,1,0,0,rhyme,rhyme,0,1,0,False,False
ICEMAN,Make Them Cry,1,30,2,23,5,21,True,6,92,1,0.92,0,,17,0,,0,,,0,5,1,0,0,rhyme,repetition,1,1,0,False,False
ICEMAN,Make Them Cry,1,31,2,24,6,,True,6,,0,0,0,,9,0,25,3,84,rhyme,0,6,0,0,0,,,0,0,0,False,False
ICEMAN,Make Them Cry,1,32,2,25,6,24,True,6,84,3,2.52,3,84,11,0,,0,,,0,6,3,0,0,rhyme,rhyme,0,3,0,False,False
ICEMAN,Make Them Cry,1,33,2,26,6,25,True,6,84,2,1.68,2,84,10,0,,0,,,0,6,2,0,0,rhyme,rhyme,0,2,0,False,False
ICEMAN,Make Them Cry,1,34,2,27,7,,True,6,,0,0,0,,17,0,29,2,92,rhyme,0,7,0,0,0,,,0,0,0,False,False
ICEMAN,Make Them Cry,1,35,2,28,,,True,6,,0,0,0,,20,0,,0,,,0,,0,0,0,,,0,0,0,False,False
ICEMAN,Make Them Cry,1,36,2,29,7,27,True,6,92,2,1.84,0,,14,0,,0,,,0,7,2,0,0,rhyme,,0,0,0,False,False
ICEMAN,Make Them Cry,1,37,2,30,7,29,True,6,84,3,2.52,3,84,17,0,,0,,,0,7,3,0,0,rhyme,rhyme,0,3,0,False,False
ICEMAN,Make Them Cry,1,38,2,31,8,,True,1,,0,0,0,,1,0,35,1,92,rhyme,0,8,0,0,0,,,0,0,0,False,False
ICEMAN,Make Them Cry,1,39,2,32,,,True,6,,0,0,0,,18,0,,0,,,0,,0,0,0,,,0,0,0,False,False
ICEMAN,Make Them Cry,1,40,2,33,,,True,6,,0,0,0,,14,0,36,2,76.0,slant,0,9,0,0,0,,,0,0,0,False,False
ICEMAN,Make Them Cry,1,41,2,34,,,True,6,,0,0,0,,15,0,,0,,,0,,0,0,0,,,0,0,0,False,False
ICEMAN,Make Them Cry,1,42,2,35,8,31,True,6,92,1,0.92,0,,15,0,,0,,,0,8,1,0,0,rhyme,,0,0,0,False,False
ICEMAN,Make Them Cry,1,43,2,36,,33,True,6,76.0,2,0,0,,16,0,,0,,,0,9,2,0,0,slant,,0,0,0,False,False
ICEMAN,Make Them Cry,1,44,2,37,,33,True,6,80.0,2,0,0,,14,0,,0,,,0,9,2,0,0,slant,,0,0,0,False,False
ICEMAN,Make Them Cry,1,45,2,38,,,True,6,,0,0,0,,14,0,,0,,,0,,0,0,0,,,0,0,0,False,False
ICEMAN,Make Them Cry,1,46,2,39,9,,True,6,,0,0,0,,14,0,40,2,84,rhyme,0,10,0,0,0,,,0,0,0,False,False
ICEMAN,Make Them Cry,1,47,2,40,9,39,True,6,84,2,1.68,2,84,17,1,,0,,,0,10,2,0,0,rhyme,rhyme,0,2,0,True,True
ICEMAN,Make Them Cry,1,48,2,41,9,40,True,6,84,2,1.68,2,84,16,0,,0,,,0,10,2,0,0,rhyme,rhyme,0,2,0,False,False
ICEMAN,Make Them Cry,1,49,2,42,9,41,True,6,92,2,1.84,2,92,12,1,,0,,,0,10,2,0,0,rhyme,rhyme,0,2,0,False,False
ICEMAN,Make Them Cry,1,50,2,43,10,,True,6,,0,0,0,,15,0,45,2,84,rhyme,0,11,0,0,0,,,0,0,0,False,False
ICEMAN,Make Them Cry,1,51,2,44,9,40,True,6,100,2,2.0,0,,16,0,,0,,,0,10,2,0,0,rhyme,,0,0,0,False,False
ICEMAN,Make Them Cry,1,52,2,45,10,43,True,6,84,2,1.68,0,,16,0,,0,,,0,11,2,0,0,rhyme,,0,0,0,False,False
ICEMAN,Make Them Cry,1,53,2,46,10,45,True,6,84,2,1.68,2,84,12,1,,0,,,0,11,2,0,0,rhyme,rhyme,0,2,0,False,False
ICEMAN,Make Them Cry,1,54,2,47,10,45,True,6,84,2,1.68,0,,29,0,,0,,,0,11,2,0,0,rhyme,,0,0,0,False,False
ICEMAN,Make Them Cry,1,55,2,48,10,45,True,6,84,2,1.68,0,,14,0,,0,,,0,11,2,0,0,rhyme,,0,0,0,False,False
ICEMAN,Make Them Cry,1,56,2,49,,,True,6,,0,0,0,,13,0,,0,,,0,,0,0,0,,,0,0,0,False,False
ICEMAN,Make Them Cry,1,57,2,50,11,,True,6,,0,0,0,,14,0,52,2,84,rhyme,0,12,0,0,0,,,0,0,0,False,False
ICEMAN,Make Them Cry,1,58,2,51,12,,True,6,,0,0,0,,14,0,53,3,84,rhyme-before-repeat,1,13,0,0,0,,,0,0,0,False,False
ICEMAN,Make Them Cry,1,59,2,52,11,50,True,6,84,2,1.68,0,,14,0,,0,,,0,12,2,0,0,rhyme,,0,0,0,False,False
ICEMAN,Make Them Cry,1,60,2,53,12,51,True,6,84,3,2.52,0,,14,0,,0,,,0,13,4,1,1,rhyme-before-repeat,,0,0,0,False,False
ICEMAN,Make Them Cry,1,61,2,54,,,True,6,,0,0,0,,13,0,,0,,,0,,0,0,0,,,0,0,0,False,False
ICEMAN,Make Them Cry,1,62,2,55,12,53,True,6,92,2,1.84,0,,20,0,,0,,,0,13,2,0,0,rhyme,,0,0,0,False,False
ICEMAN,Make Them Cry,1,63,2,56,12,53,True,5,92,2,1.84,0,,5,0,,0,,,0,13,2,0,0,rhyme,repetition,4,4,0,True,True
ICEMAN,Make Them Cry,1,64,2,57,13,,True,6,,0,0,0,,17,0,58,2,92,rhyme,0,14,0,0,0,,,0,0,0,False,False
ICEMAN,Make Them Cry,1,65,2,58,13,57,True,4,92,2,1.84,2,92,12,1,,0,,,0,14,2,0,0,rhyme,rhyme,0,2,0,False,False
ICEMAN,Make Them Cry,1,66,2,59,,,True,6,,0,0,0,,19,0,,0,,,0,,0,0,0,,,0,0,0,False,False
ICEMAN,Make Them Cry,1,67,2,60,,,True,6,,0,0,0,,13,0,,0,,,0,,0,0,0,,,0,0,0,True,False
ICEMAN,Make Them Cry,1,68,2,61,14,,True,6,,0,0,0,,14,0,65,2,100,rhyme,0,15,0,0,0,,,0,0,0,False,False
ICEMAN,Make Them Cry,1,69,2,62,,,True,6,,0,0,0,,15,0,,0,,,0,,0,0,0,,,0,0,0,False,False
ICEMAN,Make Them Cry,1,70,2,63,,,True,6,,0,0,0,,17,0,64,2,84.0,slant,0,16,0,0,0,,,0,0,0,False,False
ICEMAN,Make Them Cry,1,71,2,64,,63,True,2,84.0,2,0,2,84.0,13,1,,0,,,0,16,2,0,0,slant,slant,0,2,0,False,False
ICEMAN,Make Them Cry,1,72,2,65,14,61,True,6,100,2,2.0,0,,15,0,,0,,,0,15,2,0,0,rhyme,,0,0,0,False,False
ICEMAN,Make Them Cry,1,73,2,66,14,65,True,6,92,2,1.84,2,92,14,1,,0,,,0,15,2,0,0,rhyme,rhyme,0,2,0,False,False
ICEMAN,Make Them Cry,1,74,2,67,14,65,True,6,100,2,2.0,2,92,6,1,,0,,,0,15,2,0,0,rhyme,rhyme,0,2,0,False,False
ICEMAN,Make Them Cry,1,75,2,68,,,True,6,,0,0,0,,13,0,,0,,,0,,0,0,0,,,0,0,0,False,False
ICEMAN,Make Them Cry,1,76,2,69,,,True,6,,0,0,0,,24,0,,0,,,0,,0,0,0,,,0,0,0,False,False
ICEMAN,Make Them Cry,1,77,2,70,14,67,True,6,84,2,1.68,0,,8,0,,0,,,0,15,2,0,0,rhyme,,0,0,0,False,False
ICEMAN,Make Them Cry,1,78,2,71,14,67,True,6,100,2,2.0,2,84,23,0,,0,,,0,15,2,0,0,rhyme,rhyme,0,2,0,False,False
ICEMAN,Make Them Cry,1,79,2,72,15,,True,6,,0,0,0,,15,0,73,2,84,rhyme,0,17,0,0,0,,,0,0,0,False,False
ICEMAN,Make Them Cry,1,80,2,73,15,72,True,6,84,2,1.68,2,84,14,0,,0,,,0,17,2,0,0,rhyme,rhyme,0,2,0,False,False
ICEMAN,Make Them Cry,1,81,2,74,15,72,True,6,100,2,2.0,2,84,16,0,,0,,,0,17,2,0,0,rhyme,rhyme,0,2,0,False,False
ICEMAN,Make Them Cry,1,82,2,75,14,71,True,6,100,2,2.0,0,,16,0,,0,,,0,15,2,0,0,rhyme,,0,0,0,False,False
ICEMAN,Make Them Cry,1,83,2,76,14,75,True,6,92,2,1.84,2,92,16,0,,0,,,0,15,2,0,0,rhyme,rhyme,0,2,0,False,False
ICEMAN,Make Them Cry,1,84,2,77,14,75,True,6,92,2,1.84,2,84,12,1,,0,,,0,15,2,0,0,rhyme,rhyme,0,2,0,False,False
ICEMAN,Make Them Cry,1,85,2,78,14,77,True,6,84,2,1.68,2,84,13,0,,0,,,0,15,2,0,0,rhyme,rhyme,0,2,0,False,False
ICEMAN,Make Them Cry,1,86,2,79,,,True,6,,0,0,0,,16,0,,0,,,0,,0,0,0,,,0,0,0,False,False
ICEMAN,Make Them Cry,1,87,2,80,,,True,2,,0,0,0,,2,0,,0,,,0,,0,0,0,,,0,0,0,False,False
ICEMAN,Make Them Cry,1,88,2,81,,,True,6,,0,0,0,,15,0,,0,,,0,,0,0,0,,,0,0,0,False,False
ICEMAN,Dust,2,13,2,0,,,True,6,,0,0,0,,9,0,,0,,,0,,0,0,0,,,0,0,0,False,False
ICEMAN,Dust,2,14,2,1,,,True,6,,0,0,0,,10,0,,0,,,0,,0,0,0,,,0,0,0,False,False
ICEMAN,Dust,2,15,2,2,1,,True,6,,0,0,0,,7,0,3,1,92,rhyme,0,1,0,0,0,,,0,0,0,False,False
ICEMAN,Dust,2,16,2,3,1,2,True,6,92,1,0.92,1,92,12,0,,0,,,0,1,1,0,0,rhyme,rhyme,0,1,0,False,False
ICEMAN,Dust,2,17,2,4,1,3,True,6,92,1,0.92,1,92,10,0,,0,,,0,1,1,0,0,rhyme,rhyme,0,1,0,False,False
ICEMAN,Dust,2,18,2,5,1,4,True,6,92,1,0.92,1,92,12,0,,0,,,0,1,1,0,0,rhyme,rhyme,0,1,0,False,False
ICEMAN,Dust,2,19,2,6,1,4,True,6,92,1,0.92,1,84,8,0,,0,,,0,1,1,0,0,rhyme,rhyme-before-repeat,1,2,0,False,False
ICEMAN,Dust,2,32,4,7,2,,True,5,,0,0,0,,6,1,9,0,,repetition,2,2,0,0,0,,,0,0,0,True,True
ICEMAN,Dust,2,33,4,8,3,7,True,5,80.0,2,0,2,80.0,7,1,,0,,,0,2,2,0,0,slant,slant,0,2,0,True,True
ICEMAN,Dust,2,34,4,9,2,7,True,6,,0,0.0,2,80.0,13,0,,0,,,0,2,2,2,1,repetition,slant,0,2,0,False,False
ICEMAN,Dust,2,35,4,10,3,8,True,6,92,2,1.84,2,80.0,16,1,,0,,,0,2,3,1,1,rhyme-before-repeat,slant,0,2,0,False,False
ICEMAN,Dust,2,36,4,11,2,9,True,6,100,2,2.0,2,80.0,19,0,,0,,,0,2,2,0,0,rhyme,slant,0,2,0,False,False
ICEMAN,Dust,2,37,4,12,3,10,True,6,84,1,0.84,0,,18,0,,0,,,0,2,2,1,1,rhyme-before-repeat,,0,0,0,False,False
ICEMAN,Dust,2,38,4,13,3,10,True,6,92,1,0.92,1,84,18,0,,0,,,0,2,2,1,1,rhyme-before-repeat,rhyme-before-repeat,1,2,0,False,False
ICEMAN,Dust,2,39,4,14,,,False,0,,0,0,0,,10,1,,0,,,0,,0,0,0,,,0,0,0,True,False
ICEMAN,Dust,2,40,4,15,3,12,True,6,92,4,3.68,0,,17,0,,0,,,0,2,5,1,1,rhyme-before-repeat,,0,0,0,False,False
ICEMAN,Dust,2,41,4,16,3,15,True,6,100,1,1.0,1,100,17,0,,0,,,0,2,2,1,1,rhyme-before-repeat,rhyme-before-repeat,1,2,0,False,False
ICEMAN,Dust,2,42,4,17,3,16,True,2,92,1,0.92,1,92,13,1,,0,,,0,2,2,1,1,rhyme-before-repeat,rhyme-before-repeat,1,2,0,False,False
ICEMAN,Dust,2,56,6,18,4,,True,5,,0,0,0,,6,1,19,2,92,rhyme,0,3,0,0,0,,,0,0,0,False,False
ICEMAN,Dust,2,57,6,19,4,18,True,6,92,2,1.84,2,92,13,0,,0,,,0,3,2,0,0,rhyme,rhyme,0,2,0,False,False
ICEMAN,Dust,2,58,6,20,,,True,6,,0,0,0,,11,0,,0,,,0,,0,0,0,,,0,0,0,False,False
ICEMAN,Dust,2,59,6,21,4,19,True,6,84,2,1.68,0,,13,0,,0,,,0,3,2,0,0,rhyme,,0,0,0,False,False
ICEMAN,Dust,2,60,6,22,5,,True,6,,0,0,0,,14,0,23,1,92,rhyme,0,4,0,0,0,,,0,0,0,False,False
ICEMAN,Dust,2,61,6,23,5,22,True,6,92,1,0.92,1,92,18,0,,0,,,0,4,1,0,0,rhyme,rhyme,0,1,0,False,False
ICEMAN,Dust,2,62,6,24,5,23,True,6,84,3,2.52,3,84,19,1,,0,,,0,4,3,0,0,rhyme,rhyme,0,3,0,True,True
ICEMAN,Whisper My Name,3,7,2,0,1,,True,6,,0,0,0,,8,0,1,1,92,rhyme,0,1,0,0,0,,,0,0,0,False,False
ICEMAN,Whisper My Name,3,8,2,1,1,0,True,5,92,1,0.92,1,92,6,2,,0,,,0,1,1,0,0,rhyme,rhyme,0,1,0,False,False
ICEMAN,Whisper My Name,3,9,2,2,2,,True,6,,0,0,0,,9,0,3,1,100,rhyme,0,2,0,0,0,,,0,0,0,False,False
ICEMAN,Whisper My Name,3,10,2,3,2,2,True,6,100,1,1.0,1,100,12,0,,0,,,0,2,1,0,0,rhyme,rhyme,0,1,0,False,False
ICEMAN,Whisper My Name,3,11,2,4,2,3,True,6,100,1,1.0,1,100,24,0,,0,,,0,2,1,0,0,rhyme,rhyme,0,1,0,False,False
ICEMAN,Whisper My Name,3,12,2,5,2,4,True,6,92,1,0.92,1,92,10,0,,0,,,0,2,1,0,0,rhyme,rhyme,0,1,0,False,False
ICEMAN,Whisper My Name,3,13,2,6,2,5,True,6,84,4,3.36,4,84,10,0,,0,,,0,2,4,0,0,rhyme,rhyme,0,4,0,False,False
ICEMAN,Whisper My Name,3,14,2,7,3,,True,6,,0,0,0,,22,0,8,1,92,rhyme,0,3,0,0,0,,,0,0,0,False,False
ICEMAN,Whisper My Name,3,15,2,8,3,7,True,6,92,1,0.92,1,92,22,0,,0,,,0,3,1,0,0,rhyme,rhyme,0,1,0,False,False
ICEMAN,Whisper My Name,3,16,2,9,,,True,6,,0,0,0,,10,0,,0,,,0,,0,0,0,,,0,0,0,False,False
ICEMAN,Whisper My Name,3,17,2,10,3,7,True,6,84,2,1.68,0,,18,0,,0,,,0,3,2,0,0,rhyme,,0,0,0,False,False
ICEMAN,Whisper My Name,3,18,2,11,4,,True,4,,0,0,0,,4,0,12,1,92,rhyme,0,4,0,0,0,,,0,0,0,False,False
ICEMAN,Whisper My Name,3,19,2,12,4,11,True,6,92,1,0.92,1,92,11,0,,0,,,0,4,1,0,0,rhyme,rhyme,0,1,0,False,False
ICEMAN,Whisper My Name,3,20,2,13,4,11,True,4,100,1,1.0,1,92,16,1,,0,,,0,4,1,0,0,rhyme,rhyme,0,1,0,False,False
ICEMAN,Whisper My Name,3,21,2,14,4,13,True,6,84,1,0.84,1,84,10,0,,0,,,0,4,1,0,0,rhyme,rhyme,0,1,0,False,False
ICEMAN,Whisper My Name,3,22,2,15,4,13,True,6,92,1,0.92,1,84,17,1,,0,,,0,4,1,0,0,rhyme,rhyme,0,1,0,False,False
ICEMAN,Whisper My Name,3,23,2,16,4,15,True,6,92,1,0.92,1,92,19,0,,0,,,0,4,1,0,0,rhyme,rhyme,0,1,0,False,False
ICEMAN,Whisper My Name,3,24,2,17,4,15,True,6,100,1,1.0,1,92,18,0,,0,,,0,4,1,0,0,rhyme,rhyme,0,1,0,False,False
ICEMAN,Whisper My Name,3,25,2,18,4,17,True,6,100,1,1.0,1,100,18,0,,0,,,0,4,1,0,0,rhyme,rhyme,0,1,0,False,False
ICEMAN,Whisper My Name,3,26,2,19,4,16,True,6,84,2,1.68,1,92,17,0,,0,,,0,4,2,0,0,rhyme,rhyme,0,1,0,False,False
ICEMAN,Whisper My Name,3,27,2,20,4,16,True,6,84,2,1.68,0,,6,0,,0,,,0,4,2,0,0,rhyme,repetition,5,5,0,False,False
ICEMAN,Whisper My Name,3,51,6,21,5,,True,6,,0,0,0,,13,0,22,3,84,rhyme-before-repeat,1,5,0,0,0,,,0,0,0,False,False
ICEMAN,Whisper My Name,3,52,6,22,5,21,True,6,84,3,2.52,3,84,10,0,,0,,,0,5,4,1,1,rhyme-before-repeat,rhyme-before-repeat,1,4,0,False,False
ICEMAN,Whisper My Name,3,53,6,23,5,22,True,3,,0,0.0,0,,12,2,,0,,,0,5,1,1,1,repetition,repetition,1,1,0,False,False
ICEMAN,Whisper My Name,3,54,6,24,,,False,0,,0,0,0,,12,1,,0,,,0,,0,0,0,,,0,0,0,False,False
ICEMAN,Whisper My Name,3,55,6,25,5,23,True,6,100,1,1.0,0,,15,0,,0,,,0,5,1,0,0,rhyme,,0,0,0,False,False
ICEMAN,Whisper My Name,3,56,6,26,,,False,0,,0,0,0,,17,1,,0,,,0,,0,0,0,,,0,0,0,False,False
ICEMAN,Whisper My Name,3,57,6,27,6,,True,3,,0,0,0,,15,1,28,1,100,rhyme,0,6,0,0,0,,,0,0,0,False,False
ICEMAN,Whisper My Name,3,58,6,28,6,27,True,6,100,1,1.0,1,100,17,0,,0,,,0,6,1,0,0,rhyme,rhyme,0,1,0,False,False
ICEMAN,Whisper My Name,3,59,6,29,,,True,6,,0,0,0,,14,1,,0,,,0,,0,0,0,,,0,0,0,False,False
ICEMAN,Whisper My Name,3,60,6,30,6,28,True,6,84,2,1.68,0,,15,0,,0,,,0,6,2,0,0,rhyme,,0,0,0,False,False
ICEMAN,Whisper My Name,3,61,6,31,7,,True,6,,0,0,0,,14,1,32,1,100,rhyme,0,7,0,0,0,,,0,0,0,False,False
ICEMAN,Whisper My Name,3,62,6,32,7,31,True,6,100,1,1.0,1,100,17,1,,0,,,0,7,1,0,0,rhyme,rhyme,0,1,0,False,False
ICEMAN,Janice STFU,4,19,3,0,1,,True,6,,0,0,0,,10,1,2,1,92,rhyme,0,1,0,0,0,,,0,0,0,False,False
ICEMAN,Janice STFU,4,20,3,1,,,True,6,,0,0,0,,12,1,,0,,,0,,0,0,0,,,0,0,0,True,False
ICEMAN,Janice STFU,4,21,3,2,1,0,True,6,92,1,0.92,0,,11,0,,0,,,0,1,1,0,0,rhyme,,0,0,0,False,False
ICEMAN,Janice STFU,4,22,3,3,1,2,True,4,92,1,0.92,1,92,14,2,,0,,,0,1,1,0,0,rhyme,rhyme,0,1,0,False,False
ICEMAN,Janice STFU,4,23,3,4,,,False,0,,0,0,0,,16,2,,0,,,0,,0,0,0,,,0,0,0,False,False
ICEMAN,Janice STFU,4,24,3,5,2,,True,6,,0,0,0,,21,0,6,0,,repetition,1,2,0,0,0,,,0,0,0,False,False
ICEMAN,Janice STFU,4,25,3,6,2,5,True,6,,0,0.0,0,,17,2,,0,,,0,2,1,1,1,repetition,repetition,1,1,0,False,False
ICEMAN,Janice STFU,4,26,3,7,2,6,True,6,,0,0.0,0,,8,1,,0,,,0,2,6,6,8,repetition,repetition,6,6,0,False,False
ICEMAN,Janice STFU,4,27,3,8,,,True,6,,0,0,0,,6,1,,0,,,0,,0,0,0,,,0,0,0,False,False
ICEMAN,Janice STFU,4,40,5,9,3,,True,6,,0,0,0,,18,1,10,2,84,rhyme,0,3,0,0,0,,,0,0,0,False,False
ICEMAN,Janice STFU,4,41,5,10,3,9,True,6,84,2,1.68,2,84,19,0,,0,,,0,3,2,0,0,rhyme,rhyme,0,2,0,False,False
ICEMAN,Janice STFU,4,42,5,11,3,10,True,6,84,1,0.84,1,84,17,0,,0,,,0,3,1,0,0,rhyme,rhyme,0,1,0,False,False
ICEMAN,Janice STFU,4,43,5,12,3,11,True,6,92,1,0.92,1,92,19,0,,0,,,0,3,1,0,0,rhyme,rhyme,0,1,0,False,False
ICEMAN,Janice STFU,4,44,5,13,3,12,True,6,92,1,0.92,1,92,21,0,,0,,,0,3,1,0,0,rhyme,rhyme,0,1,0,False,False
ICEMAN,Janice STFU,4,45,5,14,3,10,True,6,100,1,1.0,0,,20,0,,0,,,0,3,1,0,0,rhyme,,0,0,0,False,False
ICEMAN,Janice STFU,4,46,5,15,4,,True,6,,0,0,0,,21,1,16,1,84,rhyme-before-repeat,1,4,0,0,0,,,0,0,0,False,False
ICEMAN,Janice STFU,4,47,5,16,4,15,True,6,84,1,0.84,1,84,16,0,,0,,,0,4,2,1,1,rhyme-before-repeat,rhyme-before-repeat,1,2,0,False,False
ICEMAN,Janice STFU,4,48,5,17,4,16,True,6,92,1,0.92,1,92,16,1,,0,,,0,4,2,1,1,rhyme-before-repeat,rhyme-before-repeat,1,2,0,False,False
ICEMAN,Janice STFU,4,49,5,18,4,16,True,6,100,1,1.0,1,92,18,0,,0,,,0,4,2,1,1,rhyme-before-repeat,rhyme-before-repeat,1,2,0,False,False
ICEMAN,Janice STFU,4,50,5,19,5,,True,6,,0,0,0,,11,0,20,3,92,rhyme,0,5,0,0,0,,,0,0,0,False,False
ICEMAN,Janice STFU,4,51,5,20,5,19,True,6,92,3,2.76,3,92,7,2,,0,,,0,5,3,0,0,rhyme,rhyme,0,3,0,False,False
ICEMAN,Janice STFU,4,52,5,21,5,20,True,6,100,1,1.0,1,100,10,0,,0,,,0,5,1,0,0,rhyme,rhyme,0,1,0,False,False
ICEMAN,Janice STFU,4,53,5,22,5,21,True,6,92,1,0.92,1,92,10,0,,0,,,0,5,1,0,0,rhyme,rhyme,0,1,0,False,False
ICEMAN,Janice STFU,4,54,5,23,5,22,True,6,100,1,1.0,1,100,10,0,,0,,,0,5,1,0,0,rhyme,rhyme,0,1,0,False,False
ICEMAN,Janice STFU,4,55,5,24,5,23,True,6,84,1,0.84,1,84,9,0,,0,,,0,5,1,0,0,rhyme,rhyme,0,1,0,False,False
ICEMAN,Janice STFU,4,56,5,25,5,23,True,6,84,1,0.84,0,,9,0,,0,,,0,5,1,0,0,rhyme,repetition,6,6,0,True,True
ICEMAN,Janice STFU,4,57,5,26,,,True,2,,0,0,0,,2,0,,0,,,0,,0,0,0,,,0,0,0,True,False
ICEMAN,Janice STFU,4,58,5,27,5,25,True,6,92,1,0.92,0,,8,0,,0,,,0,5,1,0,0,rhyme,,0,0,0,False,False
ICEMAN,Janice STFU,4,59,5,28,5,27,True,6,84,1,0.84,1,84,10,0,,0,,,0,5,1,0,0,rhyme,rhyme,0,1,0,False,False
ICEMAN,Janice STFU,4,60,5,29,5,27,True,6,92,1,0.92,1,84,9,0,,0,,,0,5,1,0,0,rhyme,rhyme,0,1,0,False,False
ICEMAN,Janice STFU,4,61,5,30,5,29,True,6,92,1,0.92,1,92,11,0,,0,,,0,5,1,0,0,rhyme,rhyme,0,1,0,True,True
ICEMAN,Janice STFU,4,62,5,31,5,29,True,6,100,1,1.0,1,92,9,0,,0,,,0,5,1,0,0,rhyme,rhyme,0,1,0,False,False
ICEMAN,Janice STFU,4,63,5,32,5,31,True,6,92,1,0.92,1,92,11,0,,0,,,0,5,1,0,0,rhyme,rhyme,0,1,0,True,True
ICEMAN,Janice STFU,4,64,5,33,5,31,True,6,100,1,1.0,1,92,9,0,,0,,,0,5,1,0,0,rhyme,rhyme,0,1,0,False,False
ICEMAN,Janice STFU,4,65,5,34,5,33,True,6,92,1,0.92,1,92,11,0,,0,,,0,5,1,0,0,rhyme,rhyme,0,1,0,False,False
ICEMAN,Janice STFU,4,66,5,35,6,,True,6,,0,0,0,,10,0,36,2,84,rhyme,0,6,0,0,0,,,0,0,0,False,False
ICEMAN,Janice STFU,4,67,5,36,6,35,True,6,84,2,1.68,2,84,10,0,,0,,,0,6,2,0,0,rhyme,rhyme,0,2,0,False,False
ICEMAN,Janice STFU,4,68,5,37,6,35,True,6,100,2,2.0,2,84,10,0,,0,,,0,6,2,0,0,rhyme,rhyme,0,2,0,False,False
ICEMAN,Janice STFU,4,69,5,38,7,,True,6,,0,0,0,,9,0,39,2,84,rhyme,0,7,0,0,0,,,0,0,0,False,False
ICEMAN,Janice STFU,4,70,5,39,7,38,True,6,84,2,1.68,2,84,10,0,,0,,,0,7,2,0,0,rhyme,rhyme,0,2,0,False,False
ICEMAN,Janice STFU,4,71,5,40,,,True,6,,0,0,0,,6,1,,0,,,0,,0,0,0,,,0,0,0,False,False
ICEMAN,Ran To Atlanta,5,25,4,0,1,,True,6,,0,0,0,,11,0,2,1,84,rhyme,0,1,0,0,0,,,0,0,1,False,False
ICEMAN,Ran To Atlanta,5,26,4,1,,,True,6,,0,0,0,,12,0,,0,,,0,,0,0,0,,,0,0,0,False,False
ICEMAN,Ran To Atlanta,5,27,4,2,1,0,True,6,84,1,0.84,0,,10,0,,0,,,0,1,1,0,0,rhyme,,0,0,1,False,False
ICEMAN,Ran To Atlanta,5,28,4,3,1,0,True,6,84,1,0.84,0,,9,0,,0,,,0,1,1,0,0,rhyme,,0,0,1,False,False
ICEMAN,Ran To Atlanta,5,29,4,4,1,2,True,6,84,2,1.68,1,84,12,0,,0,,,0,1,2,0,0,rhyme,rhyme,0,1,0,False,False
ICEMAN,Ran To Atlanta,5,30,4,5,1,4,True,6,92,1,0.92,1,92,7,1,,0,,,0,1,1,0,0,rhyme,rhyme,0,1,0,False,False
ICEMAN,Ran To Atlanta,5,31,4,6,1,5,True,6,92,1,0.92,1,92,12,0,,0,,,0,1,1,0,0,rhyme,rhyme,0,1,0,False,False
ICEMAN,Ran To Atlanta,5,32,4,7,,,False,0,,0,0,0,,14,1,,0,,,0,,0,0,0,,,0,0,0,False,False
ICEMAN,Ran To Atlanta,5,33,4,8,1,4,True,6,92,2,1.84,0,,12,0,,0,,,0,1,2,0,0,rhyme,,0,0,0,False,False
ICEMAN,Ran To Atlanta,5,34,4,9,1,8,True,6,100,1,1.0,1,100,10,1,,0,,,0,1,1,0,0,rhyme,rhyme,0,1,1,False,False
ICEMAN,Ran To Atlanta,5,35,4,10,2,,True,6,,0,0,0,,9,0,11,0,,repetition,6,2,0,0,0,,,0,0,1,False,False
ICEMAN,Ran To Atlanta,5,36,4,11,2,10,True,6,,0,0.0,0,,9,0,,0,,,0,2,6,6,9,repetition,repetition,6,6,0,False,False
ICEMAN,Ran To Atlanta,5,56,8,12,3,,True,6,,0,0,0,,19,0,13,0,,repetition,2,3,0,0,0,,,0,0,1,False,False
ICEMAN,Ran To Atlanta,5,57,8,13,3,12,True,6,,0,0.0,0,,23,0,,0,,,0,3,2,2,2,repetition,repetition,2,2,1,False,False
ICEMAN,Ran To Atlanta,5,58,8,14,4,,True,4,,0,0,0,,19,1,16,2,92,rhyme-before-repeat,1,4,0,0,0,,,0,0,1,False,False
ICEMAN,Ran To Atlanta,5,59,8,15,5,,True,6,,0,0,0,,21,0,19,1,84,rhyme,0,5,0,0,0,,,0,0,1,False,False
ICEMAN,Ran To Atlanta,5,60,8,16,4,14,True,6,92,2,1.84,0,,21,0,,0,,,0,4,3,1,1,rhyme-before-repeat,,0,0,0,False,False
ICEMAN,Ran To Atlanta,5,61,8,17,4,16,True,6,84,3,2.52,3,84,21,0,,0,,,0,4,5,2,2,rhyme-before-repeat,rhyme-before-repeat,2,5,0,False,False
ICEMAN,Ran To Atlanta,5,62,8,18,,,True,6,,0,0,0,,22,1,,0,,,0,,0,0,0,,,0,0,0,False,False
ICEMAN,Ran To Atlanta,5,63,8,19,5,15,True,6,84,1,0.84,0,,20,1,,0,,,0,5,1,0,0,rhyme,,0,0,0,False,False
ICEMAN,Ran To Atlanta,5,65,9,20,6,,True,6,,0,0,0,,13,0,21,1,92,rhyme-before-repeat,3,6,0,0,0,,,0,0,0,False,False
ICEMAN,Ran To Atlanta,5,66,9,21,6,20,True,6,92,1,0.92,1,92,13,0,,0,,,0,6,4,3,3,rhyme-before-repeat,rhyme-before-repeat,3,4,0,False,False
ICEMAN,Ran To Atlanta,5,67,9,22,6,20,True,6,84,3,2.52,1,92,10,1,,0,,,0,6,6,3,3,rhyme-before-repeat,rhyme-before-repeat,3,4,0,False,False
ICEMAN,Ran To Atlanta,5,68,9,23,6,22,True,6,100,1,1.0,1,100,12,1,,0,,,0,6,3,2,2,rhyme-before-repeat,rhyme-before-repeat,2,3,0,False,False
ICEMAN,Ran To Atlanta,5,69,9,24,,,True,6,,0,0,0,,11,0,,0,,,0,,0,0,0,,,0,0,0,False,False
ICEMAN,Ran To Atlanta,5,70,9,25,,,True,2,,0,0,0,,10,1,,0,,,0,,0,0,0,,,0,0,0,False,False
ICEMAN,Ran To Atlanta,5,71,9,26,,,True,6,,0,0,0,,12,0,,0,,,0,,0,0,0,,,0,0,0,False,False
ICEMAN,Ran To Atlanta,5,72,9,27,,,True,6,,0,0,0,,14,0,,0,,,0,,0,0,0,,,0,0,0,False,False
ICEMAN,Ran To Atlanta,5,73,9,28,7,,True,6,,0,0,0,,11,0,29,0,,repetition,6,7,0,0,0,,,0,0,0,False,False
ICEMAN,Ran To Atlanta,5,74,9,29,7,28,True,6,,0,0.0,0,,11,0,,0,,,0,7,6,6,5,repetition,repetition,6,6,1,False,False
ICEMAN,Ran To Atlanta,5,75,9,30,7,29,True,6,,0,0.0,0,,11,0,,0,,,0,7,6,6,5,repetition,repetition,6,6,0,False,False
ICEMAN,Ran To Atlanta,5,76,9,31,7,30,True,6,,0,0.0,0,,11,0,,0,,,0,7,6,6,5,repetition,repetition,6,6,0,False,False
ICEMAN,Ran To Atlanta,5,86,11,32,,,False,0,,0,0,0,,2,1,,0,,,0,,0,0,0,,,0,0,0,False,False
ICEMAN,Ran To Atlanta,5,87,11,33,8,,True,6,,0,0,0,,10,1,34,1,100,rhyme,0,8,0,0,0,,,0,0,0,False,False
ICEMAN,Ran To Atlanta,5,88,11,34,8,33,True,6,100,1,1.0,1,100,10,0,,0,,,0,8,1,0,0,rhyme,rhyme,0,1,0,False,False
ICEMAN,Ran To Atlanta,5,89,11,35,8,34,True,6,84,3,2.52,3,84,11,0,,0,,,0,8,3,0,0,rhyme,rhyme,0,3,0,True,True
ICEMAN,Ran To Atlanta,5,90,11,36,9,,False,0,,0,0,0,,19,1,37,0,,repetition,0,9,0,0,0,,,0,0,0,True,False
ICEMAN,Ran To Atlanta,5,91,11,37,9,36,False,0,,0,0.0,0,,18,1,,0,,,0,9,0,0,1,repetition,repetition,0,0,0,True,False
ICEMAN,Ran To Atlanta,5,92,11,38,10,,True,1,,0,0,0,,14,1,39,0,,repetition,1,10,0,0,0,,,0,0,0,True,False
ICEMAN,Ran To Atlanta,5,93,11,39,10,38,True,6,,0,0.0,0,,16,0,,0,,,0,10,1,1,1,repetition,repetition,1,1,0,True,False
ICEMAN,Ran To Atlanta,5,94,11,40,,,True,2,,0,0,0,,8,2,,0,,,0,,0,0,0,,,0,0,0,False,False
ICEMAN,Ran To Atlanta,5,95,11,41,,,False,0,,0,0,0,,6,2,,0,,,0,,0,0,0,,,0,0,0,False,False
ICEMAN,Shabang,6,15,3,0,,,True,6,,0,0,0,,6,0,,0,,,0,,0,0,0,,,0,0,0,False,False
ICEMAN,Shabang,6,16,3,1,,,True,6,,0,0,0,,6,0,,0,,,0,,0,0,0,,,0,0,0,False,False
ICEMAN,Shabang,6,17,3,2,,,True,6,,0,0,0,,7,0,,0,,,0,,0,0,0,,,0,0,0,False,False
ICEMAN,Shabang,6,18,3,3,,,False,0,,0,0,0,,8,2,,0,,,0,,0,0,0,,,0,0,0,False,False
ICEMAN,Shabang,6,19,3,4,1,,True,6,,0,0,0,,6,0,5,1,100,rhyme,0,1,0,0,0,,,0,0,0,False,False
ICEMAN,Shabang,6,20,3,5,1,4,True,6,100,1,1.0,1,100,6,0,,0,,,0,1,1,0,0,rhyme,rhyme,0,1,1,False,False
ICEMAN,Shabang,6,21,3,6,1,5,True,6,100,1,1.0,1,100,18,0,,0,,,0,1,1,0,0,rhyme,rhyme,0,1,1,False,False
ICEMAN,Shabang,6,22,3,7,2,,True,6,,0,0,0,,6,0,8,1,100,rhyme,0,2,0,0,0,,,0,0,0,False,False
ICEMAN,Shabang,6,23,3,8,2,7,True,6,100,1,1.0,1,100,6,0,,0,,,0,2,1,0,0,rhyme,rhyme,0,1,0,False,False
ICEMAN,Shabang,6,24,3,9,,,True,6,,0,0,0,,7,0,,0,,,0,,0,0,0,,,0,0,0,False,False
ICEMAN,Shabang,6,25,3,10,2,8,True,5,92,1,0.92,0,,5,0,,0,,,0,2,1,0,0,rhyme,,0,0,0,False,False
ICEMAN,Shabang,6,26,3,11,,,True,6,,0,0,0,,7,0,,0,,,0,,0,0,0,,,0,0,0,False,False
ICEMAN,Shabang,6,27,3,12,2,10,True,6,92,1,0.92,0,,6,0,,0,,,0,2,1,0,0,rhyme,,0,0,0,False,False
ICEMAN,Shabang,6,28,3,13,,,True,6,,0,0,0,,20,0,,0,,,0,,0,0,0,,,0,0,0,False,False
ICEMAN,Shabang,6,29,3,14,3,,True,6,,0,0,0,,7,0,15,1,92,rhyme-before-repeat,1,3,0,0,0,,,0,0,0,False,False
ICEMAN,Shabang,6,30,3,15,3,14,True,6,92,1,0.92,1,92,8,0,,0,,,0,3,2,1,1,rhyme-before-repeat,rhyme-before-repeat,1,2,0,False,False
ICEMAN,Shabang,6,31,3,16,,,False,0,,0,0,0,,19,2,,0,,,0,,0,0,0,,,0,0,0,False,False
ICEMAN,Shabang,6,32,3,17,,,False,0,,0,0,0,,4,1,,0,,,0,,0,0,0,,,0,0,0,False,False
ICEMAN,Shabang,6,33,3,18,,,True,6,,0,0,0,,8,0,,0,,,0,,0,0,0,,,0,0,0,False,False
ICEMAN,Shabang,6,34,3,19,,,True,6,,0,0,0,,7,0,,0,,,0,,0,0,0,,,0,0,0,False,False
ICEMAN,Shabang,6,35,3,20,,,False,0,,0,0,0,,7,1,,0,,,0,,0,0,0,,,0,0,0,False,False
ICEMAN,Shabang,6,36,3,21,4,,True,6,,0,0,0,,6,0,22,1,84,rhyme,0,4,0,0,0,,,0,0,0,False,False
ICEMAN,Shabang,6,37,3,22,4,21,True,6,84,1,0.84,1,84,6,0,,0,,,0,4,1,0,0,rhyme,rhyme,0,1,0,False,False
ICEMAN,Shabang,6,38,3,23,4,22,True,6,84,1,0.84,1,84,7,0,,0,,,0,4,1,0,0,rhyme,rhyme,0,1,0,False,False
ICEMAN,Shabang,6,39,3,24,4,21,True,6,92,1,0.92,1,84,7,0,,0,,,0,4,1,0,0,rhyme,rhyme,0,1,0,False,False
ICEMAN,Shabang,6,40,3,25,,,True,6,,0,0,0,,6,0,,0,,,0,,0,0,0,,,0,0,0,False,False
ICEMAN,Shabang,6,41,3,26,4,23,True,6,84,1,0.84,0,,9,0,,0,,,0,4,1,0,0,rhyme,,0,0,0,False,False
ICEMAN,Shabang,6,42,3,27,4,23,True,6,84,1,0.84,0,,8,0,,0,,,0,4,1,0,0,rhyme,repetition,6,6,0,False,False
ICEMAN,Shabang,6,43,3,28,4,27,True,6,,0,0.0,0,,8,0,,0,,,0,4,6,6,7,repetition,repetition,6,6,0,False,False
ICEMAN,Make Them Pay,7,14,3,0,,,True,2,,0,0,0,,2,0,,0,,,0,,0,0,0,,,0,0,0,False,False
ICEMAN,Make Them Pay,7,15,3,1,1,,True,6,,0,0,0,,16,0,2,2,100,rhyme,0,1,0,0,0,,,0,0,0,False,False
ICEMAN,Make Them Pay,7,16,3,2,1,1,True,6,100,2,2.0,2,100,16,0,,0,,,0,1,2,0,0,rhyme,rhyme,0,2,0,False,False
ICEMAN,Make Them Pay,7,17,3,3,1,2,True,6,92,2,1.84,2,92,16,0,,0,,,0,1,2,0,0,rhyme,rhyme,0,2,0,False,False
ICEMAN,Make Them Pay,7,18,3,4,2,,True,1,,0,0,0,,17,1,7,0,,repetition,1,2,0,0,0,,,0,0,0,True,False
ICEMAN,Make Them Pay,7,19,3,5,,,True,5,,0,0,0,,11,1,,0,,,0,,0,0,0,,,0,0,0,False,False
ICEMAN,Make Them Pay,7,20,3,6,1,3,True,6,84,2,1.68,0,,23,0,,0,,,0,1,2,0,0,rhyme,,0,0,0,False,False
ICEMAN,Make Them Pay,7,21,3,7,2,4,True,6,,0,0.0,0,,8,1,,0,,,0,2,1,1,1,repetition,,0,0,0,True,False
ICEMAN,Make Them Pay,7,22,3,8,3,,True,6,,0,0,0,,26,0,9,4,84,rhyme,0,3,0,0,0,,,0,0,0,False,False
ICEMAN,Make Them Pay,7,23,3,9,3,8,True,6,84,4,3.36,4,84,18,0,,0,,,0,3,4,0,0,rhyme,rhyme,0,4,0,False,False
ICEMAN,Make Them Pay,7,24,3,10,3,8,True,6,92,2,1.84,2,84,15,0,,0,,,0,3,2,0,0,rhyme,rhyme,0,2,0,False,False
ICEMAN,Make Them Pay,7,25,3,11,3,8,True,6,92,2,1.84,2,84,17,1,,0,,,0,3,2,0,0,rhyme,rhyme-before-repeat,2,4,0,False,False
ICEMAN,Make Them Pay,7,26,3,12,4,,True,6,,0,0,0,,12,1,13,2,84,rhyme,0,3,0,0,0,,,0,0,0,False,False
ICEMAN,Make Them Pay,7,27,3,13,4,12,True,6,84,2,1.68,2,84,21,0,,0,,,0,3,2,0,0,rhyme,rhyme,0,2,0,False,False
ICEMAN,Make Them Pay,7,28,3,14,4,12,True,6,84,2,1.68,0,,14,0,,0,,,0,3,2,0,0,rhyme,,0,0,0,False,False
ICEMAN,Make Them Pay,7,29,3,15,4,12,True,6,92,2,1.84,2,84,18,0,,0,,,0,3,2,0,0,rhyme,rhyme,0,2,0,False,False
ICEMAN,Make Them Pay,7,30,3,16,4,15,True,6,84,5,4.2,5,84,17,1,,0,,,0,3,5,0,0,rhyme,rhyme,0,5,0,True,True
ICEMAN,Make Them Pay,7,31,3,17,,,True,2,,0,0,0,,18,1,,0,,,0,,0,0,0,,,0,0,0,False,False
ICEMAN,Make Them Pay,7,32,3,18,4,14,True,6,92,2,1.84,0,,22,0,,0,,,0,3,2,0,0,rhyme,,0,0,0,False,False
ICEMAN,Make Them Pay,7,33,3,19,4,18,True,6,92,2,1.84,2,92,20,0,,0,,,0,3,2,0,0,rhyme,rhyme,0,2,0,False,False
ICEMAN,Make Them Pay,7,34,3,20,,,True,6,,0,0,0,,30,0,,0,,,0,,0,0,0,,,0,0,0,False,False
ICEMAN,Make Them Pay,7,35,3,21,5,,True,5,,0,0,0,,5,0,22,3,84,rhyme,0,4,0,0,0,,,0,0,0,False,False
ICEMAN,Make Them Pay,7,36,3,22,5,21,True,6,84,3,2.52,3,84,7,1,,0,,,0,4,3,0,0,rhyme,rhyme,0,3,0,False,False
ICEMAN,Make Them Pay,7,37,3,23,5,21,True,6,92,2,1.84,2,84,14,0,,0,,,0,4,2,0,0,rhyme,rhyme,0,2,0,False,False
ICEMAN,Make Them Pay,7,38,3,24,6,,True,6,,0,0,0,,12,1,25,2,84,rhyme,0,5,0,0,0,,,0,0,0,False,False
ICEMAN,Make Them Pay,7,39,3,25,6,24,True,6,84,2,1.68,2,84,12,2,,0,,,0,5,2,0,0,rhyme,rhyme,0,2,0,False,False
ICEMAN,Make Them Pay,7,40,3,26,6,24,True,6,92,2,1.84,2,84,12,0,,0,,,0,5,2,0,0,rhyme,rhyme,0,2,0,False,False
ICEMAN,Make Them Pay,7,41,3,27,6,26,True,6,92,3,2.76,3,92,10,0,,0,,,0,5,3,0,0,rhyme,rhyme,0,3,0,False,False
ICEMAN,Make Them Pay,7,42,3,28,6,27,True,6,92,2,1.84,2,92,23,0,,0,,,0,5,2,0,0,rhyme,rhyme,0,2,0,False,False
ICEMAN,Make Them Pay,7,43,3,29,,,True,6,,0,0,0,,21,0,,0,,,0,,0,0,0,,,0,0,0,False,False
ICEMAN,Make Them Pay,7,44,3,30,,,True,6,,0,0,0,,15,0,,0,,,0,,0,0,0,,,0,0,0,False,False
ICEMAN,Make Them Pay,7,45,3,31,,,True,6,,0,0,0,,26,0,,0,,,0,,0,0,0,,,0,0,0,True,False
ICEMAN,Make Them Pay,7,46,3,32,6,28,True,6,92,2,1.84,0,,16,0,,0,,,0,5,2,0,0,rhyme,,0,0,0,False,False
ICEMAN,Make Them Pay,7,47,3,33,6,32,True,6,84,4,3.36,4,84,13,0,,0,,,0,5,4,0,0,rhyme,rhyme,0,4,0,False,False
ICEMAN,Make Them Pay,7,48,3,34,7,,False,0,,0,0,0,,13,1,38,0,,repetition,0,6,0,0,0,,,0,0,0,False,False
ICEMAN,Make Them Pay,7,49,3,35,6,33,True,6,84,3,2.52,0,,9,0,,0,,,0,5,3,0,0,rhyme,,0,0,0,False,False
ICEMAN,Make Them Pay,7,50,3,36,6,35,True,6,84,2,1.68,2,84,13,1,,0,,,0,5,2,0,0,rhyme,rhyme,0,2,0,False,False
ICEMAN,Make Them Pay,7,51,3,37,,,True,4,,0,0,0,,13,1,,0,,,0,,0,0,0,,,0,0,0,False,False
ICEMAN,Make Them Pay,7,52,3,38,7,34,False,0,,0,0.0,0,,12,2,,0,,,0,6,0,0,1,repetition,,0,0,0,False,False
ICEMAN,Make Them Pay,7,53,3,39,7,38,False,0,,0,0.0,0,,13,1,,0,,,0,6,1,1,2,repetition,repetition,1,1,0,False,False
ICEMAN,Make Them Pay,7,54,3,40,8,,True,6,,0,0,0,,14,0,41,1,84,rhyme,0,7,0,0,0,,,0,0,0,False,False
ICEMAN,Make Them Pay,7,55,3,41,8,40,True,6,84,1,0.84,1,84,15,0,,0,,,0,7,1,0,0,rhyme,rhyme,0,1,0,False,False
ICEMAN,Make Them Pay,7,56,3,42,8,40,True,6,84,3,2.52,1,84,17,0,,0,,,0,7,3,0,0,rhyme,rhyme,0,1,0,False,False
ICEMAN,Make Them Pay,7,57,3,43,8,41,True,6,100,1,1.0,1,84,8,0,,0,,,0,7,1,0,0,rhyme,rhyme,0,1,0,False,False
ICEMAN,Make Them Pay,7,58,3,44,8,43,True,5,100,1,1.0,1,100,13,1,,0,,,0,7,1,0,0,rhyme,rhyme,0,1,0,False,False
ICEMAN,Make Them Pay,7,59,3,45,,,True,6,,0,0,0,,14,0,,0,,,0,,0,0,0,,,0,0,0,False,False
ICEMAN,Make Them Pay,7,60,3,46,9,,True,6,,0,0,0,,18,0,50,1,92,rhyme,0,8,0,0,0,,,0,0,0,False,False
ICEMAN,Make Them Pay,7,61,3,47,8,44,True,6,92,1,0.92,0,,16,0,,0,,,0,7,1,0,0,rhyme,,0,0,0,False,False
ICEMAN,Make Them Pay,7,62,3,48,8,47,True,6,92,1,0.92,1,92,13,0,,0,,,0,7,1,0,0,rhyme,rhyme,0,1,0,False,False
ICEMAN,Make Them Pay,7,63,3,49,8,48,True,6,100,1,1.0,1,100,21,0,,0,,,0,7,1,0,0,rhyme,rhyme,0,1,0,False,False
ICEMAN,Make Them Pay,7,64,3,50,9,46,True,1,92,1,0.92,0,,9,1,,0,,,0,8,1,0,0,rhyme,,0,0,0,False,False
ICEMAN,Make Them Pay,7,65,3,51,8,49,True,1,100,1,1.0,0,,16,1,,0,,,0,7,1,0,0,rhyme,,0,0,0,False,False
ICEMAN,Make Them Pay,7,66,3,52,8,51,True,6,100,1,1.0,1,100,19,0,,0,,,0,7,1,0,0,rhyme,rhyme,0,1,0,False,False
ICEMAN,Make Them Pay,7,67,3,53,8,52,True,6,84,3,2.52,3,84,14,1,,0,,,0,7,3,0,0,rhyme,rhyme,0,3,0,False,False
ICEMAN,Make Them Pay,7,68,3,54,8,53,True,6,92,1,0.92,1,92,10,0,,0,,,0,7,1,0,0,rhyme,rhyme,0,1,0,False,False
ICEMAN,Make Them Pay,7,69,3,55,8,54,True,6,84,3,2.52,3,84,28,0,,0,,,0,7,3,0,0,rhyme,rhyme,0,3,0,False,False
ICEMAN,Make Them Pay,7,70,3,56,8,55,True,6,100,1,1.0,1,100,19,0,,0,,,0,7,1,0,0,rhyme,rhyme,0,1,0,False,False
ICEMAN,Make Them Pay,7,71,3,57,8,56,True,6,84,1,0.84,1,84,11,0,,0,,,0,7,1,0,0,rhyme,rhyme,0,1,0,False,False
ICEMAN,Make Them Pay,7,72,3,58,,,True,6,,0,0,0,,23,0,,0,,,0,,0,0,0,,,0,0,0,False,False
ICEMAN,Make Them Pay,7,73,3,59,8,56,True,6,92,1,0.92,0,,13,0,,0,,,0,7,1,0,0,rhyme,,0,0,0,True,True
ICEMAN,Burning Bridges,8,13,3,0,1,,True,6,,0,0,0,,10,0,1,1,92,rhyme,0,1,0,0,0,,,0,0,0,False,False
ICEMAN,Burning Bridges,8,14,3,1,1,0,True,6,92,1,0.92,1,92,12,0,,0,,,0,1,1,0,0,rhyme,rhyme,0,1,0,False,False
ICEMAN,Burning Bridges,8,15,3,2,,,True,6,,0,0,0,,13,0,,0,,,0,,0,0,0,,,0,0,0,False,False
ICEMAN,Burning Bridges,8,16,3,3,2,,True,6,,0,0,0,,12,0,6,0,,repetition,6,2,0,0,0,,,0,0,0,False,False
ICEMAN,Burning Bridges,8,17,3,4,1,0,True,6,92,1,0.92,0,,6,0,,0,,,0,1,1,0,0,rhyme,,0,0,0,False,False
ICEMAN,Burning Bridges,8,18,3,5,1,4,True,6,100,2,2.0,2,100,15,0,,0,,,0,1,2,0,0,rhyme,rhyme,0,2,0,True,True
ICEMAN,Burning Bridges,8,19,3,6,2,3,True,6,,0,0.0,0,,6,0,,0,,,0,2,6,6,3,repetition,,0,0,0,False,False
ICEMAN,Burning Bridges,8,20,3,7,2,6,True,6,88,2,1.76,2,88,15,0,,0,,,0,2,2,0,0,rhyme,rhyme,0,2,0,False,False
ICEMAN,Burning Bridges,8,21,3,8,2,7,True,6,88,2,1.76,2,88,6,0,,0,,,0,2,2,0,0,rhyme,rhyme,0,2,0,False,False
ICEMAN,Burning Bridges,8,22,3,9,2,8,True,6,88,2,1.76,2,88,15,0,,0,,,0,2,2,0,0,rhyme,rhyme,0,2,0,False,False
ICEMAN,Burning Bridges,8,23,3,10,,,True,5,,0,0,0,,5,0,,0,,,0,,0,0,0,,,0,0,0,False,False
ICEMAN,Burning Bridges,8,24,3,11,,,True,6,,0,0,0,,11,0,,0,,,0,,0,0,0,,,0,0,0,False,False
ICEMAN,Burning Bridges,8,40,7,12,,,True,6,,0,0,0,,12,0,,0,,,0,,0,0,0,,,0,0,0,True,False
ICEMAN,Burning Bridges,8,41,7,13,3,,True,6,,0,0,0,,11,0,15,2,92,rhyme,0,3,0,0,0,,,0,0,0,False,False
ICEMAN,Burning Bridges,8,42,7,14,,,True,6,,0,0,0,,13,0,,0,,,0,,0,0,0,,,0,0,0,False,False
ICEMAN,Burning Bridges,8,43,7,15,3,13,True,6,92,2,1.84,0,,11,0,,0,,,0,3,2,0,0,rhyme,,0,0,0,True,True
ICEMAN,Burning Bridges,8,44,7,16,,,True,6,,0,0,0,,12,0,,0,,,0,,0,0,0,,,0,0,0,False,False
ICEMAN,Burning Bridges,8,45,7,17,,,True,6,,0,0,0,,12,0,,0,,,0,,0,0,0,,,0,0,0,True,False
ICEMAN,Burning Bridges,8,46,7,18,3,15,True,6,84,2,1.68,0,,11,0,,0,,,0,3,2,0,0,rhyme,,0,0,0,False,False
ICEMAN,Burning Bridges,8,47,7,19,,,True,6,,0,0,0,,9,1,,0,,,0,,0,0,0,,,0,0,0,False,False
ICEMAN,Burning Bridges,8,48,7,20,3,18,True,6,84,2,1.68,0,,14,0,,0,,,0,3,2,0,0,rhyme,,0,0,0,False,False
ICEMAN,Burning Bridges,8,49,7,21,,,False,0,,0,0,0,,12,1,,0,,,0,,0,0,0,,,0,0,0,False,False
ICEMAN,Burning Bridges,8,50,7,22,3,20,True,6,84,2,1.68,0,,14,0,,0,,,0,3,2,0,0,rhyme,,0,0,0,False,False
ICEMAN,Burning Bridges,8,51,7,23,3,22,True,6,84,2,1.68,2,84,13,0,,0,,,0,3,2,0,0,rhyme,rhyme,0,2,0,False,False
ICEMAN,Burning Bridges,8,52,7,24,,,True,3,,0,0,0,,3,0,,0,,,0,,0,0,0,,,0,0,0,False,False
ICEMAN,National Treasures,9,12,3,0,1,,True,6,,0,0,0,,11,1,1,2,92,rhyme,0,1,0,0,0,,,0,0,0,False,False
ICEMAN,National Treasures,9,13,3,1,1,0,True,5,92,2,1.84,2,92,9,2,,0,,,0,1,2,0,0,rhyme,rhyme,0,2,0,False,False
ICEMAN,National Treasures,9,14,3,2,,,False,0,,0,0,0,,7,2,,0,,,0,,0,0,0,,,0,0,0,False,False
ICEMAN,National Treasures,9,15,3,3,1,1,True,3,92,2,1.84,0,,10,1,,0,,,0,1,2,0,0,rhyme,,0,0,0,False,False
ICEMAN,National Treasures,9,16,3,4,1,1,True,6,92,2,1.84,0,,11,0,,0,,,0,1,2,0,0,rhyme,repetition,3,3,0,False,False
ICEMAN,National Treasures,9,17,3,5,1,1,True,6,92,2,1.84,0,,12,0,,0,,,0,1,2,0,0,rhyme,repetition,3,3,0,False,False
ICEMAN,National Treasures,9,18,3,6,1,5,True,6,,0,0.0,0,,12,0,,0,,,0,1,3,3,1,repetition,repetition,3,3,0,False,False
ICEMAN,National Treasures,9,19,3,7,1,6,True,6,92,1,0.92,1,92,10,1,,0,,,0,1,5,4,2,rhyme-before-repeat,rhyme-before-repeat,4,5,0,False,False
ICEMAN,National Treasures,9,20,3,8,2,,True,6,,0,0,0,,11,0,10,1,100,rhyme,0,2,0,0,0,,,0,0,0,False,False
ICEMAN,National Treasures,9,21,3,9,,,True,6,,0,0,0,,8,0,,0,,,0,,0,0,0,,,0,0,0,False,False
ICEMAN,National Treasures,9,22,3,10,2,8,True,6,100,1,1.0,0,,14,0,,0,,,0,2,1,0,0,rhyme,,0,0,0,False,False
ICEMAN,National Treasures,9,23,3,11,,,True,6,,0,0,0,,8,0,,0,,,0,,0,0,0,,,0,0,0,False,False
ICEMAN,National Treasures,9,24,3,12,2,10,True,6,100,1,1.0,0,,15,0,,0,,,0,2,1,0,0,rhyme,,0,0,0,False,False
ICEMAN,National Treasures,9,25,3,13,,,True,6,,0,0,0,,12,0,,0,,,0,,0,0,0,,,0,0,0,False,False
ICEMAN,National Treasures,9,26,3,14,2,10,True,6,92,2,1.84,0,,11,0,,0,,,0,2,2,0,0,rhyme,,0,0,0,False,False
ICEMAN,National Treasures,9,27,3,15,,,True,6,,0,0,0,,13,0,,0,,,0,,0,0,0,,,0,0,0,False,False
ICEMAN,National Treasures,9,28,3,16,3,,True,5,,0,0,0,,5,1,18,1,84,rhyme,0,3,0,0,0,,,0,0,0,False,False
ICEMAN,National Treasures,9,29,3,17,,,False,0,,0,0,0,,8,1,,0,,,0,,0,0,0,,,0,0,0,False,False
ICEMAN,National Treasures,9,30,3,18,3,16,True,6,84,1,0.84,0,,11,0,,0,,,0,3,1,0,0,rhyme,,0,0,0,False,False
ICEMAN,National Treasures,9,31,3,19,3,16,True,6,92,1,0.92,1,84,10,0,,0,,,0,3,1,0,0,rhyme,rhyme,0,1,0,False,False
ICEMAN,National Treasures,9,32,3,20,,,True,6,,0,0,0,,10,0,,0,,,0,,0,0,0,,,0,0,0,False,False
ICEMAN,National Treasures,9,33,3,21,3,19,True,6,92,1,0.92,0,,11,0,,0,,,0,3,1,0,0,rhyme,,0,0,0,False,False
ICEMAN,National Treasures,9,34,3,22,3,21,True,6,84,4,3.36,4,84,11,0,,0,,,0,3,4,0,0,rhyme,rhyme,0,4,0,False,False
ICEMAN,National Treasures,9,35,3,23,,,True,6,,0,0,0,,7,0,,0,,,0,,0,0,0,,,0,0,0,False,False
ICEMAN,National Treasures,9,36,3,24,3,22,True,6,92,1,0.92,0,,11,1,,0,,,0,3,1,0,0,rhyme,,0,0,0,False,False
ICEMAN,National Treasures,9,37,3,25,3,24,True,6,92,1,0.92,1,92,9,0,,0,,,0,3,1,0,0,rhyme,rhyme,0,1,0,False,False
ICEMAN,National Treasures,9,38,3,26,3,22,True,6,84,3,2.52,1,92,9,0,,0,,,0,3,3,0,0,rhyme,rhyme,0,1,0,False,False
ICEMAN,National Treasures,9,39,3,27,3,24,True,6,100,1,1.0,0,,8,0,,0,,,0,3,1,0,0,rhyme,repetition,5,5,0,False,False
ICEMAN,National Treasures,9,40,3,28,3,24,True,6,100,1,1.0,1,92,10,0,,0,,,0,3,1,0,0,rhyme,rhyme-before-repeat,5,6,0,False,False
ICEMAN,National Treasures,9,41,3,29,3,28,True,6,92,1,0.92,1,92,12,0,,0,,,0,3,1,0,0,rhyme,rhyme,0,1,0,False,False
ICEMAN,National Treasures,9,42,3,30,3,28,True,6,84,2,1.68,1,92,11,0,,0,,,0,3,2,0,0,rhyme,rhyme,0,1,0,False,False
ICEMAN,National Treasures,9,64,8,31,4,,True,6,,0,0,0,,19,0,32,1,92,rhyme,0,4,0,0,0,,,0,0,0,False,False
ICEMAN,National Treasures,9,65,8,32,4,31,True,6,92,1,0.92,1,92,21,0,,0,,,0,4,1,0,0,rhyme,rhyme,0,1,0,False,False
ICEMAN,National Treasures,9,66,8,33,4,31,True,6,84,2,1.68,1,92,16,1,,0,,,0,4,2,0,0,rhyme,rhyme,0,1,0,False,False
ICEMAN,National Treasures,9,67,8,34,4,32,True,6,84,2,1.68,1,92,18,0,,0,,,0,4,2,0,0,rhyme,rhyme,0,1,0,False,False
ICEMAN,National Treasures,9,68,8,35,4,34,True,6,100,1,1.0,1,100,15,1,,0,,,0,4,1,0,0,rhyme,rhyme,0,1,0,False,False
ICEMAN,National Treasures,9,69,8,36,4,35,True,6,84,3,2.52,3,84,15,1,,0,,,0,4,3,0,0,rhyme,rhyme,0,3,0,False,False
ICEMAN,National Treasures,9,70,8,37,4,34,True,6,84,2,1.68,1,92,15,1,,0,,,0,4,2,0,0,rhyme,rhyme,0,1,0,False,False
ICEMAN,National Treasures,9,71,8,38,,,True,6,,0,0,0,,13,1,,0,,,0,,0,0,0,,,0,0,0,False,False
ICEMAN,National Treasures,9,72,8,39,4,37,True,6,92,1,0.92,0,,13,0,,0,,,0,4,1,0,0,rhyme,,0,0,0,False,False
ICEMAN,National Treasures,9,73,8,40,4,36,True,6,92,2,1.84,1,92,14,1,,0,,,0,4,2,0,0,rhyme,rhyme,0,1,0,False,False
ICEMAN,National Treasures,9,74,8,41,4,40,True,6,84,2,1.68,2,84,18,2,,0,,,0,4,2,0,0,rhyme,rhyme,0,2,0,False,False
ICEMAN,National Treasures,9,75,8,42,4,41,True,6,84,1,0.84,1,84,16,0,,0,,,0,4,1,0,0,rhyme,rhyme,0,1,0,False,False
ICEMAN,B’s On The Table,10,2,1,0,1,,True,6,,0,0,0,,11,0,1,1,92,rhyme,0,1,0,0,0,,,0,0,0,False,False
ICEMAN,B’s On The Table,10,3,1,1,1,0,True,6,92,1,0.92,1,92,10,0,,0,,,0,1,1,0,0,rhyme,rhyme,0,1,0,False,False
ICEMAN,B’s On The Table,10,4,1,2,,,True,6,,0,0,0,,11,0,,0,,,0,,0,0,0,,,0,0,0,False,False
ICEMAN,B’s On The Table,10,5,1,3,1,0,True,6,100,1,1.0,0,,10,0,,0,,,0,1,1,0,0,rhyme,,0,0,0,False,False
ICEMAN,B’s On The Table,10,6,1,4,1,1,True,6,100,1,1.0,1,92,11,0,,0,,,0,1,1,0,0,rhyme,rhyme,0,1,0,False,False
ICEMAN,B’s On The Table,10,7,1,5,1,4,True,6,100,1,1.0,1,100,9,0,,0,,,0,1,1,0,0,rhyme,rhyme,0,1,0,False,False
ICEMAN,B’s On The Table,10,8,1,6,1,5,True,6,100,1,1.0,1,100,13,0,,0,,,0,1,1,0,0,rhyme,rhyme,0,1,0,False,False
ICEMAN,B’s On The Table,10,28,3,7,2,,True,6,,0,0,0,,11,0,8,1,92,rhyme,0,2,0,0,0,,,0,0,0,False,False
ICEMAN,B’s On The Table,10,29,3,8,2,7,True,6,92,1,0.92,1,92,8,0,,0,,,0,2,1,0,0,rhyme,rhyme,0,1,0,False,False
ICEMAN,B’s On The Table,10,30,3,9,2,8,True,6,92,1,0.92,1,92,8,0,,0,,,0,2,1,0,0,rhyme,rhyme,0,1,0,True,True
ICEMAN,B’s On The Table,10,31,3,10,2,9,True,6,100,1,1.0,1,100,8,0,,0,,,0,2,1,0,0,rhyme,rhyme,0,1,0,False,False
ICEMAN,B’s On The Table,10,32,3,11,,,True,6,,0,0,0,,12,0,,0,,,0,,0,0,0,,,0,0,0,False,False
ICEMAN,B’s On The Table,10,33,3,12,2,10,True,6,92,1,0.92,0,,8,0,,0,,,0,2,1,0,0,rhyme,,0,0,0,False,False
ICEMAN,B’s On The Table,10,34,3,13,,,True,6,,0,0,0,,11,0,,0,,,0,,0,0,0,,,0,0,0,False,False
ICEMAN,B’s On The Table,10,35,3,14,2,12,True,6,92,1,0.92,0,,10,0,,0,,,0,2,1,0,0,rhyme,,0,0,0,False,False
ICEMAN,B’s On The Table,10,36,3,15,2,12,True,6,92,1,0.92,0,,10,0,,0,,,0,2,1,0,0,rhyme,repetition,1,1,0,False,False
ICEMAN,B’s On The Table,10,37,3,16,2,12,True,6,92,1,0.92,1,84,9,0,,0,,,0,2,1,0,0,rhyme,rhyme,0,1,0,False,False
ICEMAN,B’s On The Table,10,38,3,17,2,15,True,1,92,1,0.92,1,84,7,1,,0,,,0,2,1,0,0,rhyme,rhyme,0,1,0,False,False
ICEMAN,B’s On The Table,10,39,3,18,,,True,6,,0,0,0,,7,0,,0,,,0,,0,0,0,,,0,0,0,False,False
ICEMAN,B’s On The Table,10,40,3,19,,,True,6,,0,0,0,,8,0,,0,,,0,,0,0,0,,,0,0,0,False,False
ICEMAN,B’s On The Table,10,41,3,20,,,True,6,,0,0,0,,8,0,,0,,,0,,0,0,0,,,0,0,0,False,False
ICEMAN,B’s On The Table,10,42,3,21,2,17,True,6,92,1,0.92,0,,11,0,,0,,,0,2,1,0,0,rhyme,,0,0,0,False,False
ICEMAN,B’s On The Table,10,43,3,22,2,21,True,6,100,1,1.0,1,100,6,0,,0,,,0,2,1,0,0,rhyme,rhyme,0,1,1,False,False
ICEMAN,B’s On The Table,10,44,3,23,,,True,6,,0,0,0,,7,0,,0,,,0,,0,0,0,,,0,0,0,False,False
ICEMAN,B’s On The Table,10,45,3,24,3,,True,6,,0,0,0,,15,1,26,3,92,rhyme,0,3,0,0,0,,,0,0,0,False,False
ICEMAN,B’s On The Table,10,46,3,25,,,True,6,,0,0,0,,16,1,,0,,,0,,0,0,0,,,0,0,0,False,False
ICEMAN,B’s On The Table,10,47,3,26,3,24,True,6,92,3,2.76,0,,16,1,,0,,,0,3,3,0,0,rhyme,,0,0,0,False,False
ICEMAN,B’s On The Table,10,48,3,27,3,24,True,6,100,3,3.0,3,92,18,0,,0,,,0,3,3,0,0,rhyme,rhyme,0,3,0,True,True
ICEMAN,B’s On The Table,10,49,3,28,,,True,6,,0,0,0,,16,0,,0,,,0,,0,0,0,,,0,0,0,False,False
ICEMAN,B’s On The Table,10,50,3,29,,,True,6,,0,0,0,,8,0,,0,,,0,,0,0,0,,,0,0,0,False,False
ICEMAN,B’s On The Table,10,51,3,30,,,True,6,,0,0,0,,8,0,,0,,,0,,0,0,0,,,0,0,0,False,False
ICEMAN,B’s On The Table,10,52,3,31,,,True,6,,0,0,0,,9,0,,0,,,0,,0,0,0,,,0,0,0,False,False
ICEMAN,What Did I Miss?,11,13,2,0,1,,True,6,,0,0,0,,18,0,1,0,,repetition,6,1,0,0,0,,,0,0,0,False,False
ICEMAN,What Did I Miss?,11,14,2,1,1,0,True,6,,0,0.0,0,,16,1,,0,,,0,1,6,6,6,repetition,repetition,6,6,0,False,False
ICEMAN,What Did I Miss?,11,15,2,2,1,1,True,6,,0,0.0,0,,14,0,,0,,,0,1,2,2,2,repetition,repetition,2,2,0,False,False
ICEMAN,What Did I Miss?,11,16,2,3,1,2,True,6,100,2,2.0,2,100,19,0,,0,,,0,1,4,2,2,rhyme-before-repeat,rhyme-before-repeat,2,4,0,False,False
ICEMAN,What Did I Miss?,11,17,2,4,1,2,True,6,84,3,2.52,2,100,14,0,,0,,,0,1,5,2,2,rhyme-before-repeat,rhyme-before-repeat,2,4,0,False,False
ICEMAN,What Did I Miss?,11,18,2,5,1,4,True,6,92,3,2.76,3,92,14,0,,0,,,0,1,5,2,2,rhyme-before-repeat,rhyme-before-repeat,2,5,0,False,False
ICEMAN,What Did I Miss?,11,19,2,6,,,False,0,,0,0,0,,6,2,,0,,,0,,0,0,0,,,0,0,0,False,False
ICEMAN,What Did I Miss?,11,20,2,7,,,False,0,,0,0,0,,7,1,,0,,,0,,0,0,0,,,0,0,0,False,False
ICEMAN,What Did I Miss?,11,21,2,8,,,True,6,,0,0,0,,10,0,,0,,,0,,0,0,0,,,0,0,0,False,False
ICEMAN,What Did I Miss?,11,40,5,9,2,,True,6,,0,0,0,,16,1,10,1,92,rhyme,0,2,0,0,0,,,0,0,0,False,False
ICEMAN,What Did I Miss?,11,41,5,10,2,9,True,6,92,1,0.92,1,92,18,2,,0,,,0,2,1,0,0,rhyme,rhyme,0,1,0,False,False
ICEMAN,What Did I Miss?,11,42,5,11,2,10,True,6,84,2,1.68,2,84,16,0,,0,,,0,2,2,0,0,rhyme,rhyme,0,2,0,False,False
ICEMAN,What Did I Miss?,11,43,5,12,2,9,True,6,84,2,1.68,1,84,18,0,,0,,,0,2,2,0,0,rhyme,rhyme,0,1,0,False,False
ICEMAN,What Did I Miss?,11,44,5,13,3,,True,6,,0,0,0,,16,0,14,1,92,rhyme,0,3,0,0,0,,,0,0,0,False,False
ICEMAN,What Did I Miss?,11,45,5,14,3,13,True,6,92,1,0.92,1,92,14,0,,0,,,0,3,1,0,0,rhyme,rhyme,0,1,0,False,False
ICEMAN,What Did I Miss?,11,46,5,15,,,True,6,,0,0,0,,11,0,,0,,,0,,0,0,0,,,0,0,0,False,False
ICEMAN,What Did I Miss?,11,47,5,16,3,13,True,6,92,2,1.84,0,,7,0,,0,,,0,3,2,0,0,rhyme,,0,0,0,False,False
ICEMAN,What Did I Miss?,11,48,5,17,3,14,True,6,92,1,0.92,1,84,14,0,,0,,,0,3,1,0,0,rhyme,rhyme,0,1,0,False,False
ICEMAN,What Did I Miss?,11,59,7,18,4,,True,4,,0,0,0,,4,0,21,0,,repetition,4,4,0,0,0,,,0,0,0,False,False
ICEMAN,What Did I Miss?,11,60,7,19,5,,True,6,,0,0,0,,12,0,20,0,,repetition,1,5,0,0,0,,,0,0,0,False,False
ICEMAN,What Did I Miss?,11,61,7,20,5,19,True,6,,0,0.0,0,,11,0,,0,,,0,5,1,1,1,repetition,repetition,1,1,0,False,False
ICEMAN,What Did I Miss?,11,62,7,21,4,18,True,6,,0,0.0,0,,12,0,,0,,,0,4,4,4,4,repetition,,0,0,0,False,False
ICEMAN,What Did I Miss?,11,63,7,22,6,,True,6,,0,0,0,,11,0,23,1,100,rhyme,0,6,0,0,0,,,0,0,0,False,False
ICEMAN,What Did I Miss?,11,64,7,23,6,22,True,6,100,1,1.0,1,100,8,0,,0,,,0,6,1,0,0,rhyme,rhyme,0,1,0,False,False
ICEMAN,What Did I Miss?,11,65,7,24,4,21,True,6,92,1,0.92,0,,11,0,,0,,,0,4,6,5,5,rhyme-before-repeat,,0,0,0,False,False
ICEMAN,Plot Twist,12,5,2,0,1,,True,6,,0,0,0,,17,0,1,3,84,rhyme,0,1,0,0,0,,,0,0,0,False,False
ICEMAN,Plot Twist,12,6,2,1,1,0,True,6,84,3,2.52,3,84,16,0,,0,,,0,1,3,0,0,rhyme,rhyme,0,3,0,False,False
ICEMAN,Plot Twist,12,7,2,2,,,True,6,,0,0,0,,15,0,,0,,,0,,0,0,0,,,0,0,0,False,False
ICEMAN,Plot Twist,12,8,2,3,,,False,0,,0,0,0,,15,2,,0,,,0,,0,0,0,,,0,0,0,False,False
ICEMAN,Plot Twist,12,9,2,4,,,True,6,,0,0,0,,17,2,,0,,,0,,0,0,0,,,0,0,0,False,False
ICEMAN,Plot Twist,12,10,2,5,2,,True,6,,0,0,0,,17,2,6,1,100,rhyme-before-repeat,1,2,0,0,0,,,0,0,0,False,False
ICEMAN,Plot Twist,12,11,2,6,2,5,True,6,100,1,1.0,1,100,21,1,,0,,,0,2,2,1,1,rhyme-before-repeat,rhyme-before-repeat,1,2,0,False,False
ICEMAN,Plot Twist,12,12,2,7,3,,True,6,,0,0,0,,20,0,9,1,92,rhyme,0,3,0,0,0,,,0,0,0,False,False
ICEMAN,Plot Twist,12,13,2,8,4,,True,6,,0,0,0,,22,0,10,1,92,rhyme,0,4,0,0,0,,,0,0,0,False,False
ICEMAN,Plot Twist,12,14,2,9,3,7,True,6,92,1,0.92,0,,18,2,,0,,,0,3,1,0,0,rhyme,,0,0,0,False,False
ICEMAN,Plot Twist,12,15,2,10,4,8,True,6,92,1,0.92,0,,20,0,,0,,,0,4,1,0,0,rhyme,,0,0,0,False,False
ICEMAN,Plot Twist,12,31,4,11,5,,True,6,,0,0,0,,17,1,12,1,84,rhyme-before-repeat,1,5,0,0,0,,,0,0,0,False,False
ICEMAN,Plot Twist,12,32,4,12,5,11,True,6,84,1,0.84,1,84,19,0,,0,,,0,5,2,1,1,rhyme-before-repeat,rhyme-before-repeat,1,2,0,False,False
ICEMAN,Plot Twist,12,33,4,13,5,12,True,6,92,2,1.84,2,92,19,0,,0,,,0,5,2,0,0,rhyme,rhyme,0,2,0,False,False
ICEMAN,Plot Twist,12,34,4,14,5,13,True,6,92,2,1.84,2,92,19,0,,0,,,0,5,2,0,0,rhyme,rhyme,0,2,0,False,False
ICEMAN,Plot Twist,12,35,4,15,6,,True,6,,0,0,0,,21,0,16,0,,repetition,4,6,0,0,0,,,0,0,0,False,False
ICEMAN,Plot Twist,12,36,4,16,6,15,True,6,,0,0.0,0,,21,0,,0,,,0,6,4,4,2,repetition,repetition,4,4,0,False,False
ICEMAN,Plot Twist,12,37,4,17,,,True,6,,0,0,0,,23,0,,0,,,0,,0,0,0,,,0,0,0,False,False
ICEMAN,Plot Twist,12,38,4,18,,,True,6,,0,0,0,,23,0,,0,,,0,,0,0,0,,,0,0,0,False,False
ICEMAN,Plot Twist,12,39,4,19,7,,True,6,,0,0,0,,21,0,20,0,,repetition,1,7,0,0,0,,,0,0,0,False,False
ICEMAN,Plot Twist,12,40,4,20,7,19,True,6,,0,0.0,0,,24,0,,0,,,0,7,1,1,1,repetition,repetition,1,1,0,False,False
ICEMAN,Plot Twist,12,41,4,21,,,True,6,,0,0,0,,22,0,,0,,,0,,0,0,0,,,0,0,0,False,False
ICEMAN,Plot Twist,12,42,4,22,,,False,0,,0,0,0,,6,2,,0,,,0,,0,0,0,,,0,0,1,False,False
ICEMAN,2 Hard 4 The Radio,13,8,2,0,1,,True,6,,0,0,0,,9,0,1,1,92,rhyme,0,1,0,0,0,,,0,0,0,False,False
ICEMAN,2 Hard 4 The Radio,13,9,2,1,1,0,True,6,92,1,0.92,1,92,8,0,,0,,,0,1,1,0,0,rhyme,rhyme,0,1,0,False,False
ICEMAN,2 Hard 4 The Radio,13,10,2,2,2,,True,5,,0,0,0,,10,1,3,4,92,rhyme,0,2,0,0,0,,,0,0,0,False,False
ICEMAN,2 Hard 4 The Radio,13,11,2,3,2,2,True,6,92,4,3.68,4,92,10,1,,0,,,0,2,4,0,0,rhyme,rhyme,0,4,0,False,False
ICEMAN,2 Hard 4 The Radio,13,12,2,4,3,,True,6,,0,0,0,,11,0,5,1,84,rhyme,0,3,0,0,0,,,0,0,0,False,False
ICEMAN,2 Hard 4 The Radio,13,13,2,5,3,4,True,6,84,1,0.84,1,84,13,0,,0,,,0,3,1,0,0,rhyme,rhyme,0,1,0,False,False
ICEMAN,2 Hard 4 The Radio,13,14,2,6,4,,True,6,,0,0,0,,9,0,7,2,92,rhyme,0,4,0,0,0,,,0,0,0,False,False
ICEMAN,2 Hard 4 The Radio,13,15,2,7,4,6,True,3,92,2,1.84,2,92,8,1,,0,,,0,4,2,0,0,rhyme,rhyme,0,2,0,False,False
ICEMAN,2 Hard 4 The Radio,13,16,2,8,,,True,6,,0,0,0,,11,0,,0,,,0,,0,0,0,,,0,0,0,False,False
ICEMAN,2 Hard 4 The Radio,13,17,2,9,5,,True,6,,0,0,0,,19,0,10,1,100,rhyme,0,5,0,0,0,,,0,0,0,False,False
ICEMAN,2 Hard 4 The Radio,13,18,2,10,5,9,True,6,100,1,1.0,1,100,10,0,,0,,,0,5,1,0,0,rhyme,rhyme,0,1,0,False,False
ICEMAN,2 Hard 4 The Radio,13,19,2,11,5,10,True,6,92,1,0.92,1,92,12,0,,0,,,0,5,1,0,0,rhyme,rhyme,0,1,0,False,False
ICEMAN,2 Hard 4 The Radio,13,20,2,12,6,,True,6,,0,0,0,,10,0,13,2,84,rhyme-before-repeat,2,6,0,0,0,,,0,0,0,False,False
ICEMAN,2 Hard 4 The Radio,13,21,2,13,6,12,True,6,84,2,1.68,2,84,10,0,,0,,,0,6,4,2,2,rhyme-before-repeat,rhyme-before-repeat,2,4,0,False,False
ICEMAN,2 Hard 4 The Radio,13,22,2,14,6,12,True,6,100,1,1.0,1,92,12,0,,0,,,0,6,3,2,2,rhyme-before-repeat,rhyme-before-repeat,2,3,0,False,False
ICEMAN,2 Hard 4 The Radio,13,23,2,15,6,14,True,4,100,1,1.0,1,100,10,1,,0,,,0,6,1,0,0,rhyme,rhyme,0,1,0,False,False
ICEMAN,2 Hard 4 The Radio,13,45,5,16,7,,True,6,,0,0,0,,7,1,17,1,92,rhyme,0,7,0,0,0,,,0,0,0,False,False
ICEMAN,2 Hard 4 The Radio,13,46,5,17,7,16,True,6,92,1,0.92,1,92,13,0,,0,,,0,7,1,0,0,rhyme,rhyme,0,1,0,False,False
ICEMAN,2 Hard 4 The Radio,13,47,5,18,7,17,True,6,92,1,0.92,1,92,13,0,,0,,,0,7,1,0,0,rhyme,rhyme,0,1,0,False,False
ICEMAN,2 Hard 4 The Radio,13,48,5,19,7,17,True,6,100,1,1.0,1,92,13,0,,0,,,0,7,1,0,0,rhyme,rhyme,0,1,0,False,False
ICEMAN,2 Hard 4 The Radio,13,49,5,20,7,16,True,6,92,1,0.92,1,84,13,0,,0,,,0,7,1,0,0,rhyme,rhyme,0,1,0,False,False
ICEMAN,2 Hard 4 The Radio,13,50,5,21,7,20,True,1,92,1,0.92,1,92,8,1,,0,,,0,7,1,0,0,rhyme,rhyme,0,1,0,False,False
ICEMAN,2 Hard 4 The Radio,13,51,5,22,7,20,True,6,92,1,0.92,1,84,9,0,,0,,,0,7,1,0,0,rhyme,rhyme,0,1,0,False,False
ICEMAN,2 Hard 4 The Radio,13,52,5,23,7,21,True,6,92,1,0.92,1,84,9,0,,0,,,0,7,1,0,0,rhyme,rhyme,0,1,0,False,False
ICEMAN,2 Hard 4 The Radio,13,53,5,24,7,21,True,6,92,1,0.92,0,,9,0,,0,,,0,7,1,0,0,rhyme,repetition,1,1,0,False,False
ICEMAN,2 Hard 4 The Radio,13,54,5,25,7,24,True,6,92,1,0.92,1,92,12,0,,0,,,0,7,1,0,0,rhyme,rhyme,0,1,0,False,False
ICEMAN,2 Hard 4 The Radio,13,55,5,26,7,22,True,3,92,1,0.92,1,84,5,1,,0,,,0,7,1,0,0,rhyme,rhyme,0,1,0,False,False
ICEMAN,2 Hard 4 The Radio,13,56,5,27,8,,True,6,,0,0,0,,12,0,29,2,84,rhyme,0,8,0,0,0,,,0,0,0,False,False
ICEMAN,2 Hard 4 The Radio,13,57,5,28,7,26,True,6,92,1,0.92,0,,10,1,,0,,,0,7,1,0,0,rhyme,,0,0,0,False,False
ICEMAN,2 Hard 4 The Radio,13,58,5,29,8,27,True,6,84,2,1.68,0,,11,0,,0,,,0,8,2,0,0,rhyme,,0,0,0,False,False
ICEMAN,2 Hard 4 The Radio,13,59,5,30,,,True,6,,0,0,0,,8,0,,0,,,0,,0,0,0,,,0,0,0,False,False
ICEMAN,2 Hard 4 The Radio,13,60,5,31,,,True,5,,0,0,0,,8,1,,0,,,0,,0,0,0,,,0,0,0,False,False
ICEMAN,2 Hard 4 The Radio,13,61,5,32,8,29,True,6,92,2,1.84,0,,10,0,,0,,,0,8,2,0,0,rhyme,,0,0,0,False,False
ICEMAN,2 Hard 4 The Radio,13,62,5,33,,,True,6,,0,0,0,,10,0,,0,,,0,,0,0,0,,,0,0,0,True,False
ICEMAN,2 Hard 4 The Radio,13,63,5,34,9,,False,0,,0,0,0,,10,1,35,0,,repetition,0,9,0,0,0,,,0,0,0,True,False
ICEMAN,2 Hard 4 The Radio,13,64,5,35,9,34,False,0,,0,0.0,0,,13,1,,0,,,0,9,0,0,1,repetition,repetition,0,0,0,True,False
ICEMAN,Make Them Remember,14,11,2,0,1,,True,1,,0,0,0,,9,1,1,1,84,rhyme,0,1,0,0,0,,,0,0,0,False,False
ICEMAN,Make Them Remember,14,12,2,1,1,0,True,6,84,1,0.84,1,84,13,0,,0,,,0,1,1,0,0,rhyme,rhyme,0,1,0,False,False
ICEMAN,Make Them Remember,14,13,2,2,,,True,6,,0,0,0,,11,0,,0,,,0,,0,0,0,,,0,0,0,False,False
ICEMAN,Make Them Remember,14,14,2,3,1,0,True,6,84,1,0.84,0,,19,0,,0,,,0,1,1,0,0,rhyme,,0,0,0,False,False
ICEMAN,Make Them Remember,14,15,2,4,,,True,6,,0,0,0,,7,0,,0,,,0,,0,0,0,,,0,0,0,False,False
ICEMAN,Make Them Remember,14,16,2,5,1,3,True,6,84,1,0.84,0,,15,0,,0,,,0,1,1,0,0,rhyme,,0,0,0,False,False
ICEMAN,Make Them Remember,14,17,2,6,1,5,True,6,100,1,1.0,1,100,13,0,,0,,,0,1,1,0,0,rhyme,rhyme,0,1,0,False,False
ICEMAN,Make Them Remember,14,18,2,7,,,True,6,,0,0,0,,15,0,,0,,,0,,0,0,0,,,0,0,0,False,False
ICEMAN,Make Them Remember,14,19,2,8,1,6,True,6,84,1,0.84,0,,13,0,,0,,,0,1,1,0,0,rhyme,,0,0,0,False,False
ICEMAN,Make Them Remember,14,20,2,9,1,8,True,6,92,1,0.92,1,92,13,0,,0,,,0,1,1,0,0,rhyme,rhyme,0,1,0,False,False
ICEMAN,Make Them Remember,14,21,2,10,1,6,True,6,100,1,1.0,1,84,14,0,,0,,,0,1,1,0,0,rhyme,rhyme,0,1,0,False,False
ICEMAN,Make Them Remember,14,22,2,11,2,,True,6,,0,0,0,,13,0,13,1,92,rhyme,0,2,0,0,0,,,0,0,0,False,False
ICEMAN,Make Them Remember,14,23,2,12,,,True,6,,0,0,0,,11,1,,0,,,0,,0,0,0,,,0,0,0,False,False
ICEMAN,Make Them Remember,14,24,2,13,2,11,True,6,92,1,0.92,0,,8,0,,0,,,0,2,1,0,0,rhyme,,0,0,0,False,False
ICEMAN,Make Them Remember,14,25,2,14,2,13,True,6,92,1,0.92,1,92,6,0,,0,,,0,2,1,0,0,rhyme,rhyme,0,1,0,False,False
ICEMAN,Make Them Remember,14,26,2,15,2,11,True,6,100,1,1.0,1,92,10,0,,0,,,0,2,1,0,0,rhyme,rhyme,0,1,0,False,False
ICEMAN,Make Them Remember,14,27,2,16,,,True,6,,0,0,0,,13,1,,0,,,0,,0,0,0,,,0,0,0,False,False
ICEMAN,Make Them Remember,14,28,2,17,3,,True,6,,0,0,0,,6,0,18,0,,repetition,1,3,0,0,0,,,0,0,0,False,False
ICEMAN,Make Them Remember,14,29,2,18,3,17,True,6,,0,0.0,0,,6,0,,0,,,0,3,1,1,1,repetition,repetition,1,1,0,False,False
ICEMAN,Make Them Remember,14,30,2,19,3,18,True,6,92,1,0.92,1,92,12,0,,0,,,0,3,1,0,0,rhyme,rhyme,0,1,0,False,False
ICEMAN,Make Them Remember,14,31,2,20,3,19,True,6,100,1,1.0,1,100,14,0,,0,,,0,3,1,0,0,rhyme,rhyme,0,1,0,False,False
ICEMAN,Make Them Remember,14,32,2,21,4,,True,6,,0,0,0,,13,0,23,4,84,rhyme,0,4,0,0,0,,,0,0,0,False,False
ICEMAN,Make Them Remember,14,33,2,22,5,,True,6,,0,0,0,,15,0,25,1,84,rhyme,0,5,0,0,0,,,0,0,0,False,False
ICEMAN,Make Them Remember,14,34,2,23,4,21,True,6,84,4,3.36,0,,15,0,,0,,,0,4,4,0,0,rhyme,,0,0,0,False,False
ICEMAN,Make Them Remember,14,35,2,24,3,20,True,6,92,1,0.92,0,,15,0,,0,,,0,3,1,0,0,rhyme,,0,0,0,False,False
ICEMAN,Make Them Remember,14,36,2,25,5,22,True,6,84,1,0.84,0,,12,0,,0,,,0,5,1,0,0,rhyme,,0,0,0,False,False
ICEMAN,Make Them Remember,14,37,2,26,5,25,True,6,100,1,1.0,1,100,15,0,,0,,,0,5,1,0,0,rhyme,rhyme,0,1,0,False,False
ICEMAN,Make Them Remember,14,38,2,27,3,24,True,5,92,1,0.92,0,,12,1,,0,,,0,3,1,0,0,rhyme,,0,0,0,False,False
ICEMAN,Make Them Remember,14,39,2,28,5,26,True,6,84,1,0.84,0,,12,0,,0,,,0,5,1,0,0,rhyme,,0,0,0,False,False
ICEMAN,Make Them Remember,14,40,2,29,5,28,True,6,92,1,0.92,1,92,14,0,,0,,,0,5,1,0,0,rhyme,rhyme,0,1,0,False,False
ICEMAN,Make Them Remember,14,41,2,30,5,29,True,6,92,1,0.92,1,92,17,1,,0,,,0,5,1,0,0,rhyme,rhyme,0,1,0,False,False
ICEMAN,Make Them Remember,14,42,2,31,5,29,True,6,84,2,1.68,1,92,10,0,,0,,,0,5,2,0,0,rhyme,rhyme,0,1,0,False,False
ICEMAN,Make Them Remember,14,43,2,32,5,31,True,6,84,3,2.52,3,84,19,0,,0,,,0,5,3,0,0,rhyme,rhyme,0,3,0,False,False
ICEMAN,Make Them Remember,14,44,2,33,5,30,True,1,100,1,1.0,1,92,11,1,,0,,,0,5,1,0,0,rhyme,rhyme,0,1,0,False,False
ICEMAN,Make Them Remember,14,45,2,34,5,31,True,6,84,2,1.68,1,84,8,0,,0,,,0,5,2,0,0,rhyme,rhyme,0,1,0,False,False
ICEMAN,Make Them Remember,14,46,2,35,5,34,True,6,92,1,0.92,1,92,10,0,,0,,,0,5,1,0,0,rhyme,rhyme,0,1,0,False,False
ICEMAN,Make Them Remember,14,47,2,36,5,32,True,6,84,3,2.52,1,84,19,0,,0,,,0,5,3,0,0,rhyme,rhyme,0,1,0,False,False
ICEMAN,Make Them Remember,14,48,2,37,5,36,True,1,100,1,1.0,1,100,11,1,,0,,,0,5,1,0,0,rhyme,rhyme,0,1,0,False,False
ICEMAN,Make Them Remember,14,49,2,38,6,,True,6,,0,0,0,,15,0,40,2,84,rhyme,0,6,0,0,0,,,0,0,0,False,False
ICEMAN,Make Them Remember,14,50,2,39,,,True,6,,0,0,0,,17,0,,0,,,0,,0,0,0,,,0,0,0,False,False
ICEMAN,Make Them Remember,14,51,2,40,6,38,True,6,84,2,1.68,0,,14,0,,0,,,0,6,2,0,0,rhyme,,0,0,0,False,False
ICEMAN,Make Them Remember,14,52,2,41,6,40,True,6,84,2,1.68,2,84,12,0,,0,,,0,6,2,0,0,rhyme,rhyme,0,2,0,False,False
ICEMAN,Make Them Remember,14,53,2,42,6,40,True,6,84,2,1.68,0,,21,0,,0,,,0,6,2,0,0,rhyme,repetition,2,2,0,False,False
ICEMAN,Make Them Remember,14,54,2,43,,,False,0,,0,0,0,,12,1,,0,,,0,,0,0,0,,,0,0,0,False,False
ICEMAN,Make Them Remember,14,55,2,44,6,40,True,6,92,2,1.84,0,,12,0,,0,,,0,6,2,0,0,rhyme,,0,0,0,False,False
ICEMAN,Make Them Remember,14,56,2,45,6,44,True,6,92,2,1.84,2,92,13,0,,0,,,0,6,2,0,0,rhyme,rhyme,0,2,0,False,False
ICEMAN,Make Them Remember,14,57,2,46,6,44,True,6,92,2,1.84,1,92,13,0,,0,,,0,6,2,0,0,rhyme,rhyme-before-repeat,2,3,0,False,False
ICEMAN,Make Them Remember,14,58,2,47,7,,True,6,,0,0,0,,17,0,48,1,92,rhyme,0,7,0,0,0,,,0,0,0,False,False
ICEMAN,Make Them Remember,14,59,2,48,7,47,True,6,92,1,0.92,1,92,20,0,,0,,,0,7,1,0,0,rhyme,rhyme,0,1,0,False,False
ICEMAN,Make Them Remember,14,60,2,49,7,47,True,6,92,1,0.92,1,84,6,0,,0,,,0,7,1,0,0,rhyme,rhyme,0,1,0,False,False
ICEMAN,Make Them Remember,14,61,2,50,,,True,6,,0,0,0,,15,0,,0,,,0,,0,0,0,,,0,0,0,False,False
ICEMAN,Make Them Remember,14,62,2,51,8,,True,6,,0,0,0,,12,1,52,1,84,rhyme,0,8,0,0,0,,,0,0,0,False,False
ICEMAN,Make Them Remember,14,63,2,52,8,51,True,6,84,1,0.84,1,84,15,0,,0,,,0,8,1,0,0,rhyme,rhyme,0,1,0,False,False
ICEMAN,Make Them Remember,14,64,2,53,8,51,True,6,92,1,0.92,1,84,11,0,,0,,,0,8,1,0,0,rhyme,rhyme,0,1,0,False,False
ICEMAN,Make Them Remember,14,65,2,54,8,51,True,6,100,1,1.0,1,92,16,1,,0,,,0,8,1,0,0,rhyme,rhyme,0,1,0,False,False
ICEMAN,Make Them Remember,14,66,2,55,8,54,True,6,92,2,1.84,2,92,12,0,,0,,,0,8,2,0,0,rhyme,rhyme,0,2,0,False,False
ICEMAN,Make Them Remember,14,67,2,56,8,54,True,6,84,3,2.52,2,100,20,0,,0,,,0,8,3,0,0,rhyme,rhyme,0,2,0,False,False
ICEMAN,Make Them Remember,14,68,2,57,8,56,True,6,92,2,1.84,2,92,19,0,,0,,,0,8,2,0,0,rhyme,rhyme,0,2,0,False,False
ICEMAN,Make Them Remember,14,69,2,58,8,57,True,6,84,2,1.68,2,84,9,0,,0,,,0,8,2,0,0,rhyme,rhyme,0,2,0,False,False
ICEMAN,Make Them Remember,14,70,2,59,8,58,True,6,84,3,2.52,3,84,10,0,,0,,,0,8,3,0,0,rhyme,rhyme,0,3,0,False,False
ICEMAN,Make Them Remember,14,71,2,60,8,58,True,6,92,2,1.84,2,84,16,0,,0,,,0,8,2,0,0,rhyme,rhyme,0,2,0,False,False
ICEMAN,Make Them Remember,14,72,2,61,8,60,True,6,84,1,0.84,1,84,12,0,,0,,,0,8,1,0,0,rhyme,rhyme,0,1,0,False,False
ICEMAN,Make Them Remember,14,73,2,62,8,59,True,3,100,1,1.0,1,84,9,1,,0,,,0,8,1,0,0,rhyme,rhyme,0,1,0,False,False
ICEMAN,Make Them Remember,14,74,2,63,8,62,True,3,92,1,0.92,1,92,18,1,,0,,,0,8,1,0,0,rhyme,rhyme,0,1,0,False,False
ICEMAN,Make Them Remember,14,75,2,64,8,63,True,4,92,1,0.92,1,92,5,1,,0,,,0,8,1,0,0,rhyme,rhyme,0,1,0,False,False
ICEMAN,Make Them Remember,14,76,2,65,,,False,0,,0,0,0,,16,1,,0,,,0,,0,0,0,,,0,0,0,False,False
ICEMAN,Make Them Remember,14,77,2,66,8,63,True,6,92,1,0.92,0,,15,0,,0,,,0,8,1,0,0,rhyme,,0,0,0,False,False
ICEMAN,Make Them Remember,14,78,2,67,,,False,0,,0,0,0,,8,1,,0,,,0,,0,0,0,,,0,0,0,False,False
ICEMAN,Make Them Remember,14,79,2,68,8,66,True,6,100,1,1.0,0,,20,0,,0,,,0,8,1,0,0,rhyme,,0,0,0,False,False
ICEMAN,Make Them Remember,14,80,2,69,,,True,5,,0,0,0,,5,1,,0,,,0,,0,0,0,,,0,0,0,False,False
ICEMAN,Make Them Remember,14,81,2,70,8,68,True,6,92,1,0.92,0,,15,0,,0,,,0,8,1,0,0,rhyme,,0,0,0,False,False
ICEMAN,Make Them Remember,14,82,2,71,8,68,True,6,84,2,1.68,1,100,11,0,,0,,,0,8,2,0,0,rhyme,rhyme,0,1,0,False,False
ICEMAN,Make Them Remember,14,83,2,72,8,68,True,6,100,1,1.0,1,92,8,0,,0,,,0,8,1,0,0,rhyme,rhyme,0,1,0,False,False
ICEMAN,Make Them Remember,14,84,2,73,8,72,True,6,92,1,0.92,1,92,9,0,,0,,,0,8,1,0,0,rhyme,rhyme,0,1,0,False,False
ICEMAN,Make Them Remember,14,85,2,74,8,72,True,6,92,1,0.92,0,,13,0,,0,,,0,8,1,0,0,rhyme,repetition,6,6,0,True,True
ICEMAN,Make Them Remember,14,86,2,75,8,72,True,6,100,1,1.0,1,92,11,0,,0,,,0,8,1,0,0,rhyme,rhyme,0,1,0,False,False
ICEMAN,Make Them Remember,14,87,2,76,8,75,True,6,92,1,0.92,1,92,9,0,,0,,,0,8,1,0,0,rhyme,rhyme,0,1,0,False,False
ICEMAN,Make Them Remember,14,88,2,77,8,75,True,5,100,1,1.0,1,92,10,1,,0,,,0,8,1,0,0,rhyme,rhyme,0,1,0,False,False
ICEMAN,Make Them Remember,14,89,2,78,8,76,True,6,84,2,1.68,1,100,10,1,,0,,,0,8,2,0,0,rhyme,rhyme,0,1,0,False,False
ICEMAN,Make Them Remember,14,90,2,79,8,76,True,6,92,3,2.76,1,92,19,1,,0,,,0,8,3,0,0,rhyme,rhyme,0,1,0,False,False
ICEMAN,Make Them Remember,14,91,2,80,8,77,True,6,84,2,1.68,1,92,15,0,,0,,,0,8,2,0,0,rhyme,rhyme,0,1,0,False,False
ICEMAN,Make Them Remember,14,92,2,81,8,80,True,6,92,1,0.92,1,92,9,0,,0,,,0,8,1,0,0,rhyme,rhyme,0,1,0,False,False
ICEMAN,Make Them Remember,14,93,2,82,8,81,True,6,92,1,0.92,1,92,18,0,,0,,,0,8,1,0,0,rhyme,rhyme,0,1,0,False,False
ICEMAN,Make Them Remember,14,94,2,83,8,82,True,6,92,1,0.92,1,92,9,0,,0,,,0,8,1,0,0,rhyme,rhyme,0,1,0,False,False
ICEMAN,Make Them Remember,14,95,2,84,8,82,True,6,92,1,0.92,0,,12,0,,0,,,0,8,1,0,0,rhyme,repetition,4,4,0,False,False
ICEMAN,Make Them Remember,14,96,2,85,8,84,True,6,100,1,1.0,1,100,11,0,,0,,,0,8,1,0,0,rhyme,rhyme,0,1,0,False,False
ICEMAN,Make Them Remember,14,97,2,86,8,85,True,6,92,1,0.92,1,92,22,1,,0,,,0,8,1,0,0,rhyme,rhyme,0,1,0,False,False
ICEMAN,Make Them Remember,14,98,2,87,8,84,True,6,84,2,1.68,1,92,10,0,,0,,,0,8,2,0,0,rhyme,rhyme,0,1,0,False,False
ICEMAN,Make Them Remember,14,99,2,88,8,86,True,6,84,2,1.68,1,92,12,0,,0,,,0,8,2,0,0,rhyme,rhyme,0,1,0,False,False
ICEMAN,Make Them Remember,14,100,2,89,8,86,True,6,84,2,1.68,1,92,7,2,,0,,,0,8,2,0,0,rhyme,rhyme,0,1,0,False,False
ICEMAN,Make Them Remember,14,101,2,90,8,86,True,6,84,2,1.68,1,84,10,1,,0,,,0,8,2,0,0,rhyme,rhyme,0,1,0,False,False
ICEMAN,Make Them Remember,14,102,2,91,8,90,True,6,84,2,1.68,2,84,13,1,,0,,,0,8,2,0,0,rhyme,rhyme,0,2,0,False,False
ICEMAN,Make Them Remember,14,103,2,92,8,91,True,6,84,2,1.68,2,84,8,0,,0,,,0,8,2,0,0,rhyme,rhyme,0,2,0,False,False
ICEMAN,Make Them Remember,14,104,2,93,8,92,True,5,84,2,1.68,2,84,5,0,,0,,,0,8,2,0,0,rhyme,rhyme,0,2,0,False,False
ICEMAN,Make Them Remember,14,105,2,94,8,93,True,6,92,1,0.92,1,92,11,0,,0,,,0,8,1,0,0,rhyme,rhyme,0,1,0,False,False
ICEMAN,Make Them Remember,14,106,2,95,,,True,2,,0,0,0,,5,1,,0,,,0,,0,0,0,,,0,0,0,False,False
ICEMAN,Little Birdie,15,22,3,0,,,True,6,,0,0,0,,13,0,,0,,,0,,0,0,0,,,0,0,0,False,False
ICEMAN,Little Birdie,15,23,3,1,,,True,6,,0,0,0,,12,1,,0,,,0,,0,0,0,,,0,0,0,False,False
ICEMAN,Little Birdie,15,24,3,2,1,,True,4,,0,0,0,,12,1,5,0,,repetition,1,1,0,0,0,,,0,0,0,False,False
ICEMAN,Little Birdie,15,25,3,3,,,True,6,,0,0,0,,14,0,,0,,,0,,0,0,0,,,0,0,0,False,False
ICEMAN,Little Birdie,15,26,3,4,,,True,6,,0,0,0,,14,0,,0,,,0,,0,0,0,,,0,0,0,False,False
ICEMAN,Little Birdie,15,27,3,5,1,2,True,6,,0,0.0,0,,12,0,,0,,,0,1,1,1,1,repetition,,0,0,0,False,False
ICEMAN,Little Birdie,15,28,3,6,2,,True,6,,0,0,0,,13,0,7,1,92,rhyme-before-repeat,2,2,0,0,0,,,0,0,0,False,False
ICEMAN,Little Birdie,15,29,3,7,2,6,True,6,92,1,0.92,1,92,13,0,,0,,,0,2,3,2,1,rhyme-before-repeat,rhyme-before-repeat,2,3,0,False,False
ICEMAN,Little Birdie,15,30,3,8,,,True,6,,0,0,0,,14,0,,0,,,0,,0,0,0,,,0,0,0,False,False
ICEMAN,Little Birdie,15,31,3,9,,,True,4,,0,0,0,,4,0,,0,,,0,,0,0,0,,,0,0,0,False,False
ICEMAN,Little Birdie,15,32,3,10,,,True,6,,0,0,0,,12,0,,0,,,0,,0,0,0,,,0,0,0,False,False
ICEMAN,Little Birdie,15,33,3,11,3,,True,6,,0,0,0,,13,0,12,0,,repetition,4,3,0,0,0,,,0,0,0,False,False
ICEMAN,Little Birdie,15,34,3,12,3,11,True,6,,0,0.0,0,,6,1,,0,,,0,3,4,4,4,repetition,repetition,4,4,0,False,False
ICEMAN,Little Birdie,15,35,3,13,4,,True,6,,0,0,0,,13,0,14,2,84,rhyme,0,4,0,0,0,,,0,0,0,False,False
ICEMAN,Little Birdie,15,36,3,14,4,13,True,6,84,2,1.68,2,84,14,0,,0,,,0,4,2,0,0,rhyme,rhyme,0,2,0,False,False
ICEMAN,Little Birdie,15,37,3,15,4,13,True,6,92,2,1.84,2,84,12,1,,0,,,0,4,2,0,0,rhyme,rhyme,0,2,0,False,False
ICEMAN,Little Birdie,15,38,3,16,,15,True,6,84.0,2,0,2,84.0,12,1,,0,,,0,4,2,0,0,slant,slant,0,2,0,False,False
ICEMAN,Little Birdie,15,39,3,17,4,15,True,6,84,2,1.68,0,,14,0,,0,,,0,4,2,0,0,rhyme,,0,0,0,False,False
ICEMAN,Little Birdie,15,40,3,18,4,14,True,6,84,2,1.68,0,,14,0,,0,,,0,4,2,0,0,rhyme,,0,0,0,False,False
ICEMAN,Little Birdie,15,41,3,19,4,18,True,2,92,2,1.84,2,92,12,1,,0,,,0,4,2,0,0,rhyme,rhyme,0,2,0,False,False
ICEMAN,Little Birdie,15,42,3,20,,,True,4,,0,0,0,,4,0,,0,,,0,,0,0,0,,,0,0,0,False,False
ICEMAN,Little Birdie,15,43,3,21,5,,True,6,,0,0,0,,11,0,22,2,88,rhyme,0,5,0,0,0,,,0,0,0,False,False
ICEMAN,Little Birdie,15,44,3,22,5,21,True,6,88,2,1.76,2,88,14,0,,0,,,0,5,2,0,0,rhyme,rhyme,0,2,0,False,False
ICEMAN,Little Birdie,15,45,3,23,,,True,6,,0,0,0,,14,0,,0,,,0,,0,0,0,,,0,0,0,False,False
ICEMAN,Little Birdie,15,46,3,24,,,True,6,,0,0,0,,10,0,,0,,,0,,0,0,0,,,0,0,0,False,False
ICEMAN,Little Birdie,15,47,3,25,5,22,True,6,,0,0.0,0,,15,0,,0,,,0,5,1,1,1,repetition,,0,0,0,False,False
ICEMAN,Little Birdie,15,48,3,26,,,True,6,,0,0,0,,14,0,,0,,,0,,0,0,0,,,0,0,0,False,False
ICEMAN,Little Birdie,15,49,3,27,,,False,0,,0,0,0,,13,1,,0,,,0,,0,0,0,,,0,0,0,False,False
ICEMAN,Little Birdie,15,50,3,28,,,True,6,,0,0,0,,14,0,,0,,,0,,0,0,0,,,0,0,0,False,False
ICEMAN,Little Birdie,15,51,3,29,5,25,True,6,,0,0.0,0,,14,0,,0,,,0,5,1,1,1,repetition,,0,0,0,False,False
ICEMAN,Little Birdie,15,52,3,30,5,29,True,6,,0,0.0,0,,13,0,,0,,,0,5,2,2,2,repetition,repetition,2,2,0,False,False
ICEMAN,Little Birdie,15,53,3,31,,,True,6,,0,0,0,,15,0,,0,,,0,,0,0,0,,,0,0,0,False,False
ICEMAN,Little Birdie,15,54,3,32,,,True,2,,0,0,0,,2,1,,0,,,0,,0,0,0,,,0,0,0,True,False
ICEMAN,Don’t Worry,16,5,2,0,1,,True,6,,0,0,0,,8,0,1,1,100,rhyme,0,1,0,0,0,,,0,0,0,False,False
ICEMAN,Don’t Worry,16,6,2,1,1,0,True,6,100,1,1.0,1,100,12,0,,0,,,0,1,1,0,0,rhyme,rhyme,0,1,0,False,False
ICEMAN,Don’t Worry,16,7,2,2,1,1,True,6,100,1,1.0,1,100,12,0,,0,,,0,1,1,0,0,rhyme,rhyme,0,1,0,False,False
ICEMAN,Don’t Worry,16,8,2,3,1,2,True,6,100,1,1.0,1,100,9,0,,0,,,0,1,1,0,0,rhyme,rhyme,0,1,0,False,False
ICEMAN,Don’t Worry,16,9,2,4,1,2,True,6,100,1,1.0,0,,14,0,,0,,,0,1,1,0,0,rhyme,repetition,1,1,1,False,False
ICEMAN,Don’t Worry,16,10,2,5,1,2,True,6,100,1,1.0,0,,14,0,,0,,,0,1,1,0,0,rhyme,repetition,1,1,1,False,False
ICEMAN,Don’t Worry,16,25,4,6,,,True,6,,0,0,0,,11,0,,0,,,0,,0,0,0,,,0,0,0,False,False
ICEMAN,Don’t Worry,16,26,4,7,2,,True,6,,0,0,0,,14,0,8,1,100,rhyme,0,2,0,0,0,,,0,0,0,False,False
ICEMAN,Don’t Worry,16,27,4,8,2,7,True,6,100,1,1.0,1,100,12,1,,0,,,0,2,1,0,0,rhyme,rhyme,0,1,0,False,False
ICEMAN,Don’t Worry,16,28,4,9,,,True,6,,0,0,0,,10,0,,0,,,0,,0,0,0,,,0,0,1,False,False
ICEMAN,Don’t Worry,16,29,4,10,,,True,6,,0,0,0,,15,0,,0,,,0,,0,0,0,,,0,0,0,False,False
ICEMAN,Don’t Worry,16,30,4,11,,,True,6,,0,0,0,,11,0,,0,,,0,,0,0,0,,,0,0,0,False,False
ICEMAN,Don’t Worry,16,31,4,12,,,True,1,,0,0,0,,1,0,,0,,,0,,0,0,0,,,0,0,0,False,False
ICEMAN,Firm Friends,17,11,2,0,,,True,6,,0,0,0,,11,0,,0,,,0,,0,0,0,,,0,0,0,False,False
ICEMAN,Firm Friends,17,12,2,1,,,True,6,,0,0,0,,15,0,,0,,,0,,0,0,0,,,0,0,0,False,False
ICEMAN,Firm Friends,17,13,2,2,,,True,6,,0,0,0,,13,0,,0,,,0,,0,0,0,,,0,0,0,False,False
ICEMAN,Firm Friends,17,14,2,3,,,True,6,,0,0,0,,16,0,,0,,,0,,0,0,0,,,0,0,0,False,False
ICEMAN,Firm Friends,17,15,2,4,,,True,3,,0,0,0,,7,1,,0,,,0,,0,0,0,,,0,0,0,False,False
ICEMAN,Firm Friends,17,16,2,5,,,True,6,,0,0,0,,19,0,,0,,,0,,0,0,0,,,0,0,0,False,False
ICEMAN,Firm Friends,17,17,2,6,,,True,6,,0,0,0,,14,0,,0,,,0,,0,0,0,,,0,0,0,False,False
ICEMAN,Firm Friends,17,26,4,7,1,,True,6,,0,0,0,,21,0,8,1,92,rhyme,0,1,0,0,0,,,0,0,0,False,False
ICEMAN,Firm Friends,17,27,4,8,1,7,True,6,92,1,0.92,1,92,17,0,,0,,,0,1,1,0,0,rhyme,rhyme,0,1,0,False,False
ICEMAN,Firm Friends,17,28,4,9,,,True,6,,0,0,0,,14,0,,0,,,0,,0,0,0,,,0,0,0,False,False
ICEMAN,Firm Friends,17,29,4,10,1,7,True,6,100,1,1.0,0,,16,0,,0,,,0,1,1,0,0,rhyme,,0,0,0,False,False
ICEMAN,Firm Friends,17,30,4,11,,,False,0,,0,0,0,,14,1,,0,,,0,,0,0,0,,,0,0,0,False,False
ICEMAN,Firm Friends,17,31,4,12,,,True,6,,0,0,0,,15,0,,0,,,0,,0,0,0,,,0,0,0,False,False
ICEMAN,Firm Friends,17,32,4,13,2,,True,6,,0,0,0,,17,0,14,1,84,rhyme,0,2,0,0,0,,,0,0,0,False,False
ICEMAN,Firm Friends,17,33,4,14,2,13,True,6,84,1,0.84,1,84,17,0,,0,,,0,2,1,0,0,rhyme,rhyme,0,1,0,False,False
ICEMAN,Firm Friends,17,34,4,15,2,13,True,6,92,1,0.92,1,84,14,0,,0,,,0,2,1,0,0,rhyme,rhyme,0,1,0,False,False
ICEMAN,Firm Friends,17,35,4,16,3,,True,6,,0,0,0,,15,0,19,2,84,rhyme,0,3,0,0,0,,,0,0,0,True,True
ICEMAN,Firm Friends,17,36,4,17,4,,True,6,,0,0,0,,13,0,18,0,,repetition,3,4,0,0,0,,,0,0,0,False,False
ICEMAN,Firm Friends,17,37,4,18,4,17,True,6,,0,0.0,0,,12,0,,0,,,0,4,3,3,2,repetition,repetition,3,3,0,False,False
ICEMAN,Firm Friends,17,38,4,19,3,16,True,6,84,2,1.68,1,84,8,0,,0,,,0,3,2,0,0,rhyme,rhyme,0,1,0,False,False
ICEMAN,Firm Friends,17,39,4,20,3,19,True,6,84,1,0.84,1,84,18,0,,0,,,0,3,1,0,0,rhyme,rhyme,0,1,0,False,False
ICEMAN,Firm Friends,17,40,4,21,3,20,True,6,92,1,0.92,1,92,14,0,,0,,,0,3,1,0,0,rhyme,rhyme,0,1,0,False,False
ICEMAN,Firm Friends,17,41,4,22,3,20,True,6,100,1,1.0,1,92,14,0,,0,,,0,3,1,0,0,rhyme,rhyme,0,1,0,False,False
ICEMAN,Firm Friends,17,42,4,23,5,,True,6,,0,0,0,,14,0,24,0,,repetition,3,5,0,0,0,,,0,0,0,False,False
ICEMAN,Firm Friends,17,43,4,24,5,23,True,6,,0,0.0,0,,13,0,,0,,,0,5,3,3,1,repetition,repetition,3,3,0,False,False
ICEMAN,Firm Friends,17,44,4,25,,,True,6,,0,0,0,,12,1,,0,,,0,,0,0,0,,,0,0,0,False,False
ICEMAN,Firm Friends,17,45,4,26,3,22,True,6,84,1,0.84,0,,19,0,,0,,,0,3,1,0,0,rhyme,,0,0,0,False,False
ICEMAN,Firm Friends,17,46,4,27,5,24,True,6,84,3,2.52,0,,11,1,,0,,,0,5,3,0,0,rhyme,,0,0,0,False,False
ICEMAN,Firm Friends,17,47,4,28,5,27,True,6,92,3,2.76,3,92,20,1,,0,,,0,5,3,0,0,rhyme,rhyme,0,3,0,False,False
ICEMAN,Firm Friends,17,48,4,29,,,True,6,,0,0,0,,12,0,,0,,,0,,0,0,0,,,0,0,0,False,False
ICEMAN,Firm Friends,17,49,4,30,5,27,True,6,92,3,2.76,0,,19,0,,0,,,0,5,3,0,0,rhyme,,0,0,0,False,False
ICEMAN,Firm Friends,17,50,4,31,5,27,True,6,92,3,2.76,0,,10,0,,0,,,0,5,3,0,0,rhyme,repetition,3,3,0,False,False
ICEMAN,Firm Friends,17,51,4,32,,,False,0,,0,0,0,,24,1,,0,,,0,,0,0,0,,,0,0,0,False,False
ICEMAN,Firm Friends,17,52,4,33,6,,True,6,,0,0,0,,16,0,34,1,100,rhyme,0,6,0,0,0,,,0,0,0,False,False
ICEMAN,Firm Friends,17,53,4,34,6,33,True,4,100,1,1.0,1,100,11,1,,0,,,0,6,1,0,0,rhyme,rhyme,0,1,0,False,False
ICEMAN,Firm Friends,17,54,4,35,6,34,True,6,92,1,0.92,1,92,15,0,,0,,,0,6,1,0,0,rhyme,rhyme,0,1,0,False,False
ICEMAN,Firm Friends,17,55,4,36,,,False,0,,0,0,0,,17,1,,0,,,0,,0,0,0,,,0,0,0,False,False
ICEMAN,Firm Friends,17,56,4,37,,,False,0,,0,0,0,,13,1,,0,,,0,,0,0,0,,,0,0,0,False,False
ICEMAN,Firm Friends,17,57,4,38,,,False,0,,0,0,0,,13,1,,0,,,0,,0,0,0,,,0,0,0,False,False
ICEMAN,Firm Friends,17,58,4,39,6,35,True,6,92,1,0.92,0,,13,2,,0,,,0,6,1,0,0,rhyme,,0,0,0,False,False
ICEMAN,Firm Friends,17,59,4,40,6,39,True,6,84,1,0.84,1,84,14,0,,0,,,0,6,1,0,0,rhyme,rhyme,0,1,0,False,False
ICEMAN,Firm Friends,17,60,4,41,6,39,True,4,92,1,0.92,1,84,8,1,,0,,,0,6,1,0,0,rhyme,rhyme,0,1,0,False,False
ICEMAN,Firm Friends,17,61,4,42,,,True,1,,0,0,0,,20,1,,0,,,0,,0,0,0,,,0,0,0,True,False
ICEMAN,Firm Friends,17,62,4,43,6,41,True,6,92,1,0.92,0,,16,0,,0,,,0,6,1,0,0,rhyme,,0,0,0,False,False
ICEMAN,Firm Friends,17,63,4,44,6,41,True,6,92,1,0.92,0,,15,0,,0,,,0,6,1,0,0,rhyme,repetition,1,1,0,False,False
ICEMAN,Firm Friends,17,64,4,45,7,,True,4,,0,0,0,,17,2,47,1,92,rhyme,0,7,0,0,0,,,0,0,0,False,False
ICEMAN,Firm Friends,17,65,4,46,,,True,6,,0,0,0,,14,0,,0,,,0,,0,0,0,,,0,0,0,False,False
ICEMAN,Firm Friends,17,66,4,47,7,45,True,6,92,1,0.92,0,,13,0,,0,,,0,7,1,0,0,rhyme,,0,0,0,False,False
ICEMAN,Firm Friends,17,67,4,48,7,47,True,6,100,1,1.0,1,100,15,0,,0,,,0,7,1,0,0,rhyme,rhyme,0,1,0,False,False
ICEMAN,Firm Friends,17,68,4,49,7,47,True,6,84,2,1.68,1,100,15,0,,0,,,0,7,2,0,0,rhyme,rhyme,0,1,0,False,False
ICEMAN,Firm Friends,17,69,4,50,8,,True,6,,0,0,0,,14,0,51,1,100,rhyme,0,8,0,0,0,,,0,0,0,False,False
ICEMAN,Firm Friends,17,70,4,51,8,50,True,6,100,1,1.0,1,100,12,1,,0,,,0,8,1,0,0,rhyme,rhyme,0,1,0,False,False
ICEMAN,Firm Friends,17,71,4,52,9,,True,6,,0,0,0,,12,0,53,1,100,rhyme,0,9,0,0,0,,,0,0,0,False,False
ICEMAN,Firm Friends,17,72,4,53,9,52,True,6,100,1,1.0,1,100,14,0,,0,,,0,9,1,0,0,rhyme,rhyme,0,1,0,False,False
ICEMAN,Firm Friends,17,73,4,54,9,53,True,6,92,1,0.92,1,92,8,0,,0,,,0,9,1,0,0,rhyme,rhyme,0,1,0,False,False
ICEMAN,Firm Friends,17,74,4,55,9,53,True,6,92,2,1.84,1,100,14,0,,0,,,0,9,2,0,0,rhyme,rhyme,0,1,0,False,False
ICEMAN,Firm Friends,17,75,4,56,9,55,True,6,92,1,0.92,1,92,9,0,,0,,,0,9,1,0,0,rhyme,rhyme,0,1,0,False,False
ICEMAN,Firm Friends,17,76,4,57,10,,True,6,,0,0,0,,19,0,58,4,92,rhyme,0,10,0,0,0,,,0,0,0,False,False
ICEMAN,Firm Friends,17,77,4,58,10,57,True,6,92,4,3.68,4,92,12,0,,0,,,0,10,4,0,0,rhyme,rhyme,0,4,0,False,False
ICEMAN,Firm Friends,17,78,4,59,,,True,6,,0,0,0,,14,0,,0,,,0,,0,0,0,,,0,0,0,False,False
ICEMAN,Firm Friends,17,79,4,60,,,True,6,,0,0,0,,8,0,,0,,,0,,0,0,0,,,0,0,0,False,False
ICEMAN,Firm Friends,17,80,4,61,,,False,0,,0,0,0,,14,1,,0,,,0,,0,0,0,,,0,0,0,False,False
ICEMAN,Firm Friends,17,81,4,62,,,True,6,,0,0,0,,15,0,,0,,,0,,0,0,0,,,0,0,0,False,False
ICEMAN,Firm Friends,17,82,4,63,11,,True,6,,0,0,0,,12,1,64,1,92,rhyme,0,11,0,0,0,,,0,0,0,False,False
ICEMAN,Firm Friends,17,83,4,64,11,63,True,4,92,1,0.92,1,92,13,1,,0,,,0,11,1,0,0,rhyme,rhyme,0,1,0,False,False
ICEMAN,Firm Friends,17,84,4,65,11,64,True,6,92,1,0.92,1,92,15,0,,0,,,0,11,1,0,0,rhyme,rhyme,0,1,0,False,False
ICEMAN,Firm Friends,17,85,4,66,12,,True,6,,0,0,0,,12,0,67,1,92,rhyme,0,12,0,0,0,,,0,0,0,False,False
ICEMAN,Firm Friends,17,86,4,67,12,66,True,6,92,1,0.92,1,92,11,0,,0,,,0,12,1,0,0,rhyme,rhyme,0,1,0,False,False
ICEMAN,Firm Friends,17,87,4,68,12,66,True,6,100,1,1.0,1,92,7,0,,0,,,0,12,1,0,0,rhyme,rhyme,0,1,0,False,False
ICEMAN,Firm Friends,17,88,4,69,12,67,True,6,92,1,0.92,1,84,14,0,,0,,,0,12,1,0,0,rhyme,rhyme,0,1,0,False,False
ICEMAN,Firm Friends,17,89,4,70,12,69,True,6,92,1,0.92,1,92,8,0,,0,,,0,12,1,0,0,rhyme,rhyme,0,1,0,False,False
ICEMAN,Firm Friends,17,90,4,71,13,,True,6,,0,0,0,,15,0,72,1,84,rhyme,0,13,0,0,0,,,0,0,0,False,False
ICEMAN,Firm Friends,17,91,4,72,13,71,True,6,84,1,0.84,1,84,13,0,,0,,,0,13,1,0,0,rhyme,rhyme,0,1,0,False,False
ICEMAN,Firm Friends,17,92,4,73,13,72,True,6,84,1,0.84,1,84,14,0,,0,,,0,13,1,0,0,rhyme,rhyme,0,1,0,False,False
ICEMAN,Firm Friends,17,93,4,74,14,,True,6,,0,0,0,,6,0,75,1,92,rhyme,0,14,0,0,0,,,0,0,0,False,False
ICEMAN,Firm Friends,17,94,4,75,14,74,True,6,92,1,0.92,1,92,21,0,,0,,,0,14,1,0,0,rhyme,rhyme,0,1,0,False,False
ICEMAN,Firm Friends,17,95,4,76,14,75,True,6,84,2,1.68,2,84,15,0,,0,,,0,14,2,0,0,rhyme,rhyme,0,2,0,False,False
ICEMAN,Firm Friends,17,96,4,77,,,True,6,,0,0,0,,9,0,,0,,,0,,0,0,0,,,0,0,0,False,False
ICEMAN,Make Them Know,18,5,2,0,1,,True,6,,0,0,0,,6,0,1,1,92,rhyme,0,1,0,0,0,,,0,0,0,False,False
ICEMAN,Make Them Know,18,6,2,1,1,0,True,6,92,1,0.92,1,92,8,0,,0,,,0,1,1,0,0,rhyme,rhyme,0,1,0,False,False
ICEMAN,Make Them Know,18,7,2,2,1,1,True,6,100,1,1.0,1,100,8,0,,0,,,0,1,1,0,0,rhyme,rhyme,0,1,0,False,False
ICEMAN,Make Them Know,18,8,2,3,1,1,True,6,84,2,1.68,1,92,8,0,,0,,,0,1,2,0,0,rhyme,rhyme,0,1,0,False,False
ICEMAN,Make Them Know,18,9,2,4,,,True,6,,0,0,0,,8,0,,0,,,0,,0,0,0,,,0,0,0,False,False
ICEMAN,Make Them Know,18,10,2,5,1,2,True,6,100,1,1.0,0,,8,0,,0,,,0,1,1,0,0,rhyme,,0,0,0,False,False
ICEMAN,Make Them Know,18,11,2,6,,,True,6,,0,0,0,,8,0,,0,,,0,,0,0,0,,,0,0,0,False,False
ICEMAN,Make Them Know,18,12,2,7,1,5,True,6,84,1,0.84,0,,9,0,,0,,,0,1,1,0,0,rhyme,,0,0,0,False,False
ICEMAN,Make Them Know,18,13,2,8,1,5,True,6,100,1,1.0,1,84,8,0,,0,,,0,1,1,0,0,rhyme,rhyme,0,1,0,False,False
ICEMAN,Make Them Know,18,14,2,9,1,8,True,6,100,1,1.0,1,100,8,0,,0,,,0,1,1,0,0,rhyme,rhyme,0,1,0,False,False
ICEMAN,Make Them Know,18,15,2,10,,,True,6,,0,0,0,,8,0,,0,,,0,,0,0,0,,,0,0,0,False,False
ICEMAN,Make Them Know,18,16,2,11,1,9,True,6,100,1,1.0,0,,9,0,,0,,,0,1,1,0,0,rhyme,,0,0,0,False,False
ICEMAN,Make Them Know,18,17,2,12,1,11,True,6,92,1,0.92,1,92,9,0,,0,,,0,1,1,0,0,rhyme,rhyme,0,1,0,False,False
ICEMAN,Make Them Know,18,18,2,13,1,12,True,6,84,2,1.68,2,84,9,0,,0,,,0,1,2,0,0,rhyme,rhyme,0,2,0,False,False
ICEMAN,Make Them Know,18,19,2,14,1,13,True,6,100,1,1.0,1,100,20,0,,0,,,0,1,1,0,0,rhyme,rhyme,0,1,0,False,False
ICEMAN,Make Them Know,18,20,2,15,1,13,True,6,92,2,1.84,1,100,8,0,,0,,,0,1,2,0,0,rhyme,rhyme,0,1,0,False,False
ICEMAN,Make Them Know,18,21,2,16,1,12,True,6,84,2,1.68,1,92,9,0,,0,,,0,1,2,0,0,rhyme,rhyme,0,1,0,False,False
ICEMAN,Make Them Know,18,22,2,17,,,True,6,,0,0,0,,7,0,,0,,,0,,0,0,0,,,0,0,0,False,False
ICEMAN,Make Them Know,18,23,2,18,1,16,True,6,92,1,0.92,0,,8,0,,0,,,0,1,1,0,0,rhyme,,0,0,0,False,False
ICEMAN,Make Them Know,18,24,2,19,1,16,True,6,92,1,0.92,1,84,8,0,,0,,,0,1,1,0,0,rhyme,rhyme,0,1,0,False,False
ICEMAN,Make Them Know,18,25,2,20,1,18,True,6,84,2,1.68,1,84,9,0,,0,,,0,1,2,0,0,rhyme,rhyme,0,1,0,False,False
ICEMAN,Make Them Know,18,26,2,21,1,19,True,6,84,3,2.52,2,84,8,0,,0,,,0,1,3,0,0,rhyme,rhyme,0,2,0,False,False
ICEMAN,Make Them Know,18,27,2,22,1,19,True,6,100,1,1.0,1,92,9,0,,0,,,0,1,1,0,0,rhyme,rhyme,0,1,0,False,False
ICEMAN,Make Them Know,18,28,2,23,1,20,True,6,100,1,1.0,1,84,8,0,,0,,,0,1,1,0,0,rhyme,rhyme,0,1,0,False,False
ICEMAN,Make Them Know,18,29,2,24,,,True,6,,0,0,0,,9,0,,0,,,0,,0,0,0,,,0,0,0,False,False
ICEMAN,Make Them Know,18,30,2,25,1,23,True,6,92,1,0.92,0,,16,0,,0,,,0,1,1,0,0,rhyme,,0,0,0,False,False
ICEMAN,Make Them Know,18,31,2,26,1,23,True,6,84,2,1.68,1,92,15,0,,0,,,0,1,2,0,0,rhyme,rhyme,0,1,0,False,False
ICEMAN,Make Them Know,18,32,2,27,1,26,True,6,84,1,0.84,1,84,8,0,,0,,,0,1,1,0,0,rhyme,rhyme,0,1,0,False,False
ICEMAN,Make Them Know,18,33,2,28,1,26,True,6,92,2,1.84,1,84,9,0,,0,,,0,1,2,0,0,rhyme,rhyme,0,1,0,False,False
ICEMAN,Make Them Know,18,34,2,29,2,,True,6,,0,0,0,,9,0,31,2,92,rhyme,0,2,0,0,0,,,0,0,0,False,False
ICEMAN,Make Them Know,18,35,2,30,1,28,True,6,92,1,0.92,0,,9,0,,0,,,0,1,1,0,0,rhyme,,0,0,0,False,False
ICEMAN,Make Them Know,18,36,2,31,2,29,True,6,92,2,1.84,0,,9,0,,0,,,0,2,2,0,0,rhyme,,0,0,0,False,False
ICEMAN,Make Them Know,18,37,2,32,1,30,True,6,84,1,0.84,0,,9,0,,0,,,0,1,1,0,0,rhyme,,0,0,0,False,False
ICEMAN,Make Them Know,18,38,2,33,3,,True,6,,0,0,0,,9,0,37,1,100,rhyme,0,3,0,0,0,,,0,0,0,False,False
ICEMAN,Make Them Know,18,39,2,34,1,30,True,6,100,1,1.0,0,,8,0,,0,,,0,1,1,0,0,rhyme,,0,0,0,False,False
ICEMAN,Make Them Know,18,40,2,35,1,34,True,6,92,1,0.92,1,92,8,0,,0,,,0,1,1,0,0,rhyme,rhyme,0,1,0,False,False
ICEMAN,Make Them Know,18,41,2,36,1,35,True,6,92,1,0.92,1,92,9,0,,0,,,0,1,1,0,0,rhyme,rhyme,0,1,0,False,False
ICEMAN,Make Them Know,18,42,2,37,3,33,True,6,100,1,1.0,0,,11,0,,0,,,0,3,1,0,0,rhyme,,0,0,0,False,False
ICEMAN,Make Them Know,18,43,2,38,,,True,6,,0,0,0,,11,0,,0,,,0,,0,0,0,,,0,0,0,False,False
ICEMAN,Make Them Know,18,44,2,39,3,37,True,6,100,1,1.0,0,,11,0,,0,,,0,3,1,0,0,rhyme,,0,0,0,False,False
ICEMAN,Make Them Know,18,45,2,40,3,39,True,6,84,2,1.68,2,84,11,0,,0,,,0,3,2,0,0,rhyme,rhyme,0,2,0,False,False
ICEMAN,Make Them Know,18,46,2,41,,,True,6,,0,0,0,,7,0,,0,,,0,,0,0,0,,,0,0,0,False,False
ICEMAN,Make Them Know,18,47,2,42,4,,True,6,,0,0,0,,9,0,45,3,84,rhyme,0,4,0,0,0,,,0,0,0,False,False
ICEMAN,Make Them Know,18,48,2,43,,,True,6,,0,0,0,,10,0,,0,,,0,,0,0,0,,,0,0,0,False,False
ICEMAN,Make Them Know,18,49,2,44,,,True,6,,0,0,0,,9,0,,0,,,0,,0,0,0,,,0,0,0,False,False
ICEMAN,Make Them Know,18,50,2,45,4,42,True,6,84,3,2.52,0,,11,0,,0,,,0,4,3,0,0,rhyme,,0,0,0,False,False
ICEMAN,Make Them Know,18,51,2,46,,,True,6,,0,0,0,,6,0,,0,,,0,,0,0,0,,,0,0,0,False,False
ICEMAN,Make Them Know,18,52,2,47,,,True,6,,0,0,0,,11,0,,0,,,0,,0,0,0,,,0,0,0,False,False
ICEMAN,Make Them Know,18,53,2,48,,,True,6,,0,0,0,,8,0,,0,,,0,,0,0,0,,,0,0,0,False,False
ICEMAN,Make Them Know,18,54,2,49,5,,True,6,,0,0,0,,11,0,50,0,,repetition,4,5,0,0,0,,,0,0,0,False,False
ICEMAN,Make Them Know,18,55,2,50,5,49,True,6,,0,0.0,0,,10,0,,0,,,0,5,4,4,1,repetition,repetition,4,4,0,False,False
ICEMAN,Make Them Know,18,56,2,51,,,True,6,,0,0,0,,9,0,,0,,,0,,0,0,0,,,0,0,0,False,False
ICEMAN,Make Them Know,18,57,2,52,6,,True,6,,0,0,0,,7,1,55,3,84,rhyme,0,6,0,0,0,,,0,0,0,False,False
ICEMAN,Make Them Know,18,58,2,53,,,True,6,,0,0,0,,9,0,,0,,,0,,0,0,0,,,0,0,0,False,False
ICEMAN,Make Them Know,18,59,2,54,,,True,4,,0,0,0,,4,2,,0,,,0,,0,0,0,,,0,0,0,False,False
ICEMAN,Make Them Know,18,60,2,55,6,52,True,6,84,3,2.52,0,,10,0,,0,,,0,6,3,0,0,rhyme,,0,0,0,False,False
ICEMAN,Make Them Know,18,61,2,56,,,True,6,,0,0,0,,9,0,,0,,,0,,0,0,0,,,0,0,0,False,False
ICEMAN,Make Them Know,18,62,2,57,6,55,True,6,84,3,2.52,0,,11,0,,0,,,0,6,3,0,0,rhyme,,0,0,0,False,False
ICEMAN,Make Them Know,18,63,2,58,,,True,6,,0,0,0,,9,0,,0,,,0,,0,0,0,,,0,0,0,False,False
ICEMAN,Make Them Know,18,64,2,59,6,57,True,6,84,3,2.52,0,,10,0,,0,,,0,6,3,0,0,rhyme,,0,0,0,False,False
ICEMAN,Make Them Know,18,65,2,60,7,,True,6,,0,0,0,,10,0,61,0,,repetition,1,7,0,0,0,,,0,0,0,False,False
ICEMAN,Make Them Know,18,66,2,61,7,60,True,6,,0,0.0,0,,11,0,,0,,,0,7,1,1,1,repetition,repetition,1,1,0,False,False
ICEMAN,Make Them Know,18,67,2,62,8,,True,6,,0,0,0,,8,0,66,1,92,rhyme,0,8,0,0,0,,,0,0,0,False,False
ICEMAN,Make Them Know,18,68,2,63,7,61,True,6,,0,0.0,0,,11,0,,0,,,0,7,1,1,1,repetition,,0,0,0,False,False
ICEMAN,Make Them Know,18,69,2,64,,,True,6,,0,0,0,,7,1,,0,,,0,,0,0,0,,,0,0,0,False,False
ICEMAN,Make Them Know,18,70,2,65,,,True,6,,0,0,0,,11,0,,0,,,0,,0,0,0,,,0,0,0,False,False
ICEMAN,Make Them Know,18,71,2,66,8,62,True,6,92,1,0.92,0,,10,0,,0,,,0,8,1,0,0,rhyme,,0,0,0,False,False
ICEMAN,Make Them Know,18,72,2,67,,,True,6,,0,0,0,,11,0,,0,,,0,,0,0,0,,,0,0,0,False,False
ICEMAN,Make Them Know,18,73,2,68,,,True,6,,0,0,0,,8,0,,0,,,0,,0,0,0,,,0,0,0,False,False
ICEMAN,Make Them Know,18,74,2,69,,,True,6,,0,0,0,,10,0,,0,,,0,,0,0,0,,,0,0,0,False,False
ICEMAN,Make Them Know,18,75,2,70,,,True,6,,0,0,0,,8,0,,0,,,0,,0,0,0,,,0,0,0,False,False
ICEMAN,Make Them Know,18,76,2,71,,,True,6,,0,0,0,,9,1,,0,,,0,,0,0,0,,,0,0,0,False,False
ICEMAN,Make Them Know,18,77,2,72,,,False,0,,0,0,0,,5,2,,0,,,0,,0,0,0,,,0,0,0,False,False
ICEMAN,Make Them Know,18,78,2,73,,,True,6,,0,0,0,,9,0,,0,,,0,,0,0,0,,,0,0,0,False,False
ICEMAN,Make Them Know,18,79,2,74,,,False,0,,0,0,0,,6,1,,0,,,0,,0,0,0,,,0,0,0,False,False
ICEMAN,Make Them Know,18,80,2,75,,,True,6,,0,0,0,,10,0,,0,,,0,,0,0,0,,,0,0,0,False,False
ICEMAN,Make Them Know,18,81,2,76,,,True,6,,0,0,0,,10,0,,0,,,0,,0,0,0,,,0,0,0,False,False
ICEMAN,Make Them Know,18,82,2,77,,,True,6,,0,0,0,,10,0,,0,,,0,,0,0,0,,,0,0,0,False,False
Illmatic,N.Y. State of Mind,2,12,3,0,1,,True,6,,0,0,0,,13,0,1,2,84,rhyme,0,1,0,0,0,,,0,0,0,False,False
Illmatic,N.Y. State of Mind,2,13,3,1,1,0,True,6,84,2,1.68,2,84,14,0,,0,,,0,1,2,0,0,rhyme,rhyme,0,2,0,False,False
Illmatic,N.Y. State of Mind,2,14,3,2,,,True,6,,0,0,0,,10,0,,0,,,0,,0,0,0,,,0,0,0,False,False
Illmatic,N.Y. State of Mind,2,15,3,3,,,True,6,,0,0,0,,13,0,,0,,,0,,0,0,0,,,0,0,0,False,False
Illmatic,N.Y. State of Mind,2,16,3,4,,,False,0,,0,0,0,,7,1,,0,,,0,,0,0,0,,,0,0,0,False,False
Illmatic,N.Y. State of Mind,2,17,3,5,,,True,6,,0,0,0,,16,0,,0,,,0,,0,0,0,,,0,0,0,False,False
Illmatic,N.Y. State of Mind,2,18,3,6,,,False,0,,0,0,0,,8,2,,0,,,0,,0,0,0,,,0,0,0,False,False
Illmatic,N.Y. State of Mind,2,19,3,7,,,True,6,,0,0,0,,13,0,,0,,,0,,0,0,0,,,0,0,0,False,False
Illmatic,N.Y. State of Mind,2,20,3,8,,,True,2,,0,0,0,,14,1,,0,,,0,,0,0,0,,,0,0,0,False,False
Illmatic,N.Y. State of Mind,2,21,3,9,,,False,0,,0,0,0,,12,1,,0,,,0,,0,0,0,,,0,0,0,False,False
Illmatic,N.Y. State of Mind,2,22,3,10,2,,True,2,,0,0,0,,10,1,11,1,92,rhyme,0,2,0,0,0,,,0,0,0,False,False
Illmatic,N.Y. State of Mind,2,23,3,11,2,10,True,6,92,1,0.92,1,92,13,0,,0,,,0,2,1,0,0,rhyme,rhyme,0,1,0,False,False
Illmatic,N.Y. State of Mind,2,24,3,12,,,True,6,,0,0,0,,8,1,,0,,,0,,0,0,0,,,0,0,0,False,False
Illmatic,N.Y. State of Mind,2,25,3,13,,,True,6,,0,0,0,,16,0,,0,,,0,,0,0,0,,,0,0,0,False,False
Illmatic,N.Y. State of Mind,2,26,3,14,3,,True,6,,0,0,0,,14,0,15,2,92,rhyme,0,3,0,0,0,,,0,0,0,False,False
Illmatic,N.Y. State of Mind,2,27,3,15,3,14,True,6,92,2,1.84,2,92,13,0,,0,,,0,3,2,0,0,rhyme,rhyme,0,2,0,False,False
Illmatic,N.Y. State of Mind,2,28,3,16,4,,True,6,,0,0,0,,12,0,17,1,92,rhyme,0,4,0,0,0,,,0,0,0,False,False
Illmatic,N.Y. State of Mind,2,29,3,17,4,16,True,6,92,1,0.92,1,92,11,1,,0,,,0,4,1,0,0,rhyme,rhyme,0,1,0,False,False
Illmatic,N.Y. State of Mind,2,30,3,18,5,,True,6,,0,0,0,,11,0,19,1,84,rhyme,0,5,0,0,0,,,0,0,0,False,False
Illmatic,N.Y. State of Mind,2,31,3,19,5,18,True,6,84,1,0.84,1,84,13,0,,0,,,0,5,1,0,0,rhyme,rhyme,0,1,0,False,False
Illmatic,N.Y. State of Mind,2,32,3,20,6,,True,6,,0,0,0,,13,0,21,2,84,rhyme,0,6,0,0,0,,,0,0,0,False,False
Illmatic,N.Y. State of Mind,2,33,3,21,6,20,True,6,84,2,1.68,2,84,17,0,,0,,,0,6,2,0,0,rhyme,rhyme,0,2,0,False,False
Illmatic,N.Y. State of Mind,2,34,3,22,,,True,6,,0,0,0,,11,0,,0,,,0,,0,0,0,,,0,0,0,False,False
Illmatic,N.Y. State of Mind,2,35,3,23,,,True,6,,0,0,0,,15,1,,0,,,0,,0,0,0,,,0,0,0,False,False
Illmatic,N.Y. State of Mind,2,36,3,24,7,,True,6,,0,0,0,,12,0,25,1,100,rhyme,0,7,0,0,0,,,0,0,0,False,False
Illmatic,N.Y. State of Mind,2,37,3,25,7,24,True,6,100,1,1.0,1,100,14,1,,0,,,0,7,1,0,0,rhyme,rhyme,0,1,0,False,False
Illmatic,N.Y. State of Mind,2,38,3,26,,,False,0,,0,0,0,,10,1,,0,,,0,,0,0,0,,,0,0,0,False,False
Illmatic,N.Y. State of Mind,2,39,3,27,,,True,6,,0,0,0,,12,0,,0,,,0,,0,0,0,,,0,0,0,False,False
Illmatic,N.Y. State of Mind,2,40,3,28,8,,True,6,,0,0,0,,10,0,29,1,92,rhyme,0,8,0,0,0,,,0,0,0,False,False
Illmatic,N.Y. State of Mind,2,41,3,29,8,28,True,6,92,1,0.92,1,92,11,1,,0,,,0,8,1,0,0,rhyme,rhyme,0,1,0,False,False
Illmatic,N.Y. State of Mind,2,42,3,30,9,,True,1,,0,0,0,,12,1,31,1,84,rhyme,0,9,0,0,0,,,0,0,0,False,False
Illmatic,N.Y. State of Mind,2,43,3,31,9,30,True,6,84,1,0.84,1,84,9,0,,0,,,0,9,1,0,0,rhyme,rhyme,0,1,0,False,False
Illmatic,N.Y. State of Mind,2,44,3,32,9,31,True,6,84,2,1.68,2,84,13,0,,0,,,0,9,2,0,0,rhyme,rhyme,0,2,0,False,False
Illmatic,N.Y. State of Mind,2,45,3,33,9,32,True,6,84,1,0.84,1,84,15,0,,0,,,0,9,1,0,0,rhyme,rhyme,0,1,0,False,False
Illmatic,N.Y. State of Mind,2,46,3,34,10,,True,6,,0,0,0,,11,0,35,2,92,rhyme,0,10,0,0,0,,,0,0,0,False,False
Illmatic,N.Y. State of Mind,2,47,3,35,10,34,True,6,92,2,1.84,2,92,16,1,,0,,,0,10,2,0,0,rhyme,rhyme,0,2,0,False,False
Illmatic,N.Y. State of Mind,2,48,3,36,11,,True,6,,0,0,0,,9,0,37,1,100,rhyme,0,11,0,0,0,,,0,0,0,False,False
Illmatic,N.Y. State of Mind,2,49,3,37,11,36,True,6,100,1,1.0,1,100,12,0,,0,,,0,11,1,0,0,rhyme,rhyme,0,1,0,False,False
Illmatic,N.Y. State of Mind,2,50,3,38,12,,True,6,,0,0,0,,13,0,39,1,100,rhyme,0,12,0,0,0,,,0,0,0,False,False
Illmatic,N.Y. State of Mind,2,51,3,39,12,38,True,6,100,1,1.0,1,100,13,0,,0,,,0,12,1,0,0,rhyme,rhyme,0,1,0,False,False
Illmatic,N.Y. State of Mind,2,59,5,40,13,,True,3,,0,0,0,,14,1,41,1,84,rhyme,0,13,0,0,0,,,0,0,0,False,False
Illmatic,N.Y. State of Mind,2,60,5,41,13,40,True,6,84,1,0.84,1,84,11,0,,0,,,0,13,1,0,0,rhyme,rhyme,0,1,0,False,False
Illmatic,N.Y. State of Mind,2,61,5,42,14,,True,6,,0,0,0,,13,0,43,1,92,rhyme,0,14,0,0,0,,,0,0,0,False,False
Illmatic,N.Y. State of Mind,2,62,5,43,14,42,True,6,92,1,0.92,1,92,8,0,,0,,,0,14,1,0,0,rhyme,rhyme,0,1,0,False,False
Illmatic,N.Y. State of Mind,2,63,5,44,15,,True,6,,0,0,0,,13,1,45,2,100,rhyme,0,15,0,0,0,,,0,0,0,False,False
Illmatic,N.Y. State of Mind,2,64,5,45,15,44,True,6,100,2,2.0,2,100,13,0,,0,,,0,15,2,0,0,rhyme,rhyme,0,2,0,False,False
Illmatic,N.Y. State of Mind,2,65,5,46,,,True,6,,0,0,0,,14,0,,0,,,0,,0,0,0,,,0,0,0,False,False
Illmatic,N.Y. State of Mind,2,66,5,47,,,False,0,,0,0,0,,8,2,,0,,,0,,0,0,0,,,0,0,0,False,False
Illmatic,N.Y. State of Mind,2,67,5,48,,,True,6,,0,0,0,,10,0,49,2,88.0,slant,0,16,0,0,0,,,0,0,0,False,False
Illmatic,N.Y. State of Mind,2,68,5,49,,48,True,4,88.0,2,0,2,88.0,10,1,,0,,,0,16,2,0,0,slant,slant,0,2,0,False,False
Illmatic,N.Y. State of Mind,2,69,5,50,16,,True,6,,0,0,0,,12,0,51,1,100,rhyme,0,17,0,0,0,,,0,0,0,False,False
Illmatic,N.Y. State of Mind,2,70,5,51,16,50,True,6,100,1,1.0,1,100,11,0,,0,,,0,17,1,0,0,rhyme,rhyme,0,1,0,False,False
Illmatic,N.Y. State of Mind,2,71,5,52,17,,True,6,,0,0,0,,11,0,53,1,92,rhyme,0,18,0,0,0,,,0,0,0,False,False
Illmatic,N.Y. State of Mind,2,72,5,53,17,52,True,6,92,1,0.92,1,92,15,0,,0,,,0,18,1,0,0,rhyme,rhyme,0,1,0,False,False
Illmatic,N.Y. State of Mind,2,73,5,54,17,53,True,6,100,1,1.0,1,100,10,0,,0,,,0,18,1,0,0,rhyme,rhyme,0,1,0,False,False
Illmatic,N.Y. State of Mind,2,74,5,55,17,54,True,6,100,1,1.0,1,100,15,0,,0,,,0,18,1,0,0,rhyme,rhyme,0,1,0,False,False
Illmatic,N.Y. State of Mind,2,75,5,56,18,,True,6,,0,0,0,,9,0,57,1,84,rhyme,0,19,0,0,0,,,0,0,0,False,False
Illmatic,N.Y. State of Mind,2,76,5,57,18,56,True,6,84,1,0.84,1,84,14,0,,0,,,0,19,1,0,0,rhyme,rhyme,0,1,0,False,False
Illmatic,N.Y. State of Mind,2,77,5,58,19,,True,6,,0,0,0,,12,0,59,1,100,rhyme,0,20,0,0,0,,,0,0,0,False,False
Illmatic,N.Y. State of Mind,2,78,5,59,19,58,True,6,100,1,1.0,1,100,12,0,,0,,,0,20,1,0,0,rhyme,rhyme,0,1,0,False,False
Illmatic,N.Y. State of Mind,2,79,5,60,,,True,6,,0,0,0,,11,0,,0,,,0,,0,0,0,,,0,0,0,False,False
Illmatic,N.Y. State of Mind,2,80,5,61,,,True,6,,0,0,0,,15,0,,0,,,0,,0,0,0,,,0,0,0,False,False
Illmatic,N.Y. State of Mind,2,81,5,62,,,False,0,,0,0,0,,10,1,,0,,,0,,0,0,0,,,0,0,0,False,False
Illmatic,N.Y. State of Mind,2,82,5,63,,,True,6,,0,0,0,,13,0,,0,,,0,,0,0,0,,,0,0,0,False,False
Illmatic,N.Y. State of Mind,2,83,5,64,,,True,6,,0,0,0,,13,0,,0,,,0,,0,0,0,,,0,0,0,False,False
Illmatic,N.Y. State of Mind,2,84,5,65,,,True,6,,0,0,0,,14,0,,0,,,0,,0,0,0,,,0,0,0,False,False
Illmatic,N.Y. State of Mind,2,85,5,66,20,,True,6,,0,0,0,,8,0,67,1,92,rhyme,0,21,0,0,0,,,0,0,0,False,False
Illmatic,N.Y. State of Mind,2,86,5,67,20,66,True,6,92,1,0.92,1,92,12,0,,0,,,0,21,1,0,0,rhyme,rhyme,0,1,0,False,False
Illmatic,N.Y. State of Mind,2,87,5,68,21,,True,6,,0,0,0,,12,0,69,1,92,rhyme,0,22,0,0,0,,,0,0,0,False,False
Illmatic,N.Y. State of Mind,2,88,5,69,21,68,True,6,92,1,0.92,1,92,15,0,,0,,,0,22,1,0,0,rhyme,rhyme,0,1,0,False,False
Illmatic,N.Y. State of Mind,2,89,5,70,,,True,6,,0,0,0,,19,0,,0,,,0,,0,0,0,,,0,0,0,False,False
Illmatic,N.Y. State of Mind,2,90,5,71,,,True,6,,0,0,0,,13,0,,0,,,0,,0,0,0,,,0,0,0,False,False
Illmatic,N.Y. State of Mind,2,91,5,72,22,,True,6,,0,0,0,,9,0,73,1,100,rhyme,0,23,0,0,0,,,0,0,0,False,False
Illmatic,N.Y. State of Mind,2,92,5,73,22,72,True,6,100,1,1.0,1,100,12,0,,0,,,0,23,1,0,0,rhyme,rhyme,0,1,0,False,False
Illmatic,N.Y. State of Mind,2,93,5,74,23,,True,6,,0,0,0,,13,0,75,1,84,rhyme,0,24,0,0,0,,,0,0,0,False,False
Illmatic,N.Y. State of Mind,2,94,5,75,23,74,True,6,84,1,0.84,1,84,13,0,,0,,,0,24,1,0,0,rhyme,rhyme,0,1,0,False,False
Illmatic,Life’s a Bitch,3,17,3,0,,,True,6,,0,0,0,,17,0,,0,,,0,,0,0,0,,,0,0,0,False,False
Illmatic,Life’s a Bitch,3,18,3,1,,,True,6,,0,0,0,,14,1,,0,,,0,,0,0,0,,,0,0,0,False,False
Illmatic,Life’s a Bitch,3,19,3,2,,,True,6,,0,0,0,,14,0,,0,,,0,,0,0,0,,,0,0,0,False,False
Illmatic,Life’s a Bitch,3,20,3,3,,,True,6,,0,0,0,,16,0,,0,,,0,,0,0,0,,,0,0,0,False,False
Illmatic,Life’s a Bitch,3,21,3,4,,,False,0,,0,0,0,,12,1,,0,,,0,,0,0,0,,,0,0,0,False,False
Illmatic,Life’s a Bitch,3,22,3,5,,,True,6,,0,0,0,,16,0,,0,,,0,,0,0,0,,,0,0,0,False,False
Illmatic,Life’s a Bitch,3,23,3,6,,,True,6,,0,0,0,,15,0,,0,,,0,,0,0,0,,,0,0,0,False,False
Illmatic,Life’s a Bitch,3,24,3,7,,,True,6,,0,0,0,,16,0,,0,,,0,,0,0,0,,,0,0,0,False,False
Illmatic,Life’s a Bitch,3,25,3,8,1,,True,6,,0,0,0,,11,1,9,1,100,rhyme-before-repeat,1,1,0,0,0,,,0,0,0,False,False
Illmatic,Life’s a Bitch,3,26,3,9,1,8,True,6,100,1,1.0,1,100,14,0,,0,,,0,1,2,1,1,rhyme-before-repeat,rhyme-before-repeat,1,2,0,False,False
Illmatic,Life’s a Bitch,3,27,3,10,2,,True,6,,0,0,0,,12,0,12,1,100,rhyme,0,2,0,0,0,,,0,0,0,False,False
Illmatic,Life’s a Bitch,3,28,3,11,,,True,6,,0,0,0,,9,0,,0,,,0,,0,0,0,,,0,0,0,False,False
Illmatic,Life’s a Bitch,3,29,3,12,2,10,True,6,100,1,1.0,0,,9,0,,0,,,0,2,1,0,0,rhyme,,0,0,0,False,False
Illmatic,Life’s a Bitch,3,30,3,13,3,,True,6,,0,0,0,,13,0,14,2,100,rhyme,0,3,0,0,0,,,0,0,0,False,False
Illmatic,Life’s a Bitch,3,31,3,14,3,13,True,6,100,2,2.0,2,100,15,0,,0,,,0,3,2,0,0,rhyme,rhyme,0,2,0,False,False
Illmatic,Life’s a Bitch,3,32,3,15,4,,True,6,,0,0,0,,10,0,16,1,100,rhyme,0,4,0,0,0,,,0,0,0,False,False
Illmatic,Life’s a Bitch,3,33,3,16,4,15,True,6,100,1,1.0,1,100,8,0,,0,,,0,4,1,0,0,rhyme,rhyme,0,1,0,False,False
Illmatic,Life’s a Bitch,3,44,5,17,,,True,6,,0,0,0,,16,0,,0,,,0,,0,0,0,,,0,0,0,False,False
Illmatic,Life’s a Bitch,3,45,5,18,,,True,6,,0,0,0,,16,0,,0,,,0,,0,0,0,,,0,0,0,False,False
Illmatic,Life’s a Bitch,3,46,5,19,,,True,6,,0,0,0,,14,0,,0,,,0,,0,0,0,,,0,0,0,False,False
Illmatic,Life’s a Bitch,3,47,5,20,,,True,6,,0,0,0,,13,0,,0,,,0,,0,0,0,,,0,0,0,False,False
Illmatic,Life’s a Bitch,3,48,5,21,5,,True,6,,0,0,0,,8,1,22,2,84,rhyme,0,5,0,0,0,,,0,0,0,False,False
Illmatic,Life’s a Bitch,3,49,5,22,5,21,True,6,84,2,1.68,2,84,12,0,,0,,,0,5,2,0,0,rhyme,rhyme,0,2,0,False,False
Illmatic,Life’s a Bitch,3,50,5,23,6,,True,6,,0,0,0,,13,0,24,1,100,rhyme,0,6,0,0,0,,,0,0,0,False,False
Illmatic,Life’s a Bitch,3,51,5,24,6,23,True,6,100,1,1.0,1,100,10,0,,0,,,0,6,1,0,0,rhyme,rhyme,0,1,0,False,False
Illmatic,Life’s a Bitch,3,52,5,25,7,,True,6,,0,0,0,,13,0,26,1,92,rhyme,0,7,0,0,0,,,0,0,0,False,False
Illmatic,Life’s a Bitch,3,53,5,26,7,25,True,6,92,1,0.92,1,92,17,0,,0,,,0,7,1,0,0,rhyme,rhyme,0,1,0,False,False
Illmatic,Life’s a Bitch,3,54,5,27,8,,True,6,,0,0,0,,10,0,28,2,84,rhyme,0,8,0,0,0,,,0,0,0,False,False
Illmatic,Life’s a Bitch,3,55,5,28,8,27,True,6,84,2,1.68,2,84,12,0,,0,,,0,8,2,0,0,rhyme,rhyme,0,2,0,False,False
Illmatic,Life’s a Bitch,3,56,5,29,,,True,6,,0,0,0,,10,0,,0,,,0,,0,0,0,,,0,0,0,False,False
Illmatic,Life’s a Bitch,3,57,5,30,,,True,6,,0,0,0,,15,1,,0,,,0,,0,0,0,,,0,0,0,False,False
Illmatic,Life’s a Bitch,3,58,5,31,9,,True,6,,0,0,0,,14,0,32,3,84,rhyme,0,9,0,0,0,,,0,0,0,False,False
Illmatic,Life’s a Bitch,3,59,5,32,9,31,True,6,84,3,2.52,3,84,13,0,,0,,,0,9,3,0,0,rhyme,rhyme,0,3,0,False,False
Illmatic,Life’s a Bitch,3,60,5,33,10,,True,6,,0,0,0,,11,0,34,1,92,rhyme,0,10,0,0,0,,,0,0,0,False,False
Illmatic,Life’s a Bitch,3,61,5,34,10,33,True,6,92,1,0.92,1,92,13,0,,0,,,0,10,1,0,0,rhyme,rhyme,0,1,0,False,False
Illmatic,Life’s a Bitch,3,62,5,35,,,True,6,,0,0,0,,9,1,,0,,,0,,0,0,0,,,0,0,0,False,False
Illmatic,Life’s a Bitch,3,63,5,36,,,True,6,,0,0,0,,11,0,,0,,,0,,0,0,0,,,0,0,0,False,False
Illmatic,The World Is Yours,4,14,3,0,,,True,6,,0,0,0,,13,0,,0,,,0,,0,0,0,,,0,0,0,False,False
Illmatic,The World Is Yours,4,15,3,1,,,True,6,,0,0,0,,14,0,,0,,,0,,0,0,0,,,0,0,0,False,False
Illmatic,The World Is Yours,4,16,3,2,,,True,6,,0,0,0,,13,0,,0,,,0,,0,0,0,,,0,0,0,False,False
Illmatic,The World Is Yours,4,17,3,3,,,True,6,,0,0,0,,13,0,,0,,,0,,0,0,0,,,0,0,0,False,False
Illmatic,The World Is Yours,4,18,3,4,1,,True,6,,0,0,0,,11,0,5,1,92,rhyme,0,1,0,0,0,,,0,0,0,False,False
Illmatic,The World Is Yours,4,19,3,5,1,4,True,6,92,1,0.92,1,92,13,0,,0,,,0,1,1,0,0,rhyme,rhyme,0,1,0,False,False
Illmatic,The World Is Yours,4,20,3,6,2,,True,6,,0,0,0,,12,0,7,2,100,rhyme,0,2,0,0,0,,,0,0,0,False,False
Illmatic,The World Is Yours,4,21,3,7,2,6,True,6,100,2,2.0,2,100,10,1,,0,,,0,2,2,0,0,rhyme,rhyme,0,2,0,False,False
Illmatic,The World Is Yours,4,22,3,8,3,,True,6,,0,0,0,,12,0,9,1,92,rhyme,0,3,0,0,0,,,0,0,0,False,False
Illmatic,The World Is Yours,4,23,3,9,3,8,True,6,92,1,0.92,1,92,10,1,,0,,,0,3,1,0,0,rhyme,rhyme,0,1,0,False,False
Illmatic,The World Is Yours,4,24,3,10,3,9,True,6,92,1,0.92,1,92,13,0,,0,,,0,3,1,0,0,rhyme,rhyme,0,1,0,False,False
Illmatic,The World Is Yours,4,25,3,11,3,10,True,6,100,1,1.0,1,100,12,0,,0,,,0,3,1,0,0,rhyme,rhyme,0,1,0,False,False
Illmatic,The World Is Yours,4,26,3,12,3,11,True,6,100,1,1.0,1,100,12,0,,0,,,0,3,1,0,0,rhyme,rhyme,0,1,0,False,False
Illmatic,The World Is Yours,4,27,3,13,4,,True,6,,0,0,0,,13,0,14,0,,repetition,6,4,0,0,0,,,0,0,0,False,False
Illmatic,The World Is Yours,4,28,3,14,4,13,True,6,,0,0.0,0,,13,0,,0,,,0,4,6,6,9,repetition,repetition,6,6,0,False,False
Illmatic,The World Is Yours,4,29,3,15,3,12,True,6,92,1,0.92,0,,12,0,,0,,,0,3,1,0,0,rhyme,,0,0,0,False,False
Illmatic,The World Is Yours,4,42,5,16,,,True,6,,0,0,0,,11,0,,0,,,0,,0,0,0,,,0,0,0,False,False
Illmatic,The World Is Yours,4,43,5,17,5,,True,6,,0,0,0,,11,0,21,1,84,rhyme,0,5,0,0,0,,,0,0,0,False,False
Illmatic,The World Is Yours,4,44,5,18,6,,True,6,,0,0,0,,19,0,19,2,84,rhyme,0,6,0,0,0,,,0,0,0,False,False
Illmatic,The World Is Yours,4,45,5,19,6,18,True,6,84,2,1.68,2,84,15,0,,0,,,0,6,2,0,0,rhyme,rhyme,0,2,0,False,False
Illmatic,The World Is Yours,4,46,5,20,,,True,6,,0,0,0,,12,0,,0,,,0,,0,0,0,,,0,0,0,False,False
Illmatic,The World Is Yours,4,47,5,21,5,17,True,6,84,1,0.84,0,,12,0,,0,,,0,5,1,0,0,rhyme,,0,0,0,False,False
Illmatic,The World Is Yours,4,48,5,22,7,,True,6,,0,0,0,,12,0,23,2,84,rhyme,0,7,0,0,0,,,0,0,0,False,False
Illmatic,The World Is Yours,4,49,5,23,7,22,True,6,84,2,1.68,2,84,13,0,,0,,,0,7,2,0,0,rhyme,rhyme,0,2,0,False,False
Illmatic,The World Is Yours,4,50,5,24,8,,True,6,,0,0,0,,11,0,25,1,100,rhyme,0,8,0,0,0,,,0,0,0,False,False
Illmatic,The World Is Yours,4,51,5,25,8,24,True,6,100,1,1.0,1,100,15,0,,0,,,0,8,1,0,0,rhyme,rhyme,0,1,0,False,False
Illmatic,The World Is Yours,4,52,5,26,9,,True,3,,0,0,0,,11,1,27,2,100,rhyme,0,9,0,0,0,,,0,0,0,False,False
Illmatic,The World Is Yours,4,53,5,27,9,26,True,6,100,2,2.0,2,100,15,0,,0,,,0,9,2,0,0,rhyme,rhyme,0,2,0,False,False
Illmatic,The World Is Yours,4,54,5,28,10,,True,6,,0,0,0,,13,0,29,3,100,rhyme,0,10,0,0,0,,,0,0,0,False,False
Illmatic,The World Is Yours,4,55,5,29,10,28,True,6,100,3,3.0,3,100,18,0,,0,,,0,10,3,0,0,rhyme,rhyme,0,3,0,False,False
Illmatic,The World Is Yours,4,56,5,30,11,,True,6,,0,0,0,,15,0,31,2,100,rhyme,0,11,0,0,0,,,0,0,0,False,False
Illmatic,The World Is Yours,4,57,5,31,11,30,True,6,100,2,2.0,2,100,13,0,,0,,,0,11,2,0,0,rhyme,rhyme,0,2,0,False,False
Illmatic,The World Is Yours,4,75,8,32,,,True,6,,0,0,0,,15,0,,0,,,0,,0,0,0,,,0,0,0,False,False
Illmatic,The World Is Yours,4,76,8,33,,,True,6,,0,0,0,,14,0,,0,,,0,,0,0,0,,,0,0,0,False,False
Illmatic,The World Is Yours,4,77,8,34,12,,True,6,,0,0,0,,14,0,35,1,92,rhyme,0,12,0,0,0,,,0,0,0,False,False
Illmatic,The World Is Yours,4,78,8,35,12,34,True,6,92,1,0.92,1,92,15,0,,0,,,0,12,1,0,0,rhyme,rhyme,0,1,0,False,False
Illmatic,The World Is Yours,4,79,8,36,13,,True,6,,0,0,0,,11,1,37,2,88,rhyme,0,13,0,0,0,,,0,0,0,False,False
Illmatic,The World Is Yours,4,80,8,37,13,36,True,6,88,2,1.76,2,88,14,0,,0,,,0,13,2,0,0,rhyme,rhyme,0,2,0,False,False
Illmatic,The World Is Yours,4,81,8,38,14,,True,6,,0,0,0,,13,0,39,1,100,rhyme,0,14,0,0,0,,,0,0,0,False,False
Illmatic,The World Is Yours,4,82,8,39,14,38,True,6,100,1,1.0,1,100,14,0,,0,,,0,14,1,0,0,rhyme,rhyme,0,1,0,False,False
Illmatic,The World Is Yours,4,83,8,40,,,True,6,,0,0,0,,15,1,,0,,,0,,0,0,0,,,0,0,0,False,False
Illmatic,The World Is Yours,4,84,8,41,,,True,6,,0,0,0,,15,0,,0,,,0,,0,0,0,,,0,0,0,False,False
Illmatic,The World Is Yours,4,85,8,42,15,,True,6,,0,0,0,,9,0,43,1,92,rhyme,0,15,0,0,0,,,0,0,0,False,False
Illmatic,The World Is Yours,4,86,8,43,15,42,True,6,92,1,0.92,1,92,10,0,,0,,,0,15,1,0,0,rhyme,rhyme,0,1,0,False,False
Illmatic,The World Is Yours,4,87,8,44,,,False,0,,0,0,0,,12,1,,0,,,0,,0,0,0,,,0,0,0,False,False
Illmatic,The World Is Yours,4,88,8,45,16,,True,6,,0,0,0,,15,0,46,1,100,rhyme,0,16,0,0,0,,,0,0,0,False,False
Illmatic,The World Is Yours,4,89,8,46,16,45,True,6,100,1,1.0,1,100,9,0,,0,,,0,16,1,0,0,rhyme,rhyme,0,1,0,False,False
Illmatic,Halftime,5,10,3,0,1,,True,6,,0,0,0,,9,0,1,1,92,rhyme,0,1,0,0,0,,,0,0,0,False,False
Illmatic,Halftime,5,11,3,1,1,0,True,6,92,1,0.92,1,92,15,0,,0,,,0,1,1,0,0,rhyme,rhyme,0,1,0,False,False
Illmatic,Halftime,5,12,3,2,2,,True,6,,0,0,0,,15,0,3,2,92,rhyme,0,2,0,0,0,,,0,0,0,False,False
Illmatic,Halftime,5,13,3,3,2,2,True,6,92,2,1.84,2,92,12,0,,0,,,0,2,2,0,0,rhyme,rhyme,0,2,0,False,False
Illmatic,Halftime,5,14,3,4,3,,True,6,,0,0,0,,11,0,5,2,100,rhyme,0,3,0,0,0,,,0,0,0,False,False
Illmatic,Halftime,5,15,3,5,3,4,True,6,100,2,2.0,2,100,15,0,,0,,,0,3,2,0,0,rhyme,rhyme,0,2,0,False,False
Illmatic,Halftime,5,16,3,6,,,True,6,,0,0,0,,9,0,,0,,,0,,0,0,0,,,0,0,0,False,False
Illmatic,Halftime,5,17,3,7,4,,True,6,,0,0,0,,12,0,10,1,84,rhyme,0,4,0,0,0,,,0,0,0,False,False
Illmatic,Halftime,5,18,3,8,5,,True,6,,0,0,0,,11,0,9,1,92,rhyme,0,5,0,0,0,,,0,0,0,False,False
Illmatic,Halftime,5,19,3,9,5,8,True,6,92,1,0.92,1,92,14,0,,0,,,0,5,1,0,0,rhyme,rhyme,0,1,0,False,False
Illmatic,Halftime,5,20,3,10,4,7,True,6,84,1,0.84,0,,14,0,,0,,,0,4,1,0,0,rhyme,,0,0,0,False,False
Illmatic,Halftime,5,21,3,11,4,10,True,6,92,1,0.92,1,92,9,0,,0,,,0,4,1,0,0,rhyme,rhyme,0,1,0,False,False
Illmatic,Halftime,5,22,3,12,,,True,5,,0,0,0,,5,1,,0,,,0,,0,0,0,,,0,0,0,False,False
Illmatic,Halftime,5,23,3,13,6,,True,5,,0,0,0,,11,1,14,1,100,rhyme,0,6,0,0,0,,,0,0,0,False,False
Illmatic,Halftime,5,24,3,14,6,13,True,3,100,1,1.0,1,100,3,0,,0,,,0,6,1,0,0,rhyme,rhyme,0,1,0,False,False
Illmatic,Halftime,5,33,5,15,7,,True,6,,0,0,0,,8,0,16,1,92,rhyme,0,7,0,0,0,,,0,0,0,False,False
Illmatic,Halftime,5,34,5,16,7,15,True,6,92,1,0.92,1,92,12,0,,0,,,0,7,1,0,0,rhyme,rhyme,0,1,0,False,False
Illmatic,Halftime,5,35,5,17,7,15,True,6,84,2,1.68,0,,13,0,,0,,,0,7,2,0,0,rhyme,repetition,1,1,0,False,False
Illmatic,Halftime,5,36,5,18,7,17,True,6,100,1,1.0,1,100,12,0,,0,,,0,7,1,0,0,rhyme,rhyme,0,1,0,False,False
Illmatic,Halftime,5,37,5,19,8,,True,6,,0,0,0,,8,0,20,2,92,rhyme,0,8,0,0,0,,,0,0,0,False,False
Illmatic,Halftime,5,38,5,20,8,19,True,6,92,2,1.84,2,92,13,0,,0,,,0,8,2,0,0,rhyme,rhyme,0,2,0,False,False
Illmatic,Halftime,5,39,5,21,9,,True,6,,0,0,0,,9,0,22,1,92,rhyme,0,9,0,0,0,,,0,0,0,False,False
Illmatic,Halftime,5,40,5,22,9,21,True,2,92,1,0.92,1,92,8,1,,0,,,0,9,1,0,0,rhyme,rhyme,0,1,0,False,False
Illmatic,Halftime,5,41,5,23,8,20,True,6,92,1,0.92,0,,14,0,,0,,,0,8,1,0,0,rhyme,,0,0,0,False,False
Illmatic,Halftime,5,42,5,24,8,23,True,6,100,1,1.0,1,100,13,0,,0,,,0,8,1,0,0,rhyme,rhyme,0,1,0,False,False
Illmatic,Halftime,5,43,5,25,,,True,6,,0,0,0,,13,0,,0,,,0,,0,0,0,,,0,0,0,False,False
Illmatic,Halftime,5,44,5,26,,,True,6,,0,0,0,,13,0,,0,,,0,,0,0,0,,,0,0,0,False,False
Illmatic,Halftime,5,45,5,27,8,24,True,6,92,1,0.92,0,,8,1,,0,,,0,8,1,0,0,rhyme,,0,0,0,False,False
Illmatic,Halftime,5,46,5,28,8,27,True,6,100,1,1.0,1,100,11,0,,0,,,0,8,1,0,0,rhyme,rhyme,0,1,0,False,False
Illmatic,Halftime,5,47,5,29,,,True,6,,0,0,0,,11,0,,0,,,0,,0,0,0,,,0,0,0,False,False
Illmatic,Halftime,5,48,5,30,,,True,4,,0,0,0,,12,1,,0,,,0,,0,0,0,,,0,0,0,False,False
Illmatic,Halftime,5,49,5,31,10,,True,5,,0,0,0,,13,1,32,1,92,rhyme,0,10,0,0,0,,,0,0,0,False,False
Illmatic,Halftime,5,50,5,32,10,31,True,6,92,1,0.92,1,92,12,0,,0,,,0,10,1,0,0,rhyme,rhyme,0,1,0,False,False
Illmatic,Halftime,5,51,5,33,11,,True,5,,0,0,0,,11,1,34,1,100,rhyme,0,11,0,0,0,,,0,0,0,False,False
Illmatic,Halftime,5,52,5,34,11,33,True,6,100,1,1.0,1,100,10,0,,0,,,0,11,1,0,0,rhyme,rhyme,0,1,0,False,False
Illmatic,Halftime,5,53,5,35,,,True,6,,0,0,0,,11,0,,0,,,0,,0,0,0,,,0,0,0,False,False
Illmatic,Halftime,5,54,5,36,,,True,6,,0,0,0,,11,0,,0,,,0,,0,0,0,,,0,0,0,False,False
Illmatic,Halftime,5,55,5,37,12,,True,6,,0,0,0,,15,0,39,1,84,rhyme,0,12,0,0,0,,,0,0,0,False,False
Illmatic,Halftime,5,56,5,38,,,True,6,,0,0,0,,12,0,,0,,,0,,0,0,0,,,0,0,0,False,False
Illmatic,Halftime,5,57,5,39,12,37,True,6,84,1,0.84,0,,15,0,,0,,,0,12,1,0,0,rhyme,,0,0,0,False,False
Illmatic,Halftime,5,58,5,40,12,39,True,6,92,1,0.92,1,92,12,0,,0,,,0,12,1,0,0,rhyme,rhyme,0,1,0,False,False
Illmatic,Halftime,5,59,5,41,12,40,True,6,92,1,0.92,1,92,10,0,,0,,,0,12,1,0,0,rhyme,rhyme,0,1,0,False,False
Illmatic,Halftime,5,60,5,42,12,41,True,3,84,2,1.68,2,84,9,1,,0,,,0,12,2,0,0,rhyme,rhyme,0,2,0,False,False
Illmatic,Halftime,5,61,5,43,,,True,6,,0,0,0,,8,0,,0,,,0,,0,0,0,,,0,0,0,False,False
Illmatic,Halftime,5,62,5,44,13,,True,3,,0,0,0,,13,1,45,1,84,rhyme,0,13,0,0,0,,,0,0,0,False,False
Illmatic,Halftime,5,63,5,45,13,44,True,6,84,1,0.84,1,84,7,0,,0,,,0,13,1,0,0,rhyme,rhyme,0,1,0,False,False
Illmatic,Halftime,5,64,5,46,13,45,True,6,100,1,1.0,1,100,10,1,,0,,,0,13,1,0,0,rhyme,rhyme,0,1,0,False,False
Illmatic,Halftime,5,73,7,47,,,True,6,,0,0,0,,12,0,,0,,,0,,0,0,0,,,0,0,0,False,False
Illmatic,Halftime,5,74,7,48,,,True,6,,0,0,0,,11,0,,0,,,0,,0,0,0,,,0,0,0,False,False
Illmatic,Halftime,5,75,7,49,14,,True,6,,0,0,0,,13,0,50,2,84,rhyme,0,14,0,0,0,,,0,0,0,False,False
Illmatic,Halftime,5,76,7,50,14,49,True,6,84,2,1.68,2,84,11,0,,0,,,0,14,2,0,0,rhyme,rhyme,0,2,0,False,False
Illmatic,Halftime,5,77,7,51,15,,True,6,,0,0,0,,9,0,52,1,100,rhyme,0,15,0,0,0,,,0,0,0,False,False
Illmatic,Halftime,5,78,7,52,15,51,True,6,100,1,1.0,1,100,13,0,,0,,,0,15,1,0,0,rhyme,rhyme,0,1,0,False,False
Illmatic,Halftime,5,79,7,53,16,,True,6,,0,0,0,,9,0,54,1,100,rhyme,0,16,0,0,0,,,0,0,0,False,False
Illmatic,Halftime,5,80,7,54,16,53,True,6,100,1,1.0,1,100,14,0,,0,,,0,16,1,0,0,rhyme,rhyme,0,1,0,False,False
Illmatic,Halftime,5,81,7,55,,,True,6,,0,0,0,,7,0,,0,,,0,,0,0,0,,,0,0,0,False,False
Illmatic,Halftime,5,82,7,56,,,True,6,,0,0,0,,16,0,,0,,,0,,0,0,0,,,0,0,0,False,False
Illmatic,Halftime,5,83,7,57,,,True,3,,0,0,0,,4,1,,0,,,0,,0,0,0,,,0,0,0,False,False
Illmatic,Halftime,5,84,7,58,,,True,6,,0,0,0,,14,0,,0,,,0,,0,0,0,,,0,0,0,False,False
Illmatic,Halftime,5,85,7,59,17,,True,6,,0,0,0,,13,0,60,1,100,rhyme,0,17,0,0,0,,,0,0,0,False,False
Illmatic,Halftime,5,86,7,60,17,59,True,6,100,1,1.0,1,100,11,0,,0,,,0,17,1,0,0,rhyme,rhyme,0,1,0,False,False
Illmatic,Halftime,5,87,7,61,18,,True,6,,0,0,0,,13,0,62,2,92,rhyme,0,18,0,0,0,,,0,0,0,False,False
Illmatic,Halftime,5,88,7,62,18,61,True,6,92,2,1.84,2,92,9,0,,0,,,0,18,2,0,0,rhyme,rhyme,0,2,0,False,False
Illmatic,Halftime,5,89,7,63,19,,True,6,,0,0,0,,10,0,64,1,100,rhyme,0,19,0,0,0,,,0,0,0,False,False
Illmatic,Halftime,5,90,7,64,19,63,True,6,100,1,1.0,1,100,8,0,,0,,,0,19,1,0,0,rhyme,rhyme,0,1,0,False,False
Illmatic,Memory Lane (Sittin’ in da Park),6,15,3,0,,,True,6,,0,0,0,,15,0,,0,,,0,,0,0,0,,,0,0,0,False,False
Illmatic,Memory Lane (Sittin’ in da Park),6,16,3,1,,,True,6,,0,0,0,,14,1,,0,,,0,,0,0,0,,,0,0,0,False,False
Illmatic,Memory Lane (Sittin’ in da Park),6,17,3,2,1,,True,1,,0,0,0,,7,1,3,1,100,rhyme,0,1,0,0,0,,,0,0,0,False,False
Illmatic,Memory Lane (Sittin’ in da Park),6,18,3,3,1,2,True,3,100,1,1.0,1,100,14,1,,0,,,0,1,1,0,0,rhyme,rhyme,0,1,0,False,False
Illmatic,Memory Lane (Sittin’ in da Park),6,19,3,4,2,,True,6,,0,0,0,,10,0,8,1,92,rhyme,0,2,0,0,0,,,0,0,0,False,False
Illmatic,Memory Lane (Sittin’ in da Park),6,20,3,5,,,True,6,,0,0,0,,19,0,,0,,,0,,0,0,0,,,0,0,0,False,False
Illmatic,Memory Lane (Sittin’ in da Park),6,21,3,6,,,True,5,,0,0,0,,9,1,,0,,,0,,0,0,0,,,0,0,0,False,False
Illmatic,Memory Lane (Sittin’ in da Park),6,22,3,7,,,True,6,,0,0,0,,16,0,,0,,,0,,0,0,0,,,0,0,0,False,False
Illmatic,Memory Lane (Sittin’ in da Park),6,23,3,8,2,4,True,1,92,1,0.92,0,,9,1,,0,,,0,2,1,0,0,rhyme,,0,0,0,False,False
Illmatic,Memory Lane (Sittin’ in da Park),6,24,3,9,2,8,True,6,92,1,0.92,1,92,15,0,,0,,,0,2,1,0,0,rhyme,rhyme,0,1,0,False,False
Illmatic,Memory Lane (Sittin’ in da Park),6,25,3,10,3,,True,6,,0,0,0,,15,0,11,1,92,rhyme,0,3,0,0,0,,,0,0,0,False,False
Illmatic,Memory Lane (Sittin’ in da Park),6,26,3,11,3,10,True,6,92,1,0.92,1,92,9,2,,0,,,0,3,1,0,0,rhyme,rhyme,0,1,0,False,False
Illmatic,Memory Lane (Sittin’ in da Park),6,27,3,12,4,,True,6,,0,0,0,,14,1,13,1,84,rhyme,0,4,0,0,0,,,0,0,0,False,False
Illmatic,Memory Lane (Sittin’ in da Park),6,28,3,13,4,12,True,6,84,1,0.84,1,84,11,0,,0,,,0,4,1,0,0,rhyme,rhyme,0,1,0,False,False
Illmatic,Memory Lane (Sittin’ in da Park),6,29,3,14,5,,True,6,,0,0,0,,9,0,15,1,84,rhyme,0,5,0,0,0,,,0,0,0,False,False
Illmatic,Memory Lane (Sittin’ in da Park),6,30,3,15,5,14,True,6,84,1,0.84,1,84,14,0,,0,,,0,5,1,0,0,rhyme,rhyme,0,1,0,False,False
Illmatic,Memory Lane (Sittin’ in da Park),6,31,3,16,,,True,6,,0,0,0,,15,0,,0,,,0,,0,0,0,,,0,0,0,False,False
Illmatic,Memory Lane (Sittin’ in da Park),6,32,3,17,,,True,5,,0,0,0,,7,2,,0,,,0,,0,0,0,,,0,0,0,False,False
Illmatic,Memory Lane (Sittin’ in da Park),6,33,3,18,6,,True,1,,0,0,0,,11,1,19,1,100,rhyme,0,6,0,0,0,,,0,0,0,False,False
Illmatic,Memory Lane (Sittin’ in da Park),6,34,3,19,6,18,True,6,100,1,1.0,1,100,11,0,,0,,,0,6,1,0,0,rhyme,rhyme,0,1,0,False,False
Illmatic,Memory Lane (Sittin’ in da Park),6,35,3,20,7,,True,6,,0,0,0,,10,0,21,1,92,rhyme,0,7,0,0,0,,,0,0,0,False,False
Illmatic,Memory Lane (Sittin’ in da Park),6,36,3,21,7,20,True,6,92,1,0.92,1,92,12,1,,0,,,0,7,1,0,0,rhyme,rhyme,0,1,0,False,False
Illmatic,Memory Lane (Sittin’ in da Park),6,37,3,22,,,True,4,,0,0,0,,4,0,,0,,,0,,0,0,0,,,0,0,0,False,False
Illmatic,Memory Lane (Sittin’ in da Park),6,49,5,23,,,True,5,,0,0,0,,5,0,,0,,,0,,0,0,0,,,0,0,0,False,False
Illmatic,Memory Lane (Sittin’ in da Park),6,50,5,24,8,,True,6,,0,0,0,,8,0,25,1,100,rhyme,0,8,0,0,0,,,0,0,0,False,False
Illmatic,Memory Lane (Sittin’ in da Park),6,51,5,25,8,24,True,6,100,1,1.0,1,100,8,2,,0,,,0,8,1,0,0,rhyme,rhyme,0,1,0,False,False
Illmatic,Memory Lane (Sittin’ in da Park),6,52,5,26,8,25,True,5,84,1,0.84,1,84,5,0,,0,,,0,8,1,0,0,rhyme,rhyme,0,1,0,False,False
Illmatic,Memory Lane (Sittin’ in da Park),6,53,5,27,9,,True,6,,0,0,0,,11,0,28,2,92,rhyme,0,9,0,0,0,,,0,0,0,False,False
Illmatic,Memory Lane (Sittin’ in da Park),6,54,5,28,9,27,True,6,92,2,1.84,2,92,12,0,,0,,,0,9,2,0,0,rhyme,rhyme,0,2,0,False,False
Illmatic,Memory Lane (Sittin’ in da Park),6,55,5,29,,,True,6,,0,0,0,,11,0,,0,,,0,,0,0,0,,,0,0,0,False,False
Illmatic,Memory Lane (Sittin’ in da Park),6,56,5,30,,,False,0,,0,0,0,,15,1,,0,,,0,,0,0,0,,,0,0,0,False,False
Illmatic,Memory Lane (Sittin’ in da Park),6,57,5,31,10,,True,6,,0,0,0,,14,0,32,2,100,rhyme,0,10,0,0,0,,,0,0,0,False,False
Illmatic,Memory Lane (Sittin’ in da Park),6,58,5,32,10,31,True,6,100,2,2.0,2,100,13,0,,0,,,0,10,2,0,0,rhyme,rhyme,0,2,0,False,False
Illmatic,Memory Lane (Sittin’ in da Park),6,59,5,33,11,,True,6,,0,0,0,,18,0,34,1,100,rhyme,0,11,0,0,0,,,0,0,0,False,False
Illmatic,Memory Lane (Sittin’ in da Park),6,60,5,34,11,33,True,6,100,1,1.0,1,100,9,0,,0,,,0,11,1,0,0,rhyme,rhyme,0,1,0,False,False
Illmatic,Memory Lane (Sittin’ in da Park),6,61,5,35,12,,True,6,,0,0,0,,10,0,36,1,100,rhyme,0,12,0,0,0,,,0,0,0,False,False
Illmatic,Memory Lane (Sittin’ in da Park),6,62,5,36,12,35,True,6,100,1,1.0,1,100,14,0,,0,,,0,12,1,0,0,rhyme,rhyme,0,1,0,False,False
Illmatic,Memory Lane (Sittin’ in da Park),6,63,5,37,13,,True,4,,0,0,0,,9,1,38,1,92,rhyme,0,13,0,0,0,,,0,0,0,False,False
Illmatic,Memory Lane (Sittin’ in da Park),6,64,5,38,13,37,True,5,92,1,0.92,1,92,9,2,,0,,,0,13,1,0,0,rhyme,rhyme,0,1,0,False,False
Illmatic,Memory Lane (Sittin’ in da Park),6,65,5,39,13,38,True,6,100,1,1.0,1,100,13,0,,0,,,0,13,1,0,0,rhyme,rhyme,0,1,0,False,False
Illmatic,Memory Lane (Sittin’ in da Park),6,66,5,40,14,,True,6,,0,0,0,,11,0,41,1,84,rhyme,0,14,0,0,0,,,0,0,0,False,False
Illmatic,Memory Lane (Sittin’ in da Park),6,67,5,41,14,40,True,6,84,1,0.84,1,84,13,0,,0,,,0,14,1,0,0,rhyme,rhyme,0,1,0,False,False
Illmatic,Memory Lane (Sittin’ in da Park),6,68,5,42,14,41,True,6,92,1,0.92,1,92,13,0,,0,,,0,14,1,0,0,rhyme,rhyme,0,1,0,False,False
Illmatic,Memory Lane (Sittin’ in da Park),6,69,5,43,,,False,0,,0,0,0,,13,1,,0,,,0,,0,0,0,,,0,0,0,False,False
Illmatic,Memory Lane (Sittin’ in da Park),6,70,5,44,,,True,5,,0,0,0,,11,1,,0,,,0,,0,0,0,,,0,0,0,False,False
Illmatic,Memory Lane (Sittin’ in da Park),6,71,5,45,15,,True,6,,0,0,0,,14,0,46,1,92,rhyme,0,15,0,0,0,,,0,0,0,False,False
Illmatic,Memory Lane (Sittin’ in da Park),6,72,5,46,15,45,True,6,92,1,0.92,1,92,11,0,,0,,,0,15,1,0,0,rhyme,rhyme,0,1,0,False,False
Illmatic,Memory Lane (Sittin’ in da Park),6,73,5,47,15,46,True,6,92,1,0.92,1,92,10,0,,0,,,0,15,1,0,0,rhyme,rhyme,0,1,0,False,False
Illmatic,Memory Lane (Sittin’ in da Park),6,74,5,48,15,47,True,6,100,1,1.0,1,100,12,0,,0,,,0,15,1,0,0,rhyme,rhyme,0,1,0,False,False
Illmatic,Memory Lane (Sittin’ in da Park),6,75,5,49,16,,True,6,,0,0,0,,13,0,50,1,100,rhyme,0,16,0,0,0,,,0,0,0,False,False
Illmatic,Memory Lane (Sittin’ in da Park),6,76,5,50,16,49,True,6,100,1,1.0,1,100,17,0,,0,,,0,16,1,0,0,rhyme,rhyme,0,1,0,False,False
Illmatic,One Love,7,4,2,0,1,,True,6,,0,0,0,,12,0,1,1,92,rhyme,0,1,0,0,0,,,0,0,0,False,False
Illmatic,One Love,7,5,2,1,1,0,True,4,92,1,0.92,1,92,9,1,,0,,,0,1,1,0,0,rhyme,rhyme,0,1,0,False,False
Illmatic,One Love,7,6,2,2,2,,True,6,,0,0,0,,11,0,3,1,100,rhyme,0,2,0,0,0,,,0,0,0,False,False
Illmatic,One Love,7,7,2,3,2,2,True,6,100,1,1.0,1,100,12,0,,0,,,0,2,1,0,0,rhyme,rhyme,0,1,0,False,False
Illmatic,One Love,7,8,2,4,,,True,6,,0,0,0,,13,0,,0,,,0,,0,0,0,,,0,0,0,False,False
Illmatic,One Love,7,9,2,5,,,True,6,,0,0,0,,12,0,,0,,,0,,0,0,0,,,0,0,0,False,False
Illmatic,One Love,7,10,2,6,2,3,True,6,92,1,0.92,0,,10,0,,0,,,0,2,1,0,0,rhyme,,0,0,0,False,False
Illmatic,One Love,7,11,2,7,2,6,True,6,100,1,1.0,1,100,15,0,,0,,,0,2,1,0,0,rhyme,rhyme,0,1,0,False,False
Illmatic,One Love,7,12,2,8,3,,True,6,,0,0,0,,12,0,9,2,84,rhyme,0,3,0,0,0,,,0,0,0,False,False
Illmatic,One Love,7,13,2,9,3,8,True,6,84,2,1.68,2,84,11,1,,0,,,0,3,2,0,0,rhyme,rhyme,0,2,0,False,False
Illmatic,One Love,7,14,2,10,4,,True,6,,0,0,0,,10,0,11,1,92,rhyme,0,4,0,0,0,,,0,0,0,False,False
Illmatic,One Love,7,15,2,11,4,10,True,6,92,1,0.92,1,92,10,0,,0,,,0,4,1,0,0,rhyme,rhyme,0,1,0,False,False
Illmatic,One Love,7,16,2,12,,,True,6,,0,0,0,,13,0,,0,,,0,,0,0,0,,,0,0,0,False,False
Illmatic,One Love,7,17,2,13,,,True,6,,0,0,0,,12,0,,0,,,0,,0,0,0,,,0,0,0,False,False
Illmatic,One Love,7,18,2,14,5,,True,3,,0,0,0,,8,1,15,2,92,rhyme,0,5,0,0,0,,,0,0,0,False,False
Illmatic,One Love,7,19,2,15,5,14,True,6,92,2,1.84,2,92,12,1,,0,,,0,5,2,0,0,rhyme,rhyme,0,2,0,False,False
Illmatic,One Love,7,20,2,16,6,,True,6,,0,0,0,,14,0,17,2,92,rhyme,0,6,0,0,0,,,0,0,0,False,False
Illmatic,One Love,7,21,2,17,6,16,True,6,92,2,1.84,2,92,9,0,,0,,,0,6,2,0,0,rhyme,rhyme,0,2,0,False,False
Illmatic,One Love,7,22,2,18,,,True,6,,0,0,0,,13,0,,0,,,0,,0,0,0,,,0,0,0,False,False
Illmatic,One Love,7,23,2,19,7,,True,5,,0,0,0,,8,1,20,1,100,rhyme,0,7,0,0,0,,,0,0,0,False,False
Illmatic,One Love,7,24,2,20,7,19,True,4,100,1,1.0,1,100,4,0,,0,,,0,7,1,0,0,rhyme,rhyme,0,1,0,False,False
Illmatic,One Love,7,32,4,21,,,True,6,,0,0,0,,8,0,,0,,,0,,0,0,0,,,0,0,0,False,False
Illmatic,One Love,7,33,4,22,,,True,6,,0,0,0,,10,0,,0,,,0,,0,0,0,,,0,0,0,False,False
Illmatic,One Love,7,34,4,23,,,True,3,,0,0,0,,8,1,,0,,,0,,0,0,0,,,0,0,0,False,False
Illmatic,One Love,7,35,4,24,,,True,6,,0,0,0,,14,0,,0,,,0,,0,0,0,,,0,0,0,False,False
Illmatic,One Love,7,36,4,25,,,True,6,,0,0,0,,9,1,,0,,,0,,0,0,0,,,0,0,0,False,False
Illmatic,One Love,7,37,4,26,8,,True,6,,0,0,0,,6,0,27,2,84,rhyme,0,8,0,0,0,,,0,0,0,False,False
Illmatic,One Love,7,38,4,27,8,26,True,6,84,2,1.68,2,84,9,0,,0,,,0,8,2,0,0,rhyme,rhyme,0,2,0,False,False
Illmatic,One Love,7,39,4,28,9,,True,6,,0,0,0,,8,0,29,2,92,rhyme,0,9,0,0,0,,,0,0,0,False,False
Illmatic,One Love,7,40,4,29,9,28,True,6,92,2,1.84,2,92,6,0,,0,,,0,9,2,0,0,rhyme,rhyme,0,2,0,False,False
Illmatic,One Love,7,41,4,30,,,True,6,,0,0,0,,13,0,,0,,,0,,0,0,0,,,0,0,0,False,False
Illmatic,One Love,7,42,4,31,10,,True,5,,0,0,0,,10,1,32,1,100,rhyme,0,10,0,0,0,,,0,0,0,False,False
Illmatic,One Love,7,43,4,32,10,31,True,6,100,1,1.0,1,100,13,1,,0,,,0,10,1,0,0,rhyme,rhyme,0,1,0,False,False
Illmatic,One Love,7,44,4,33,,,True,6,,0,0,0,,12,0,,0,,,0,,0,0,0,,,0,0,0,False,False
Illmatic,One Love,7,45,4,34,,,True,6,,0,0,0,,12,1,,0,,,0,,0,0,0,,,0,0,0,False,False
Illmatic,One Love,7,46,4,35,11,,True,6,,0,0,0,,13,0,36,2,100,rhyme,0,11,0,0,0,,,0,0,0,False,False
Illmatic,One Love,7,47,4,36,11,35,True,6,100,2,2.0,2,100,12,0,,0,,,0,11,2,0,0,rhyme,rhyme,0,2,0,False,False
Illmatic,One Love,7,48,4,37,12,,True,3,,0,0,0,,8,2,38,1,100,rhyme,0,12,0,0,0,,,0,0,0,False,False
Illmatic,One Love,7,49,4,38,12,37,True,6,100,1,1.0,1,100,16,0,,0,,,0,12,1,0,0,rhyme,rhyme,0,1,0,False,False
Illmatic,One Love,7,50,4,39,13,,True,6,,0,0,0,,9,0,43,1,92,rhyme,0,13,0,0,0,,,0,0,0,False,False
Illmatic,One Love,7,51,4,40,,,True,6,,0,0,0,,12,0,,0,,,0,,0,0,0,,,0,0,0,False,False
Illmatic,One Love,7,52,4,41,12,38,True,6,92,1,0.92,0,,9,1,,0,,,0,12,1,0,0,rhyme,,0,0,0,False,False
Illmatic,One Love,7,53,4,42,,,False,0,,0,0,0,,12,1,,0,,,0,,0,0,0,,,0,0,0,False,False
Illmatic,One Love,7,54,4,43,13,39,True,6,92,1,0.92,0,,7,0,,0,,,0,13,1,0,0,rhyme,,0,0,0,False,False
Illmatic,One Love,7,55,4,44,13,43,True,6,100,1,1.0,1,100,9,0,,0,,,0,13,1,0,0,rhyme,rhyme,0,1,0,False,False
Illmatic,One Love,7,56,4,45,13,44,True,6,100,1,1.0,1,100,7,0,,0,,,0,13,1,0,0,rhyme,rhyme,0,1,0,False,False
Illmatic,One Love,7,57,4,46,,,False,0,,0,0,0,,10,1,,0,,,0,,0,0,0,,,0,0,0,False,False
Illmatic,One Love,7,58,4,47,,,True,6,,0,0,0,,14,0,,0,,,0,,0,0,0,,,0,0,0,False,False
Illmatic,One Love,7,66,6,48,14,,True,6,,0,0,0,,10,0,50,1,84,rhyme,0,14,0,0,0,,,0,0,0,False,False
Illmatic,One Love,7,67,6,49,,,True,6,,0,0,0,,8,0,,0,,,0,,0,0,0,,,0,0,0,False,False
Illmatic,One Love,7,68,6,50,14,48,True,6,84,1,0.84,0,,8,0,,0,,,0,14,1,0,0,rhyme,,0,0,0,False,False
Illmatic,One Love,7,69,6,51,,,True,6,,0,0,0,,12,0,,0,,,0,,0,0,0,,,0,0,0,False,False
Illmatic,One Love,7,70,6,52,,,True,6,,0,0,0,,11,0,,0,,,0,,0,0,0,,,0,0,0,False,False
Illmatic,One Love,7,71,6,53,,,True,6,,0,0,0,,8,0,,0,,,0,,0,0,0,,,0,0,0,False,False
Illmatic,One Love,7,72,6,54,,,True,6,,0,0,0,,10,0,,0,,,0,,0,0,0,,,0,0,0,False,False
Illmatic,One Love,7,73,6,55,,,True,6,,0,0,0,,7,0,,0,,,0,,0,0,0,,,0,0,0,False,False
Illmatic,One Love,7,74,6,56,15,,True,6,,0,0,0,,13,0,57,1,92,rhyme,0,15,0,0,0,,,0,0,0,False,False
Illmatic,One Love,7,75,6,57,15,56,True,6,92,1,0.92,1,92,12,0,,0,,,0,15,1,0,0,rhyme,rhyme,0,1,0,False,False
Illmatic,One Love,7,76,6,58,,,True,6,,0,0,0,,12,0,,0,,,0,,0,0,0,,,0,0,0,False,False
Illmatic,One Love,7,77,6,59,,,True,4,,0,0,0,,12,1,,0,,,0,,0,0,0,,,0,0,0,False,False
Illmatic,One Love,7,78,6,60,,,True,6,,0,0,0,,9,1,,0,,,0,,0,0,0,,,0,0,0,False,False
Illmatic,One Love,7,79,6,61,,,True,6,,0,0,0,,12,0,,0,,,0,,0,0,0,,,0,0,0,False,False
Illmatic,One Love,7,80,6,62,16,,True,6,,0,0,0,,14,0,63,1,92,rhyme,0,16,0,0,0,,,0,0,0,False,False
Illmatic,One Love,7,81,6,63,16,62,True,1,92,1,0.92,1,92,15,1,,0,,,0,16,1,0,0,rhyme,rhyme,0,1,0,False,False
Illmatic,One Love,7,82,6,64,17,,True,6,,0,0,0,,9,2,65,1,92,rhyme,0,17,0,0,0,,,0,0,0,False,False
Illmatic,One Love,7,83,6,65,17,64,True,6,92,1,0.92,1,92,13,0,,0,,,0,17,1,0,0,rhyme,rhyme,0,1,0,False,False
Illmatic,One Love,7,84,6,66,18,,True,6,,0,0,0,,12,0,67,1,92,rhyme,0,18,0,0,0,,,0,0,0,False,False
Illmatic,One Love,7,85,6,67,18,66,True,6,92,1,0.92,1,92,11,0,,0,,,0,18,1,0,0,rhyme,rhyme,0,1,0,False,False
Illmatic,One Love,7,86,6,68,19,,True,6,,0,0,0,,12,0,70,1,92,rhyme,0,19,0,0,0,,,0,0,0,False,False
Illmatic,One Love,7,87,6,69,,,True,6,,0,0,0,,8,0,,0,,,0,,0,0,0,,,0,0,0,False,False
Illmatic,One Love,7,88,6,70,19,68,True,6,92,1,0.92,0,,6,0,,0,,,0,19,1,0,0,rhyme,,0,0,0,False,False
Illmatic,One Love,7,89,6,71,,,True,6,,0,0,0,,13,0,,0,,,0,,0,0,0,,,0,0,0,False,False
Illmatic,One Love,7,90,6,72,20,,True,6,,0,0,0,,10,0,73,1,92,rhyme,0,20,0,0,0,,,0,0,0,False,False
Illmatic,One Love,7,91,6,73,20,72,True,2,92,1,0.92,1,92,11,1,,0,,,0,20,1,0,0,rhyme,rhyme,0,1,0,False,False
Illmatic,One Love,7,92,6,74,,,True,6,,0,0,0,,6,0,,0,,,0,,0,0,0,,,0,0,0,False,False
Illmatic,One Love,7,93,6,75,21,,True,6,,0,0,0,,9,0,76,1,92,rhyme,0,21,0,0,0,,,0,0,0,False,False
Illmatic,One Love,7,94,6,76,21,75,True,6,92,1,0.92,1,92,10,1,,0,,,0,21,1,0,0,rhyme,rhyme,0,1,0,False,False
Illmatic,One Love,7,95,6,77,21,76,True,6,100,1,1.0,1,100,11,1,,0,,,0,21,2,1,1,rhyme-before-repeat,rhyme-before-repeat,1,2,0,False,False
Illmatic,One Love,7,96,6,78,21,77,True,6,92,1,0.92,1,92,11,0,,0,,,0,21,2,1,1,rhyme-before-repeat,rhyme-before-repeat,1,2,0,False,False
Illmatic,One Love,7,97,6,79,,,True,6,,0,0,0,,12,0,,0,,,0,,0,0,0,,,0,0,0,False,False
Illmatic,One Love,7,98,6,80,,,True,6,,0,0,0,,12,0,,0,,,0,,0,0,0,,,0,0,0,False,False
Illmatic,One Love,7,99,6,81,,,True,6,,0,0,0,,13,0,,0,,,0,,0,0,0,,,0,0,0,False,False
Illmatic,One Love,7,100,6,82,22,,True,6,,0,0,0,,11,0,83,1,92,rhyme,0,22,0,0,0,,,0,0,0,False,False
Illmatic,One Love,7,101,6,83,22,82,True,6,92,1,0.92,1,92,12,0,,0,,,0,22,1,0,0,rhyme,rhyme,0,1,0,False,False
Illmatic,One Love,7,102,6,84,,,False,0,,0,0,0,,8,2,,0,,,0,,0,0,0,,,0,0,0,False,False
Illmatic,One Love,7,103,6,85,22,83,True,6,100,1,1.0,0,,14,0,,0,,,0,22,1,0,0,rhyme,,0,0,0,False,False
Illmatic,One Love,7,104,6,86,23,,True,6,,0,0,0,,11,1,87,1,100,rhyme,0,23,0,0,0,,,0,0,0,False,False
Illmatic,One Love,7,105,6,87,23,86,True,6,100,1,1.0,1,100,11,0,,0,,,0,23,1,0,0,rhyme,rhyme,0,1,0,False,False
Illmatic,One Time 4 Your Mind,8,20,4,0,,,True,3,,0,0,0,,3,0,,0,,,0,,0,0,0,,,0,0,0,False,False
Illmatic,One Time 4 Your Mind,8,21,4,1,,,True,6,,0,0,0,,15,0,,0,,,0,,0,0,0,,,0,0,0,False,False
Illmatic,One Time 4 Your Mind,8,22,4,2,,,True,6,,0,0,0,,11,1,,0,,,0,,0,0,0,,,0,0,0,True,False
Illmatic,One Time 4 Your Mind,8,23,4,3,1,,True,6,,0,0,0,,16,0,4,2,92,rhyme,0,1,0,0,0,,,0,0,0,False,False
Illmatic,One Time 4 Your Mind,8,24,4,4,1,3,True,6,92,2,1.84,2,92,15,0,,0,,,0,1,2,0,0,rhyme,rhyme,0,2,0,False,False
Illmatic,One Time 4 Your Mind,8,25,4,5,,,True,6,,0,0,0,,9,0,,0,,,0,,0,0,0,,,0,0,0,False,False
Illmatic,One Time 4 Your Mind,8,26,4,6,,,True,6,,0,0,0,,12,0,,0,,,0,,0,0,0,,,0,0,0,False,False
Illmatic,One Time 4 Your Mind,8,27,4,7,,,False,0,,0,0,0,,12,1,,0,,,0,,0,0,0,,,0,0,0,False,False
Illmatic,One Time 4 Your Mind,8,28,4,8,,,True,6,,0,0,0,,10,0,,0,,,0,,0,0,0,,,0,0,0,False,False
Illmatic,One Time 4 Your Mind,8,29,4,9,,,True,6,,0,0,0,,13,0,,0,,,0,,0,0,0,,,0,0,0,False,False
Illmatic,One Time 4 Your Mind,8,30,4,10,,,True,6,,0,0,0,,12,0,,0,,,0,,0,0,0,,,0,0,0,False,False
Illmatic,One Time 4 Your Mind,8,31,4,11,,,False,0,,0,0,0,,12,1,,0,,,0,,0,0,0,,,0,0,0,False,False
Illmatic,One Time 4 Your Mind,8,32,4,12,,,True,6,,0,0,0,,15,0,,0,,,0,,0,0,0,,,0,0,0,False,False
Illmatic,One Time 4 Your Mind,8,33,4,13,2,,True,6,,0,0,0,,11,0,14,1,92,rhyme,0,2,0,0,0,,,0,0,0,False,False
Illmatic,One Time 4 Your Mind,8,34,4,14,2,13,True,6,92,1,0.92,1,92,11,1,,0,,,0,2,1,0,0,rhyme,rhyme,0,1,0,False,False
Illmatic,One Time 4 Your Mind,8,35,4,15,3,,True,6,,0,0,0,,13,0,16,3,92,rhyme,0,3,0,0,0,,,0,0,0,False,False
Illmatic,One Time 4 Your Mind,8,36,4,16,3,15,True,6,92,3,2.76,3,92,15,0,,0,,,0,3,3,0,0,rhyme,rhyme,0,3,0,False,False
Illmatic,One Time 4 Your Mind,8,47,6,17,,,True,6,,0,0,0,,10,1,,0,,,0,,0,0,0,,,0,0,0,False,False
Illmatic,One Time 4 Your Mind,8,48,6,18,,,True,6,,0,0,0,,12,0,,0,,,0,,0,0,0,,,0,0,0,False,False
Illmatic,One Time 4 Your Mind,8,49,6,19,,,True,6,,0,0,0,,9,0,,0,,,0,,0,0,0,,,0,0,0,False,False
Illmatic,One Time 4 Your Mind,8,50,6,20,4,,True,6,,0,0,0,,6,0,21,1,100,rhyme-before-repeat,1,4,0,0,0,,,0,0,0,False,False
Illmatic,One Time 4 Your Mind,8,51,6,21,4,20,True,6,100,1,1.0,1,100,12,0,,0,,,0,4,2,1,1,rhyme-before-repeat,rhyme-before-repeat,1,2,0,False,False
Illmatic,One Time 4 Your Mind,8,52,6,22,5,,True,6,,0,0,0,,10,1,23,1,84,rhyme,0,5,0,0,0,,,0,0,0,False,False
Illmatic,One Time 4 Your Mind,8,53,6,23,5,22,True,6,84,1,0.84,1,84,13,1,,0,,,0,5,1,0,0,rhyme,rhyme,0,1,0,False,False
Illmatic,One Time 4 Your Mind,8,54,6,24,,,True,6,,0,0,0,,9,1,,0,,,0,,0,0,0,,,0,0,0,False,False
Illmatic,One Time 4 Your Mind,8,55,6,25,,,True,2,,0,0,0,,13,1,,0,,,0,,0,0,0,,,0,0,0,False,False
Illmatic,One Time 4 Your Mind,8,56,6,26,5,22,True,6,84,1,0.84,0,,11,0,,0,,,0,5,1,0,0,rhyme,,0,0,0,False,False
Illmatic,One Time 4 Your Mind,8,57,6,27,5,26,True,6,92,1,0.92,1,92,13,0,,0,,,0,5,1,0,0,rhyme,rhyme,0,1,0,False,False
Illmatic,One Time 4 Your Mind,8,58,6,28,,,True,6,,0,0,0,,13,0,29,2,80.0,slant,1,6,0,0,0,,,0,0,0,False,False
Illmatic,One Time 4 Your Mind,8,59,6,29,,28,True,6,80.0,2,0,2,80.0,13,0,,0,,,0,6,3,1,1,slant,slant,1,3,0,False,False
Illmatic,One Time 4 Your Mind,8,60,6,30,,,True,6,,0,0,0,,11,0,,0,,,0,,0,0,0,,,0,0,0,False,False
Illmatic,One Time 4 Your Mind,8,61,6,31,,,False,0,,0,0,0,,10,1,,0,,,0,,0,0,0,,,0,0,0,False,False
Illmatic,One Time 4 Your Mind,8,62,6,32,6,,True,6,,0,0,0,,12,0,33,1,92,rhyme,0,7,0,0,0,,,0,0,0,False,False
Illmatic,One Time 4 Your Mind,8,63,6,33,6,32,True,6,92,1,0.92,1,92,13,0,,0,,,0,7,1,0,0,rhyme,rhyme,0,1,0,False,False
Illmatic,One Time 4 Your Mind,8,64,6,34,7,,True,6,,0,0,0,,12,0,35,1,100,rhyme,0,8,0,0,0,,,0,0,0,False,False
Illmatic,One Time 4 Your Mind,8,65,6,35,7,34,True,6,100,1,1.0,1,100,12,0,,0,,,0,8,1,0,0,rhyme,rhyme,0,1,0,False,False
Illmatic,One Time 4 Your Mind,8,66,6,36,,,True,6,,0,0,0,,7,1,,0,,,0,,0,0,0,,,0,0,0,False,False
Illmatic,One Time 4 Your Mind,8,67,6,37,7,35,True,6,92,1,0.92,0,,13,0,,0,,,0,8,1,0,0,rhyme,,0,0,0,False,False
Illmatic,One Time 4 Your Mind,8,68,6,38,7,37,True,6,92,1,0.92,1,92,12,0,,0,,,0,8,1,0,0,rhyme,rhyme,0,1,0,False,False
Illmatic,One Time 4 Your Mind,8,69,6,39,7,38,True,4,92,1,0.92,1,92,10,1,,0,,,0,8,1,0,0,rhyme,rhyme,0,1,0,False,False
Illmatic,One Time 4 Your Mind,8,70,6,40,8,,True,6,,0,0,0,,8,0,41,2,92,rhyme,0,9,0,0,0,,,0,0,0,False,False
Illmatic,One Time 4 Your Mind,8,71,6,41,8,40,True,6,92,2,1.84,2,92,15,0,,0,,,0,9,2,0,0,rhyme,rhyme,0,2,0,False,False
Illmatic,One Time 4 Your Mind,8,72,6,42,,,True,6,,0,0,0,,14,0,,0,,,0,,0,0,0,,,0,0,0,False,False
Illmatic,One Time 4 Your Mind,8,73,6,43,,,True,6,,0,0,0,,12,0,,0,,,0,,0,0,0,,,0,0,0,False,False
Illmatic,Represent,9,10,3,0,,,True,5,,0,0,0,,5,0,,0,,,0,,0,0,0,,,0,0,0,False,False
Illmatic,Represent,9,11,3,1,1,,True,6,,0,0,0,,12,0,2,2,84,rhyme,0,1,0,0,0,,,0,0,0,False,False
Illmatic,Represent,9,12,3,2,1,1,True,2,84,2,1.68,2,84,10,2,,0,,,0,1,2,0,0,rhyme,rhyme,0,2,0,False,False
Illmatic,Represent,9,13,3,3,,,True,6,,0,0,0,,13,0,,0,,,0,,0,0,0,,,0,0,0,False,False
Illmatic,Represent,9,14,3,4,,,True,6,,0,0,0,,7,0,,0,,,0,,0,0,0,,,0,0,0,False,False
Illmatic,Represent,9,15,3,5,,,True,6,,0,0,0,,9,0,,0,,,0,,0,0,0,,,0,0,0,False,False
Illmatic,Represent,9,16,3,6,2,,True,6,,0,0,0,,8,1,7,1,84,rhyme,0,2,0,0,0,,,0,0,0,False,False
Illmatic,Represent,9,17,3,7,2,6,True,6,84,1,0.84,1,84,13,0,,0,,,0,2,1,0,0,rhyme,rhyme,0,1,0,False,False
Illmatic,Represent,9,18,3,8,3,,True,6,,0,0,0,,12,1,12,2,92,rhyme,0,3,0,0,0,,,0,0,0,False,False
Illmatic,Represent,9,19,3,9,,,True,6,,0,0,0,,13,0,,0,,,0,,0,0,0,,,0,0,0,False,False
Illmatic,Represent,9,20,3,10,,,True,6,,0,0,0,,14,0,,0,,,0,,0,0,0,,,0,0,0,False,False
Illmatic,Represent,9,21,3,11,2,7,True,6,92,1,0.92,0,,15,0,,0,,,0,2,1,0,0,rhyme,,0,0,0,False,False
Illmatic,Represent,9,22,3,12,3,8,True,4,92,2,1.84,0,,9,2,,0,,,0,3,2,0,0,rhyme,,0,0,0,False,False
Illmatic,Represent,9,23,3,13,,,True,6,,0,0,0,,13,0,,0,,,0,,0,0,0,,,0,0,0,False,False
Illmatic,Represent,9,24,3,14,,,True,6,,0,0,0,,11,0,,0,,,0,,0,0,0,,,0,0,0,False,False
Illmatic,Represent,9,25,3,15,,,True,6,,0,0,0,,14,0,,0,,,0,,0,0,0,,,0,0,0,False,False
Illmatic,Represent,9,26,3,16,,,True,6,,0,0,0,,9,1,,0,,,0,,0,0,0,,,0,0,0,False,False
Illmatic,Represent,9,27,3,17,,,True,6,,0,0,0,,16,0,,0,,,0,,0,0,0,,,0,0,0,False,False
Illmatic,Represent,9,35,5,18,,,True,6,,0,0,0,,13,1,19,2,88.0,slant,0,4,0,0,0,,,0,0,0,False,False
Illmatic,Represent,9,36,5,19,,18,True,6,88.0,2,0,2,88.0,13,0,,0,,,0,4,2,0,0,slant,slant,0,2,0,False,False
Illmatic,Represent,9,37,5,20,4,,True,6,,0,0,0,,11,0,21,1,92,rhyme,0,5,0,0,0,,,0,0,0,False,False
Illmatic,Represent,9,38,5,21,4,20,True,6,92,1,0.92,1,92,11,0,,0,,,0,5,1,0,0,rhyme,rhyme,0,1,0,False,False
Illmatic,Represent,9,39,5,22,5,,True,6,,0,0,0,,12,0,23,1,100,rhyme,0,6,0,0,0,,,0,0,0,False,False
Illmatic,Represent,9,40,5,23,5,22,True,6,100,1,1.0,1,100,10,0,,0,,,0,6,1,0,0,rhyme,rhyme,0,1,0,False,False
Illmatic,Represent,9,41,5,24,6,,True,6,,0,0,0,,12,1,25,1,92,rhyme,0,7,0,0,0,,,0,0,0,False,False
Illmatic,Represent,9,42,5,25,6,24,True,6,92,1,0.92,1,92,12,0,,0,,,0,7,1,0,0,rhyme,rhyme,0,1,0,False,False
Illmatic,Represent,9,43,5,26,6,25,True,3,84,1,0.84,1,84,10,1,,0,,,0,7,1,0,0,rhyme,rhyme,0,1,0,False,False
Illmatic,Represent,9,44,5,27,6,26,True,6,100,1,1.0,1,100,14,0,,0,,,0,7,1,0,0,rhyme,rhyme,0,1,0,False,False
Illmatic,Represent,9,45,5,28,7,,True,6,,0,0,0,,10,1,29,2,100,rhyme,0,8,0,0,0,,,0,0,0,False,False
Illmatic,Represent,9,46,5,29,7,28,True,6,100,2,2.0,2,100,13,1,,0,,,0,8,2,0,0,rhyme,rhyme,0,2,0,False,False
Illmatic,Represent,9,47,5,30,8,,True,6,,0,0,0,,12,0,31,1,92,rhyme,0,9,0,0,0,,,0,0,0,False,False
Illmatic,Represent,9,48,5,31,8,30,True,3,92,1,0.92,1,92,9,1,,0,,,0,9,1,0,0,rhyme,rhyme,0,1,0,False,False
Illmatic,Represent,9,49,5,32,,,False,0,,0,0,0,,8,1,,0,,,0,,0,0,0,,,0,0,0,False,False
Illmatic,Represent,9,50,5,33,,,True,6,,0,0,0,,9,0,,0,,,0,,0,0,0,,,0,0,0,False,False
Illmatic,Represent,9,57,7,34,,,True,6,,0,0,0,,13,0,,0,,,0,,0,0,0,,,0,0,0,False,False
Illmatic,Represent,9,58,7,35,,,True,5,,0,0,0,,8,1,,0,,,0,,0,0,0,,,0,0,0,False,False
Illmatic,Represent,9,59,7,36,,,True,4,,0,0,0,,9,2,,0,,,0,,0,0,0,,,0,0,0,False,False
Illmatic,Represent,9,60,7,37,9,,True,6,,0,0,0,,16,0,38,1,84,rhyme,0,10,0,0,0,,,0,0,0,False,False
Illmatic,Represent,9,61,7,38,9,37,True,6,84,1,0.84,1,84,16,0,,0,,,0,10,1,0,0,rhyme,rhyme,0,1,0,False,False
Illmatic,Represent,9,62,7,39,9,38,True,6,92,1,0.92,1,92,13,0,,0,,,0,10,1,0,0,rhyme,rhyme,0,1,0,False,False
Illmatic,Represent,9,63,7,40,9,37,True,6,84,2,1.68,1,92,13,0,,0,,,0,10,2,0,0,rhyme,rhyme,0,1,0,False,False
Illmatic,Represent,9,64,7,41,10,,True,6,,0,0,0,,15,0,42,1,92,rhyme,0,11,0,0,0,,,0,0,0,False,False
Illmatic,Represent,9,65,7,42,10,41,True,6,92,1,0.92,1,92,11,0,,0,,,0,11,1,0,0,rhyme,rhyme,0,1,0,False,False
Illmatic,Represent,9,66,7,43,10,42,True,6,92,1,0.92,1,92,13,0,,0,,,0,11,1,0,0,rhyme,rhyme,0,1,0,False,False
Illmatic,Represent,9,67,7,44,10,43,True,5,92,1,0.92,1,92,13,1,,0,,,0,11,1,0,0,rhyme,rhyme,0,1,0,False,False
Illmatic,Represent,9,68,7,45,,,True,6,,0,0,0,,10,0,,0,,,0,,0,0,0,,,0,0,0,False,False
Illmatic,Represent,9,69,7,46,,,True,6,,0,0,0,,11,1,,0,,,0,,0,0,0,,,0,0,0,False,False
Illmatic,Represent,9,70,7,47,,,True,6,,0,0,0,,9,1,,0,,,0,,0,0,0,,,0,0,0,False,False
Illmatic,Represent,9,71,7,48,,,True,4,,0,0,0,,13,1,,0,,,0,,0,0,0,,,0,0,0,False,False
Illmatic,Represent,9,72,7,49,11,,True,6,,0,0,0,,12,0,50,1,84,rhyme,0,12,0,0,0,,,0,0,0,False,False
Illmatic,Represent,9,73,7,50,11,49,True,6,84,1,0.84,1,84,10,1,,0,,,0,12,1,0,0,rhyme,rhyme,0,1,0,False,False
Illmatic,It Ain’t Hard to Tell,10,4,2,0,,,True,6,,0,0,0,,11,0,,0,,,0,,0,0,0,,,0,0,0,False,False
Illmatic,It Ain’t Hard to Tell,10,5,2,1,1,,True,6,,0,0,0,,12,0,2,1,92,rhyme,0,1,0,0,0,,,0,0,0,False,False
Illmatic,It Ain’t Hard to Tell,10,6,2,2,1,1,True,6,92,1,0.92,1,92,13,0,,0,,,0,1,1,0,0,rhyme,rhyme,0,1,0,False,False
Illmatic,It Ain’t Hard to Tell,10,7,2,3,1,2,True,6,84,1,0.84,1,84,14,0,,0,,,0,1,1,0,0,rhyme,rhyme,0,1,0,False,False
Illmatic,It Ain’t Hard to Tell,10,8,2,4,,,True,6,,0,0,0,,11,0,,0,,,0,,0,0,0,,,0,0,0,False,False
Illmatic,It Ain’t Hard to Tell,10,9,2,5,,,True,6,,0,0,0,,16,0,,0,,,0,,0,0,0,,,0,0,0,False,False
Illmatic,It Ain’t Hard to Tell,10,10,2,6,,,True,6,,0,0,0,,10,0,,0,,,0,,0,0,0,,,0,0,0,False,False
Illmatic,It Ain’t Hard to Tell,10,11,2,7,,,True,6,,0,0,0,,15,1,,0,,,0,,0,0,0,,,0,0,0,False,False
Illmatic,It Ain’t Hard to Tell,10,12,2,8,2,,True,6,,0,0,0,,12,0,9,1,100,rhyme,0,2,0,0,0,,,0,0,0,False,False
Illmatic,It Ain’t Hard to Tell,10,13,2,9,2,8,True,6,100,1,1.0,1,100,10,0,,0,,,0,2,1,0,0,rhyme,rhyme,0,1,0,False,False
Illmatic,It Ain’t Hard to Tell,10,14,2,10,3,,True,6,,0,0,0,,14,0,11,1,100,rhyme,0,3,0,0,0,,,0,0,0,False,False
Illmatic,It Ain’t Hard to Tell,10,15,2,11,3,10,True,6,100,1,1.0,1,100,13,1,,0,,,0,3,1,0,0,rhyme,rhyme,0,1,0,False,False
Illmatic,It Ain’t Hard to Tell,10,18,3,12,4,,True,6,,0,0,0,,11,0,14,0,,repetition,1,4,0,0,0,,,0,0,0,False,False
Illmatic,It Ain’t Hard to Tell,10,19,3,13,,,True,6,,0,0,0,,6,0,,0,,,0,,0,0,0,,,0,0,0,False,False
Illmatic,It Ain’t Hard to Tell,10,20,3,14,4,12,True,6,,0,0.0,0,,9,0,,0,,,0,4,1,1,1,repetition,,0,0,0,False,False
Illmatic,It Ain’t Hard to Tell,10,21,3,15,,,True,6,,0,0,0,,13,1,,0,,,0,,0,0,0,,,0,0,0,False,False
Illmatic,It Ain’t Hard to Tell,10,22,3,16,,,True,6,,0,0,0,,9,0,,0,,,0,,0,0,0,,,0,0,0,False,False
Illmatic,It Ain’t Hard to Tell,10,23,3,17,,,True,6,,0,0,0,,15,0,,0,,,0,,0,0,0,,,0,0,0,False,False
Illmatic,It Ain’t Hard to Tell,10,24,3,18,,,True,6,,0,0,0,,11,0,,0,,,0,,0,0,0,,,0,0,0,False,False
Illmatic,It Ain’t Hard to Tell,10,25,3,19,5,,True,6,,0,0,0,,9,0,20,1,92,rhyme,0,5,0,0,0,,,0,0,0,False,False
Illmatic,It Ain’t Hard to Tell,10,26,3,20,5,19,True,6,92,1,0.92,1,92,9,0,,0,,,0,5,1,0,0,rhyme,rhyme,0,1,0,False,False
Illmatic,It Ain’t Hard to Tell,10,27,3,21,5,19,True,1,92,1,0.92,1,84,11,1,,0,,,0,5,1,0,0,rhyme,rhyme,0,1,0,False,False
Illmatic,It Ain’t Hard to Tell,10,28,3,22,5,19,True,6,92,1,0.92,0,,12,0,,0,,,0,5,1,0,0,rhyme,repetition,1,1,0,False,False
Illmatic,It Ain’t Hard to Tell,10,29,3,23,,,True,6,,0,0,0,,11,0,,0,,,0,,0,0,0,,,0,0,0,False,False
Illmatic,It Ain’t Hard to Tell,10,30,3,24,,,True,6,,0,0,0,,8,1,,0,,,0,,0,0,0,,,0,0,0,False,False
Illmatic,It Ain’t Hard to Tell,10,32,4,25,6,,True,3,,0,0,0,,4,1,26,2,92,rhyme,0,6,0,0,0,,,0,0,0,False,False
Illmatic,It Ain’t Hard to Tell,10,33,4,26,6,25,True,6,92,2,1.84,2,92,9,0,,0,,,0,6,2,0,0,rhyme,rhyme,0,2,0,False,False
Illmatic,It Ain’t Hard to Tell,10,34,4,27,6,26,True,3,100,2,2.0,2,100,11,1,,0,,,0,6,2,0,0,rhyme,rhyme,0,2,0,False,False
Illmatic,It Ain’t Hard to Tell,10,35,4,28,,,True,6,,0,0,0,,13,0,,0,,,0,,0,0,0,,,0,0,0,False,False
Illmatic,It Ain’t Hard to Tell,10,36,4,29,,,True,6,,0,0,0,,14,0,,0,,,0,,0,0,0,,,0,0,0,False,False
Illmatic,It Ain’t Hard to Tell,10,37,4,30,,,True,6,,0,0,0,,10,0,,0,,,0,,0,0,0,,,0,0,0,False,False
Illmatic,It Ain’t Hard to Tell,10,38,4,31,7,,True,2,,0,0,0,,12,2,32,2,84,rhyme,0,7,0,0,0,,,0,0,0,False,False
Illmatic,It Ain’t Hard to Tell,10,39,4,32,7,31,True,6,84,2,1.68,2,84,12,0,,0,,,0,7,2,0,0,rhyme,rhyme,0,2,0,False,False
Illmatic,It Ain’t Hard to Tell,10,40,4,33,8,,True,6,,0,0,0,,13,0,34,2,84,rhyme,0,8,0,0,0,,,0,0,0,False,False
Illmatic,It Ain’t Hard to Tell,10,41,4,34,8,33,True,6,84,2,1.68,2,84,12,0,,0,,,0,8,2,0,0,rhyme,rhyme,0,2,0,False,False
Illmatic,It Ain’t Hard to Tell,10,42,4,35,,,True,4,,0,0,0,,8,1,,0,,,0,,0,0,0,,,0,0,0,False,False
Illmatic,It Ain’t Hard to Tell,10,43,4,36,,,False,0,,0,0,0,,4,1,,0,,,0,,0,0,0,,,0,0,0,False,False
Illmatic,It Ain’t Hard to Tell,10,44,4,37,,,True,6,,0,0,0,,8,1,,0,,,0,,0,0,0,,,0,0,0,False,False
Illmatic,It Ain’t Hard to Tell,10,45,4,38,9,,True,6,,0,0,0,,9,0,39,1,100,rhyme,0,9,0,0,0,,,0,0,0,False,False
Illmatic,It Ain’t Hard to Tell,10,46,4,39,9,38,True,6,100,1,1.0,1,100,12,1,,0,,,0,9,1,0,0,rhyme,rhyme,0,1,0,False,False
Culture,Culture,1,19,3,0,,,True,6,,0,0,0,,8,0,,0,,,0,,0,0,0,,,0,0,0,False,False
Culture,Culture,1,20,3,1,1,,True,6,,0,0,0,,7,0,3,1,84,rhyme,0,1,0,0,0,,,0,0,0,False,False
Culture,Culture,1,21,3,2,,,True,6,,0,0,0,,12,0,,0,,,0,,0,0,0,,,0,0,0,False,False
Culture,Culture,1,22,3,3,1,1,True,6,84,1,0.84,0,,7,0,,0,,,0,1,1,0,0,rhyme,,0,0,0,False,False
Culture,Culture,1,23,3,4,,,True,3,,0,0,0,,6,2,,0,,,0,,0,0,0,,,0,0,0,False,False
Culture,Culture,1,24,3,5,2,,True,6,,0,0,0,,8,0,7,1,100,rhyme,0,2,0,0,0,,,0,0,0,False,False
Culture,Culture,1,25,3,6,,,True,5,,0,0,0,,6,1,,0,,,0,,0,0,0,,,0,0,0,False,False
Culture,Culture,1,26,3,7,2,5,True,6,100,1,1.0,0,,7,0,,0,,,0,2,1,0,0,rhyme,,0,0,0,False,False
Culture,Culture,1,28,4,8,3,,True,6,,0,0,0,,7,0,9,3,84,rhyme,0,3,0,0,0,,,0,0,1,False,False
Culture,Culture,1,29,4,9,3,8,True,6,84,3,2.52,3,84,6,1,,0,,,0,3,3,0,0,rhyme,rhyme,0,3,1,False,False
Culture,Culture,1,30,4,10,3,8,True,6,92,2,1.84,0,,7,0,,0,,,0,3,2,0,0,rhyme,repetition,2,2,1,False,False
Culture,Culture,1,31,4,11,3,10,True,6,92,2,1.84,2,92,7,0,,0,,,0,3,2,0,0,rhyme,rhyme,0,2,1,False,False
Culture,Culture,1,32,4,12,,,False,0,,0,0,0,,5,3,,0,,,0,,0,0,0,,,0,0,0,False,False
Culture,Culture,1,33,4,13,3,11,True,6,84,1,0.84,0,,7,0,,0,,,0,3,1,0,0,rhyme,,0,0,1,False,False
Culture,Culture,1,34,4,14,3,11,True,6,92,2,1.84,1,84,8,0,,0,,,0,3,2,0,0,rhyme,rhyme,0,1,1,False,False
Culture,Culture,1,35,4,15,3,14,True,6,92,1,0.92,1,92,7,0,,0,,,0,3,1,0,0,rhyme,rhyme,0,1,1,False,False
Culture,Culture,1,36,4,16,,,True,6,,0,0,0,,6,0,,0,,,0,,0,0,0,,,0,0,0,False,False
Culture,Culture,1,37,4,17,4,,True,5,,0,0,0,,7,1,18,1,92,rhyme,0,4,0,0,0,,,0,0,1,False,False
Culture,Culture,1,38,4,18,4,17,True,6,92,1,0.92,1,92,7,0,,0,,,0,4,1,0,0,rhyme,rhyme,0,1,0,False,False
Culture,Culture,1,39,4,19,4,17,True,6,92,1,0.92,0,,8,0,,0,,,0,4,1,0,0,rhyme,repetition,2,2,0,False,False
Culture,Culture,1,40,4,20,5,,True,6,,0,0,0,,6,0,22,0,,repetition,2,5,0,0,0,,,0,0,0,False,False
Culture,Culture,1,41,4,21,4,19,True,6,92,1,0.92,0,,7,0,,0,,,0,4,1,0,0,rhyme,,0,0,0,False,False
Culture,Culture,1,42,4,22,5,20,True,6,,0,0.0,0,,6,0,,0,,,0,5,2,2,1,repetition,,0,0,0,False,False
Culture,Culture,1,43,4,23,4,21,True,5,84,1,0.84,0,,5,0,,0,,,0,4,1,0,0,rhyme,,0,0,0,False,False
Culture,Culture,1,44,4,24,6,,True,6,,0,0,0,,9,0,25,1,92,rhyme-before-repeat,2,6,0,0,0,,,0,0,0,False,False
Culture,Culture,1,45,4,25,6,24,True,3,92,1,0.92,1,92,6,2,,0,,,0,6,3,2,1,rhyme-before-repeat,rhyme-before-repeat,2,3,0,False,False
Culture,Culture,1,46,4,26,7,,True,6,,0,0,0,,9,2,30,1,92,rhyme,0,7,0,0,0,,,0,0,0,False,False
Culture,Culture,1,47,4,27,6,25,True,6,100,1,1.0,0,,7,0,,0,,,0,6,1,0,0,rhyme,,0,0,0,False,False
Culture,Culture,1,48,4,28,6,27,True,6,100,1,1.0,1,100,9,0,,0,,,0,6,1,0,0,rhyme,rhyme,0,1,0,False,False
Culture,Culture,1,49,4,29,6,27,True,6,100,1,1.0,0,,10,0,,0,,,0,6,1,0,0,rhyme,repetition,2,2,0,False,False
Culture,Culture,1,50,4,30,7,26,True,6,92,1,0.92,0,,10,1,,0,,,0,7,1,0,0,rhyme,,0,0,0,False,False
Culture,Culture,1,51,4,31,6,27,True,3,100,1,1.0,0,,6,1,,0,,,0,6,1,0,0,rhyme,,0,0,0,False,False
Culture,Culture,1,53,5,32,8,,True,6,,0,0,0,,12,0,33,2,92,rhyme,0,8,0,0,0,,,0,0,1,False,False
Culture,Culture,1,54,5,33,8,32,True,2,92,2,1.84,2,92,9,1,,0,,,0,8,2,0,0,rhyme,rhyme,0,2,1,False,False
Culture,Culture,1,55,5,34,9,,True,6,,0,0,0,,9,1,35,1,84,rhyme-before-repeat,1,9,0,0,0,,,0,0,1,False,False
Culture,Culture,1,56,5,35,9,34,True,3,84,1,0.84,1,84,9,1,,0,,,0,9,2,1,1,rhyme-before-repeat,rhyme-before-repeat,1,2,0,False,False
Culture,Culture,1,59,6,36,,,True,6,,0,0,0,,8,0,,0,,,0,,0,0,0,,,0,0,0,False,False
Culture,Culture,1,60,6,37,,,True,6,,0,0,0,,9,0,,0,,,0,,0,0,0,,,0,0,0,False,False
Culture,Culture,1,61,6,38,,,True,6,,0,0,0,,7,0,,0,,,0,,0,0,0,,,0,0,0,False,False
Culture,Culture,1,62,6,39,,,False,0,,0,0,0,,5,1,,0,,,0,,0,0,0,,,0,0,0,False,False
Culture,Culture,1,63,6,40,10,,True,6,,0,0,0,,10,0,41,0,,repetition,1,10,0,0,0,,,0,0,0,False,False
Culture,Culture,1,64,6,41,10,40,True,6,,0,0.0,0,,7,1,,0,,,0,10,1,1,1,repetition,repetition,1,1,0,False,False
Culture,Culture,1,65,6,42,,,True,6,,0,0,0,,8,0,,0,,,0,,0,0,0,,,0,0,1,False,False
Culture,Culture,1,66,6,43,,,True,6,,0,0,0,,8,0,,0,,,0,,0,0,0,,,0,0,0,False,False
Culture,Culture,1,67,6,44,,,True,6,,0,0,0,,8,0,,0,,,0,,0,0,0,,,0,0,1,False,False
Culture,T-Shirt,2,21,4,0,,,True,6,,0,0,0,,7,0,,0,,,0,,0,0,0,,,0,0,0,False,False
Culture,T-Shirt,2,22,4,1,,,True,2,,0,0,0,,2,1,,0,,,0,,0,0,0,,,0,0,1,False,False
Culture,T-Shirt,2,23,4,2,1,,True,5,,0,0,0,,5,0,3,1,92,rhyme,0,1,0,0,0,,,0,0,0,False,False
Culture,T-Shirt,2,24,4,3,1,2,True,1,92,1,0.92,1,92,3,1,,0,,,0,1,1,0,0,rhyme,rhyme,0,1,0,False,False
Culture,T-Shirt,2,25,4,4,2,,True,4,,0,0,0,,4,0,5,4,92,rhyme,0,2,0,0,0,,,0,0,1,False,False
Culture,T-Shirt,2,26,4,5,2,4,True,4,92,4,3.68,4,92,4,0,,0,,,0,2,4,0,0,rhyme,rhyme,0,4,1,False,False
Culture,T-Shirt,2,27,4,6,2,5,True,2,92,2,1.84,2,92,4,1,,0,,,0,2,2,0,0,rhyme,rhyme,0,2,0,True,True
Culture,T-Shirt,2,28,4,7,,,True,6,,0,0,0,,8,0,,0,,,0,,0,0,0,,,0,0,0,False,False
Culture,T-Shirt,2,29,4,8,3,,True,1,,0,0,0,,5,1,11,1,92,rhyme,0,3,0,0,0,,,0,0,0,False,False
Culture,T-Shirt,2,30,4,9,,,False,0,,0,0,0,,4,2,,0,,,0,,0,0,0,,,0,0,0,False,False
Culture,T-Shirt,2,31,4,10,,,False,0,,0,0,0,,14,1,,0,,,0,,0,0,0,,,0,0,0,False,False
Culture,T-Shirt,2,32,4,11,3,8,True,6,92,1,0.92,0,,14,0,,0,,,0,3,1,0,0,rhyme,,0,0,1,False,False
Culture,T-Shirt,2,33,4,12,,,False,0,,0,0,0,,12,2,,0,,,0,,0,0,0,,,0,0,0,False,False
Culture,T-Shirt,2,34,4,13,,,True,6,,0,0,0,,17,0,,0,,,0,,0,0,0,,,0,0,0,False,False
Culture,T-Shirt,2,35,4,14,,,True,6,,0,0,0,,11,1,,0,,,0,,0,0,0,,,0,0,1,False,False
Culture,T-Shirt,2,36,4,15,,,True,6,,0,0,0,,13,1,,0,,,0,,0,0,0,,,0,0,0,False,False
Culture,T-Shirt,2,37,4,16,,,True,6,,0,0,0,,10,2,,0,,,0,,0,0,0,,,0,0,0,False,False
Culture,T-Shirt,2,38,4,17,,,True,6,,0,0,0,,14,2,,0,,,0,,0,0,0,,,0,0,0,False,False
Culture,T-Shirt,2,39,4,18,,,True,6,,0,0,0,,13,2,,0,,,0,,0,0,0,,,0,0,0,False,False
Culture,T-Shirt,2,40,4,19,,,False,0,,0,0,0,,11,2,,0,,,0,,0,0,0,,,0,0,0,False,False
Culture,T-Shirt,2,41,4,20,,,False,0,,0,0,0,,11,3,,0,,,0,,0,0,0,,,0,0,0,False,False
Culture,T-Shirt,2,65,8,21,4,,True,3,,0,0,0,,3,1,22,0,,repetition,1,4,0,0,0,,,0,0,0,False,False
Culture,T-Shirt,2,66,8,22,4,21,True,1,,0,0.0,0,,1,2,,0,,,0,4,1,1,1,repetition,repetition,1,1,0,False,False
Culture,T-Shirt,2,67,8,23,,,True,6,,0,0,0,,7,0,,0,,,0,,0,0,0,,,0,0,0,False,False
Culture,T-Shirt,2,68,8,24,,,True,5,,0,0,0,,5,0,,0,,,0,,0,0,0,,,0,0,0,False,False
Culture,T-Shirt,2,69,8,25,5,,True,4,,0,0,0,,4,0,26,1,92,rhyme,0,5,0,0,0,,,0,0,0,False,False
Culture,T-Shirt,2,70,8,26,5,25,True,4,92,1,0.92,1,92,4,0,,0,,,0,5,1,0,0,rhyme,rhyme,0,1,0,False,False
Culture,T-Shirt,2,71,8,27,6,,True,3,,0,0,0,,3,0,28,1,92,rhyme,0,6,0,0,0,,,0,0,1,False,False
Culture,T-Shirt,2,72,8,28,6,27,True,3,92,1,0.92,1,92,3,0,,0,,,0,6,1,0,0,rhyme,rhyme,0,1,1,False,False
Culture,T-Shirt,2,73,8,29,7,,True,6,,0,0,0,,6,0,30,2,92,rhyme,0,7,0,0,0,,,0,0,1,False,False
Culture,T-Shirt,2,74,8,30,7,29,True,4,92,2,1.84,2,92,5,1,,0,,,0,7,2,0,0,rhyme,rhyme,0,2,1,False,False
Culture,T-Shirt,2,75,8,31,8,,True,6,,0,0,0,,11,0,34,2,92,rhyme,0,8,0,0,0,,,0,0,1,False,False
Culture,T-Shirt,2,76,8,32,,,True,3,,0,0,0,,3,1,,0,,,0,,0,0,0,,,0,0,1,False,False
Culture,T-Shirt,2,77,8,33,,,True,6,,0,0,0,,7,0,,0,,,0,,0,0,0,,,0,0,0,False,False
Culture,T-Shirt,2,78,8,34,8,31,True,6,92,2,1.84,0,,10,1,,0,,,0,8,2,0,0,rhyme,,0,0,0,False,False
Culture,T-Shirt,2,80,9,35,9,,True,6,,0,0,0,,7,0,36,1,100,rhyme-before-repeat,1,9,0,0,0,,,0,0,0,False,False
Culture,T-Shirt,2,81,9,36,9,35,True,2,100,1,1.0,1,100,4,1,,0,,,0,9,2,1,1,rhyme-before-repeat,rhyme-before-repeat,1,2,0,False,False
Culture,T-Shirt,2,82,9,37,,,True,5,,0,0,0,,11,1,,0,,,0,,0,0,0,,,0,0,0,False,False
Culture,T-Shirt,2,83,9,38,,,True,6,,0,0,0,,15,0,,0,,,0,,0,0,0,,,0,0,0,False,False
Culture,T-Shirt,2,84,9,39,,,True,6,,0,0,0,,12,1,,0,,,0,,0,0,0,,,0,0,0,False,False
Culture,T-Shirt,2,85,9,40,,,True,1,,0,0,0,,11,1,,0,,,0,,0,0,0,,,0,0,0,False,False
Culture,T-Shirt,2,86,9,41,10,,True,6,,0,0,0,,10,1,43,1,92,rhyme,0,10,0,0,0,,,0,0,0,False,False
Culture,T-Shirt,2,87,9,42,,,True,5,,0,0,0,,14,1,,0,,,0,,0,0,0,,,0,0,0,False,False
Culture,T-Shirt,2,88,9,43,10,41,True,6,92,1,0.92,0,,13,0,,0,,,0,10,1,0,0,rhyme,,0,0,1,False,False
Culture,Call Casting,3,18,3,0,1,,True,3,,0,0,0,,3,0,1,1,92,rhyme,0,1,0,0,0,,,0,0,1,False,False
Culture,Call Casting,3,19,3,1,1,0,True,6,92,1,0.92,1,92,7,0,,0,,,0,1,1,0,0,rhyme,rhyme,0,1,1,False,False
Culture,Call Casting,3,20,3,2,1,0,True,6,92,1,0.92,1,84,7,0,,0,,,0,1,1,0,0,rhyme,rhyme,0,1,0,False,False
Culture,Call Casting,3,21,3,3,1,1,True,3,92,2,1.84,1,84,5,1,,0,,,0,1,2,0,0,rhyme,rhyme,0,1,1,False,False
Culture,Call Casting,3,22,3,4,1,3,True,3,92,3,2.76,3,92,5,1,,0,,,0,1,3,0,0,rhyme,rhyme,0,3,1,False,False
Culture,Call Casting,3,23,3,5,1,4,True,6,92,2,1.84,2,92,6,1,,0,,,0,1,2,0,0,rhyme,rhyme,0,2,1,False,False
Culture,Call Casting,3,24,3,6,2,,True,6,,0,0,0,,11,0,8,1,100,rhyme-before-repeat,3,2,0,0,0,,,0,0,0,False,False
Culture,Call Casting,3,25,3,7,1,3,True,6,92,2,1.84,0,,7,0,,0,,,0,1,2,0,0,rhyme,,0,0,1,False,False
Culture,Call Casting,3,26,3,8,2,6,True,6,100,1,1.0,0,,6,1,,0,,,0,2,4,3,3,rhyme-before-repeat,,0,0,0,False,False
Culture,Call Casting,3,27,3,9,1,7,True,6,92,1,0.92,0,,6,0,,0,,,0,1,1,0,0,rhyme,,0,0,1,False,False
Culture,Call Casting,3,28,3,10,2,8,True,6,,0,0.0,0,,9,0,,0,,,0,2,2,2,2,repetition,,0,0,0,False,False
Culture,Call Casting,3,29,3,11,1,7,True,6,84,2,1.68,0,,6,0,,0,,,0,1,2,0,0,rhyme,,0,0,1,False,False
Culture,Call Casting,3,30,3,12,1,11,True,5,84,2,1.68,2,84,5,0,,0,,,0,1,2,0,0,rhyme,rhyme,0,2,1,False,False
Culture,Call Casting,3,31,3,13,1,11,True,5,100,1,1.0,1,92,5,0,,0,,,0,1,1,0,0,rhyme,rhyme,0,1,1,False,False
Culture,Call Casting,3,32,3,14,1,13,True,6,92,1,0.92,1,92,7,0,,0,,,0,1,1,0,0,rhyme,rhyme,0,1,1,False,False
Culture,Call Casting,3,33,3,15,3,,True,6,,0,0,0,,6,0,16,3,84,rhyme,0,3,0,0,0,,,0,0,0,False,False
Culture,Call Casting,3,34,3,16,3,15,True,6,84,3,2.52,3,84,7,0,,0,,,0,3,3,0,0,rhyme,rhyme,0,3,1,False,False
Culture,Call Casting,3,35,3,17,3,16,True,6,92,1,0.92,1,92,6,0,,0,,,0,3,1,0,0,rhyme,rhyme,0,1,0,False,False
Culture,Call Casting,3,36,3,18,3,15,True,6,100,1,1.0,1,92,6,0,,0,,,0,3,1,0,0,rhyme,rhyme,0,1,1,False,False
Culture,Call Casting,3,37,3,19,3,18,True,6,92,1,0.92,1,92,7,0,,0,,,0,3,1,0,0,rhyme,rhyme,0,1,0,False,False
Culture,Call Casting,3,38,3,20,3,19,True,3,100,1,1.0,1,100,5,1,,0,,,0,3,1,0,0,rhyme,rhyme,0,1,1,False,False
Culture,Call Casting,3,39,3,21,,,True,2,,0,0,0,,6,1,,0,,,0,,0,0,0,,,0,0,0,False,False
Culture,Call Casting,3,40,3,22,,,True,6,,0,0,0,,10,0,,0,,,0,,0,0,0,,,0,0,0,True,False
Culture,Call Casting,3,52,5,23,,,False,0,,0,0,0,,0,6,,0,,,0,,0,0,0,,,0,0,0,False,False
Culture,Call Casting,3,53,5,24,4,,True,1,,0,0,0,,1,0,26,1,100,rhyme,0,4,0,0,0,,,0,0,1,False,False
Culture,Call Casting,3,54,5,25,,,False,0,,0,0,0,,4,2,,0,,,0,,0,0,0,,,0,0,1,False,False
Culture,Call Casting,3,55,5,26,4,24,True,6,100,1,1.0,0,,7,0,,0,,,0,4,1,0,0,rhyme,,0,0,1,False,False
Culture,Call Casting,3,56,5,27,4,26,True,5,100,1,1.0,1,100,5,0,,0,,,0,4,1,0,0,rhyme,rhyme,0,1,1,False,False
Culture,Call Casting,3,57,5,28,,,True,6,,0,0,0,,6,0,,0,,,0,,0,0,0,,,0,0,1,False,False
Culture,Call Casting,3,58,5,29,,,True,6,,0,0,0,,6,0,,0,,,0,,0,0,0,,,0,0,0,False,False
Culture,Call Casting,3,59,5,30,,,False,0,,0,0,0,,4,1,,0,,,0,,0,0,0,,,0,0,1,False,False
Culture,Call Casting,3,60,5,31,5,,True,6,,0,0,0,,9,0,33,1,92,rhyme,0,5,0,0,0,,,0,0,0,False,False
Culture,Call Casting,3,61,5,32,,,True,6,,0,0,0,,7,0,,0,,,0,,0,0,0,,,0,0,1,False,False
Culture,Call Casting,3,62,5,33,5,31,True,6,92,1,0.92,0,,7,0,,0,,,0,5,1,0,0,rhyme,,0,0,0,False,False
Culture,Call Casting,3,63,5,34,5,31,True,6,92,1,0.92,0,,10,0,,0,,,0,5,1,0,0,rhyme,repetition,1,1,0,False,False
Culture,Call Casting,3,64,5,35,,,False,0,,0,0,0,,5,1,,0,,,0,,0,0,0,,,0,0,0,False,False
Culture,Call Casting,3,65,5,36,,,True,6,,0,0,0,,8,0,,0,,,0,,0,0,0,,,0,0,0,False,False
Culture,Call Casting,3,66,5,37,,,True,6,,0,0,0,,7,0,,0,,,0,,0,0,0,,,0,0,1,False,False
Culture,Call Casting,3,67,5,38,,,False,0,,0,0,0,,6,1,,0,,,0,,0,0,0,,,0,0,0,False,False
Culture,Call Casting,3,68,5,39,6,,True,6,,0,0,0,,6,0,40,1,84,rhyme,0,6,0,0,0,,,0,0,0,False,False
Culture,Call Casting,3,69,5,40,6,39,True,6,84,1,0.84,1,84,7,0,,0,,,0,6,1,0,0,rhyme,rhyme,0,1,0,False,False
Culture,Call Casting,3,70,5,41,7,,True,6,,0,0,0,,8,0,42,0,,repetition,2,7,0,0,0,,,0,0,0,False,False
Culture,Call Casting,3,71,5,42,7,41,True,6,,0,0.0,0,,9,0,,0,,,0,7,2,2,1,repetition,repetition,2,2,0,False,False
Culture,Call Casting,3,72,5,43,8,,True,6,,0,0,0,,6,0,46,0,,repetition,1,8,0,0,0,,,0,0,0,True,False
Culture,Call Casting,3,73,5,44,,,True,6,,0,0,0,,6,0,,0,,,0,,0,0,0,,,0,0,0,False,False
Culture,Call Casting,3,74,5,45,,,True,6,,0,0,0,,6,0,,0,,,0,,0,0,0,,,0,0,0,False,False
Culture,Call Casting,3,75,5,46,8,43,True,6,,0,0.0,0,,7,0,,0,,,0,8,1,1,1,repetition,,0,0,0,True,False
Culture,Call Casting,3,87,7,47,9,,True,6,,0,0,0,,6,0,48,2,84,rhyme,0,9,0,0,0,,,0,0,1,False,False
Culture,Call Casting,3,88,7,48,9,47,True,6,84,2,1.68,2,84,8,0,,0,,,0,9,2,0,0,rhyme,rhyme,0,2,1,False,False
Culture,Call Casting,3,89,7,49,9,47,True,6,100,1,1.0,1,92,7,0,,0,,,0,9,1,0,0,rhyme,rhyme,0,1,1,False,False
Culture,Call Casting,3,90,7,50,,,True,6,,0,0,0,,11,0,,0,,,0,,0,0,0,,,0,0,0,False,False
Culture,Call Casting,3,91,7,51,9,49,True,1,92,1,0.92,0,,7,1,,0,,,0,9,1,0,0,rhyme,,0,0,0,False,False
Culture,Call Casting,3,92,7,52,,,True,6,,0,0,0,,9,0,,0,,,0,,0,0,0,,,0,0,0,False,False
Culture,Call Casting,3,93,7,53,9,51,True,6,92,1,0.92,0,,8,0,,0,,,0,9,1,0,0,rhyme,,0,0,1,False,False
Culture,Call Casting,3,94,7,54,,,False,0,,0,0,0,,8,1,,0,,,0,,0,0,0,,,0,0,0,False,False
Culture,Call Casting,3,95,7,55,,,True,6,,0,0,0,,10,0,,0,,,0,,0,0,0,,,0,0,0,False,False
Culture,Call Casting,3,96,7,56,9,53,True,6,100,1,1.0,0,,7,0,,0,,,0,9,1,0,0,rhyme,,0,0,1,False,False
Culture,Call Casting,3,97,7,57,9,56,True,6,100,1,1.0,1,100,7,0,,0,,,0,9,1,0,0,rhyme,rhyme,0,1,0,False,False
Culture,Call Casting,3,98,7,58,9,57,True,6,92,1,0.92,1,92,8,0,,0,,,0,9,1,0,0,rhyme,rhyme,0,1,1,False,False
Culture,Call Casting,3,99,7,59,10,,True,3,,0,0,0,,6,1,61,1,92,rhyme,0,10,0,0,0,,,0,0,1,False,False
Culture,Call Casting,3,100,7,60,,,True,3,,0,0,0,,6,1,,0,,,0,,0,0,0,,,0,0,1,False,False
Culture,Call Casting,3,101,7,61,10,59,True,5,92,1,0.92,0,,5,1,,0,,,0,10,1,0,0,rhyme,,0,0,0,False,False
Culture,Call Casting,3,102,7,62,11,,True,5,,0,0,0,,8,1,64,0,,repetition,1,11,0,0,0,,,0,0,1,False,False
Culture,Call Casting,3,103,7,63,,,True,1,,0,0,0,,5,1,,0,,,0,,0,0,0,,,0,0,0,False,False
Culture,Call Casting,3,104,7,64,11,62,True,6,,0,0.0,0,,8,1,,0,,,0,11,1,1,1,repetition,,0,0,0,False,False
Culture,Call Casting,3,105,7,65,,,False,0,,0,0,0,,10,1,,0,,,0,,0,0,0,,,0,0,0,False,False
Culture,Call Casting,3,106,7,66,,,True,6,,0,0,0,,13,0,,0,,,0,,0,0,0,,,0,0,0,False,False
Culture,Call Casting,3,107,7,67,,,True,6,,0,0,0,,8,0,,0,,,0,,0,0,0,,,0,0,0,False,False
Culture,Call Casting,3,108,7,68,,,True,6,,0,0,0,,10,0,,0,,,0,,0,0,0,,,0,0,0,False,False
Culture,Call Casting,3,109,7,69,,,True,5,,0,0,0,,5,1,,0,,,0,,0,0,0,,,0,0,1,False,False
Culture,Bad and Boujee,4,26,3,0,1,,True,6,,0,0,0,,7,0,2,1,92,rhyme,0,1,0,0,0,,,0,0,0,True,False
Culture,Bad and Boujee,4,27,3,1,,,True,6,,0,0,0,,8,2,,0,,,0,,0,0,0,,,0,0,0,False,False
Culture,Bad and Boujee,4,28,3,2,1,0,True,6,92,1,0.92,0,,8,0,,0,,,0,1,1,0,0,rhyme,,0,0,1,False,False
Culture,Bad and Boujee,4,29,3,3,1,0,True,3,100,1,1.0,1,92,6,1,,0,,,0,1,1,0,0,rhyme,rhyme,0,1,1,False,False
Culture,Bad and Boujee,4,30,3,4,1,3,True,5,92,1,0.92,1,92,5,0,,0,,,0,1,1,0,0,rhyme,rhyme,0,1,1,False,False
Culture,Bad and Boujee,4,31,3,5,1,4,True,5,92,1,0.92,1,92,5,0,,0,,,0,1,1,0,0,rhyme,rhyme,0,1,1,False,False
Culture,Bad and Boujee,4,32,3,6,1,3,True,5,100,1,1.0,1,92,5,0,,0,,,0,1,1,0,0,rhyme,rhyme,0,1,1,True,False
Culture,Bad and Boujee,4,33,3,7,2,,True,5,,0,0,0,,8,1,8,0,,repetition,1,2,0,0,0,,,0,0,1,False,False
Culture,Bad and Boujee,4,34,3,8,2,7,True,4,,0,0.0,0,,7,1,,0,,,0,2,1,1,1,repetition,repetition,1,1,1,False,False
Culture,Bad and Boujee,4,35,3,9,2,8,True,6,,0,0.0,0,,10,0,,0,,,0,2,1,1,1,repetition,repetition,1,1,1,False,False
Culture,Bad and Boujee,4,36,3,10,,,True,6,,0,0,0,,10,0,,0,,,0,,0,0,0,,,0,0,0,False,False
Culture,Bad and Boujee,4,37,3,11,3,,True,4,,0,0,0,,4,1,12,1,92,rhyme,0,3,0,0,0,,,0,0,1,False,False
Culture,Bad and Boujee,4,38,3,12,3,11,True,5,92,1,0.92,1,92,5,0,,0,,,0,3,1,0,0,rhyme,rhyme,0,1,1,False,False
Culture,Bad and Boujee,4,39,3,13,,,False,0,,0,0,0,,5,2,,0,,,0,,0,0,0,,,0,0,0,False,False
Culture,Bad and Boujee,4,40,3,14,,,False,0,,0,0,0,,9,1,,0,,,0,,0,0,0,,,0,0,0,False,False
Culture,Bad and Boujee,4,41,3,15,,,True,6,,0,0,0,,8,0,,0,,,0,,0,0,0,,,0,0,1,False,False
Culture,Bad and Boujee,4,42,3,16,,,True,6,,0,0,0,,8,0,,0,,,0,,0,0,0,,,0,0,1,False,False
Culture,Bad and Boujee,4,43,3,17,,,True,6,,0,0,0,,10,0,,0,,,0,,0,0,0,,,0,0,0,False,False
Culture,Bad and Boujee,4,44,3,18,,,True,6,,0,0,0,,10,0,,0,,,0,,0,0,0,,,0,0,0,False,False
Culture,Bad and Boujee,4,45,3,19,,,True,4,,0,0,0,,4,1,,0,,,0,,0,0,0,,,0,0,1,False,False
Culture,Bad and Boujee,4,46,3,20,,,True,6,,0,0,0,,9,0,,0,,,0,,0,0,0,,,0,0,0,False,False
Culture,Bad and Boujee,4,47,3,21,,,True,6,,0,0,0,,9,0,,0,,,0,,0,0,0,,,0,0,1,False,False
Culture,Bad and Boujee,4,48,3,22,,,False,0,,0,0,0,,10,1,,0,,,0,,0,0,0,,,0,0,0,False,False
Culture,Bad and Boujee,4,49,3,23,,,True,6,,0,0,0,,7,2,,0,,,0,,0,0,0,,,0,0,0,False,False
Culture,Bad and Boujee,4,50,3,24,,,False,0,,0,0,0,,9,1,,0,,,0,,0,0,0,,,0,0,0,False,False
Culture,Bad and Boujee,4,51,3,25,4,,True,6,,0,0,0,,7,1,28,1,84,rhyme,0,4,0,0,0,,,0,0,0,False,False
Culture,Bad and Boujee,4,52,3,26,,,False,0,,0,0,0,,6,2,,0,,,0,,0,0,0,,,0,0,0,False,False
Culture,Bad and Boujee,4,53,3,27,,,True,6,,0,0,0,,10,0,,0,,,0,,0,0,0,,,0,0,0,False,False
Culture,Bad and Boujee,4,54,3,28,4,25,True,6,84,1,0.84,0,,10,0,,0,,,0,4,1,0,0,rhyme,,0,0,0,False,False
Culture,Bad and Boujee,4,55,3,29,,,True,6,,0,0,0,,8,0,,0,,,0,,0,0,0,,,0,0,1,False,False
Culture,Bad and Boujee,4,56,3,30,,,True,6,,0,0,0,,8,0,,0,,,0,,0,0,0,,,0,0,1,False,False
Culture,Bad and Boujee,4,76,5,31,,,True,1,,0,0,0,,13,1,,0,,,0,,0,0,0,,,0,0,0,False,False
Culture,Bad and Boujee,4,77,5,32,,,True,1,,0,0,0,,13,2,,0,,,0,,0,0,0,,,0,0,0,False,False
Culture,Bad and Boujee,4,78,5,33,,,True,3,,0,0,0,,13,1,,0,,,0,,0,0,0,,,0,0,0,False,False
Culture,Bad and Boujee,4,79,5,34,,,True,6,,0,0,0,,8,0,,0,,,0,,0,0,0,,,0,0,1,False,False
Culture,Bad and Boujee,4,80,5,35,,,True,6,,0,0,0,,8,0,,0,,,0,,0,0,0,,,0,0,0,False,False
Culture,Bad and Boujee,4,81,5,36,,,False,0,,0,0,0,,8,1,,0,,,0,,0,0,0,,,0,0,0,False,False
Culture,Bad and Boujee,4,82,5,37,,,True,6,,0,0,0,,11,0,,0,,,0,,0,0,0,,,0,0,0,False,False
Culture,Bad and Boujee,4,83,5,38,,,True,6,,0,0,0,,16,1,,0,,,0,,0,0,0,,,0,0,0,False,False
Culture,Bad and Boujee,4,84,5,39,,,True,3,,0,0,0,,9,1,,0,,,0,,0,0,0,,,0,0,0,False,False
Culture,Bad and Boujee,4,85,5,40,,,False,0,,0,0,0,,6,1,,0,,,0,,0,0,0,,,0,0,1,False,False
Culture,Bad and Boujee,4,86,5,41,,,True,6,,0,0,0,,9,0,,0,,,0,,0,0,0,,,0,0,0,False,False
Culture,Bad and Boujee,4,87,5,42,,,True,6,,0,0,0,,13,0,,0,,,0,,0,0,0,,,0,0,0,False,False
Culture,Bad and Boujee,4,88,5,43,5,,True,6,,0,0,0,,9,0,44,2,84,rhyme,0,5,0,0,0,,,0,0,0,False,False
Culture,Bad and Boujee,4,89,5,44,5,43,True,6,84,2,1.68,2,84,12,0,,0,,,0,5,2,0,0,rhyme,rhyme,0,2,1,False,False
Culture,Bad and Boujee,4,90,5,45,,,True,6,,0,0,0,,9,0,,0,,,0,,0,0,0,,,0,0,0,False,False
Culture,Bad and Boujee,4,91,5,46,5,44,True,6,92,1,0.92,0,,12,0,,0,,,0,5,1,0,0,rhyme,,0,0,1,False,False
Culture,Bad and Boujee,4,92,5,47,,,True,5,,0,0,0,,5,0,,0,,,0,,0,0,0,,,0,0,0,False,False
Culture,Bad and Boujee,4,93,5,48,,,True,6,,0,0,0,,15,0,,0,,,0,,0,0,0,,,0,0,0,False,False
Culture,Bad and Boujee,4,94,5,49,,,True,6,,0,0,0,,8,0,,0,,,0,,0,0,0,,,0,0,0,False,False
Culture,Bad and Boujee,4,95,5,50,5,46,True,6,,0,0.0,0,,12,0,,0,,,0,5,1,1,1,repetition,,0,0,0,False,False
Culture,Bad and Boujee,4,96,5,51,6,,True,4,,0,0,0,,4,0,53,1,100,rhyme-before-repeat,1,6,0,0,0,,,0,0,1,False,False
Culture,Bad and Boujee,4,97,5,52,7,,True,6,,0,0,0,,9,0,55,1,100,rhyme-before-repeat,1,7,0,0,0,,,0,0,0,False,False
Culture,Bad and Boujee,4,98,5,53,6,51,True,5,100,1,1.0,0,,5,0,,0,,,0,6,2,1,1,rhyme-before-repeat,,0,0,0,False,False
Culture,Bad and Boujee,4,99,5,54,,,True,6,,0,0,0,,12,0,,0,,,0,,0,0,0,,,0,0,0,False,False
Culture,Bad and Boujee,4,100,5,55,7,52,True,4,100,1,1.0,0,,4,0,,0,,,0,7,2,1,1,rhyme-before-repeat,,0,0,0,False,False
Culture,Bad and Boujee,4,101,5,56,,,True,1,,0,0,0,,5,3,,0,,,0,,0,0,0,,,0,0,0,True,False
Culture,Bad and Boujee,4,102,5,57,6,53,True,3,100,1,1.0,0,,3,0,,0,,,0,6,2,1,1,rhyme-before-repeat,,0,0,1,False,False
Culture,Bad and Boujee,4,103,5,58,6,57,True,6,100,1,1.0,1,100,9,0,,0,,,0,6,1,0,0,rhyme,rhyme,0,1,1,False,False
Culture,Bad and Boujee,4,123,7,59,,,True,6,,0,0,0,,6,0,,0,,,0,,0,0,0,,,0,0,1,True,False
Culture,Bad and Boujee,4,124,7,60,8,,True,6,,0,0,0,,9,0,63,1,92,rhyme,0,8,0,0,0,,,0,0,0,False,False
Culture,Bad and Boujee,4,125,7,61,9,,True,2,,0,0,0,,4,2,62,0,,repetition,2,9,0,0,0,,,0,0,0,False,False
Culture,Bad and Boujee,4,126,7,62,9,61,True,6,,0,0.0,0,,11,0,,0,,,0,9,2,2,1,repetition,repetition,2,2,0,False,False
Culture,Bad and Boujee,4,127,7,63,8,60,True,3,92,1,0.92,0,,3,0,,0,,,0,8,1,0,0,rhyme,,0,0,0,True,False
Culture,Bad and Boujee,4,128,7,64,8,63,True,6,92,1,0.92,1,92,8,0,,0,,,0,8,1,0,0,rhyme,rhyme,0,1,0,False,False
Culture,Bad and Boujee,4,129,7,65,8,63,True,6,92,1,0.92,0,,9,0,,0,,,0,8,1,0,0,rhyme,repetition,1,1,0,False,False
Culture,Bad and Boujee,4,130,7,66,10,,True,6,,0,0,0,,10,0,68,0,,repetition,1,10,0,0,0,,,0,0,0,False,False
Culture,Bad and Boujee,4,131,7,67,11,,True,6,,0,0,0,,9,0,69,1,92,rhyme,0,11,0,0,0,,,0,0,1,False,False
Culture,Bad and Boujee,4,132,7,68,10,66,True,6,,0,0.0,0,,11,0,,0,,,0,10,1,1,1,repetition,,0,0,0,False,False
Culture,Bad and Boujee,4,133,7,69,11,67,True,5,92,1,0.92,0,,7,1,,0,,,0,11,1,0,0,rhyme,,0,0,1,False,False
Culture,Bad and Boujee,4,134,7,70,10,68,True,1,,0,0.0,0,,6,2,,0,,,0,10,1,1,1,repetition,,0,0,0,False,False
Culture,Bad and Boujee,4,135,7,71,12,,True,2,,0,0,0,,5,1,72,1,100,rhyme,0,12,0,0,0,,,0,0,1,False,False
Culture,Bad and Boujee,4,136,7,72,12,71,True,6,100,1,1.0,1,100,7,0,,0,,,0,12,1,0,0,rhyme,rhyme,0,1,1,False,False
Culture,Bad and Boujee,4,137,7,73,12,72,True,6,92,1,0.92,1,92,8,0,,0,,,0,12,1,0,0,rhyme,rhyme,0,1,0,True,True
Culture,Bad and Boujee,4,138,7,74,12,73,True,6,84,1,0.84,1,84,7,0,,0,,,0,12,1,0,0,rhyme,rhyme,0,1,1,False,False
Culture,Bad and Boujee,4,139,7,75,12,74,True,6,92,1,0.92,1,92,9,0,,0,,,0,12,1,0,0,rhyme,rhyme,0,1,1,False,False
Culture,Bad and Boujee,4,140,7,76,12,72,True,4,84,2,1.68,1,92,7,1,,0,,,0,12,2,0,0,rhyme,rhyme,0,1,1,False,False
Culture,Bad and Boujee,4,141,7,77,12,76,True,4,84,2,1.68,2,84,4,0,,0,,,0,12,2,0,0,rhyme,rhyme,0,2,1,True,True
Culture,Bad and Boujee,4,142,7,78,13,,True,6,,0,0,0,,9,0,79,2,88,rhyme-before-repeat,1,13,0,0,0,,,0,0,1,True,False
Culture,Bad and Boujee,4,143,7,79,13,78,True,6,88,2,1.76,2,88,9,0,,0,,,0,13,3,1,1,rhyme-before-repeat,rhyme-before-repeat,1,3,1,True,False
Culture,Bad and Boujee,4,144,7,80,13,78,True,6,84,2,1.68,0,,9,0,,0,,,0,13,3,1,1,rhyme-before-repeat,repetition,1,1,0,True,False
Culture,Bad and Boujee,4,145,7,81,13,80,True,6,92,1,0.92,1,92,9,0,,0,,,0,13,2,1,1,rhyme-before-repeat,rhyme-before-repeat,1,2,0,True,False
Culture,Bad and Boujee,4,146,7,82,13,80,True,6,84,2,1.68,1,92,9,0,,0,,,0,13,3,1,1,rhyme-before-repeat,rhyme-before-repeat,1,2,0,True,False
Culture,Bad and Boujee,4,147,7,83,,,True,6,,0,0,0,,11,0,,0,,,0,,0,0,0,,,0,0,0,False,False
Culture,Bad and Boujee,4,148,7,84,,,True,6,,0,0,0,,9,0,,0,,,0,,0,0,0,,,0,0,1,False,False
Culture,Bad and Boujee,4,149,7,85,,,True,6,,0,0,0,,6,0,,0,,,0,,0,0,0,,,0,0,1,False,False
Culture,Bad and Boujee,4,150,7,86,,,True,6,,0,0,0,,6,0,,0,,,0,,0,0,0,,,0,0,0,False,False
Culture,Bad and Boujee,4,151,7,87,,,True,6,,0,0,0,,10,0,,0,,,0,,0,0,0,,,0,0,0,False,False
Culture,Bad and Boujee,4,152,7,88,,,True,6,,0,0,0,,9,0,,0,,,0,,0,0,0,,,0,0,1,True,False
Culture,Get Right Witcha,5,13,3,0,,,False,0,,0,0,0,,11,1,,0,,,0,,0,0,0,,,0,0,0,True,False
Culture,Get Right Witcha,5,14,3,1,,,True,6,,0,0,0,,13,0,,0,,,0,,0,0,0,,,0,0,0,True,False
Culture,Get Right Witcha,5,15,3,2,,,False,0,,0,0,0,,9,1,,0,,,0,,0,0,0,,,0,0,0,True,False
Culture,Get Right Witcha,5,16,3,3,,,True,6,,0,0,0,,9,0,,0,,,0,,0,0,0,,,0,0,0,False,False
Culture,Get Right Witcha,5,17,3,4,1,,True,6,,0,0,0,,7,1,8,2,88,rhyme,0,1,0,0,0,,,0,0,0,False,False
Culture,Get Right Witcha,5,18,3,5,,,True,6,,0,0,0,,10,0,,0,,,0,,0,0,0,,,0,0,1,False,False
Culture,Get Right Witcha,5,19,3,6,,,True,6,,0,0,0,,11,0,,0,,,0,,0,0,0,,,0,0,0,False,False
Culture,Get Right Witcha,5,20,3,7,2,,True,6,,0,0,0,,10,0,9,1,92,rhyme,0,2,0,0,0,,,0,0,0,False,False
Culture,Get Right Witcha,5,21,3,8,1,4,True,3,88,2,1.76,0,,9,1,,0,,,0,1,2,0,0,rhyme,,0,0,0,True,True
Culture,Get Right Witcha,5,22,3,9,2,7,True,6,92,1,0.92,0,,12,0,,0,,,0,2,1,0,0,rhyme,,0,0,0,False,False
Culture,Get Right Witcha,5,23,3,10,,,True,6,,0,0,0,,11,0,,0,,,0,,0,0,0,,,0,0,0,False,False
Culture,Get Right Witcha,5,24,3,11,,,True,4,,0,0,0,,8,1,,0,,,0,,0,0,0,,,0,0,0,False,False
Culture,Get Right Witcha,5,37,5,12,3,,True,2,,0,0,0,,2,0,15,1,84,rhyme,0,3,0,0,0,,,0,0,1,False,False
Culture,Get Right Witcha,5,38,5,13,,,True,6,,0,0,0,,9,0,,0,,,0,,0,0,0,,,0,0,1,False,False
Culture,Get Right Witcha,5,39,5,14,,,True,2,,0,0,0,,8,1,,0,,,0,,0,0,0,,,0,0,0,False,False
Culture,Get Right Witcha,5,40,5,15,3,12,True,6,84,1,0.84,0,,10,0,,0,,,0,3,1,0,0,rhyme,,0,0,0,False,False
Culture,Get Right Witcha,5,41,5,16,,,False,0,,0,0,0,,8,2,,0,,,0,,0,0,0,,,0,0,0,False,False
Culture,Get Right Witcha,5,42,5,17,,,False,0,,0,0,0,,6,1,,0,,,0,,0,0,0,,,0,0,1,False,False
Culture,Get Right Witcha,5,43,5,18,4,,True,6,,0,0,0,,8,0,20,1,92,rhyme,0,4,0,0,0,,,0,0,1,False,False
Culture,Get Right Witcha,5,44,5,19,3,15,True,6,84,1,0.84,0,,9,0,,0,,,0,3,1,0,0,rhyme,,0,0,0,False,False
Culture,Get Right Witcha,5,45,5,20,4,18,True,6,92,1,0.92,0,,9,0,,0,,,0,4,1,0,0,rhyme,,0,0,1,False,False
Culture,Get Right Witcha,5,46,5,21,,,True,1,,0,0,0,,9,3,,0,,,0,,0,0,0,,,0,0,0,False,False
Culture,Get Right Witcha,5,47,5,22,,,True,6,,0,0,0,,12,0,,0,,,0,,0,0,0,,,0,0,0,True,False
Culture,Get Right Witcha,5,48,5,23,,,True,6,,0,0,0,,11,0,,0,,,0,,0,0,0,,,0,0,0,False,False
Culture,Get Right Witcha,5,49,5,24,4,20,True,6,92,1,0.92,0,,9,0,,0,,,0,4,1,0,0,rhyme,,0,0,1,False,False
Culture,Get Right Witcha,5,50,5,25,4,24,True,6,92,1,0.92,1,92,9,0,,0,,,0,4,1,0,0,rhyme,rhyme,0,1,1,False,False
Culture,Get Right Witcha,5,51,5,26,4,25,True,6,92,1,0.92,1,92,9,0,,0,,,0,4,1,0,0,rhyme,rhyme,0,1,1,False,False
Culture,Get Right Witcha,5,52,5,27,5,,True,3,,0,0,0,,3,0,29,0,,repetition,1,5,0,0,0,,,0,0,0,False,False
Culture,Get Right Witcha,5,53,5,28,,,True,6,,0,0,0,,13,0,,0,,,0,,0,0,0,,,0,0,0,False,False
Culture,Get Right Witcha,5,54,5,29,5,27,True,4,,0,0.0,0,,4,0,,0,,,0,5,1,1,1,repetition,,0,0,0,False,False
Culture,Get Right Witcha,5,55,5,30,,,False,0,,0,0,0,,12,1,,0,,,0,,0,0,0,,,0,0,0,False,False
Culture,Get Right Witcha,5,56,5,31,,,False,0,,0,0,0,,7,1,,0,,,0,,0,0,0,,,0,0,0,False,False
Culture,Get Right Witcha,5,57,5,32,,,True,6,,0,0,0,,8,0,,0,,,0,,0,0,0,,,0,0,0,False,False
Culture,Get Right Witcha,5,58,5,33,,,True,6,,0,0,0,,7,0,,0,,,0,,0,0,0,,,0,0,1,False,False
Culture,Get Right Witcha,5,59,5,34,,,True,6,,0,0,0,,7,0,,0,,,0,,0,0,0,,,0,0,1,False,False
Culture,Get Right Witcha,5,72,7,35,6,,True,5,,0,0,0,,5,0,38,2,84,rhyme,0,6,0,0,0,,,0,0,1,False,False
Culture,Get Right Witcha,5,73,7,36,7,,True,6,,0,0,0,,6,0,40,1,84,rhyme,0,7,0,0,0,,,0,0,0,False,False
Culture,Get Right Witcha,5,74,7,37,,,False,0,,0,0,0,,4,3,,0,,,0,,0,0,0,,,0,0,0,False,False
Culture,Get Right Witcha,5,75,7,38,6,35,True,4,84,2,1.68,0,,4,0,,0,,,0,6,2,0,0,rhyme,,0,0,1,False,False
Culture,Get Right Witcha,5,76,7,39,,,True,5,,0,0,0,,5,0,,0,,,0,,0,0,0,,,0,0,0,False,False
Culture,Get Right Witcha,5,77,7,40,7,36,True,6,84,1,0.84,0,,6,0,,0,,,0,7,1,0,0,rhyme,,0,0,0,False,False
Culture,Get Right Witcha,5,78,7,41,,,True,5,,0,0,0,,5,0,,0,,,0,,0,0,0,,,0,0,0,False,False
Culture,Get Right Witcha,5,79,7,42,,,True,4,,0,0,0,,4,0,,0,,,0,,0,0,0,,,0,0,1,False,False
Culture,Get Right Witcha,5,80,7,43,7,40,True,1,84,1,0.84,0,,4,1,,0,,,0,7,1,0,0,rhyme,,0,0,0,False,False
Culture,Get Right Witcha,5,81,7,44,,,True,5,,0,0,0,,5,0,,0,,,0,,0,0,0,,,0,0,0,False,False
Culture,Get Right Witcha,5,82,7,45,8,,True,6,,0,0,0,,8,0,48,2,92,rhyme,0,8,0,0,0,,,0,0,0,False,False
Culture,Get Right Witcha,5,83,7,46,9,,True,6,,0,0,0,,10,0,50,2,84,rhyme,0,9,0,0,0,,,0,0,1,False,False
Culture,Get Right Witcha,5,84,7,47,10,,True,6,,0,0,0,,6,0,49,2,84,rhyme,0,10,0,0,0,,,0,0,0,False,False
Culture,Get Right Witcha,5,85,7,48,8,45,True,6,92,2,1.84,0,,8,0,,0,,,0,8,2,0,0,rhyme,,0,0,1,False,False
Culture,Get Right Witcha,5,86,7,49,10,47,True,6,84,2,1.68,0,,8,0,,0,,,0,10,2,0,0,rhyme,,0,0,0,False,False
Culture,Get Right Witcha,5,87,7,50,9,46,True,4,84,2,1.68,0,,7,1,,0,,,0,9,2,0,0,rhyme,,0,0,0,False,False
Culture,Get Right Witcha,5,88,7,51,11,,True,6,,0,0,0,,8,0,53,2,92,rhyme,0,11,0,0,0,,,0,0,0,False,False
Culture,Get Right Witcha,5,89,7,52,,,True,6,,0,0,0,,11,0,,0,,,0,,0,0,0,,,0,0,0,False,False
Culture,Get Right Witcha,5,90,7,53,11,51,True,6,92,2,1.84,0,,7,0,,0,,,0,11,2,0,0,rhyme,,0,0,0,False,False
Culture,Get Right Witcha,5,91,7,54,,,True,6,,0,0,0,,9,0,,0,,,0,,0,0,0,,,0,0,0,False,False
Culture,Get Right Witcha,5,92,7,55,,,True,6,,0,0,0,,10,0,,0,,,0,,0,0,0,,,0,0,1,False,False
Culture,Get Right Witcha,5,93,7,56,,,True,6,,0,0,0,,6,0,,0,,,0,,0,0,0,,,0,0,0,False,False
Culture,Get Right Witcha,5,94,7,57,,,False,0,,0,0,0,,6,1,,0,,,0,,0,0,0,,,0,0,0,True,False
Culture,Slippery,6,16,3,0,,,True,6,,0,0,0,,11,1,,0,,,0,,0,0,0,,,0,0,0,False,False
Culture,Slippery,6,17,3,1,,,False,0,,0,0,0,,12,1,,0,,,0,,0,0,0,,,0,0,0,False,False
Culture,Slippery,6,18,3,2,,,True,6,,0,0,0,,11,0,,0,,,0,,0,0,0,,,0,0,0,False,False
Culture,Slippery,6,19,3,3,,,True,6,,0,0,0,,11,1,,0,,,0,,0,0,0,,,0,0,0,False,False
Culture,Slippery,6,20,3,4,,,True,6,,0,0,0,,11,0,,0,,,0,,0,0,0,,,0,0,0,False,False
Culture,Slippery,6,21,3,5,1,,True,6,,0,0,0,,11,1,8,1,92,rhyme,0,1,0,0,0,,,0,0,0,False,False
Culture,Slippery,6,22,3,6,,,True,6,,0,0,0,,7,0,,0,,,0,,0,0,0,,,0,0,1,False,False
Culture,Slippery,6,23,3,7,,,True,6,,0,0,0,,10,1,,0,,,0,,0,0,0,,,0,0,1,False,False
Culture,Slippery,6,24,3,8,1,5,True,6,92,1,0.92,0,,7,0,,0,,,0,1,1,0,0,rhyme,,0,0,1,False,False
Culture,Slippery,6,25,3,9,,,True,6,,0,0,0,,7,0,,0,,,0,,0,0,0,,,0,0,1,False,False
Culture,Slippery,6,26,3,10,1,8,True,6,92,1,0.92,0,,9,0,,0,,,0,1,1,0,0,rhyme,,0,0,2,False,False
Culture,Slippery,6,27,3,11,,,True,6,,0,0,0,,12,0,,0,,,0,,0,0,0,,,0,0,1,False,False
Culture,Slippery,6,28,3,12,1,10,True,4,92,1,0.92,0,,6,2,,0,,,0,1,1,0,0,rhyme,,0,0,2,False,False
Culture,Slippery,6,29,3,13,,,False,0,,0,0,0,,8,1,,0,,,0,,0,0,0,,,0,0,2,False,False
Culture,Slippery,6,30,3,14,,,True,2,,0,0,0,,11,1,,0,,,0,,0,0,0,,,0,0,1,False,False
Culture,Slippery,6,31,3,15,,,True,6,,0,0,0,,15,0,,0,,,0,,0,0,0,,,0,0,1,False,False
Culture,Slippery,6,43,5,16,,,True,2,,0,0,0,,2,0,,0,,,0,,0,0,0,,,0,0,0,False,False
Culture,Slippery,6,44,5,17,,,False,0,,0,0,0,,12,1,,0,,,0,,0,0,0,,,0,0,0,False,False
Culture,Slippery,6,45,5,18,,,True,6,,0,0,0,,14,0,,0,,,0,,0,0,0,,,0,0,0,False,False
Culture,Slippery,6,46,5,19,,,False,0,,0,0,0,,11,2,,0,,,0,,0,0,0,,,0,0,0,False,False
Culture,Slippery,6,47,5,20,,,True,5,,0,0,0,,5,0,,0,,,0,,0,0,0,,,0,0,0,False,False
Culture,Slippery,6,48,5,21,,,True,6,,0,0,0,,15,0,,0,,,0,,0,0,0,,,0,0,0,False,False
Culture,Slippery,6,49,5,22,2,,True,6,,0,0,0,,12,0,24,2,84,rhyme,0,2,0,0,0,,,0,0,0,False,False
Culture,Slippery,6,50,5,23,,,True,6,,0,0,0,,8,0,,0,,,0,,0,0,0,,,0,0,1,False,False
Culture,Slippery,6,51,5,24,2,22,True,6,84,2,1.68,0,,11,0,,0,,,0,2,2,0,0,rhyme,,0,0,0,False,False
Culture,Slippery,6,52,5,25,,,False,0,,0,0,0,,7,1,,0,,,0,,0,0,0,,,0,0,0,False,False
Culture,Slippery,6,53,5,26,,,True,6,,0,0,0,,6,0,,0,,,0,,0,0,0,,,0,0,0,False,False
Culture,Slippery,6,54,5,27,3,,True,6,,0,0,0,,11,1,30,1,100,rhyme,0,3,0,0,0,,,0,0,1,False,False
Culture,Slippery,6,55,5,28,4,,True,6,,0,0,0,,7,0,29,2,84,rhyme,0,4,0,0,0,,,0,0,0,False,False
Culture,Slippery,6,56,5,29,4,28,True,6,84,2,1.68,2,84,8,0,,0,,,0,4,2,0,0,rhyme,rhyme,0,2,0,False,False
Culture,Slippery,6,57,5,30,3,27,True,6,100,1,1.0,0,,11,0,,0,,,0,3,1,0,0,rhyme,,0,0,0,False,False
Culture,Slippery,6,58,5,31,,,True,3,,0,0,0,,6,1,,0,,,0,,0,0,0,,,0,0,1,False,False
Culture,Slippery,6,59,5,32,,,False,0,,0,0,0,,9,1,,0,,,0,,0,0,0,,,0,0,0,False,False
Culture,Slippery,6,60,5,33,5,,True,6,,0,0,0,,10,0,37,1,100,rhyme,0,5,0,0,0,,,0,0,0,False,False
Culture,Slippery,6,61,5,34,3,30,True,6,96,2,1.92,0,,10,0,,0,,,0,3,2,0,0,rhyme,,0,0,0,False,False
Culture,Slippery,6,62,5,35,,,True,6,,0,0,0,,10,0,,0,,,0,,0,0,0,,,0,0,1,False,False
Culture,Slippery,6,63,5,36,3,34,True,6,92,2,1.84,0,,11,0,,0,,,0,3,2,0,0,rhyme,,0,0,0,False,False
Culture,Slippery,6,64,5,37,5,33,True,6,100,1,1.0,0,,7,1,,0,,,0,5,1,0,0,rhyme,,0,0,1,False,False
Culture,Slippery,6,65,5,38,,,True,6,,0,0,0,,9,0,,0,,,0,,0,0,0,,,0,0,1,False,False
Culture,Slippery,6,77,7,39,6,,True,6,,0,0,0,,13,0,40,3,84,rhyme,0,6,0,0,0,,,0,0,0,False,False
Culture,Slippery,6,78,7,40,6,39,True,4,84,3,2.52,3,84,12,1,,0,,,0,6,3,0,0,rhyme,rhyme,0,3,0,False,False
Culture,Slippery,6,79,7,41,,,False,0,,0,0,0,,7,3,,0,,,0,,0,0,0,,,0,0,0,False,False
Culture,Slippery,6,80,7,42,,,True,6,,0,0,0,,14,0,,0,,,0,,0,0,0,,,0,0,0,False,False
Culture,Slippery,6,81,7,43,,,True,6,,0,0,0,,8,0,,0,,,0,,0,0,0,,,0,0,0,False,False
Culture,Slippery,6,82,7,44,,,True,6,,0,0,0,,6,1,,0,,,0,,0,0,0,,,0,0,0,False,False
Culture,Slippery,6,83,7,45,,,False,0,,0,0,0,,8,1,,0,,,0,,0,0,0,,,0,0,0,False,False
Culture,Slippery,6,84,7,46,,,True,6,,0,0,0,,12,0,,0,,,0,,0,0,0,,,0,0,0,False,False
Culture,Slippery,6,85,7,47,,,True,4,,0,0,0,,10,1,,0,,,0,,0,0,0,,,0,0,0,False,False
Culture,Slippery,6,86,7,48,,,True,6,,0,0,0,,8,1,,0,,,0,,0,0,0,,,0,0,0,False,False
Culture,Slippery,6,87,7,49,,,True,6,,0,0,0,,12,1,,0,,,0,,0,0,0,,,0,0,0,False,False
Culture,Slippery,6,88,7,50,,,True,6,,0,0,0,,14,1,,0,,,0,,0,0,0,,,0,0,0,False,False
Culture,Slippery,6,91,8,51,7,,True,4,,0,0,0,,4,2,52,1,100,rhyme,0,7,0,0,0,,,0,0,2,False,False
Culture,Slippery,6,92,8,52,7,51,True,1,100,1,1.0,1,100,8,2,,0,,,0,7,1,0,0,rhyme,rhyme,0,1,0,False,False
Culture,Slippery,6,93,8,53,,,False,0,,0,0,0,,5,4,,0,,,0,,0,0,0,,,0,0,0,False,False
Culture,Slippery,6,94,8,54,,,True,6,,0,0,0,,8,2,,0,,,0,,0,0,0,,,0,0,0,False,False
Culture,Slippery,6,95,8,55,7,52,True,6,92,1,0.92,0,,11,0,,0,,,0,7,1,0,0,rhyme,,0,0,1,False,False
Culture,Slippery,6,96,8,56,7,55,True,6,84,1,0.84,1,84,12,0,,0,,,0,7,1,0,0,rhyme,rhyme,0,1,1,False,False
Culture,Slippery,6,97,8,57,,,True,6,,0,0,0,,12,0,,0,,,0,,0,0,0,,,0,0,0,False,False
Culture,Slippery,6,98,8,58,7,56,True,1,84,1,0.84,0,,10,1,,0,,,0,7,1,0,0,rhyme,,0,0,1,False,False
Culture,Slippery,6,99,8,59,,,True,6,,0,0,0,,6,0,,0,,,0,,0,0,0,,,0,0,0,False,False
Culture,Slippery,6,100,8,60,8,,True,6,,0,0,0,,9,0,63,1,92,rhyme,0,8,0,0,0,,,0,0,0,False,False
Culture,Slippery,6,101,8,61,7,58,True,6,92,1,0.92,0,,6,0,,0,,,0,7,1,0,0,rhyme,,0,0,0,False,False
Culture,Slippery,6,102,8,62,,,True,6,,0,0,0,,9,0,,0,,,0,,0,0,0,,,0,0,0,False,False
Culture,Slippery,6,103,8,63,8,60,True,5,92,1,0.92,0,,5,0,,0,,,0,8,1,0,0,rhyme,,0,0,0,False,False
Culture,Slippery,6,104,8,64,7,61,True,6,92,1,0.92,0,,7,0,,0,,,0,7,3,2,2,rhyme-before-repeat,,0,0,0,False,False
Culture,Slippery,6,105,8,65,,,True,4,,0,0,0,,4,0,,0,,,0,,0,0,0,,,0,0,1,False,False
Culture,Slippery,6,106,8,66,,,True,6,,0,0,0,,9,0,,0,,,0,,0,0,0,,,0,0,0,False,False
Culture,Slippery,6,107,8,67,7,64,True,6,84,3,2.52,0,,6,0,,0,,,0,7,3,0,0,rhyme,,0,0,0,False,False
Culture,Big on Big,7,24,3,0,1,,True,3,,0,0,0,,5,1,3,1,92,rhyme,0,1,0,0,0,,,0,0,0,False,False
Culture,Big on Big,7,25,3,1,,,False,0,,0,0,0,,5,1,,0,,,0,,0,0,0,,,0,0,0,False,False
Culture,Big on Big,7,26,3,2,2,,True,6,,0,0,0,,7,0,4,1,100,rhyme,0,2,0,0,0,,,0,0,0,False,False
Culture,Big on Big,7,27,3,3,1,0,True,4,92,1,0.92,0,,6,1,,0,,,0,1,1,0,0,rhyme,,0,0,0,False,False
Culture,Big on Big,7,28,3,4,2,2,True,5,100,1,1.0,0,,5,1,,0,,,0,2,1,0,0,rhyme,,0,0,0,False,False
Culture,Big on Big,7,29,3,5,2,4,True,4,84,2,1.68,2,84,6,1,,0,,,0,2,2,0,0,rhyme,rhyme,0,2,0,False,False
Culture,Big on Big,7,30,3,6,2,5,True,6,100,1,1.0,1,100,9,1,,0,,,0,2,1,0,0,rhyme,rhyme,0,1,0,False,False
Culture,Big on Big,7,31,3,7,2,6,True,6,100,1,1.0,1,100,7,0,,0,,,0,2,1,0,0,rhyme,rhyme,0,1,0,False,False
Culture,Big on Big,7,32,3,8,2,7,True,6,84,1,0.84,1,84,7,1,,0,,,0,2,1,0,0,rhyme,rhyme,0,1,0,False,False
Culture,Big on Big,7,33,3,9,2,5,True,6,84,2,1.68,1,84,9,0,,0,,,0,2,2,0,0,rhyme,rhyme,0,1,0,False,False
Culture,Big on Big,7,34,3,10,,,True,6,,0,0,0,,8,1,,0,,,0,,0,0,0,,,0,0,0,False,False
Culture,Big on Big,7,35,3,11,2,9,True,2,100,1,1.0,0,,6,1,,0,,,0,2,1,0,0,rhyme,,0,0,0,False,False
Culture,Big on Big,7,36,3,12,3,,True,6,,0,0,0,,9,1,15,1,92,rhyme,0,3,0,0,0,,,0,0,0,False,False
Culture,Big on Big,7,37,3,13,2,11,True,6,84,1,0.84,0,,9,0,,0,,,0,2,1,0,0,rhyme,,0,0,0,False,False
Culture,Big on Big,7,38,3,14,,,True,5,,0,0,0,,7,1,,0,,,0,,0,0,0,,,0,0,0,False,False
Culture,Big on Big,7,39,3,15,3,12,True,6,92,1,0.92,0,,8,0,,0,,,0,3,1,0,0,rhyme,,0,0,0,False,False
Culture,Big on Big,7,40,3,16,3,15,True,6,92,1,0.92,1,92,12,0,,0,,,0,3,1,0,0,rhyme,rhyme,0,1,0,False,False
Culture,Big on Big,7,41,3,17,,,True,6,,0,0,0,,8,1,,0,,,0,,0,0,0,,,0,0,0,False,False
Culture,Big on Big,7,42,3,18,,,False,0,,0,0,0,,11,1,,0,,,0,,0,0,0,,,0,0,0,False,False
Culture,Big on Big,7,45,4,19,,,True,5,,0,0,0,,5,0,,0,,,0,,0,0,0,,,0,0,0,False,False
Culture,Big on Big,7,46,4,20,,,True,6,,0,0,0,,13,0,,0,,,0,,0,0,0,,,0,0,0,False,False
Culture,Big on Big,7,47,4,21,4,,True,6,,0,0,0,,11,1,22,2,84,rhyme,0,4,0,0,0,,,0,0,0,False,False
Culture,Big on Big,7,48,4,22,4,21,True,6,84,2,1.68,2,84,12,0,,0,,,0,4,2,0,0,rhyme,rhyme,0,2,0,False,False
Culture,Big on Big,7,49,4,23,4,22,True,2,84,2,1.68,2,84,14,1,,0,,,0,4,2,0,0,rhyme,rhyme,0,2,0,False,False
Culture,Big on Big,7,50,4,24,5,,True,6,,0,0,0,,11,0,25,1,84,rhyme,0,5,0,0,0,,,0,0,0,False,False
Culture,Big on Big,7,51,4,25,5,24,True,6,84,1,0.84,1,84,13,0,,0,,,0,5,1,0,0,rhyme,rhyme,0,1,0,False,False
Culture,Big on Big,7,52,4,26,6,,True,6,,0,0,0,,17,0,27,2,92,rhyme,0,6,0,0,0,,,0,0,0,False,False
Culture,Big on Big,7,53,4,27,6,26,True,6,92,2,1.84,2,92,17,0,,0,,,0,6,2,0,0,rhyme,rhyme,0,2,0,False,False
Culture,Big on Big,7,54,4,28,5,25,True,6,92,1,0.92,0,,10,0,,0,,,0,5,1,0,0,rhyme,,0,0,0,False,False
Culture,Big on Big,7,55,4,29,,,True,6,,0,0,0,,9,0,,0,,,0,,0,0,0,,,0,0,0,False,False
Culture,Big on Big,7,56,4,30,7,,True,6,,0,0,0,,11,0,32,1,84,rhyme,0,7,0,0,0,,,0,0,0,False,False
Culture,Big on Big,7,57,4,31,,,True,6,,0,0,0,,13,0,,0,,,0,,0,0,0,,,0,0,0,False,False
Culture,Big on Big,7,58,4,32,7,30,True,6,84,1,0.84,0,,7,0,,0,,,0,7,1,0,0,rhyme,,0,0,0,False,False
Culture,Big on Big,7,59,4,33,,,True,6,,0,0,0,,9,0,35,2,80.0,slant,0,8,0,0,0,,,0,0,0,False,False
Culture,Big on Big,7,60,4,34,,,True,6,,0,0,0,,8,0,,0,,,0,,0,0,0,,,0,0,0,False,False
Culture,Big on Big,7,61,4,35,,33,True,6,80.0,2,0,0,,8,0,,0,,,0,8,2,0,0,slant,,0,0,0,False,False
Culture,Big on Big,7,81,6,36,8,,True,4,,0,0,0,,6,1,37,1,84,rhyme,0,9,0,0,0,,,0,0,0,False,False
Culture,Big on Big,7,82,6,37,8,36,True,6,84,1,0.84,1,84,7,0,,0,,,0,9,1,0,0,rhyme,rhyme,0,1,0,False,False
Culture,Big on Big,7,83,6,38,8,37,True,6,92,1,0.92,1,92,7,0,,0,,,0,9,1,0,0,rhyme,rhyme,0,1,0,False,False
Culture,Big on Big,7,84,6,39,8,38,True,6,92,1,0.92,1,92,12,1,,0,,,0,9,1,0,0,rhyme,rhyme,0,1,0,False,False
Culture,Big on Big,7,85,6,40,,,False,0,,0,0,0,,6,1,,0,,,0,,0,0,0,,,0,0,0,False,False
Culture,Big on Big,7,86,6,41,8,39,True,6,92,1,0.92,0,,9,0,,0,,,0,9,1,0,0,rhyme,,0,0,0,False,False
Culture,Big on Big,7,87,6,42,,,False,0,,0,0,0,,7,2,,0,,,0,,0,0,0,,,0,0,0,False,False
Culture,Big on Big,7,88,6,43,8,39,True,6,84,2,1.68,0,,13,0,,0,,,0,9,2,0,0,rhyme,,0,0,0,False,False
Culture,Big on Big,7,89,6,44,,,True,6,,0,0,0,,7,0,,0,,,0,,0,0,0,,,0,0,0,False,False
Culture,Big on Big,7,90,6,45,9,,True,6,,0,0,0,,8,0,47,1,100,rhyme,0,10,0,0,0,,,0,0,0,False,False
Culture,Big on Big,7,91,6,46,,,True,3,,0,0,0,,4,1,,0,,,0,,0,0,0,,,0,0,1,False,False
Culture,Big on Big,7,92,6,47,9,45,True,6,100,1,1.0,0,,12,0,,0,,,0,10,1,0,0,rhyme,,0,0,0,False,False
Culture,Big on Big,7,93,6,48,,,True,6,,0,0,0,,14,0,,0,,,0,,0,0,0,,,0,0,0,False,False
Culture,Big on Big,7,94,6,49,,,True,5,,0,0,0,,5,0,,0,,,0,,0,0,0,,,0,0,0,False,False
Culture,Big on Big,7,95,6,50,10,,True,6,,0,0,0,,15,0,51,0,,repetition,3,11,0,0,0,,,0,0,0,False,False
Culture,Big on Big,7,96,6,51,10,50,True,6,,0,0.0,0,,6,0,,0,,,0,11,3,3,1,repetition,repetition,3,3,0,False,False
Culture,Big on Big,7,97,6,52,,,True,6,,0,0,0,,15,0,,0,,,0,,0,0,0,,,0,0,0,False,False
Culture,Big on Big,7,98,6,53,11,,True,6,,0,0,0,,6,0,54,1,92,rhyme,0,12,0,0,0,,,0,0,0,False,False
Culture,Big on Big,7,99,6,54,11,53,True,6,92,1,0.92,1,92,9,0,,0,,,0,12,1,0,0,rhyme,rhyme,0,1,0,False,False
Culture,What the Price,8,27,4,0,1,,True,6,,0,0,0,,11,0,1,5,84,rhyme,0,1,0,0,0,,,0,0,0,False,False
Culture,What the Price,8,28,4,1,1,0,True,6,84,5,4.2,5,84,11,0,,0,,,0,1,5,0,0,rhyme,rhyme,0,5,0,False,False
Culture,What the Price,8,29,4,2,,,True,6,,0,0,0,,7,1,,0,,,0,,0,0,0,,,0,0,0,False,False
Culture,What the Price,8,30,4,3,,,True,6,,0,0,0,,11,0,,0,,,0,,0,0,0,,,0,0,0,False,False
Culture,What the Price,8,31,4,4,2,,True,6,,0,0,0,,11,0,7,1,84,rhyme-before-repeat,2,2,0,0,0,,,0,0,0,False,False
Culture,What the Price,8,32,4,5,,,True,6,,0,0,0,,13,0,,0,,,0,,0,0,0,,,0,0,0,False,False
Culture,What the Price,8,33,4,6,2,4,True,6,,0,0.0,0,,7,1,,0,,,0,2,1,1,1,repetition,,0,0,1,False,False
Culture,What the Price,8,34,4,7,2,4,True,6,84,1,0.84,0,,9,0,,0,,,0,2,3,2,2,rhyme-before-repeat,repetition,1,1,1,False,False
Culture,What the Price,8,52,7,8,,,True,6,,0,0,0,,11,0,,0,,,0,,0,0,0,,,0,0,0,False,False
Culture,What the Price,8,53,7,9,3,,True,6,,0,0,0,,10,0,13,1,92,rhyme,0,3,0,0,0,,,0,0,0,False,False
Culture,What the Price,8,54,7,10,4,,True,6,,0,0,0,,9,0,11,1,92,rhyme-before-repeat,2,4,0,0,0,,,0,0,1,False,False
Culture,What the Price,8,55,7,11,4,10,True,6,92,1,0.92,1,92,10,0,,0,,,0,4,3,2,1,rhyme-before-repeat,rhyme-before-repeat,2,3,1,False,False
Culture,What the Price,8,56,7,12,,,True,6,,0,0,0,,10,0,,0,,,0,,0,0,0,,,0,0,0,False,False
Culture,What the Price,8,57,7,13,3,9,True,6,92,1,0.92,0,,10,0,,0,,,0,3,1,0,0,rhyme,,0,0,0,False,False
Culture,What the Price,8,58,7,14,,,True,6,,0,0,0,,10,0,,0,,,0,,0,0,0,,,0,0,1,False,False
Culture,What the Price,8,59,7,15,5,,True,6,,0,0,0,,8,1,16,1,84,rhyme,0,5,0,0,0,,,0,0,1,False,False
Culture,What the Price,8,60,7,16,5,15,True,6,84,1,0.84,1,84,11,0,,0,,,0,5,1,0,0,rhyme,rhyme,0,1,0,False,False
Culture,What the Price,8,61,7,17,3,13,True,2,92,1,0.92,0,,6,1,,0,,,0,3,1,0,0,rhyme,,0,0,0,True,False
Culture,What the Price,8,62,7,18,,,True,6,,0,0,0,,7,0,,0,,,0,,0,0,0,,,0,0,0,False,False
Culture,What the Price,8,63,7,19,,,True,2,,0,0,0,,5,1,,0,,,0,,0,0,0,,,0,0,1,False,False
Culture,What the Price,8,64,7,20,3,17,True,6,84,1,0.84,0,,9,0,,0,,,0,3,1,0,0,rhyme,,0,0,0,False,False
Culture,What the Price,8,65,7,21,3,17,True,6,84,1,0.84,0,,9,0,,0,,,0,3,1,0,0,rhyme,repetition,1,1,0,False,False
Culture,What the Price,8,66,7,22,3,21,True,6,84,1,0.84,1,84,9,0,,0,,,0,3,1,0,0,rhyme,rhyme,0,1,0,False,False
Culture,What the Price,8,67,7,23,3,22,True,3,92,1,0.92,1,92,5,2,,0,,,0,3,1,0,0,rhyme,rhyme,0,1,0,False,False
Culture,Brown Paper Bag,9,22,3,0,,,True,2,,0,0,0,,2,0,,0,,,0,,0,0,0,,,0,0,0,False,False
Culture,Brown Paper Bag,9,23,3,1,,,True,6,,0,0,0,,8,0,,0,,,0,,0,0,0,,,0,0,0,False,False
Culture,Brown Paper Bag,9,24,3,2,1,,True,6,,0,0,0,,9,0,5,1,100,rhyme,0,1,0,0,0,,,0,0,0,False,False
Culture,Brown Paper Bag,9,25,3,3,2,,True,6,,0,0,0,,6,0,4,1,92,rhyme,0,2,0,0,0,,,0,0,1,False,False
Culture,Brown Paper Bag,9,26,3,4,2,3,True,6,92,1,0.92,1,92,9,0,,0,,,0,2,1,0,0,rhyme,rhyme,0,1,0,False,False
Culture,Brown Paper Bag,9,27,3,5,1,2,True,6,100,1,1.0,0,,11,0,,0,,,0,1,1,0,0,rhyme,,0,0,0,False,False
Culture,Brown Paper Bag,9,28,3,6,,,True,6,,0,0,0,,9,0,,0,,,0,,0,0,0,,,0,0,0,False,False
Culture,Brown Paper Bag,9,29,3,7,,,False,0,,0,0,0,,8,1,,0,,,0,,0,0,0,,,0,0,0,False,False
Culture,Brown Paper Bag,9,30,3,8,,,True,6,,0,0,0,,8,0,,0,,,0,,0,0,0,,,0,0,0,False,False
Culture,Brown Paper Bag,9,31,3,9,,,True,4,,0,0,0,,6,1,,0,,,0,,0,0,0,,,0,0,0,False,False
Culture,Brown Paper Bag,9,32,3,10,,,True,6,,0,0,0,,10,0,,0,,,0,,0,0,0,,,0,0,0,False,False
Culture,Brown Paper Bag,9,33,3,11,,,True,6,,0,0,0,,8,0,,0,,,0,,0,0,0,,,0,0,0,False,False
Culture,Brown Paper Bag,9,34,3,12,,,True,6,,0,0,0,,8,0,,0,,,0,,0,0,0,,,0,0,0,False,False
Culture,Brown Paper Bag,9,35,3,13,,,False,0,,0,0,0,,7,1,,0,,,0,,0,0,0,,,0,0,0,False,False
Culture,Brown Paper Bag,9,36,3,14,,,True,6,,0,0,0,,8,0,,0,,,0,,0,0,0,,,0,0,0,False,False
Culture,Brown Paper Bag,9,37,3,15,,,True,6,,0,0,0,,8,0,,0,,,0,,0,0,0,,,0,0,0,False,False
Culture,Brown Paper Bag,9,38,3,16,3,,True,5,,0,0,0,,5,1,17,1,92,rhyme,0,3,0,0,0,,,0,0,1,False,False
Culture,Brown Paper Bag,9,39,3,17,3,16,True,5,92,1,0.92,1,92,6,1,,0,,,0,3,1,0,0,rhyme,rhyme,0,1,1,False,False
Culture,Brown Paper Bag,9,40,3,18,,,True,6,,0,0,0,,10,0,,0,,,0,,0,0,0,,,0,0,0,False,False
Culture,Brown Paper Bag,9,41,3,19,3,16,True,6,84,2,1.68,0,,7,0,,0,,,0,3,2,0,0,rhyme,,0,0,0,False,False
Culture,Brown Paper Bag,9,55,5,20,,,False,0,,0,0,0,,0,1,,0,,,0,,0,0,0,,,0,0,0,False,False
Culture,Brown Paper Bag,9,56,5,21,4,,True,3,,0,0,0,,9,2,22,2,92,rhyme,0,4,0,0,0,,,0,0,1,False,False
Culture,Brown Paper Bag,9,57,5,22,4,21,True,6,92,2,1.84,2,92,19,0,,0,,,0,4,2,0,0,rhyme,rhyme,0,2,0,False,False
Culture,Brown Paper Bag,9,58,5,23,,,True,6,,0,0,0,,8,0,,0,,,0,,0,0,0,,,0,0,0,False,False
Culture,Brown Paper Bag,9,59,5,24,,,True,6,,0,0,0,,14,0,,0,,,0,,0,0,0,,,0,0,0,False,False
Culture,Brown Paper Bag,9,60,5,25,5,,True,6,,0,0,0,,8,0,29,1,84,rhyme,0,5,0,0,0,,,0,0,0,False,False
Culture,Brown Paper Bag,9,61,5,26,6,,True,6,,0,0,0,,6,0,27,2,92,rhyme,0,6,0,0,0,,,0,0,1,False,False
Culture,Brown Paper Bag,9,62,5,27,6,26,True,6,92,2,1.84,2,92,6,0,,0,,,0,6,2,0,0,rhyme,rhyme,0,2,0,False,False
Culture,Brown Paper Bag,9,63,5,28,,,False,0,,0,0,0,,6,1,,0,,,0,,0,0,0,,,0,0,0,False,False
Culture,Brown Paper Bag,9,64,5,29,5,25,True,3,84,1,0.84,0,,12,1,,0,,,0,5,1,0,0,rhyme,,0,0,0,False,False
Culture,Brown Paper Bag,9,65,5,30,,,True,6,,0,0,0,,18,0,,0,,,0,,0,0,0,,,0,0,0,False,False
Culture,Brown Paper Bag,9,66,5,31,5,29,True,4,92,1,0.92,0,,4,0,,0,,,0,5,1,0,0,rhyme,,0,0,1,False,False
Culture,Brown Paper Bag,9,67,5,32,5,31,True,6,84,1,0.84,1,84,12,0,,0,,,0,5,1,0,0,rhyme,rhyme,0,1,0,True,True
Culture,Brown Paper Bag,9,81,7,33,7,,True,4,,0,0,0,,4,0,34,1,92,rhyme,0,7,0,0,0,,,0,0,1,False,False
Culture,Brown Paper Bag,9,82,7,34,7,33,True,4,92,1,0.92,1,92,4,0,,0,,,0,7,1,0,0,rhyme,rhyme,0,1,1,False,False
Culture,Brown Paper Bag,9,83,7,35,7,34,True,5,100,1,1.0,1,100,5,0,,0,,,0,7,1,0,0,rhyme,rhyme,0,1,0,False,False
Culture,Brown Paper Bag,9,84,7,36,7,35,True,6,100,1,1.0,1,100,7,0,,0,,,0,7,1,0,0,rhyme,rhyme,0,1,0,False,False
Culture,Brown Paper Bag,9,85,7,37,7,36,True,6,84,1,0.84,1,84,7,0,,0,,,0,7,1,0,0,rhyme,rhyme,0,1,0,False,False
Culture,Brown Paper Bag,9,86,7,38,,,False,0,,0,0,0,,5,1,,0,,,0,,0,0,0,,,0,0,0,False,False
Culture,Brown Paper Bag,9,87,7,39,,,True,5,,0,0,0,,16,1,,0,,,0,,0,0,0,,,0,0,0,False,False
Culture,Brown Paper Bag,9,88,7,40,,,True,6,,0,0,0,,18,1,,0,,,0,,0,0,0,,,0,0,0,False,False
Culture,Brown Paper Bag,9,89,7,41,,,True,6,,0,0,0,,18,1,,0,,,0,,0,0,0,,,0,0,0,False,False
Culture,Brown Paper Bag,9,90,7,42,,,True,6,,0,0,0,,9,0,,0,,,0,,0,0,0,,,0,0,0,False,False
Culture,Brown Paper Bag,9,91,7,43,8,,True,6,,0,0,0,,9,0,44,1,100,rhyme,0,8,0,0,0,,,0,0,0,False,False
Culture,Brown Paper Bag,9,92,7,44,8,43,True,6,100,1,1.0,1,100,10,0,,0,,,0,8,1,0,0,rhyme,rhyme,0,1,0,False,False
Culture,Brown Paper Bag,9,93,7,45,9,,True,6,,0,0,0,,10,0,49,1,84,rhyme,0,9,0,0,0,,,0,0,0,False,False
Culture,Brown Paper Bag,9,94,7,46,,,True,6,,0,0,0,,9,0,,0,,,0,,0,0,0,,,0,0,0,False,False
Culture,Brown Paper Bag,9,95,7,47,10,,True,6,,0,0,0,,8,0,50,1,92,rhyme,0,10,0,0,0,,,0,0,0,False,False
Culture,Brown Paper Bag,9,96,7,48,,,True,6,,0,0,0,,9,0,,0,,,0,,0,0,0,,,0,0,0,False,False
Culture,Brown Paper Bag,9,97,7,49,9,45,True,6,84,1,0.84,0,,8,0,,0,,,0,9,1,0,0,rhyme,,0,0,1,False,False
Culture,Brown Paper Bag,9,98,7,50,10,47,True,6,92,1,0.92,0,,9,1,,0,,,0,10,1,0,0,rhyme,,0,0,0,False,False
Culture,Brown Paper Bag,9,99,7,51,,,True,6,,0,0,0,,9,0,,0,,,0,,0,0,0,,,0,0,0,False,False
Culture,Brown Paper Bag,9,100,7,52,,,True,6,,0,0,0,,10,0,,0,,,0,,0,0,0,,,0,0,0,False,False
Culture,Brown Paper Bag,9,101,7,53,,,False,0,,0,0,0,,6,1,,0,,,0,,0,0,0,,,0,0,0,False,False
Culture,Deadz,10,33,4,0,,,True,2,,0,0,0,,11,1,,0,,,0,,0,0,0,,,0,0,0,False,False
Culture,Deadz,10,34,4,1,,,True,6,,0,0,0,,10,0,,0,,,0,,0,0,0,,,0,0,0,False,False
Culture,Deadz,10,35,4,2,,,True,6,,0,0,0,,16,0,,0,,,0,,0,0,0,,,0,0,0,False,False
Culture,Deadz,10,36,4,3,1,,True,6,,0,0,0,,18,0,4,0,,repetition,4,1,0,0,0,,,0,0,0,False,False
Culture,Deadz,10,37,4,4,1,3,True,4,,0,0.0,0,,14,1,,0,,,0,1,4,4,3,repetition,repetition,4,4,0,False,False
Culture,Deadz,10,38,4,5,,,True,6,,0,0,0,,13,1,,0,,,0,,0,0,0,,,0,0,0,False,False
Culture,Deadz,10,39,4,6,,,True,6,,0,0,0,,18,0,,0,,,0,,0,0,0,,,0,0,0,False,False
Culture,Deadz,10,40,4,7,,,True,6,,0,0,0,,15,0,,0,,,0,,0,0,0,,,0,0,0,False,False
Culture,Deadz,10,68,7,8,,,False,0,,0,0,0,,2,1,,0,,,0,,0,0,0,,,0,0,0,False,False
Culture,Deadz,10,69,7,9,2,,True,6,,0,0,0,,10,0,11,1,100,rhyme,0,2,0,0,0,,,0,0,0,False,False
Culture,Deadz,10,70,7,10,,,False,0,,0,0,0,,3,1,,0,,,0,,0,0,0,,,0,0,0,False,False
Culture,Deadz,10,71,7,11,2,9,True,6,100,1,1.0,0,,9,0,,0,,,0,2,1,0,0,rhyme,,0,0,0,False,False
Culture,Deadz,10,72,7,12,2,11,True,6,100,1,1.0,1,100,12,0,,0,,,0,2,1,0,0,rhyme,rhyme,0,1,0,False,False
Culture,Deadz,10,73,7,13,2,12,True,6,84,2,1.68,2,84,13,0,,0,,,0,2,2,0,0,rhyme,rhyme,0,2,0,False,False
Culture,Deadz,10,74,7,14,3,,True,6,,0,0,0,,10,1,15,2,92,rhyme,0,3,0,0,0,,,0,0,0,False,False
Culture,Deadz,10,75,7,15,3,14,True,6,92,2,1.84,2,92,13,0,,0,,,0,3,2,0,0,rhyme,rhyme,0,2,0,False,False
Culture,Deadz,10,76,7,16,,,True,6,,0,0,0,,15,0,,0,,,0,,0,0,0,,,0,0,0,False,False
Culture,Deadz,10,77,7,17,,,False,0,,0,0,0,,12,1,,0,,,0,,0,0,0,,,0,0,0,False,False
Culture,Deadz,10,105,10,18,,,True,6,,0,0,0,,11,0,,0,,,0,,0,0,0,,,0,0,0,False,False
Culture,Deadz,10,106,10,19,,,True,6,,0,0,0,,12,0,,0,,,0,,0,0,0,,,0,0,0,False,False
Culture,Deadz,10,107,10,20,,,False,0,,0,0,0,,12,1,,0,,,0,,0,0,0,,,0,0,0,False,False
Culture,Deadz,10,108,10,21,,,True,6,,0,0,0,,8,0,,0,,,0,,0,0,0,,,0,0,0,False,False
Culture,Deadz,10,109,10,22,,,True,6,,0,0,0,,11,0,,0,,,0,,0,0,0,,,0,0,0,False,False
Culture,Deadz,10,110,10,23,4,,True,6,,0,0,0,,13,0,26,2,84,rhyme,0,4,0,0,0,,,0,0,0,False,False
Culture,Deadz,10,111,10,24,,,True,6,,0,0,0,,7,0,,0,,,0,,0,0,0,,,0,0,0,False,False
Culture,Deadz,10,112,10,25,5,,True,6,,0,0,0,,10,1,27,0,,repetition,1,5,0,0,0,,,0,0,0,False,False
Culture,Deadz,10,113,10,26,4,23,True,3,84,2,1.68,0,,4,1,,0,,,0,4,2,0,0,rhyme,,0,0,0,False,False
Culture,Deadz,10,114,10,27,5,25,True,2,,0,0.0,0,,8,2,,0,,,0,5,1,1,1,repetition,,0,0,0,False,False
Culture,Deadz,10,115,10,28,5,27,True,3,,0,0.0,0,,10,2,,0,,,0,5,1,1,1,repetition,repetition,1,1,0,False,False
Culture,Deadz,10,116,10,29,,,True,6,,0,0,0,,12,1,,0,,,0,,0,0,0,,,0,0,0,False,False
Culture,Deadz,10,117,10,30,5,27,True,6,100,1,1.0,0,,9,0,,0,,,0,5,2,1,1,rhyme-before-repeat,,0,0,0,False,False
Culture,Deadz,10,118,10,31,5,30,True,6,100,1,1.0,1,100,11,0,,0,,,0,5,2,1,1,rhyme-before-repeat,rhyme-before-repeat,1,2,0,False,False
Culture,Deadz,10,119,10,32,6,,True,6,,0,0,0,,12,0,34,2,92,rhyme,0,6,0,0,0,,,0,0,0,False,False
Culture,Deadz,10,120,10,33,,,True,6,,0,0,0,,11,0,,0,,,0,,0,0,0,,,0,0,0,False,False
Culture,Deadz,10,121,10,34,6,32,True,6,92,2,1.84,0,,12,0,,0,,,0,6,2,0,0,rhyme,,0,0,0,False,False
Culture,Deadz,10,124,11,35,,,True,6,,0,0,0,,9,0,,0,,,0,,0,0,0,,,0,0,0,False,False
Culture,Deadz,10,125,11,36,7,,True,6,,0,0,0,,9,0,37,2,84,rhyme,0,7,0,0,0,,,0,0,0,False,False
Culture,Deadz,10,126,11,37,7,36,True,5,84,2,1.68,2,84,5,0,,0,,,0,7,2,0,0,rhyme,rhyme,0,2,0,False,False
Culture,Deadz,10,127,11,38,,,True,6,,0,0,0,,12,0,,0,,,0,,0,0,0,,,0,0,0,False,False
Culture,Deadz,10,128,11,39,,,True,4,,0,0,0,,10,1,,0,,,0,,0,0,0,,,0,0,0,False,False
Culture,Deadz,10,129,11,40,,37,True,6,76.0,2,0,0,,9,0,,0,,,0,7,2,0,0,slant,,0,0,0,False,False
Culture,Deadz,10,130,11,41,,,True,6,,0,0,0,,10,0,,0,,,0,,0,0,0,,,0,0,0,False,False
Culture,Deadz,10,131,11,42,,,True,6,,0,0,0,,10,0,,0,,,0,,0,0,0,,,0,0,0,False,False
Culture,Deadz,10,132,11,43,,,True,3,,0,0,0,,9,1,,0,,,0,,0,0,0,,,0,0,0,False,False
Culture,All Ass,11,14,3,0,1,,True,5,,0,0,0,,5,0,1,0,,repetition,2,1,0,0,0,,,0,0,1,False,False
Culture,All Ass,11,15,3,1,1,0,True,5,,0,0.0,0,,5,0,,0,,,0,1,2,2,2,repetition,repetition,2,2,1,False,False
Culture,All Ass,11,16,3,2,1,1,True,6,92,1,0.92,1,92,10,0,,0,,,0,1,1,0,0,rhyme,rhyme,0,1,1,False,False
Culture,All Ass,11,17,3,3,,,True,6,,0,0,0,,13,0,,0,,,0,,0,0,0,,,0,0,1,False,False
Culture,All Ass,11,18,3,4,,,True,6,,0,0,0,,7,0,,0,,,0,,0,0,0,,,0,0,1,False,False
Culture,All Ass,11,19,3,5,2,,True,6,,0,0,0,,8,0,7,1,92,rhyme-before-repeat,1,2,0,0,0,,,0,0,0,False,False
Culture,All Ass,11,20,3,6,2,5,True,2,,0,0.0,0,,2,0,,0,,,0,2,1,1,1,repetition,repetition,1,1,0,False,False
Culture,All Ass,11,21,3,7,2,5,True,6,92,1,0.92,0,,11,0,,0,,,0,2,2,1,1,rhyme-before-repeat,repetition,1,1,0,False,False
Culture,All Ass,11,22,3,8,2,7,True,2,,0,0.0,0,,2,0,,0,,,0,2,1,1,1,repetition,repetition,1,1,0,False,False
Culture,All Ass,11,23,3,9,2,8,True,1,,0,0.0,0,,1,1,,0,,,0,2,1,1,1,repetition,repetition,1,1,0,False,False
Culture,All Ass,11,24,3,10,,,True,6,,0,0,0,,9,0,,0,,,0,,0,0,0,,,0,0,1,False,False
Culture,All Ass,11,25,3,11,3,,True,2,,0,0,0,,2,0,13,0,,repetition,2,3,0,0,0,,,0,0,0,False,False
Culture,All Ass,11,26,3,12,,,False,0,,0,0,0,,8,1,,0,,,0,,0,0,0,,,0,0,0,False,False
Culture,All Ass,11,27,3,13,3,11,True,2,,0,0.0,0,,2,0,,0,,,0,3,2,2,2,repetition,,0,0,0,False,False
Culture,All Ass,11,28,3,14,3,13,True,6,92,1,0.92,1,92,9,0,,0,,,0,3,1,0,0,rhyme,rhyme,0,1,0,False,False
Culture,All Ass,11,29,3,15,3,14,True,2,92,1,0.92,1,92,2,0,,0,,,0,3,1,0,0,rhyme,rhyme,0,1,0,False,False
Culture,All Ass,11,30,3,16,4,,True,6,,0,0,0,,12,0,17,1,92,rhyme,0,4,0,0,0,,,0,0,1,False,False
Culture,All Ass,11,31,3,17,4,16,True,3,92,1,0.92,1,92,9,1,,0,,,0,4,1,0,0,rhyme,rhyme,0,1,1,False,False
Culture,All Ass,11,32,3,18,,,True,5,,0,0,0,,5,0,,0,,,0,,0,0,0,,,0,0,1,False,False
Culture,All Ass,11,33,3,19,4,17,True,6,92,2,1.84,0,,9,0,,0,,,0,4,2,0,0,rhyme,,0,0,1,False,False
Culture,All Ass,11,34,3,20,4,19,True,6,84,2,1.68,2,84,14,0,,0,,,0,4,2,0,0,rhyme,rhyme,0,2,0,False,False
Culture,All Ass,11,35,3,21,,,True,6,,0,0,0,,14,0,,0,,,0,,0,0,0,,,0,0,0,False,False
Culture,All Ass,11,36,3,22,4,20,True,6,92,4,3.68,0,,14,0,,0,,,0,4,6,2,2,rhyme-before-repeat,,0,0,0,False,False
Culture,All Ass,11,47,5,23,,,False,0,,0,0,0,,2,1,,0,,,0,,0,0,0,,,0,0,0,True,False
Culture,All Ass,11,48,5,24,5,,True,6,,0,0,0,,8,0,26,1,84,rhyme,0,5,0,0,0,,,0,0,1,False,False
Culture,All Ass,11,49,5,25,,,False,0,,0,0,0,,11,1,,0,,,0,,0,0,0,,,0,0,0,False,False
Culture,All Ass,11,50,5,26,5,24,True,6,84,1,0.84,0,,12,0,,0,,,0,5,1,0,0,rhyme,,0,0,1,False,False
Culture,All Ass,11,51,5,27,,,True,4,,0,0,0,,14,2,,0,,,0,,0,0,0,,,0,0,0,False,False
Culture,All Ass,11,52,5,28,5,24,True,6,92,1,0.92,0,,8,0,,0,,,0,5,1,0,0,rhyme,,0,0,1,False,False
Culture,All Ass,11,53,5,29,,,True,6,,0,0,0,,9,0,,0,,,0,,0,0,0,,,0,0,0,False,False
Culture,All Ass,11,54,5,30,6,,True,6,,0,0,0,,14,0,32,1,100,rhyme,0,6,0,0,0,,,0,0,0,False,False
Culture,All Ass,11,55,5,31,,,True,6,,0,0,0,,15,0,,0,,,0,,0,0,0,,,0,0,0,True,False
Culture,All Ass,11,56,5,32,6,30,True,3,100,1,1.0,0,,7,3,,0,,,0,6,1,0,0,rhyme,,0,0,0,False,False
Culture,All Ass,11,57,5,33,6,32,True,1,100,1,1.0,1,100,7,3,,0,,,0,6,1,0,0,rhyme,rhyme,0,1,0,False,False
Culture,All Ass,11,58,5,34,,,False,0,,0,0,0,,8,3,,0,,,0,,0,0,0,,,0,0,0,False,False
Culture,All Ass,11,59,5,35,6,33,True,6,100,1,1.0,0,,11,0,,0,,,0,6,1,0,0,rhyme,,0,0,0,False,False
Culture,All Ass,11,70,7,36,7,,True,4,,0,0,0,,4,0,37,0,,repetition,2,7,0,0,0,,,0,0,1,False,False
Culture,All Ass,11,71,7,37,7,36,True,4,,0,0.0,0,,4,0,,0,,,0,7,2,2,2,repetition,repetition,2,2,1,False,False
Culture,All Ass,11,72,7,38,7,37,True,6,92,1,0.92,1,92,9,0,,0,,,0,7,1,0,0,rhyme,rhyme,0,1,1,False,False
Culture,All Ass,11,73,7,39,,,False,0,,0,0,0,,7,1,,0,,,0,,0,0,0,,,0,0,1,False,False
Culture,All Ass,11,74,7,40,8,,True,6,,0,0,0,,12,0,44,0,,repetition,1,8,0,0,0,,,0,0,0,False,False
Culture,All Ass,11,75,7,41,7,37,True,2,100,1,1.0,0,,5,1,,0,,,0,7,1,0,0,rhyme,,0,0,0,False,False
Culture,All Ass,11,76,7,42,7,41,True,4,92,1,0.92,1,92,10,1,,0,,,0,7,1,0,0,rhyme,rhyme,0,1,0,False,False
Culture,All Ass,11,77,7,43,7,41,True,6,84,2,1.68,1,92,11,0,,0,,,0,7,2,0,0,rhyme,rhyme,0,1,0,False,False
Culture,All Ass,11,78,7,44,8,40,True,6,,0,0.0,0,,13,0,,0,,,0,8,1,1,1,repetition,,0,0,0,False,False
Culture,Kelly Price,12,12,2,0,1,,True,6,,0,0,0,,8,0,1,1,100,rhyme,0,1,0,0,0,,,0,0,1,False,False
Culture,Kelly Price,12,13,2,1,1,0,True,6,100,1,1.0,1,100,8,0,,0,,,0,1,1,0,0,rhyme,rhyme,0,1,2,False,False
Culture,Kelly Price,12,14,2,2,1,0,True,2,100,1,1.0,0,,2,0,,0,,,0,1,1,0,0,rhyme,repetition,2,2,2,False,False
Culture,Kelly Price,12,15,2,3,,,True,6,,0,0,0,,9,0,,0,,,0,,0,0,0,,,0,0,2,False,False
Culture,Kelly Price,12,16,2,4,,,True,5,,0,0,0,,7,1,,0,,,0,,0,0,0,,,0,0,1,False,False
Culture,Kelly Price,12,17,2,5,,,True,6,,0,0,0,,9,1,,0,,,0,,0,0,0,,,0,0,0,False,False
Culture,Kelly Price,12,18,2,6,2,,True,6,,0,0,0,,14,0,7,0,,repetition,5,2,0,0,0,,,0,0,2,False,False
Culture,Kelly Price,12,19,2,7,2,6,True,6,,0,0.0,0,,7,0,,0,,,0,2,5,5,4,repetition,repetition,5,5,1,False,False
Culture,Kelly Price,12,20,2,8,,,True,6,,0,0,0,,10,0,,0,,,0,,0,0,0,,,0,0,1,False,False
Culture,Kelly Price,12,21,2,9,3,,True,6,,0,0,0,,8,0,10,2,92,rhyme-before-repeat,1,3,0,0,0,,,0,0,0,False,False
Culture,Kelly Price,12,22,2,10,3,9,True,6,92,2,1.84,2,92,8,0,,0,,,0,3,3,1,1,rhyme-before-repeat,rhyme-before-repeat,1,3,0,False,False
Culture,Kelly Price,12,23,2,11,,,True,6,,0,0,0,,7,0,,0,,,0,,0,0,0,,,0,0,0,False,False
Culture,Kelly Price,12,24,2,12,,,True,6,,0,0,0,,8,0,,0,,,0,,0,0,0,,,0,0,1,False,False
Culture,Kelly Price,12,25,2,13,,,True,6,,0,0,0,,7,0,,0,,,0,,0,0,0,,,0,0,0,False,False
Culture,Kelly Price,12,26,2,14,4,,True,6,,0,0,0,,7,0,15,1,84,rhyme,0,4,0,0,0,,,0,0,1,False,False
Culture,Kelly Price,12,27,2,15,4,14,True,4,84,1,0.84,1,84,6,1,,0,,,0,4,1,0,0,rhyme,rhyme,0,1,1,False,False
Culture,Kelly Price,12,28,2,16,,,True,6,,0,0,0,,8,0,,0,,,0,,0,0,0,,,0,0,0,False,False
Culture,Kelly Price,12,29,2,17,,,True,6,,0,0,0,,8,0,,0,,,0,,0,0,0,,,0,0,0,False,False
Culture,Kelly Price,12,30,2,18,,,True,6,,0,0,0,,7,0,,0,,,0,,0,0,0,,,0,0,0,False,False
Culture,Kelly Price,12,31,2,19,,,False,0,,0,0,0,,4,2,,0,,,0,,0,0,0,,,0,0,0,False,False
Culture,Kelly Price,12,32,2,20,,,True,5,,0,0,0,,6,1,,0,,,0,,0,0,0,,,0,0,0,False,False
Culture,Kelly Price,12,33,2,21,,,True,6,,0,0,0,,13,0,,0,,,0,,0,0,0,,,0,0,0,False,False
Culture,Kelly Price,12,34,2,22,,,True,6,,0,0,0,,7,0,,0,,,0,,0,0,0,,,0,0,0,False,False
Culture,Kelly Price,12,35,2,23,,,True,6,,0,0,0,,8,0,,0,,,0,,0,0,0,,,0,0,1,False,False
Culture,Kelly Price,12,36,2,24,,,False,0,,0,0,0,,7,6,,0,,,0,,0,0,0,,,0,0,0,True,False
Culture,Kelly Price,12,37,2,25,,,True,1,,0,0,0,,3,2,,0,,,0,,0,0,0,,,0,0,0,False,False
Culture,Kelly Price,12,38,2,26,,,True,5,,0,0,0,,14,1,,0,,,0,,0,0,0,,,0,0,0,False,False
Culture,Kelly Price,12,50,4,27,,,True,4,,0,0,0,,4,0,,0,,,0,,0,0,0,,,0,0,0,False,False
Culture,Kelly Price,12,51,4,28,,,False,0,,0,0,0,,7,1,,0,,,0,,0,0,0,,,0,0,0,False,False
Culture,Kelly Price,12,52,4,29,5,,True,6,,0,0,0,,8,0,32,1,92,rhyme,0,5,0,0,0,,,0,0,0,False,False
Culture,Kelly Price,12,53,4,30,6,,True,3,,0,0,0,,6,1,31,3,84,rhyme,0,6,0,0,0,,,0,0,0,False,False
Culture,Kelly Price,12,54,4,31,6,30,True,6,84,3,2.52,3,84,10,0,,0,,,0,6,3,0,0,rhyme,rhyme,0,3,0,False,False
Culture,Kelly Price,12,55,4,32,5,29,True,6,92,1,0.92,0,,11,0,,0,,,0,5,1,0,0,rhyme,,0,0,1,False,False
Culture,Kelly Price,12,56,4,33,5,32,True,6,92,1,0.92,1,92,10,0,,0,,,0,5,1,0,0,rhyme,rhyme,0,1,1,False,False
Culture,Kelly Price,12,57,4,34,5,33,True,6,100,1,1.0,1,100,8,1,,0,,,0,5,1,0,0,rhyme,rhyme,0,1,1,False,False
Culture,Kelly Price,12,58,4,35,,,True,6,,0,0,0,,9,1,,0,,,0,,0,0,0,,,0,0,0,False,False
Culture,Kelly Price,12,59,4,36,7,,True,3,,0,0,0,,7,1,38,0,,repetition,1,7,0,0,0,,,0,0,1,False,False
Culture,Kelly Price,12,60,4,37,5,34,True,6,84,1,0.84,0,,9,1,,0,,,0,5,1,0,0,rhyme,,0,0,1,True,False
Culture,Kelly Price,12,61,4,38,7,36,True,6,,0,0.0,0,,9,0,,0,,,0,7,1,1,1,repetition,,0,0,0,False,False
Culture,Kelly Price,12,62,4,39,5,37,True,6,100,1,1.0,0,,14,0,,0,,,0,5,3,2,2,rhyme-before-repeat,,0,0,0,True,False
Culture,Kelly Price,12,63,4,40,,,True,2,,0,0,0,,2,0,,0,,,0,,0,0,0,,,0,0,0,False,False
Culture,Kelly Price,12,75,6,41,8,,True,6,,0,0,0,,10,0,42,1,92,rhyme,0,8,0,0,0,,,0,0,1,False,False
Culture,Kelly Price,12,76,6,42,8,41,True,6,92,1,0.92,1,92,9,0,,0,,,0,8,1,0,0,rhyme,rhyme,0,1,1,False,False
Culture,Kelly Price,12,77,6,43,8,42,True,1,92,1,0.92,1,92,10,1,,0,,,0,8,1,0,0,rhyme,rhyme,0,1,1,False,False
Culture,Kelly Price,12,78,6,44,,,True,6,,0,0,0,,13,0,,0,,,0,,0,0,0,,,0,0,0,False,False
Culture,Kelly Price,12,79,6,45,8,43,True,6,92,1,0.92,0,,11,0,,0,,,0,8,1,0,0,rhyme,,0,0,1,False,False
Culture,Kelly Price,12,80,6,46,8,45,True,6,92,1,0.92,1,92,13,0,,0,,,0,8,1,0,0,rhyme,rhyme,0,1,0,False,False
Culture,Kelly Price,12,81,6,47,8,46,True,6,92,1,0.92,1,92,8,0,,0,,,0,8,1,0,0,rhyme,rhyme,0,1,1,False,False
Culture,Kelly Price,12,82,6,48,8,47,True,6,84,2,1.68,2,84,9,0,,0,,,0,8,2,0,0,rhyme,rhyme,0,2,1,False,False
Culture,Kelly Price,12,83,6,49,8,48,True,6,84,2,1.68,2,84,11,0,,0,,,0,8,2,0,0,rhyme,rhyme,0,2,1,False,False
Culture,Kelly Price,12,84,6,50,,,True,6,,0,0,0,,12,0,,0,,,0,,0,0,0,,,0,0,1,False,False
Culture,Kelly Price,12,85,6,51,8,49,True,6,100,1,1.0,0,,11,0,,0,,,0,8,1,0,0,rhyme,,0,0,1,False,False
Culture,Kelly Price,12,86,6,52,8,48,True,6,100,1,1.0,1,92,9,0,,0,,,0,8,1,0,0,rhyme,rhyme,0,1,1,False,False
Culture,Out Yo Way,13,17,3,0,1,,True,6,,0,0,0,,12,0,1,0,,repetition,3,1,0,0,0,,,0,0,0,False,False
Culture,Out Yo Way,13,18,3,1,1,0,True,6,,0,0.0,0,,13,0,,0,,,0,1,3,3,3,repetition,repetition,3,3,0,False,False
Culture,Out Yo Way,13,19,3,2,,,True,6,,0,0,0,,10,0,,0,,,0,,0,0,0,,,0,0,0,False,False
Culture,Out Yo Way,13,20,3,3,2,,True,6,,0,0,0,,11,1,7,1,100,rhyme,0,2,0,0,0,,,0,0,0,False,False
Culture,Out Yo Way,13,21,3,4,3,,True,6,,0,0,0,,10,0,5,0,,repetition,2,3,0,0,0,,,0,0,0,False,False
Culture,Out Yo Way,13,22,3,5,3,4,True,6,,0,0.0,0,,11,0,,0,,,0,3,2,2,2,repetition,repetition,2,2,0,False,False
Culture,Out Yo Way,13,23,3,6,,,True,6,,0,0,0,,12,0,,0,,,0,,0,0,0,,,0,0,0,False,False
Culture,Out Yo Way,13,24,3,7,2,3,True,6,100,1,1.0,0,,13,1,,0,,,0,2,1,0,0,rhyme,,0,0,0,False,False
Culture,Out Yo Way,13,25,3,8,3,5,True,6,92,1,0.92,0,,11,0,,0,,,0,3,1,0,0,rhyme,,0,0,0,False,False
Culture,Out Yo Way,13,26,3,9,,,True,6,,0,0,0,,12,0,,0,,,0,,0,0,0,,,0,0,0,False,False
Culture,Out Yo Way,13,27,3,10,3,8,True,6,92,1,0.92,0,,12,0,,0,,,0,3,2,1,1,rhyme-before-repeat,,0,0,0,False,False
Culture,Out Yo Way,13,28,3,11,,,True,6,,0,0,0,,9,0,,0,,,0,,0,0,0,,,0,0,0,False,False
Culture,Out Yo Way,13,39,5,12,4,,True,6,,0,0,0,,7,0,15,1,84,rhyme,0,4,0,0,0,,,0,0,0,False,False
Culture,Out Yo Way,13,40,5,13,,,True,6,,0,0,0,,9,0,,0,,,0,,0,0,0,,,0,0,0,False,False
Culture,Out Yo Way,13,41,5,14,5,,True,6,,0,0,0,,8,0,18,0,,repetition,6,5,0,0,0,,,0,0,0,False,False
Culture,Out Yo Way,13,42,5,15,4,12,True,6,84,1,0.84,0,,11,0,,0,,,0,4,1,0,0,rhyme,,0,0,0,False,False
Culture,Out Yo Way,13,43,5,16,6,,True,6,,0,0,0,,8,0,17,1,92,rhyme,0,6,0,0,0,,,0,0,0,False,False
Culture,Out Yo Way,13,44,5,17,6,16,True,6,92,1,0.92,1,92,8,0,,0,,,0,6,1,0,0,rhyme,rhyme,0,1,0,False,False
Culture,Out Yo Way,13,45,5,18,5,14,True,6,,0,0.0,0,,8,0,,0,,,0,5,6,6,8,repetition,,0,0,0,False,False
Culture,Out Yo Way,13,46,5,19,6,17,True,6,92,1,0.92,0,,9,0,,0,,,0,6,1,0,0,rhyme,,0,0,0,False,False
Culture,Out Yo Way,13,47,5,20,6,19,True,6,92,1,0.92,1,92,10,1,,0,,,0,6,1,0,0,rhyme,rhyme,0,1,0,False,False
Culture,Out Yo Way,13,48,5,21,6,20,True,6,92,1,0.92,1,92,7,0,,0,,,0,6,1,0,0,rhyme,rhyme,0,1,0,False,False
Culture,Out Yo Way,13,49,5,22,6,21,True,6,84,1,0.84,1,84,9,0,,0,,,0,6,1,0,0,rhyme,rhyme,0,1,0,False,False
Culture,Out Yo Way,13,50,5,23,6,21,True,6,92,1,0.92,1,84,14,0,,0,,,0,6,1,0,0,rhyme,rhyme,0,1,0,False,False
Culture,Out Yo Way,13,51,5,24,,,True,6,,0,0,0,,10,0,,0,,,0,,0,0,0,,,0,0,0,False,False
Culture,Out Yo Way,13,52,5,25,6,21,True,6,92,1,0.92,0,,8,0,,0,,,0,6,1,0,0,rhyme,,0,0,0,False,False
Culture,Out Yo Way,13,53,5,26,6,25,True,6,100,1,1.0,1,100,14,0,,0,,,0,6,1,0,0,rhyme,rhyme,0,1,0,False,False
Culture,Out Yo Way,13,54,5,27,,,True,6,,0,0,0,,9,0,,0,,,0,,0,0,0,,,0,0,0,False,False
Culture,Out Yo Way,13,55,5,28,6,26,True,6,100,1,1.0,0,,7,0,,0,,,0,6,1,0,0,rhyme,,0,0,0,False,False
Culture,Out Yo Way,13,56,5,29,,,True,6,,0,0,0,,8,0,,0,,,0,,0,0,0,,,0,0,0,False,False
Culture,Out Yo Way,13,57,5,30,6,28,True,6,100,1,1.0,0,,7,0,,0,,,0,6,1,0,0,rhyme,,0,0,0,False,False
Culture,Out Yo Way,13,58,5,31,6,30,True,6,100,1,1.0,1,100,9,0,,0,,,0,6,1,0,0,rhyme,rhyme,0,1,0,False,False
Culture,Out Yo Way,13,59,5,32,6,31,True,6,100,1,1.0,1,100,8,0,,0,,,0,6,1,0,0,rhyme,rhyme,0,1,0,False,False
Culture,Out Yo Way,13,70,7,33,7,,True,6,,0,0,0,,9,0,34,0,,repetition,1,7,0,0,0,,,0,0,0,False,False
Culture,Out Yo Way,13,71,7,34,7,33,True,6,,0,0.0,0,,9,0,,0,,,0,7,1,1,1,repetition,repetition,1,1,0,False,False
Culture,Out Yo Way,13,72,7,35,8,,True,6,,0,0,0,,9,0,36,1,92,rhyme,0,8,0,0,0,,,0,0,0,False,False
Culture,Out Yo Way,13,73,7,36,8,35,True,6,92,1,0.92,1,92,10,0,,0,,,0,8,1,0,0,rhyme,rhyme,0,1,1,False,False
Culture,Out Yo Way,13,74,7,37,8,36,True,6,92,1,0.92,1,92,8,0,,0,,,0,8,1,0,0,rhyme,rhyme,0,1,0,False,False
Culture,Out Yo Way,13,75,7,38,8,36,True,6,92,1,0.92,0,,11,0,,0,,,0,8,1,0,0,rhyme,repetition,1,1,0,False,False
Culture,Out Yo Way,13,76,7,39,8,36,True,6,92,1,0.92,0,,11,0,,0,,,0,8,1,0,0,rhyme,repetition,1,1,0,False,False
Culture,Out Yo Way,13,77,7,40,9,,True,6,,0,0,0,,10,0,42,0,,repetition,1,9,0,0,0,,,0,0,0,False,False
Culture,Out Yo Way,13,78,7,41,,,True,6,,0,0,0,,9,0,,0,,,0,,0,0,0,,,0,0,0,False,False
Culture,Out Yo Way,13,79,7,42,9,40,True,2,,0,0.0,0,,9,1,,0,,,0,9,1,1,1,repetition,,0,0,0,False,False
Culture,Out Yo Way,13,80,7,43,9,42,True,6,92,1,0.92,1,92,12,0,,0,,,0,9,1,0,0,rhyme,rhyme,0,1,0,False,False
Culture,Out Yo Way,13,81,7,44,10,,True,2,,0,0,0,,9,1,45,2,92,rhyme,0,10,0,0,0,,,0,0,0,False,False
Culture,Out Yo Way,13,82,7,45,10,44,True,6,92,2,1.84,2,92,9,0,,0,,,0,10,2,0,0,rhyme,rhyme,0,2,0,False,False
Culture,Out Yo Way,13,83,7,46,10,45,True,6,92,3,2.76,3,92,11,0,,0,,,0,10,3,0,0,rhyme,rhyme,0,3,0,False,False
Culture,Out Yo Way,13,84,7,47,10,46,True,6,100,1,1.0,1,100,11,0,,0,,,0,10,1,0,0,rhyme,rhyme,0,1,0,False,False
Culture,Out Yo Way,13,85,7,48,11,,True,6,,0,0,0,,9,0,49,0,,repetition,1,11,0,0,0,,,0,0,0,False,False
Culture,Out Yo Way,13,86,7,49,11,48,True,6,,0,0.0,0,,8,0,,0,,,0,11,1,1,1,repetition,repetition,1,1,0,False,False
Culture,Out Yo Way,13,87,7,50,11,49,True,4,92,1,0.92,1,92,8,1,,0,,,0,11,1,0,0,rhyme,rhyme,0,1,0,False,False
Culture,Out Yo Way,13,88,7,51,11,50,True,6,100,1,1.0,1,100,10,0,,0,,,0,11,1,0,0,rhyme,rhyme,0,1,0,False,False
