year,word,count,songs,song_pct,per_10k
1990,aiyyo,15,268,2.985,0.9639
1990,ap,0,268,0.0,0.0
1990,baddie,0,268,0.0,0.0
1990,bah,0,268,0.0,0.0
1990,balls,6,268,2.239,0.3856
1990,bands,4,268,0.746,0.2571
1990,bankroll,3,268,1.119,0.1928
1990,baow,0,268,0.0,0.0
1990,beef,13,268,3.731,0.8354
1990,betta,3,268,1.119,0.1928
1990,bitches,39,268,6.716,2.5062
1990,blatt,0,268,0.0,0.0
1990,blick,0,268,0.0,0.0
1990,blunts,2,268,0.746,0.1285
1990,bringin,6,268,1.866,0.3856
1990,brrt,0,268,0.0,0.0
1990,bust,73,268,20.522,4.6912
1990,bustin,12,268,3.731,0.7712
1990,carti,0,268,0.0,0.0
1990,choppa,0,268,0.0,0.0
1990,chopper,1,268,0.373,0.0643
1990,choppers,0,268,0.0,0.0
1990,cocked,4,268,1.493,0.2571
1990,compton,10,268,1.866,0.6426
1990,coochie,0,268,0.0,0.0
1990,crib,13,268,4.104,0.8354
1990,cube,59,268,8.582,3.7915
1990,dawg,1,268,0.373,0.0643
1990,dem,15,268,0.746,0.9639
1990,deuce,6,268,1.493,0.3856
1990,dick,155,268,15.299,9.9607
1990,diss,22,268,7.463,1.4138
1990,dogg,1,268,0.373,0.0643
1990,dome,7,268,2.612,0.4498
1990,doo,8,268,1.866,0.5141
1990,draco,0,268,0.0,0.0
1990,drip,1,268,0.373,0.0643
1990,duck,11,268,3.358,0.7069
1990,dutch,0,268,0.0,0.0
1990,fat,40,268,12.313,2.5705
1990,feds,6,268,2.239,0.3856
1990,fee,4,268,1.493,0.2571
1990,fiend,14,268,3.731,0.8997
1990,flex,22,268,8.209,1.4138
1990,flocka,0,268,0.0,0.0
1990,gang,18,268,5.597,1.1567
1990,gangsta,25,268,4.851,1.6066
1990,gangstas,1,268,0.373,0.0643
1990,gat,13,268,3.358,0.8354
1990,geah,0,268,0.0,0.0
1990,geeked,0,268,0.0,0.0
1990,geekin,1,268,0.373,0.0643
1990,ghetto,84,268,6.716,5.3981
1990,glock,0,268,0.0,0.0
1990,glocks,0,268,0.0,0.0
1990,goons,2,268,0.373,0.1285
1990,gram,2,268,0.746,0.1285
1990,grams,0,268,0.0,0.0
1990,grill,3,268,0.746,0.1928
1990,grrah,0,268,0.0,0.0
1990,grrt,0,268,0.0,0.0
1990,guap,0,268,0.0,0.0
1990,guwop,0,268,0.0,0.0
1990,haters,0,268,0.0,0.0
1990,heart,41,268,11.194,2.6348
1990,hella,0,268,0.0,0.0
1990,henny,0,268,0.0,0.0
1990,ho,83,268,14.925,5.3338
1990,hoes,54,268,9.328,3.4702
1990,hol,0,268,0.0,0.0
1990,homey,5,268,1.866,0.3213
1990,homie,12,268,3.358,0.7712
1990,ima,2,268,0.373,0.1285
1990,killa,0,268,0.0,0.0
1990,kush,0,268,0.0,0.0
1990,lambo,0,268,0.0,0.0
1990,lame,4,268,1.493,0.2571
1990,latto,0,268,0.0,0.0
1990,lit,3,268,1.119,0.1928
1990,louie,0,268,0.0,0.0
1990,love,240,268,38.433,15.4231
1990,lyrics,37,268,10.075,2.3777
1990,mane,0,268,0.0,0.0
1990,maybach,0,268,0.0,0.0
1990,mayne,9,268,1.119,0.5784
1990,mc's,39,268,7.463,2.5062
1990,mcs,21,268,5.597,1.3495
1990,mixtape,0,268,0.0,0.0
1990,mob,30,268,4.851,1.9279
1990,money,113,268,28.731,7.2617
1990,montana,1,268,0.373,0.0643
1990,mothafuckin,2,268,0.746,0.1285
1990,motherfuckin,32,268,5.597,2.0564
1990,motherfucking,34,268,4.851,2.1849
1990,murda,0,268,0.0,0.0
1990,muthafucka,15,268,2.239,0.9639
1990,muthafuckas,7,268,1.493,0.4498
1990,muthafuckin,6,268,1.493,0.3856
1990,mwah,0,268,0.0,0.0
1990,nigga,143,268,17.537,9.1896
1990,nigga's,6,268,1.866,0.3856
1990,niggas,59,268,9.701,3.7915
1990,nuts,13,268,3.731,0.8354
1990,nuttin,27,268,3.358,1.7351
1990,og,0,268,0.0,0.0
1990,opp,0,268,0.0,0.0
1990,opps,0,268,0.0,0.0
1990,pac,1,268,0.373,0.0643
1990,pain,19,268,5.224,1.221
1990,pants,26,268,9.328,1.6708
1990,patek,0,268,0.0,0.0
1990,perc,0,268,0.0,0.0
1990,percs,0,268,0.0,0.0
1990,perky,0,268,0.0,0.0
1990,phew,0,268,0.0,0.0
1990,pimp,21,268,4.478,1.3495
1990,pimpin,10,268,2.239,0.6426
1990,po,0,268,0.0,0.0
1990,police,43,268,7.463,2.7633
1990,poppin,12,268,3.731,0.7712
1990,projects,5,268,1.493,0.3213
1990,purp,0,268,0.0,0.0
1990,pussy,58,268,8.209,3.7272
1990,racks,1,268,0.373,0.0643
1990,rap,158,268,26.493,10.1535
1990,rapper,39,268,10.075,2.5062
1990,rappers,24,268,6.716,1.5423
1990,rappin,15,268,4.851,0.9639
1990,raps,14,268,3.358,0.8997
1990,rep,7,268,2.612,0.4498
1990,rick,2,268,0.746,0.1285
1990,rollie,0,268,0.0,0.0
1990,shooters,0,268,0.0,0.0
1990,sippin,4,268,1.493,0.2571
1990,skrr,0,268,0.0,0.0
1990,skrrt,0,268,0.0,0.0
1990,skrt,0,268,0.0,0.0
1990,slangin,3,268,1.119,0.1928
1990,slatt,0,268,0.0,0.0
1990,slick,10,268,3.358,0.6426
1990,slime,1,268,0.373,0.0643
1990,slugs,0,268,0.0,0.0
1990,snitch,1,268,0.373,0.0643
1990,snoop,0,268,0.0,0.0
1990,sosa,0,268,0.0,0.0
1990,soulja,0,268,0.0,0.0
1990,squad,7,268,2.612,0.4498
1990,stash,0,268,0.0,0.0
1990,strap,4,268,1.493,0.2571
1990,strapped,6,268,1.866,0.3856
1990,stunt,7,268,1.866,0.4498
1990,stuntin,0,268,0.0,0.0
1990,tec,3,268,1.119,0.1928
1990,tech,2,268,0.746,0.1285
1990,tha,7,268,2.239,0.4498
1990,thats,3,268,1.119,0.1928
1990,thot,0,268,0.0,0.0
1990,thots,0,268,0.0,0.0
1990,thug,2,268,0.746,0.1285
1990,thugger,0,268,0.0,0.0
1990,thuggin,1,268,0.373,0.0643
1990,trap,4,268,1.493,0.2571
1990,trappin,1,268,0.373,0.0643
1990,trapping,0,268,0.0,0.0
1990,trim,0,268,0.0,0.0
1990,triple,7,268,1.493,0.4498
1990,tuh,0,268,0.0,0.0
1990,turnt,0,268,0.0,0.0
1990,twerk,0,268,0.0,0.0
1990,ugh,36,268,1.119,2.3135
1990,unit,1,268,0.373,0.0643
1990,vibe,8,268,2.985,0.5141
1990,vvs,0,268,0.0,0.0
1990,wack,18,268,6.343,1.1567
1990,waka,0,268,0.0,0.0
1990,wheezy,1,268,0.373,0.0643
1990,wu,0,268,0.0,0.0
1990,xans,0,268,0.0,0.0
1990,yup,0,268,0.0,0.0
1991,aiyyo,20,489,3.272,0.7256
1991,ap,0,489,0.0,0.0
1991,baddie,0,489,0.0,0.0
1991,bah,21,489,0.613,0.7619
1991,balls,27,489,4.294,0.9796
1991,bands,0,489,0.0,0.0
1991,bankroll,1,489,0.204,0.0363
1991,baow,0,489,0.0,0.0
1991,beef,29,489,5.521,1.0521
1991,betta,3,489,0.409,0.1088
1991,bitches,127,489,11.861,4.6076
1991,blatt,0,489,0.0,0.0
1991,blick,0,489,0.0,0.0
1991,blunts,3,489,0.613,0.1088
1991,bringin,16,489,2.863,0.5805
1991,brrt,0,489,0.0,0.0
1991,bust,103,489,16.564,3.7369
1991,bustin,22,489,4.09,0.7982
1991,carti,0,489,0.0,0.0
1991,choppa,0,489,0.0,0.0
1991,chopper,1,489,0.204,0.0363
1991,choppers,0,489,0.0,0.0
1991,cocked,5,489,1.022,0.1814
1991,compton,30,489,3.272,1.0884
1991,coochie,11,489,0.409,0.3991
1991,crib,33,489,6.339,1.1973
1991,cube,42,489,4.294,1.5238
1991,dawg,5,489,1.022,0.1814
1991,dem,17,489,0.818,0.6168
1991,deuce,7,489,0.818,0.254
1991,dick,191,489,16.155,6.9296
1991,diss,47,489,8.18,1.7052
1991,dogg,1,489,0.204,0.0363
1991,dome,11,489,2.249,0.3991
1991,doo,87,489,3.476,3.1564
1991,draco,0,489,0.0,0.0
1991,drip,5,489,1.022,0.1814
1991,duck,29,489,4.908,1.0521
1991,dutch,2,489,0.409,0.0726
1991,fat,68,489,10.02,2.4671
1991,feds,6,489,1.227,0.2177
1991,fee,11,489,1.84,0.3991
1991,fiend,19,489,3.272,0.6893
1991,flex,25,489,4.294,0.907
1991,flocka,0,489,0.0,0.0
1991,gang,43,489,5.726,1.5601
1991,gangsta,31,489,3.476,1.1247
1991,gangstas,1,489,0.204,0.0363
1991,gat,41,489,4.908,1.4875
1991,geah,0,489,0.0,0.0
1991,geeked,0,489,0.0,0.0
1991,geekin,0,489,0.0,0.0
1991,ghetto,45,489,6.135,1.6326
1991,glock,13,489,2.045,0.4716
1991,glocks,0,489,0.0,0.0
1991,goons,0,489,0.0,0.0
1991,gram,3,489,0.613,0.1088
1991,grams,0,489,0.0,0.0
1991,grill,42,489,3.067,1.5238
1991,grrah,0,489,0.0,0.0
1991,grrt,0,489,0.0,0.0
1991,guap,0,489,0.0,0.0
1991,guwop,0,489,0.0,0.0
1991,haters,0,489,0.0,0.0
1991,heart,75,489,13.292,2.721
1991,hella,4,489,0.818,0.1451
1991,henny,0,489,0.0,0.0
1991,ho,273,489,13.906,9.9046
1991,hoes,132,489,12.27,4.789
1991,hol,0,489,0.0,0.0
1991,homey,10,489,1.84,0.3628
1991,homie,38,489,5.521,1.3787
1991,ima,2,489,0.409,0.0726
1991,killa,3,489,0.613,0.1088
1991,kush,1,489,0.204,0.0363
1991,lambo,1,489,0.204,0.0363
1991,lame,10,489,2.045,0.3628
1991,latto,0,489,0.0,0.0
1991,lit,10,489,2.045,0.3628
1991,louie,2,489,0.204,0.0726
1991,love,475,489,32.72,17.2333
1991,lyrics,86,489,13.292,3.1201
1991,mane,2,489,0.409,0.0726
1991,maybach,0,489,0.0,0.0
1991,mayne,3,489,0.204,0.1088
1991,mc's,50,489,6.135,1.814
1991,mcs,23,489,2.658,0.8345
1991,mixtape,0,489,0.0,0.0
1991,mob,29,489,3.476,1.0521
1991,money,301,489,24.949,10.9205
1991,montana,2,489,0.409,0.0726
1991,mothafuckin,18,489,1.227,0.6531
1991,motherfuckin,191,489,11.656,6.9296
1991,motherfucking,26,489,3.681,0.9433
1991,murda,0,489,0.0,0.0
1991,muthafucka,17,489,2.454,0.6168
1991,muthafuckas,8,489,0.818,0.2902
1991,muthafuckin,20,489,2.045,0.7256
1991,mwah,0,489,0.0,0.0
1991,nigga,569,489,26.585,20.6437
1991,nigga's,18,489,3.476,0.6531
1991,niggas,332,489,20.245,12.0452
1991,nuts,31,489,4.09,1.1247
1991,nuttin,41,489,3.476,1.4875
1991,og,1,489,0.204,0.0363
1991,opp,0,489,0.0,0.0
1991,opps,0,489,0.0,0.0
1991,pac,21,489,2.045,0.7619
1991,pain,47,489,7.566,1.7052
1991,pants,27,489,4.908,0.9796
1991,patek,0,489,0.0,0.0
1991,perc,0,489,0.0,0.0
1991,percs,0,489,0.0,0.0
1991,perky,0,489,0.0,0.0
1991,phew,0,489,0.0,0.0
1991,pimp,40,489,5.521,1.4512
1991,pimpin,5,489,0.613,0.1814
1991,po,13,489,1.431,0.4716
1991,police,52,489,7.566,1.8866
1991,poppin,20,489,3.681,0.7256
1991,projects,9,489,1.84,0.3265
1991,purp,0,489,0.0,0.0
1991,pussy,124,489,10.429,4.4988
1991,racks,2,489,0.409,0.0726
1991,rap,204,489,23.517,7.4013
1991,rapper,38,489,5.726,1.3787
1991,rappers,47,489,6.135,1.7052
1991,rappin,43,489,5.112,1.5601
1991,raps,17,489,3.067,0.6168
1991,rep,14,489,2.249,0.5079
1991,rick,7,489,1.227,0.254
1991,rollie,0,489,0.0,0.0
1991,shooters,0,489,0.0,0.0
1991,sippin,10,489,2.045,0.3628
1991,skrr,0,489,0.0,0.0
1991,skrrt,0,489,0.0,0.0
1991,skrt,0,489,0.0,0.0
1991,slangin,11,489,1.636,0.3991
1991,slatt,0,489,0.0,0.0
1991,slick,31,489,6.135,1.1247
1991,slime,0,489,0.0,0.0
1991,slugs,5,489,1.022,0.1814
1991,snitch,7,489,1.227,0.254
1991,snoop,0,489,0.0,0.0
1991,sosa,0,489,0.0,0.0
1991,soulja,0,489,0.0,0.0
1991,squad,13,489,2.658,0.4716
1991,stash,4,489,0.818,0.1451
1991,strap,3,489,0.613,0.1088
1991,strapped,14,489,2.863,0.5079
1991,stunt,5,489,0.818,0.1814
1991,stuntin,0,489,0.0,0.0
1991,tec,8,489,1.636,0.2902
1991,tech,2,489,0.409,0.0726
1991,tha,9,489,0.613,0.3265
1991,thats,6,489,1.227,0.2177
1991,thot,0,489,0.0,0.0
1991,thots,0,489,0.0,0.0
1991,thug,3,489,0.613,0.1088
1991,thugger,0,489,0.0,0.0
1991,thuggin,0,489,0.0,0.0
1991,trap,10,489,1.636,0.3628
1991,trappin,0,489,0.0,0.0
1991,trapping,0,489,0.0,0.0
1991,trim,3,489,0.613,0.1088
1991,triple,16,489,2.045,0.5805
1991,tuh,0,489,0.0,0.0
1991,turnt,0,489,0.0,0.0
1991,twerk,0,489,0.0,0.0
1991,ugh,10,489,1.636,0.3628
1991,unit,19,489,2.454,0.6893
1991,vibe,7,489,1.431,0.254
1991,vvs,0,489,0.0,0.0
1991,wack,74,489,11.656,2.6848
1991,waka,0,489,0.0,0.0
1991,wheezy,0,489,0.0,0.0
1991,wu,1,489,0.204,0.0363
1991,xans,0,489,0.0,0.0
1991,yup,14,489,1.431,0.5079
1992,aiyyo,23,369,5.149,1.098
1992,ap,0,369,0.0,0.0
1992,baddie,0,369,0.0,0.0
1992,bah,0,369,0.0,0.0
1992,balls,12,369,3.252,0.5729
1992,bands,0,369,0.0,0.0
1992,bankroll,5,369,1.355,0.2387
1992,baow,0,369,0.0,0.0
1992,beef,26,369,6.504,1.2413
1992,betta,8,369,1.897,0.3819
1992,bitches,103,369,13.55,4.9173
1992,blatt,0,369,0.0,0.0
1992,blick,0,369,0.0,0.0
1992,blunts,25,369,5.691,1.1935
1992,bringin,14,369,2.168,0.6684
1992,brrt,0,369,0.0,0.0
1992,bust,163,369,28.726,7.7817
1992,bustin,15,369,3.794,0.7161
1992,carti,0,369,0.0,0.0
1992,choppa,0,369,0.0,0.0
1992,chopper,3,369,0.542,0.1432
1992,choppers,0,369,0.0,0.0
1992,cocked,6,369,1.626,0.2864
1992,compton,37,369,5.149,1.7664
1992,coochie,4,369,0.813,0.191
1992,crib,15,369,3.794,0.7161
1992,cube,40,369,4.878,1.9096
1992,dawg,6,369,1.355,0.2864
1992,dem,62,369,3.523,2.9599
1992,deuce,19,369,3.252,0.9071
1992,dick,181,369,18.157,8.641
1992,diss,32,369,6.775,1.5277
1992,dogg,34,369,2.981,1.6232
1992,dome,22,369,4.607,1.0503
1992,doo,41,369,3.523,1.9574
1992,draco,0,369,0.0,0.0
1992,drip,13,369,1.897,0.6206
1992,duck,48,369,8.672,2.2915
1992,dutch,2,369,0.542,0.0955
1992,fat,145,369,21.409,6.9224
1992,feds,6,369,1.626,0.2864
1992,fee,7,369,1.897,0.3342
1992,fiend,19,369,3.794,0.9071
1992,flex,29,369,7.046,1.3845
1992,flocka,0,369,0.0,0.0
1992,gang,29,369,7.317,1.3845
1992,gangsta,102,369,9.214,4.8695
1992,gangstas,1,369,0.271,0.0477
1992,gat,65,369,11.111,3.1031
1992,geah,0,369,0.0,0.0
1992,geeked,0,369,0.0,0.0
1992,geekin,0,369,0.0,0.0
1992,ghetto,42,369,8.13,2.0051
1992,glock,17,369,4.065,0.8116
1992,glocks,3,369,0.542,0.1432
1992,goons,1,369,0.271,0.0477
1992,gram,0,369,0.0,0.0
1992,grams,0,369,0.0,0.0
1992,grill,11,369,2.981,0.5251
1992,grrah,0,369,0.0,0.0
1992,grrt,0,369,0.0,0.0
1992,guap,0,369,0.0,0.0
1992,guwop,0,369,0.0,0.0
1992,haters,0,369,0.0,0.0
1992,heart,56,369,9.214,2.6735
1992,hella,8,369,1.355,0.3819
1992,henny,1,369,0.271,0.0477
1992,ho,235,369,19.512,11.219
1992,hoes,110,369,14.634,5.2514
1992,hol,2,369,0.542,0.0955
1992,homey,6,369,1.355,0.2864
1992,homie,39,369,6.775,1.8619
1992,ima,0,369,0.0,0.0
1992,killa,3,369,0.542,0.1432
1992,kush,0,369,0.0,0.0
1992,lambo,0,369,0.0,0.0
1992,lame,3,369,0.813,0.1432
1992,latto,0,369,0.0,0.0
1992,lit,9,369,2.439,0.4297
1992,louie,42,369,0.271,2.0051
1992,love,170,369,21.68,8.1159
1992,lyrics,45,369,9.214,2.1483
1992,mane,0,369,0.0,0.0
1992,maybach,0,369,0.0,0.0
1992,mayne,0,369,0.0,0.0
1992,mc's,53,369,8.13,2.5302
1992,mcs,29,369,3.523,1.3845
1992,mixtape,1,369,0.271,0.0477
1992,mob,15,369,3.523,0.7161
1992,money,189,369,25.474,9.0229
1992,montana,1,369,0.271,0.0477
1992,mothafuckin,1,369,0.271,0.0477
1992,motherfuckin,145,369,15.447,6.9224
1992,motherfucking,34,369,4.607,1.6232
1992,murda,18,369,0.813,0.8593
1992,muthafucka,26,369,3.794,1.2413
1992,muthafuckas,11,369,1.897,0.5251
1992,muthafuckin,54,369,2.981,2.578
1992,mwah,0,369,0.0,0.0
1992,nigga,611,369,33.333,29.1694
1992,nigga's,16,369,3.523,0.7638
1992,niggas,293,369,26.016,13.988
1992,nuts,56,369,8.943,2.6735
1992,nuttin,24,369,4.878,1.1458
1992,og,5,369,1.084,0.2387
1992,opp,0,369,0.0,0.0
1992,opps,1,369,0.271,0.0477
1992,pac,4,369,1.084,0.191
1992,pain,59,369,9.485,2.8167
1992,pants,21,369,5.42,1.0025
1992,patek,0,369,0.0,0.0
1992,perc,0,369,0.0,0.0
1992,percs,0,369,0.0,0.0
1992,perky,0,369,0.0,0.0
1992,phew,0,369,0.0,0.0
1992,pimp,46,369,9.214,2.1961
1992,pimpin,17,369,3.252,0.8116
1992,po,5,369,1.084,0.2387
1992,police,41,369,9.214,1.9574
1992,poppin,13,369,2.71,0.6206
1992,projects,14,369,3.252,0.6684
1992,purp,0,369,0.0,0.0
1992,pussy,107,369,11.382,5.1082
1992,racks,1,369,0.271,0.0477
1992,rap,164,369,23.848,7.8294
1992,rapper,31,369,6.504,1.48
1992,rappers,43,369,6.775,2.0528
1992,rappin,20,369,4.878,0.9548
1992,raps,29,369,6.504,1.3845
1992,rep,15,369,3.794,0.7161
1992,rick,6,369,1.626,0.2864
1992,rollie,0,369,0.0,0.0
1992,shooters,1,369,0.271,0.0477
1992,sippin,7,369,1.626,0.3342
1992,skrr,0,369,0.0,0.0
1992,skrrt,0,369,0.0,0.0
1992,skrt,0,369,0.0,0.0
1992,slangin,16,369,3.794,0.7638
1992,slatt,0,369,0.0,0.0
1992,slick,27,369,6.504,1.289
1992,slime,0,369,0.0,0.0
1992,slugs,2,369,0.542,0.0955
1992,snitch,7,369,1.626,0.3342
1992,snoop,19,369,2.71,0.9071
1992,sosa,0,369,0.0,0.0
1992,soulja,0,369,0.0,0.0
1992,squad,22,369,4.065,1.0503
1992,stash,5,369,1.355,0.2387
1992,strap,24,369,4.065,1.1458
1992,strapped,21,369,5.149,1.0025
1992,stunt,8,369,2.168,0.3819
1992,stuntin,0,369,0.0,0.0
1992,tec,14,369,3.252,0.6684
1992,tech,4,369,1.084,0.191
1992,tha,32,369,2.71,1.5277
1992,thats,6,369,1.084,0.2864
1992,thot,0,369,0.0,0.0
1992,thots,0,369,0.0,0.0
1992,thug,3,369,0.813,0.1432
1992,thugger,0,369,0.0,0.0
1992,thuggin,0,369,0.0,0.0
1992,trap,6,369,1.626,0.2864
1992,trappin,0,369,0.0,0.0
1992,trapping,0,369,0.0,0.0
1992,trim,3,369,0.813,0.1432
1992,triple,7,369,1.897,0.3342
1992,tuh,0,369,0.0,0.0
1992,turnt,0,369,0.0,0.0
1992,twerk,0,369,0.0,0.0
1992,ugh,34,369,0.813,1.6232
1992,unit,6,369,0.542,0.2864
1992,vibe,41,369,2.439,1.9574
1992,vvs,0,369,0.0,0.0
1992,wack,77,369,12.466,3.676
1992,waka,0,369,0.0,0.0
1992,wheezy,0,369,0.0,0.0
1992,wu,48,369,1.355,2.2915
1992,xans,0,369,0.0,0.0
1992,yup,7,369,1.084,0.3342
1993,aiyyo,37,556,3.237,1.0772
1993,ap,0,556,0.0,0.0
1993,baddie,0,556,0.0,0.0
1993,bah,0,556,0.0,0.0
1993,balls,23,556,2.878,0.6696
1993,bands,0,556,0.0,0.0
1993,bankroll,0,556,0.0,0.0
1993,baow,0,556,0.0,0.0
1993,beef,53,556,7.914,1.5431
1993,betta,8,556,1.079,0.2329
1993,bitches,238,556,17.446,6.9293
1993,blatt,0,556,0.0,0.0
1993,blick,0,556,0.0,0.0
1993,blunts,21,556,3.417,0.6114
1993,bringin,18,556,2.878,0.5241
1993,brrt,0,556,0.0,0.0
1993,bust,200,556,24.82,5.823
1993,bustin,29,556,4.676,0.8443
1993,carti,0,556,0.0,0.0
1993,choppa,0,556,0.0,0.0
1993,chopper,2,556,0.36,0.0582
1993,choppers,3,556,0.54,0.0873
1993,cocked,12,556,1.978,0.3494
1993,compton,46,556,3.777,1.3393
1993,coochie,11,556,1.619,0.3203
1993,crib,20,556,3.417,0.5823
1993,cube,37,556,3.417,1.0772
1993,dawg,11,556,1.619,0.3203
1993,dem,133,556,2.878,3.8723
1993,deuce,27,556,3.597,0.7861
1993,dick,231,556,17.986,6.7255
1993,diss,62,556,8.453,1.8051
1993,dogg,245,556,6.115,7.1331
1993,dome,44,556,5.576,1.2811
1993,doo,120,556,3.957,3.4938
1993,draco,0,556,0.0,0.0
1993,drip,7,556,1.259,0.2038
1993,duck,35,556,4.676,1.019
1993,dutch,5,556,0.899,0.1456
1993,fat,321,556,25.54,9.3458
1993,feds,6,556,1.079,0.1747
1993,fee,6,556,1.079,0.1747
1993,fiend,13,556,2.158,0.3785
1993,flex,66,556,5.755,1.9216
1993,flocka,0,556,0.0,0.0
1993,gang,52,556,7.014,1.514
1993,gangsta,117,556,12.05,3.4064
1993,gangstas,13,556,1.978,0.3785
1993,gat,92,556,11.331,2.6786
1993,geah,0,556,0.0,0.0
1993,geeked,0,556,0.0,0.0
1993,geekin,0,556,0.0,0.0
1993,ghetto,128,556,11.331,3.7267
1993,glock,100,556,12.05,2.9115
1993,glocks,13,556,2.158,0.3785
1993,goons,0,556,0.0,0.0
1993,gram,2,556,0.36,0.0582
1993,grams,1,556,0.18,0.0291
1993,grill,24,556,2.878,0.6988
1993,grrah,0,556,0.0,0.0
1993,grrt,0,556,0.0,0.0
1993,guap,0,556,0.0,0.0
1993,guwop,0,556,0.0,0.0
1993,haters,7,556,0.899,0.2038
1993,heart,73,556,9.712,2.1254
1993,hella,10,556,1.619,0.2911
1993,henny,2,556,0.36,0.0582
1993,ho,291,556,20.863,8.4724
1993,hoes,210,556,18.525,6.1141
1993,hol,0,556,0.0,0.0
1993,homey,10,556,1.439,0.2911
1993,homie,61,556,7.374,1.776
1993,ima,0,556,0.0,0.0
1993,killa,48,556,2.878,1.3975
1993,kush,0,556,0.0,0.0
1993,lambo,0,556,0.0,0.0
1993,lame,10,556,1.799,0.2911
1993,latto,0,556,0.0,0.0
1993,lit,16,556,2.878,0.4658
1993,louie,1,556,0.18,0.0291
1993,love,497,556,33.273,14.4701
1993,lyrics,103,556,7.014,2.9988
1993,mane,9,556,1.619,0.262
1993,maybach,0,556,0.0,0.0
1993,mayne,5,556,0.719,0.1456
1993,mc's,48,556,5.396,1.3975
1993,mcs,46,556,4.317,1.3393
1993,mixtape,0,556,0.0,0.0
1993,mob,31,556,3.777,0.9026
1993,money,244,556,22.482,7.104
1993,montana,2,556,0.36,0.0582
1993,mothafuckin,16,556,1.619,0.4658
1993,motherfuckin,410,556,22.122,11.9371
1993,motherfucking,86,556,5.216,2.5039
1993,murda,16,556,0.18,0.4658
1993,muthafucka,47,556,3.777,1.3684
1993,muthafuckas,32,556,3.058,0.9317
1993,muthafuckin,59,556,4.317,1.7178
1993,mwah,1,556,0.18,0.0291
1993,nigga,1198,556,46.403,34.8795
1993,nigga's,45,556,6.295,1.3102
1993,niggas,1059,556,44.065,30.8326
1993,nuts,78,556,11.511,2.271
1993,nuttin,75,556,4.496,2.1836
1993,og,5,556,0.719,0.1456
1993,opp,1,556,0.18,0.0291
1993,opps,0,556,0.0,0.0
1993,pac,33,556,2.338,0.9608
1993,pain,49,556,6.475,1.4266
1993,pants,27,556,4.856,0.7861
1993,patek,0,556,0.0,0.0
1993,perc,0,556,0.0,0.0
1993,percs,0,556,0.0,0.0
1993,perky,0,556,0.0,0.0
1993,phew,0,556,0.0,0.0
1993,pimp,85,556,7.194,2.4748
1993,pimpin,12,556,2.158,0.3494
1993,po,42,556,3.058,1.2228
1993,police,99,556,8.633,2.8824
1993,poppin,17,556,3.058,0.495
1993,projects,19,556,3.237,0.5532
1993,purp,0,556,0.0,0.0
1993,pussy,86,556,7.194,2.5039
1993,racks,2,556,0.36,0.0582
1993,rap,253,556,25.719,7.366
1993,rapper,53,556,7.374,1.5431
1993,rappers,79,556,9.892,2.3001
1993,rappin,37,556,6.115,1.0772
1993,raps,32,556,5.036,0.9317
1993,rep,30,556,4.137,0.8734
1993,rick,7,556,1.259,0.2038
1993,rollie,0,556,0.0,0.0
1993,shooters,0,556,0.0,0.0
1993,sippin,20,556,2.158,0.5823
1993,skrr,0,556,0.0,0.0
1993,skrrt,0,556,0.0,0.0
1993,skrt,0,556,0.0,0.0
1993,slangin,6,556,0.899,0.1747
1993,slatt,0,556,0.0,0.0
1993,slick,39,556,6.475,1.1355
1993,slime,1,556,0.18,0.0291
1993,slugs,7,556,1.259,0.2038
1993,snitch,14,556,2.338,0.4076
1993,snoop,145,556,5.935,4.2216
1993,sosa,0,556,0.0,0.0
1993,soulja,5,556,0.54,0.1456
1993,squad,25,556,3.597,0.7279
1993,stash,14,556,2.518,0.4076
1993,strap,62,556,5.036,1.8051
1993,strapped,33,556,5.216,0.9608
1993,stunt,7,556,0.899,0.2038
1993,stuntin,0,556,0.0,0.0
1993,tec,35,556,4.137,1.019
1993,tech,6,556,0.899,0.1747
1993,tha,40,556,3.957,1.1646
1993,thats,6,556,0.899,0.1747
1993,thot,0,556,0.0,0.0
1993,thots,0,556,0.0,0.0
1993,thug,66,556,3.957,1.9216
1993,thugger,0,556,0.0,0.0
1993,thuggin,3,556,0.54,0.0873
1993,trap,6,556,1.079,0.1747
1993,trappin,0,556,0.0,0.0
1993,trapping,0,556,0.0,0.0
1993,trim,0,556,0.0,0.0
1993,triple,14,556,2.518,0.4076
1993,tuh,0,556,0.0,0.0
1993,turnt,0,556,0.0,0.0
1993,twerk,0,556,0.0,0.0
1993,ugh,30,556,1.439,0.8734
1993,unit,18,556,2.158,0.5241
1993,vibe,40,556,3.957,1.1646
1993,vvs,0,556,0.0,0.0
1993,wack,53,556,7.374,1.5431
1993,waka,0,556,0.0,0.0
1993,wheezy,1,556,0.18,0.0291
1993,wu,125,556,2.698,3.6393
1993,xans,0,556,0.0,0.0
1993,yup,24,556,1.619,0.6988
1994,aiyyo,22,603,2.653,0.6334
1994,ap,0,603,0.0,0.0
1994,baddie,0,603,0.0,0.0
1994,bah,3,603,0.332,0.0864
1994,balls,20,603,3.317,0.5758
1994,bands,0,603,0.0,0.0
1994,bankroll,4,603,0.663,0.1152
1994,baow,0,603,0.0,0.0
1994,beef,45,603,6.468,1.2956
1994,betta,15,603,1.493,0.4319
1994,bitches,284,603,20.73,8.1769
1994,blatt,0,603,0.0,0.0
1994,blick,0,603,0.0,0.0
1994,blunts,55,603,7.463,1.5836
1994,bringin,22,603,2.488,0.6334
1994,brrt,0,603,0.0,0.0
1994,bust,212,603,23.715,6.1039
1994,bustin,42,603,5.473,1.2093
1994,carti,0,603,0.0,0.0
1994,choppa,0,603,0.0,0.0
1994,chopper,3,603,0.498,0.0864
1994,choppers,0,603,0.0,0.0
1994,cocked,44,603,4.643,1.2669
1994,compton,72,603,4.643,2.073
1994,coochie,4,603,0.498,0.1152
1994,crib,44,603,6.468,1.2669
1994,cube,21,603,1.327,0.6046
1994,dawg,14,603,1.493,0.4031
1994,dem,53,603,2.653,1.526
1994,deuce,21,603,2.488,0.6046
1994,dick,162,603,15.755,4.6643
1994,diss,44,603,5.804,1.2669
1994,dogg,130,603,3.648,3.743
1994,dome,41,603,5.97,1.1805
1994,doo,76,603,3.317,2.1882
1994,draco,0,603,0.0,0.0
1994,drip,8,603,1.327,0.2303
1994,duck,43,603,6.302,1.2381
1994,dutch,1,603,0.166,0.0288
1994,fat,186,603,23.051,5.3553
1994,feds,15,603,1.658,0.4319
1994,fee,4,603,0.663,0.1152
1994,fiend,25,603,3.98,0.7198
1994,flex,42,603,5.141,1.2093
1994,flocka,0,603,0.0,0.0
1994,gang,74,603,8.292,2.1306
1994,gangsta,130,603,10.116,3.743
1994,gangstas,14,603,1.161,0.4031
1994,gat,94,603,10.614,2.7065
1994,geah,68,603,1.493,1.9579
1994,geeked,1,603,0.166,0.0288
1994,geekin,2,603,0.166,0.0576
1994,ghetto,101,603,8.624,2.908
1994,glock,116,603,13.433,3.3399
1994,glocks,26,603,4.146,0.7486
1994,goons,1,603,0.166,0.0288
1994,gram,2,603,0.332,0.0576
1994,grams,3,603,0.498,0.0864
1994,grill,25,603,3.648,0.7198
1994,grrah,0,603,0.0,0.0
1994,grrt,0,603,0.0,0.0
1994,guap,0,603,0.0,0.0
1994,guwop,0,603,0.0,0.0
1994,haters,7,603,0.663,0.2015
1994,heart,114,603,11.94,3.2823
1994,hella,8,603,0.995,0.2303
1994,henny,2,603,0.332,0.0576
1994,ho,170,603,16.252,4.8946
1994,hoes,231,603,18.574,6.651
1994,hol,1,603,0.166,0.0288
1994,homey,13,603,1.658,0.3743
1994,homie,49,603,6.136,1.4108
1994,ima,5,603,0.498,0.144
1994,killa,55,603,4.478,1.5836
1994,kush,1,603,0.166,0.0288
1994,lambo,0,603,0.0,0.0
1994,lame,9,603,1.327,0.2591
1994,latto,0,603,0.0,0.0
1994,lit,11,603,1.658,0.3167
1994,louie,2,603,0.166,0.0576
1994,love,555,603,33.002,15.9796
1994,lyrics,73,603,8.955,2.1018
1994,mane,108,603,2.819,3.1095
1994,maybach,0,603,0.0,0.0
1994,mayne,2,603,0.332,0.0576
1994,mc's,144,603,8.458,4.1461
1994,mcs,32,603,3.648,0.9213
1994,mixtape,2,603,0.332,0.0576
1994,mob,23,603,3.648,0.6622
1994,money,444,603,27.032,12.7837
1994,montana,4,603,0.663,0.1152
1994,mothafuckin,23,603,2.156,0.6622
1994,motherfuckin,173,603,13.267,4.981
1994,motherfucking,132,603,10.282,3.8006
1994,murda,1,603,0.166,0.0288
1994,muthafucka,90,603,3.483,2.5913
1994,muthafuckas,20,603,2.322,0.5758
1994,muthafuckin,132,603,5.307,3.8006
1994,mwah,0,603,0.0,0.0
1994,nigga,1236,603,50.58,35.587
1994,nigga's,33,603,4.312,0.9501
1994,niggas,1300,603,51.575,37.4297
1994,nuts,75,603,8.955,2.1594
1994,nuttin,27,603,3.648,0.7774
1994,og,15,603,1.327,0.4319
1994,opp,1,603,0.166,0.0288
1994,opps,0,603,0.0,0.0
1994,pac,12,603,1.658,0.3455
1994,pain,100,603,10.116,2.8792
1994,pants,12,603,1.99,0.3455
1994,patek,0,603,0.0,0.0
1994,perc,0,603,0.0,0.0
1994,percs,0,603,0.0,0.0
1994,perky,0,603,0.0,0.0
1994,phew,0,603,0.0,0.0
1994,pimp,55,603,7.131,1.5836
1994,pimpin,37,603,2.819,1.0653
1994,po,27,603,2.322,0.7774
1994,police,86,603,4.975,2.4761
1994,poppin,26,603,4.146,0.7486
1994,projects,39,603,4.809,1.1229
1994,purp,0,603,0.0,0.0
1994,pussy,137,603,9.784,3.9445
1994,racks,0,603,0.0,0.0
1994,rap,224,603,23.051,6.4494
1994,rapper,26,603,3.483,0.7486
1994,rappers,93,603,9.121,2.6777
1994,rappin,31,603,4.809,0.8926
1994,raps,31,603,4.809,0.8926
1994,rep,25,603,4.146,0.7198
1994,rick,30,603,1.824,0.8638
1994,rollie,0,603,0.0,0.0
1994,shooters,1,603,0.166,0.0288
1994,sippin,52,603,3.648,1.4972
1994,skrr,0,603,0.0,0.0
1994,skrrt,0,603,0.0,0.0
1994,skrt,0,603,0.0,0.0
1994,slangin,15,603,2.322,0.4319
1994,slatt,0,603,0.0,0.0
1994,slick,45,603,5.307,1.2956
1994,slime,2,603,0.332,0.0576
1994,slugs,38,603,3.648,1.0941
1994,snitch,15,603,2.488,0.4319
1994,snoop,52,603,2.985,1.4972
1994,sosa,0,603,0.0,0.0
1994,soulja,138,603,0.332,3.9733
1994,squad,26,603,3.483,0.7486
1994,stash,40,603,2.985,1.1517
1994,strap,27,603,3.98,0.7774
1994,strapped,48,603,6.965,1.382
1994,stunt,4,603,0.663,0.1152
1994,stuntin,0,603,0.0,0.0
1994,tec,43,603,5.804,1.2381
1994,tech,18,603,2.156,0.5183
1994,tha,95,603,3.98,2.7352
1994,thats,16,603,2.156,0.4607
1994,thot,0,603,0.0,0.0
1994,thots,0,603,0.0,0.0
1994,thug,97,603,4.478,2.7928
1994,thugger,0,603,0.0,0.0
1994,thuggin,6,603,0.829,0.1728
1994,trap,13,603,2.156,0.3743
1994,trappin,3,603,0.498,0.0864
1994,trapping,0,603,0.0,0.0
1994,trim,1,603,0.166,0.0288
1994,triple,105,603,4.809,3.0232
1994,tuh,0,603,0.0,0.0
1994,turnt,1,603,0.166,0.0288
1994,twerk,1,603,0.166,0.0288
1994,ugh,21,603,1.161,0.6046
1994,unit,4,603,0.663,0.1152
1994,vibe,19,603,2.819,0.547
1994,vvs,0,603,0.0,0.0
1994,wack,73,603,10.116,2.1018
1994,waka,0,603,0.0,0.0
1994,wheezy,1,603,0.166,0.0288
1994,wu,19,603,1.99,0.547
1994,xans,0,603,0.0,0.0
1994,yup,13,603,1.493,0.3743
1995,aiyyo,23,598,2.174,0.6017
1995,ap,0,598,0.0,0.0
1995,baddie,0,598,0.0,0.0
1995,bah,1,598,0.167,0.0262
1995,balls,36,598,5.184,0.9418
1995,bands,1,598,0.167,0.0262
1995,bankroll,3,598,0.502,0.0785
1995,baow,3,598,0.167,0.0785
1995,beef,91,598,9.699,2.3806
1995,betta,31,598,3.177,0.811
1995,bitches,291,598,23.746,7.6128
1995,blatt,0,598,0.0,0.0
1995,blick,0,598,0.0,0.0
1995,blunts,40,598,5.184,1.0464
1995,bringin,37,598,5.184,0.968
1995,brrt,0,598,0.0,0.0
1995,bust,185,598,22.575,4.8398
1995,bustin,67,598,9.197,1.7528
1995,carti,0,598,0.0,0.0
1995,choppa,0,598,0.0,0.0
1995,chopper,0,598,0.0,0.0
1995,choppers,1,598,0.167,0.0262
1995,cocked,24,598,3.679,0.6279
1995,compton,11,598,1.505,0.2878
1995,coochie,28,598,2.174,0.7325
1995,crib,45,598,5.017,1.1772
1995,cube,11,598,1.171,0.2878
1995,dawg,30,598,2.174,0.7848
1995,dem,47,598,3.177,1.2296
1995,deuce,25,598,3.177,0.654
1995,dick,229,598,18.227,5.9908
1995,diss,19,598,2.843,0.4971
1995,dogg,92,598,5.017,2.4068
1995,dome,50,598,6.355,1.308
1995,doo,77,598,2.341,2.0144
1995,draco,0,598,0.0,0.0
1995,drip,7,598,0.669,0.1831
1995,duck,38,598,4.682,0.9941
1995,dutch,2,598,0.334,0.0523
1995,fat,156,598,16.722,4.0811
1995,feds,16,598,2.676,0.4186
1995,fee,4,598,0.669,0.1046
1995,fiend,39,598,6.187,1.0203
1995,flex,32,598,4.515,0.8371
1995,flocka,0,598,0.0,0.0
1995,gang,59,598,7.692,1.5435
1995,gangsta,110,598,9.699,2.8777
1995,gangstas,11,598,1.839,0.2878
1995,gat,108,598,10.702,2.8254
1995,geah,28,598,0.334,0.7325
1995,geeked,1,598,0.167,0.0262
1995,geekin,1,598,0.167,0.0262
1995,ghetto,121,598,11.204,3.1655
1995,glock,133,598,13.712,3.4794
1995,glocks,22,598,3.512,0.5755
1995,goons,3,598,0.502,0.0785
1995,gram,4,598,0.669,0.1046
1995,grams,12,598,1.672,0.3139
1995,grill,28,598,4.515,0.7325
1995,grrah,0,598,0.0,0.0
1995,grrt,0,598,0.0,0.0
1995,guap,0,598,0.0,0.0
1995,guwop,0,598,0.0,0.0
1995,haters,17,598,2.341,0.4447
1995,heart,87,598,11.706,2.276
1995,hella,36,598,4.348,0.9418
1995,henny,2,598,0.167,0.0523
1995,ho,222,598,16.722,5.8077
1995,hoes,284,598,23.746,7.4297
1995,hol,0,598,0.0,0.0
1995,homey,29,598,3.01,0.7587
1995,homie,50,598,5.853,1.308
1995,ima,0,598,0.0,0.0
1995,killa,101,598,6.355,2.6422
1995,kush,1,598,0.167,0.0262
1995,lambo,0,598,0.0,0.0
1995,lame,14,598,2.341,0.3663
1995,latto,0,598,0.0,0.0
1995,lit,17,598,2.508,0.4447
1995,louie,1,598,0.167,0.0262
1995,love,669,598,36.622,17.5016
1995,lyrics,65,598,9.03,1.7005
1995,mane,68,598,3.01,1.7789
1995,maybach,0,598,0.0,0.0
1995,mayne,22,598,1.505,0.5755
1995,mc's,166,598,13.378,4.3427
1995,mcs,47,598,3.512,1.2296
1995,mixtape,0,598,0.0,0.0
1995,mob,22,598,3.344,0.5755
1995,money,515,598,36.789,13.4728
1995,montana,2,598,0.334,0.0523
1995,mothafuckin,20,598,1.338,0.5232
1995,motherfuckin,228,598,18.395,5.9647
1995,motherfucking,83,598,6.02,2.1713
1995,murda,41,598,1.171,1.0726
1995,muthafucka,52,598,4.515,1.3604
1995,muthafuckas,21,598,2.676,0.5494
1995,muthafuckin,79,598,5.686,2.0667
1995,mwah,0,598,0.0,0.0
1995,nigga,1973,598,66.89,51.6153
1995,nigga's,32,598,3.846,0.8371
1995,niggas,1803,598,65.719,47.168
1995,nuts,89,598,10.201,2.3283
1995,nuttin,50,598,6.522,1.308
1995,og,6,598,1.003,0.157
1995,opp,0,598,0.0,0.0
1995,opps,0,598,0.0,0.0
1995,pac,25,598,2.843,0.654
1995,pain,86,598,11.204,2.2498
1995,pants,24,598,3.679,0.6279
1995,patek,0,598,0.0,0.0
1995,perc,0,598,0.0,0.0
1995,percs,0,598,0.0,0.0
1995,perky,0,598,0.0,0.0
1995,phew,0,598,0.0,0.0
1995,pimp,63,598,7.358,1.6481
1995,pimpin,47,598,4.348,1.2296
1995,po,91,598,6.355,2.3806
1995,police,132,598,9.866,3.4532
1995,poppin,41,598,5.518,1.0726
1995,projects,50,598,7.86,1.308
1995,purp,0,598,0.0,0.0
1995,pussy,144,598,9.197,3.7672
1995,racks,0,598,0.0,0.0
1995,rap,364,598,27.09,9.5225
1995,rapper,53,598,5.686,1.3865
1995,rappers,68,598,7.692,1.7789
1995,rappin,58,598,7.023,1.5173
1995,raps,45,598,6.187,1.1772
1995,rep,26,598,3.512,0.6802
1995,rick,4,598,0.669,0.1046
1995,rollie,4,598,0.669,0.1046
1995,shooters,2,598,0.334,0.0523
1995,sippin,64,598,7.86,1.6743
1995,skrr,0,598,0.0,0.0
1995,skrrt,0,598,0.0,0.0
1995,skrt,0,598,0.0,0.0
1995,slangin,63,598,8.027,1.6481
1995,slatt,0,598,0.0,0.0
1995,slick,38,598,6.02,0.9941
1995,slime,1,598,0.167,0.0262
1995,slugs,58,598,7.023,1.5173
1995,snitch,12,598,1.672,0.3139
1995,snoop,20,598,2.676,0.5232
1995,sosa,1,598,0.167,0.0262
1995,soulja,9,598,0.167,0.2354
1995,squad,43,598,5.184,1.1249
1995,stash,45,598,5.853,1.1772
1995,strap,25,598,3.512,0.654
1995,strapped,38,598,5.853,0.9941
1995,stunt,5,598,0.669,0.1308
1995,stuntin,2,598,0.334,0.0523
1995,tec,40,598,4.682,1.0464
1995,tech,29,598,3.846,0.7587
1995,tha,203,598,7.86,5.3106
1995,thats,40,598,3.846,1.0464
1995,thot,0,598,0.0,0.0
1995,thots,0,598,0.0,0.0
1995,thug,117,598,9.197,3.0608
1995,thugger,0,598,0.0,0.0
1995,thuggin,21,598,2.508,0.5494
1995,trap,15,598,2.341,0.3924
1995,trappin,1,598,0.167,0.0262
1995,trapping,0,598,0.0,0.0
1995,trim,2,598,0.334,0.0523
1995,triple,171,598,7.358,4.4735
1995,tuh,0,598,0.0,0.0
1995,turnt,0,598,0.0,0.0
1995,twerk,0,598,0.0,0.0
1995,ugh,4,598,0.669,0.1046
1995,unit,4,598,0.669,0.1046
1995,vibe,17,598,2.341,0.4447
1995,vvs,0,598,0.0,0.0
1995,wack,49,598,6.522,1.2819
1995,waka,0,598,0.0,0.0
1995,wheezy,0,598,0.0,0.0
1995,wu,85,598,6.02,2.2237
1995,xans,0,598,0.0,0.0
1995,yup,9,598,1.171,0.2354
1996,aiyyo,41,728,3.022,0.8913
1996,ap,1,728,0.137,0.0217
1996,baddie,0,728,0.0,0.0
1996,bah,9,728,0.412,0.1956
1996,balls,27,728,3.434,0.5869
1996,bands,0,728,0.0,0.0
1996,bankroll,0,728,0.0,0.0
1996,baow,0,728,0.0,0.0
1996,beef,49,728,5.495,1.0652
1996,betta,20,728,1.923,0.4348
1996,bitches,442,728,32.005,9.6083
1996,blatt,0,728,0.0,0.0
1996,blick,0,728,0.0,0.0
1996,blunts,58,728,6.319,1.2608
1996,bringin,48,728,5.907,1.0434
1996,brrt,0,728,0.0,0.0
1996,bust,245,728,23.214,5.3259
1996,bustin,65,728,7.005,1.413
1996,carti,0,728,0.0,0.0
1996,choppa,1,728,0.137,0.0217
1996,chopper,10,728,0.962,0.2174
1996,choppers,3,728,0.412,0.0652
1996,cocked,32,728,4.121,0.6956
1996,compton,55,728,4.533,1.1956
1996,coochie,11,728,1.374,0.2391
1996,crib,64,728,7.418,1.3912
1996,cube,24,728,1.099,0.5217
1996,dawg,29,728,2.473,0.6304
1996,dem,38,728,2.335,0.8261
1996,deuce,25,728,2.198,0.5435
1996,dick,290,728,20.33,6.3041
1996,diss,29,728,3.434,0.6304
1996,dogg,101,728,4.396,2.1956
1996,dome,44,728,4.945,0.9565
1996,doo,19,728,1.648,0.413
1996,draco,0,728,0.0,0.0
1996,drip,3,728,0.412,0.0652
1996,duck,48,728,3.709,1.0434
1996,dutch,4,728,0.549,0.087
1996,fat,125,728,12.775,2.7173
1996,feds,34,728,4.396,0.7391
1996,fee,8,728,1.099,0.1739
1996,fiend,58,728,6.181,1.2608
1996,flex,29,728,3.709,0.6304
1996,flocka,0,728,0.0,0.0
1996,gang,63,728,6.593,1.3695
1996,gangsta,164,728,9.341,3.5651
1996,gangstas,14,728,1.648,0.3043
1996,gat,86,728,8.516,1.8695
1996,geah,168,728,2.06,3.652
1996,geeked,0,728,0.0,0.0
1996,geekin,0,728,0.0,0.0
1996,ghetto,246,728,14.011,5.3476
1996,glock,67,728,7.83,1.4565
1996,glocks,32,728,3.984,0.6956
1996,goons,3,728,0.412,0.0652
1996,gram,2,728,0.275,0.0435
1996,grams,11,728,1.511,0.2391
1996,grill,44,728,5.495,0.9565
1996,grrah,0,728,0.0,0.0
1996,grrt,0,728,0.0,0.0
1996,guap,0,728,0.0,0.0
1996,guwop,0,728,0.0,0.0
1996,haters,39,728,4.808,0.8478
1996,heart,133,728,13.736,2.8912
1996,hella,52,728,3.297,1.1304
1996,henny,5,728,0.687,0.1087
1996,ho,257,728,14.423,5.5867
1996,hoes,456,728,23.077,9.9127
1996,hol,7,728,0.549,0.1522
1996,homey,20,728,2.06,0.4348
1996,homie,103,728,8.654,2.239
1996,ima,7,728,0.549,0.1522
1996,killa,60,728,4.945,1.3043
1996,kush,2,728,0.137,0.0435
1996,lambo,0,728,0.0,0.0
1996,lame,12,728,1.648,0.2609
1996,latto,0,728,0.0,0.0
1996,lit,21,728,2.473,0.4565
1996,louie,7,728,0.412,0.1522
1996,love,711,728,42.17,15.4559
1996,lyrics,58,728,6.868,1.2608
1996,mane,13,728,1.374,0.2826
1996,maybach,0,728,0.0,0.0
1996,mayne,27,728,1.374,0.5869
1996,mc's,129,728,10.027,2.8042
1996,mcs,48,728,3.571,1.0434
1996,mixtape,0,728,0.0,0.0
1996,mob,28,728,3.297,0.6087
1996,money,631,728,39.973,13.7169
1996,montana,1,728,0.137,0.0217
1996,mothafuckin,34,728,1.923,0.7391
1996,motherfuckin,279,728,17.17,6.065
1996,motherfucking,81,728,4.945,1.7608
1996,murda,10,728,0.687,0.2174
1996,muthafucka,61,728,4.67,1.326
1996,muthafuckas,146,728,3.571,3.1738
1996,muthafuckin,115,728,6.044,2.4999
1996,mwah,0,728,0.0,0.0
1996,nigga,2214,728,63.462,48.1286
1996,nigga's,60,728,5.632,1.3043
1996,niggas,2521,728,67.308,54.8022
1996,nuts,77,728,7.005,1.6738
1996,nuttin,52,728,5.495,1.1304
1996,og,8,728,0.962,0.1739
1996,opp,0,728,0.0,0.0
1996,opps,0,728,0.0,0.0
1996,pac,61,728,5.357,1.326
1996,pain,146,728,10.027,3.1738
1996,pants,22,728,2.885,0.4782
1996,patek,0,728,0.0,0.0
1996,perc,0,728,0.0,0.0
1996,percs,0,728,0.0,0.0
1996,perky,0,728,0.0,0.0
1996,phew,0,728,0.0,0.0
1996,pimp,127,728,6.868,2.7608
1996,pimpin,63,728,3.846,1.3695
1996,po,41,728,3.571,0.8913
1996,police,96,728,9.615,2.0869
1996,poppin,46,728,5.907,1.0
1996,projects,43,728,4.945,0.9347
1996,purp,0,728,0.0,0.0
1996,pussy,172,728,11.951,3.739
1996,racks,1,728,0.137,0.0217
1996,rap,292,728,24.863,6.3476
1996,rapper,32,728,3.984,0.6956
1996,rappers,62,728,6.319,1.3478
1996,rappin,34,728,3.984,0.7391
1996,raps,29,728,3.022,0.6304
1996,rep,19,728,2.06,0.413
1996,rick,8,728,1.099,0.1739
1996,rollie,4,728,0.549,0.087
1996,shooters,2,728,0.137,0.0435
1996,sippin,64,728,7.418,1.3912
1996,skrr,0,728,0.0,0.0
1996,skrrt,0,728,0.0,0.0
1996,skrt,0,728,0.0,0.0
1996,slangin,36,728,3.984,0.7826
1996,slatt,0,728,0.0,0.0
1996,slick,25,728,3.434,0.5435
1996,slime,0,728,0.0,0.0
1996,slugs,35,728,4.121,0.7608
1996,snitch,22,728,2.885,0.4782
1996,snoop,44,728,3.571,0.9565
1996,sosa,10,728,0.962,0.2174
1996,soulja,0,728,0.0,0.0
1996,squad,102,728,7.005,2.2173
1996,stash,42,728,5.22,0.913
1996,strap,41,728,4.808,0.8913
1996,strapped,51,728,4.67,1.1087
1996,stunt,10,728,1.374,0.2174
1996,stuntin,6,728,0.824,0.1304
1996,tec,34,728,3.297,0.7391
1996,tech,16,728,2.198,0.3478
1996,tha,101,728,4.945,2.1956
1996,thats,46,728,4.258,1.0
1996,thot,0,728,0.0,0.0
1996,thots,0,728,0.0,0.0
1996,thug,287,728,11.538,6.2389
1996,thugger,0,728,0.0,0.0
1996,thuggin,31,728,2.335,0.6739
1996,trap,27,728,2.198,0.5869
1996,trappin,0,728,0.0,0.0
1996,trapping,0,728,0.0,0.0
1996,trim,0,728,0.0,0.0
1996,triple,80,728,5.357,1.7391
1996,tuh,1,728,0.137,0.0217
1996,turnt,0,728,0.0,0.0
1996,twerk,0,728,0.0,0.0
1996,ugh,34,728,1.923,0.7391
1996,unit,7,728,0.824,0.1522
1996,vibe,33,728,2.61,0.7174
1996,vvs,1,728,0.137,0.0217
1996,wack,77,728,7.143,1.6738
1996,waka,0,728,0.0,0.0
1996,wheezy,0,728,0.0,0.0
1996,wu,52,728,2.335,1.1304
1996,xans,0,728,0.0,0.0
1996,yup,0,728,0.0,0.0
1997,aiyyo,54,798,3.258,1.087
1997,ap,0,798,0.0,0.0
1997,baddie,0,798,0.0,0.0
1997,bah,2,798,0.125,0.0403
1997,balls,33,798,3.634,0.6643
1997,bands,1,798,0.125,0.0201
1997,bankroll,3,798,0.376,0.0604
1997,baow,0,798,0.0,0.0
1997,beef,162,798,10.902,3.261
1997,betta,33,798,2.882,0.6643
1997,bitches,473,798,27.82,9.5215
1997,blatt,0,798,0.0,0.0
1997,blick,0,798,0.0,0.0
1997,blunts,101,798,6.266,2.0331
1997,bringin,52,798,5.388,1.0468
1997,brrt,0,798,0.0,0.0
1997,bust,274,798,22.306,5.5156
1997,bustin,95,798,9.273,1.9123
1997,carti,0,798,0.0,0.0
1997,choppa,2,798,0.125,0.0403
1997,chopper,40,798,2.506,0.8052
1997,choppers,18,798,1.88,0.3623
1997,cocked,22,798,2.757,0.4429
1997,compton,33,798,1.629,0.6643
1997,coochie,12,798,1.128,0.2416
1997,crib,51,798,5.639,1.0266
1997,cube,31,798,1.128,0.624
1997,dawg,16,798,1.629,0.3221
1997,dem,87,798,2.256,1.7513
1997,deuce,14,798,1.378,0.2818
1997,dick,241,798,17.669,4.8513
1997,diss,35,798,3.759,0.7045
1997,dogg,86,798,2.256,1.7312
1997,dome,32,798,3.509,0.6442
1997,doo,35,798,1.754,0.7045
1997,draco,0,798,0.0,0.0
1997,drip,5,798,0.501,0.1006
1997,duck,68,798,5.639,1.3688
1997,dutch,17,798,2.005,0.3422
1997,fat,102,798,11.278,2.0533
1997,feds,31,798,3.634,0.624
1997,fee,8,798,1.003,0.161
1997,fiend,52,798,5.514,1.0468
1997,flex,46,798,5.138,0.926
1997,flocka,0,798,0.0,0.0
1997,gang,72,798,6.767,1.4494
1997,gangsta,137,798,8.02,2.7578
1997,gangstas,31,798,2.005,0.624
1997,gat,70,798,7.268,1.4091
1997,geah,100,798,2.005,2.013
1997,geeked,1,798,0.125,0.0201
1997,geekin,1,798,0.125,0.0201
1997,ghetto,300,798,13.91,6.039
1997,glock,90,798,8.521,1.8117
1997,glocks,37,798,4.135,0.7448
1997,goons,4,798,0.501,0.0805
1997,gram,6,798,0.752,0.1208
1997,grams,12,798,1.504,0.2416
1997,grill,33,798,4.01,0.6643
1997,grrah,0,798,0.0,0.0
1997,grrt,0,798,0.0,0.0
1997,guap,0,798,0.0,0.0
1997,guwop,0,798,0.0,0.0
1997,haters,104,798,8.396,2.0935
1997,heart,145,798,13.283,2.9188
1997,hella,42,798,4.261,0.8455
1997,henny,17,798,1.88,0.3422
1997,ho,247,798,13.784,4.9721
1997,hoes,388,798,24.436,7.8104
1997,hol,0,798,0.0,0.0
1997,homey,26,798,2.506,0.5234
1997,homie,75,798,6.391,1.5097
1997,ima,13,798,0.627,0.2617
1997,killa,56,798,5.138,1.1273
1997,kush,0,798,0.0,0.0
1997,lambo,0,798,0.0,0.0
1997,lame,17,798,2.13,0.3422
1997,latto,0,798,0.0,0.0
1997,lit,34,798,3.008,0.6844
1997,louie,0,798,0.0,0.0
1997,love,872,798,39.724,17.5533
1997,lyrics,83,798,7.769,1.6708
1997,mane,9,798,0.877,0.1812
1997,maybach,0,798,0.0,0.0
1997,mayne,4,798,0.376,0.0805
1997,mc's,136,798,8.772,2.7377
1997,mcs,48,798,3.509,0.9662
1997,mixtape,0,798,0.0,0.0
1997,mob,26,798,3.008,0.5234
1997,money,842,798,34.712,16.9494
1997,montana,1,798,0.125,0.0201
1997,mothafuckin,11,798,1.003,0.2214
1997,motherfuckin,212,798,12.155,4.2675
1997,motherfucking,39,798,3.759,0.7851
1997,murda,46,798,1.504,0.926
1997,muthafucka,41,798,3.759,0.8253
1997,muthafuckas,38,798,3.258,0.7649
1997,muthafuckin,74,798,4.261,1.4896
1997,mwah,0,798,0.0,0.0
1997,nigga,2494,798,65.288,50.204
1997,nigga's,64,798,4.386,1.2883
1997,niggas,2712,798,66.04,54.5923
1997,nuts,49,798,5.764,0.9864
1997,nuttin,21,798,2.381,0.4227
1997,og,9,798,0.752,0.1812
1997,opp,0,798,0.0,0.0
1997,opps,0,798,0.0,0.0
1997,pac,76,798,4.511,1.5299
1997,pain,163,798,11.278,3.2812
1997,pants,34,798,3.133,0.6844
1997,patek,0,798,0.0,0.0
1997,perc,0,798,0.0,0.0
1997,percs,0,798,0.0,0.0
1997,perky,0,798,0.0,0.0
1997,phew,0,798,0.0,0.0
1997,pimp,141,798,6.266,2.8383
1997,pimpin,41,798,3.133,0.8253
1997,po,51,798,3.885,1.0266
1997,police,59,798,6.015,1.1877
1997,poppin,53,798,4.887,1.0669
1997,projects,33,798,3.008,0.6643
1997,purp,0,798,0.0,0.0
1997,pussy,136,798,10.276,2.7377
1997,racks,0,798,0.0,0.0
1997,rap,372,798,25.815,7.4883
1997,rapper,70,798,5.013,1.4091
1997,rappers,95,798,7.769,1.9123
1997,rappin,75,798,7.143,1.5097
1997,raps,51,798,4.887,1.0266
1997,rep,37,798,2.381,0.7448
1997,rick,7,798,0.877,0.1409
1997,rollie,2,798,0.251,0.0403
1997,shooters,0,798,0.0,0.0
1997,sippin,41,798,4.511,0.8253
1997,skrr,0,798,0.0,0.0
1997,skrrt,0,798,0.0,0.0
1997,skrt,0,798,0.0,0.0
1997,slangin,41,798,4.135,0.8253
1997,slatt,0,798,0.0,0.0
1997,slick,39,798,4.386,0.7851
1997,slime,0,798,0.0,0.0
1997,slugs,49,798,5.138,0.9864
1997,snitch,15,798,1.629,0.3019
1997,snoop,48,798,2.005,0.9662
1997,sosa,1,798,0.125,0.0201
1997,soulja,8,798,0.376,0.161
1997,squad,84,798,5.764,1.6909
1997,stash,39,798,4.637,0.7851
1997,strap,32,798,3.258,0.6442
1997,strapped,64,798,5.89,1.2883
1997,stunt,8,798,1.003,0.161
1997,stuntin,3,798,0.376,0.0604
1997,tec,21,798,1.629,0.4227
1997,tech,35,798,2.882,0.7045
1997,tha,245,798,7.143,4.9318
1997,thats,40,798,3.509,0.8052
1997,thot,0,798,0.0,0.0
1997,thots,0,798,0.0,0.0
1997,thug,431,798,13.409,8.676
1997,thugger,1,798,0.125,0.0201
1997,thuggin,31,798,2.882,0.624
1997,trap,27,798,3.133,0.5435
1997,trappin,1,798,0.125,0.0201
1997,trapping,3,798,0.376,0.0604
1997,trim,1,798,0.125,0.0201
1997,triple,56,798,5.764,1.1273
1997,tuh,2,798,0.251,0.0403
1997,turnt,1,798,0.125,0.0201
1997,twerk,5,798,0.627,0.1006
1997,ugh,48,798,2.005,0.9662
1997,unit,5,798,0.376,0.1006
1997,vibe,23,798,1.88,0.463
1997,vvs,1,798,0.125,0.0201
1997,wack,77,798,6.14,1.55
1997,waka,0,798,0.0,0.0
1997,wheezy,1,798,0.125,0.0201
1997,wu,195,798,4.386,3.9253
1997,xans,0,798,0.0,0.0
1997,yup,5,798,0.501,0.1006
1998,aiyyo,71,1076,4.833,1.0998
1998,ap,1,1076,0.093,0.0155
1998,baddie,0,1076,0.0,0.0
1998,bah,6,1076,0.093,0.0929
1998,balls,41,1076,3.16,0.6351
1998,bands,3,1076,0.279,0.0465
1998,bankroll,5,1076,0.465,0.0775
1998,baow,0,1076,0.0,0.0
1998,beef,132,1076,8.643,2.0447
1998,betta,54,1076,2.416,0.8365
1998,bitches,688,1076,28.717,10.6574
1998,blatt,0,1076,0.0,0.0
1998,blick,0,1076,0.0,0.0
1998,blunts,50,1076,3.253,0.7745
1998,bringin,54,1076,3.81,0.8365
1998,brrt,0,1076,0.0,0.0
1998,bust,420,1076,22.677,6.506
1998,bustin,94,1076,7.249,1.4561
1998,carti,0,1076,0.0,0.0
1998,choppa,0,1076,0.0,0.0
1998,chopper,6,1076,0.558,0.0929
1998,choppers,11,1076,0.929,0.1704
1998,cocked,43,1076,3.439,0.6661
1998,compton,14,1076,1.208,0.2169
1998,coochie,8,1076,0.743,0.1239
1998,crib,70,1076,5.39,1.0843
1998,cube,50,1076,2.602,0.7745
1998,dawg,94,1076,2.788,1.4561
1998,dem,82,1076,1.859,1.2702
1998,deuce,25,1076,2.138,0.3873
1998,dick,334,1076,18.216,5.1738
1998,diss,58,1076,3.253,0.8984
1998,dogg,171,1076,5.204,2.6489
1998,dome,58,1076,4.275,0.8984
1998,doo,11,1076,0.743,0.1704
1998,draco,0,1076,0.0,0.0
1998,drip,3,1076,0.279,0.0465
1998,duck,62,1076,4.926,0.9604
1998,dutch,15,1076,1.394,0.2324
1998,fat,146,1076,9.758,2.2616
1998,feds,83,1076,5.019,1.2857
1998,fee,15,1076,0.929,0.2324
1998,fiend,59,1076,4.275,0.9139
1998,flex,36,1076,2.138,0.5577
1998,flocka,4,1076,0.093,0.062
1998,gang,128,1076,7.528,1.9828
1998,gangsta,246,1076,7.249,3.8106
1998,gangstas,29,1076,1.301,0.4492
1998,gat,114,1076,8.178,1.7659
1998,geah,6,1076,0.279,0.0929
1998,geeked,0,1076,0.0,0.0
1998,geekin,0,1076,0.0,0.0
1998,ghetto,398,1076,14.684,6.1652
1998,glock,90,1076,6.97,1.3941
1998,glocks,39,1076,3.16,0.6041
1998,goons,3,1076,0.279,0.0465
1998,gram,12,1076,1.115,0.1859
1998,grams,21,1076,1.859,0.3253
1998,grill,57,1076,4.554,0.883
1998,grrah,0,1076,0.0,0.0
1998,grrt,0,1076,0.0,0.0
1998,guap,0,1076,0.0,0.0
1998,guwop,0,1076,0.0,0.0
1998,haters,106,1076,6.784,1.642
1998,heart,239,1076,16.171,3.7022
1998,hella,28,1076,2.138,0.4337
1998,henny,24,1076,1.859,0.3718
1998,ho,404,1076,13.848,6.2581
1998,hoes,566,1076,21.375,8.7676
1998,hol,3,1076,0.279,0.0465
1998,homey,29,1076,2.138,0.4492
1998,homie,80,1076,4.368,1.2392
1998,ima,10,1076,0.558,0.1549
1998,killa,157,1076,4.74,2.432
1998,kush,1,1076,0.093,0.0155
1998,lambo,1,1076,0.093,0.0155
1998,lame,18,1076,1.673,0.2788
1998,latto,0,1076,0.0,0.0
1998,lit,39,1076,3.625,0.6041
1998,louie,6,1076,0.372,0.0929
1998,love,1568,1076,45.818,24.2889
1998,lyrics,75,1076,5.948,1.1618
1998,mane,4,1076,0.372,0.062
1998,maybach,0,1076,0.0,0.0
1998,mayne,9,1076,0.743,0.1394
1998,mc's,62,1076,4.833,0.9604
1998,mcs,49,1076,2.974,0.759
1998,mixtape,0,1076,0.0,0.0
1998,mob,73,1076,3.996,1.1308
1998,money,1176,1076,37.082,18.2167
1998,montana,7,1076,0.651,0.1084
1998,mothafuckin,33,1076,1.301,0.5112
1998,motherfuckin,206,1076,11.059,3.191
1998,motherfucking,82,1076,3.903,1.2702
1998,murda,37,1076,0.651,0.5731
1998,muthafucka,52,1076,2.788,0.8055
1998,muthafuckas,52,1076,2.788,0.8055
1998,muthafuckin,129,1076,5.297,1.9983
1998,mwah,0,1076,0.0,0.0
1998,nigga,3670,1076,64.033,56.8497
1998,nigga's,38,1076,3.346,0.5886
1998,niggas,3718,1076,65.985,57.5932
1998,nuts,62,1076,4.461,0.9604
1998,nuttin,59,1076,4.461,0.9139
1998,og,6,1076,0.558,0.0929
1998,opp,0,1076,0.0,0.0
1998,opps,0,1076,0.0,0.0
1998,pac,56,1076,3.996,0.8675
1998,pain,185,1076,13.011,2.8657
1998,pants,42,1076,3.625,0.6506
1998,patek,0,1076,0.0,0.0
1998,perc,0,1076,0.0,0.0
1998,percs,0,1076,0.0,0.0
1998,perky,0,1076,0.0,0.0
1998,phew,0,1076,0.0,0.0
1998,pimp,71,1076,5.297,1.0998
1998,pimpin,25,1076,1.766,0.3873
1998,po,82,1076,4.74,1.2702
1998,police,115,1076,7.807,1.7814
1998,poppin,51,1076,4.182,0.79
1998,projects,66,1076,5.204,1.0224
1998,purp,0,1076,0.0,0.0
1998,pussy,265,1076,12.825,4.105
1998,racks,3,1076,0.279,0.0465
1998,rap,461,1076,25.929,7.1411
1998,rapper,70,1076,5.019,1.0843
1998,rappers,85,1076,5.948,1.3167
1998,rappin,68,1076,5.483,1.0533
1998,raps,35,1076,2.974,0.5422
1998,rep,40,1076,2.045,0.6196
1998,rick,15,1076,0.558,0.2324
1998,rollie,9,1076,0.743,0.1394
1998,shooters,1,1076,0.093,0.0155
1998,sippin,41,1076,3.717,0.6351
1998,skrr,0,1076,0.0,0.0
1998,skrrt,0,1076,0.0,0.0
1998,skrt,0,1076,0.0,0.0
1998,slangin,61,1076,3.439,0.9449
1998,slatt,0,1076,0.0,0.0
1998,slick,47,1076,3.81,0.728
1998,slime,3,1076,0.279,0.0465
1998,slugs,73,1076,4.833,1.1308
1998,snitch,37,1076,2.416,0.5731
1998,snoop,111,1076,3.532,1.7194
1998,sosa,3,1076,0.279,0.0465
1998,soulja,32,1076,1.58,0.4957
1998,squad,135,1076,7.435,2.0912
1998,stash,52,1076,4.182,0.8055
1998,strap,35,1076,2.788,0.5422
1998,strapped,53,1076,4.647,0.821
1998,stunt,11,1076,0.836,0.1704
1998,stuntin,11,1076,0.929,0.1704
1998,tec,27,1076,2.045,0.4182
1998,tech,31,1076,2.695,0.4802
1998,tha,155,1076,3.346,2.401
1998,thats,76,1076,4.647,1.1773
1998,thot,0,1076,0.0,0.0
1998,thots,0,1076,0.0,0.0
1998,thug,313,1076,13.197,4.8485
1998,thugger,1,1076,0.093,0.0155
1998,thuggin,34,1076,2.045,0.5267
1998,trap,19,1076,1.58,0.2943
1998,trappin,1,1076,0.093,0.0155
1998,trapping,1,1076,0.093,0.0155
1998,trim,2,1076,0.186,0.031
1998,triple,60,1076,4.647,0.9294
1998,tuh,0,1076,0.0,0.0
1998,turnt,0,1076,0.0,0.0
1998,twerk,11,1076,0.279,0.1704
1998,ugh,82,1076,1.952,1.2702
1998,unit,9,1076,0.743,0.1394
1998,vibe,24,1076,1.766,0.3718
1998,vvs,1,1076,0.093,0.0155
1998,wack,73,1076,5.39,1.1308
1998,waka,0,1076,0.0,0.0
1998,wheezy,0,1076,0.0,0.0
1998,wu,92,1076,3.996,1.4251
1998,xans,0,1076,0.0,0.0
1998,yup,8,1076,0.651,0.1239
1999,aiyyo,82,1109,3.787,1.2299
1999,ap,3,1109,0.271,0.045
1999,baddie,0,1109,0.0,0.0
1999,bah,1,1109,0.09,0.015
1999,balls,43,1109,3.156,0.6449
1999,bands,1,1109,0.09,0.015
1999,bankroll,2,1109,0.18,0.03
1999,baow,0,1109,0.0,0.0
1999,beef,151,1109,11.001,2.2648
1999,betta,76,1109,3.246,1.1399
1999,bitches,754,1109,29.576,11.309
1999,blatt,0,1109,0.0,0.0
1999,blick,1,1109,0.09,0.015
1999,blunts,39,1109,2.705,0.5849
1999,bringin,40,1109,3.427,0.5999
1999,brrt,0,1109,0.0,0.0
1999,bust,390,1109,23.895,5.8495
1999,bustin,108,1109,7.394,1.6199
1999,carti,0,1109,0.0,0.0
1999,choppa,4,1109,0.09,0.06
1999,chopper,22,1109,1.713,0.33
1999,choppers,47,1109,1.533,0.7049
1999,cocked,48,1109,3.877,0.7199
1999,compton,50,1109,2.344,0.7499
1999,coochie,13,1109,0.992,0.195
1999,crib,105,1109,7.665,1.5749
1999,cube,15,1109,0.631,0.225
1999,dawg,63,1109,3.336,0.9449
1999,dem,38,1109,2.435,0.5699
1999,deuce,21,1109,1.172,0.315
1999,dick,419,1109,20.289,6.2844
1999,diss,38,1109,3.066,0.5699
1999,dogg,125,1109,3.697,1.8748
1999,dome,72,1109,3.968,1.0799
1999,doo,72,1109,1.353,1.0799
1999,draco,0,1109,0.0,0.0
1999,drip,13,1109,0.992,0.195
1999,duck,81,1109,5.14,1.2149
1999,dutch,22,1109,1.803,0.33
1999,fat,144,1109,9.197,2.1598
1999,feds,53,1109,4.148,0.7949
1999,fee,10,1109,0.812,0.15
1999,fiend,63,1109,4.148,0.9449
1999,flex,36,1109,2.885,0.54
1999,flocka,0,1109,0.0,0.0
1999,gang,93,1109,5.32,1.3949
1999,gangsta,221,1109,7.214,3.3147
1999,gangstas,50,1109,2.435,0.7499
1999,gat,113,1109,8.476,1.6948
1999,geah,35,1109,0.631,0.525
1999,geeked,0,1109,0.0,0.0
1999,geekin,1,1109,0.09,0.015
1999,ghetto,397,1109,15.509,5.9545
1999,glock,121,1109,8.206,1.8148
1999,glocks,53,1109,3.517,0.7949
1999,goons,6,1109,0.541,0.09
1999,gram,3,1109,0.271,0.045
1999,grams,19,1109,1.533,0.285
1999,grill,57,1109,3.968,0.8549
1999,grrah,0,1109,0.0,0.0
1999,grrt,0,1109,0.0,0.0
1999,guap,1,1109,0.09,0.015
1999,guwop,0,1109,0.0,0.0
1999,haters,140,1109,9.378,2.0998
1999,heart,237,1109,16.141,3.5547
1999,hella,30,1109,2.525,0.45
1999,henny,34,1109,2.885,0.51
1999,ho,359,1109,14.247,5.3845
1999,hoes,598,1109,23.715,8.9692
1999,hol,1,1109,0.09,0.015
1999,homey,34,1109,1.894,0.51
1999,homie,48,1109,3.156,0.7199
1999,ima,11,1109,0.541,0.165
1999,killa,37,1109,2.344,0.555
1999,kush,0,1109,0.0,0.0
1999,lambo,0,1109,0.0,0.0
1999,lame,25,1109,2.164,0.375
1999,latto,0,1109,0.0,0.0
1999,lit,31,1109,2.615,0.465
1999,louie,2,1109,0.18,0.03
1999,love,1407,1109,45.627,21.1031
1999,lyrics,43,1109,3.336,0.6449
1999,mane,128,1109,1.443,1.9198
1999,maybach,0,1109,0.0,0.0
1999,mayne,15,1109,0.992,0.225
1999,mc's,99,1109,5.591,1.4849
1999,mcs,27,1109,1.713,0.405
1999,mixtape,1,1109,0.09,0.015
1999,mob,51,1109,3.427,0.7649
1999,money,1306,1109,40.216,19.5883
1999,montana,2,1109,0.18,0.03
1999,mothafuckin,17,1109,0.992,0.255
1999,motherfuckin,259,1109,11.542,3.8847
1999,motherfucking,101,1109,5.681,1.5149
1999,murda,110,1109,2.435,1.6499
1999,muthafucka,52,1109,2.164,0.7799
1999,muthafuckas,39,1109,2.435,0.5849
1999,muthafuckin,67,1109,2.795,1.0049
1999,mwah,0,1109,0.0,0.0
1999,nigga,4467,1109,65.915,66.999
1999,nigga's,106,1109,4.599,1.5899
1999,niggas,4457,1109,66.637,66.8491
1999,nuts,96,1109,6.673,1.4399
1999,nuttin,81,1109,4.869,1.2149
1999,og,18,1109,1.533,0.27
1999,opp,6,1109,0.09,0.09
1999,opps,0,1109,0.0,0.0
1999,pac,28,1109,2.525,0.42
1999,pain,215,1109,11.542,3.2247
1999,pants,45,1109,3.877,0.6749
1999,patek,0,1109,0.0,0.0
1999,perc,0,1109,0.0,0.0
1999,percs,0,1109,0.0,0.0
1999,perky,0,1109,0.0,0.0
1999,phew,0,1109,0.0,0.0
1999,pimp,125,1109,5.861,1.8748
1999,pimpin,90,1109,3.427,1.3499
1999,po,108,1109,4.869,1.6199
1999,police,128,1109,8.476,1.9198
1999,poppin,75,1109,5.591,1.1249
1999,projects,71,1109,4.599,1.0649
1999,purp,0,1109,0.0,0.0
1999,pussy,205,1109,10.911,3.0747
1999,racks,4,1109,0.361,0.06
1999,rap,475,1109,24.256,7.1244
1999,rapper,92,1109,5.32,1.3799
1999,rappers,85,1109,5.951,1.2749
1999,rappin,68,1109,3.697,1.0199
1999,raps,62,1109,4.238,0.9299
1999,rep,66,1109,3.697,0.9899
1999,rick,94,1109,2.525,1.4099
1999,rollie,12,1109,0.992,0.18
1999,shooters,5,1109,0.451,0.075
1999,sippin,45,1109,3.607,0.6749
1999,skrr,0,1109,0.0,0.0
1999,skrrt,2,1109,0.18,0.03
1999,skrt,0,1109,0.0,0.0
1999,slangin,60,1109,2.795,0.8999
1999,slatt,0,1109,0.0,0.0
1999,slick,83,1109,4.869,1.2449
1999,slime,0,1109,0.0,0.0
1999,slugs,84,1109,6.041,1.2599
1999,snitch,44,1109,3.336,0.6599
1999,snoop,69,1109,3.246,1.0349
1999,sosa,2,1109,0.18,0.03
1999,soulja,10,1109,0.361,0.15
1999,squad,67,1109,3.787,1.0049
1999,stash,80,1109,6.763,1.1999
1999,strap,68,1109,4.509,1.0199
1999,strapped,63,1109,4.599,0.9449
1999,stunt,13,1109,1.082,0.195
1999,stuntin,14,1109,1.172,0.21
1999,tec,23,1109,1.623,0.345
1999,tech,72,1109,3.336,1.0799
1999,tha,380,1109,4.959,5.6995
1999,thats,113,1109,5.861,1.6948
1999,thot,0,1109,0.0,0.0
1999,thots,0,1109,0.0,0.0
1999,thug,440,1109,15.69,6.5994
1999,thugger,1,1109,0.09,0.015
1999,thuggin,102,1109,2.976,1.5299
1999,trap,25,1109,2.164,0.375
1999,trappin,2,1109,0.18,0.03
1999,trapping,3,1109,0.271,0.045
1999,trim,3,1109,0.271,0.045
1999,triple,58,1109,4.599,0.8699
1999,tuh,0,1109,0.0,0.0
1999,turnt,0,1109,0.0,0.0
1999,twerk,4,1109,0.361,0.06
1999,ugh,67,1109,2.164,1.0049
1999,unit,4,1109,0.271,0.06
1999,vibe,21,1109,1.894,0.315
1999,vvs,0,1109,0.0,0.0
1999,wack,45,1109,3.517,0.6749
1999,waka,0,1109,0.0,0.0
1999,wheezy,2,1109,0.18,0.03
1999,wu,60,1109,2.435,0.8999
1999,xans,0,1109,0.0,0.0
1999,yup,14,1109,0.992,0.21
2000,aiyyo,68,1075,2.419,1.0128
2000,ap,1,1075,0.093,0.0149
2000,baddie,0,1075,0.0,0.0
2000,bah,1,1075,0.093,0.0149
2000,balls,71,1075,4.651,1.0575
2000,bands,13,1075,1.116,0.1936
2000,bankroll,8,1075,0.744,0.1192
2000,baow,0,1075,0.0,0.0
2000,beef,206,1075,11.256,3.0681
2000,betta,72,1075,3.535,1.0724
2000,bitches,933,1075,32.279,13.896
2000,blatt,0,1075,0.0,0.0
2000,blick,0,1075,0.0,0.0
2000,blunts,57,1075,3.907,0.849
2000,bringin,41,1075,3.07,0.6106
2000,brrt,0,1075,0.0,0.0
2000,bust,407,1075,22.233,6.0618
2000,bustin,86,1075,6.698,1.2809
2000,carti,0,1075,0.0,0.0
2000,choppa,0,1075,0.0,0.0
2000,chopper,38,1075,0.93,0.566
2000,choppers,10,1075,0.93,0.1489
2000,cocked,55,1075,2.977,0.8192
2000,compton,18,1075,1.395,0.2681
2000,coochie,11,1075,1.023,0.1638
2000,crib,79,1075,6.512,1.1766
2000,cube,26,1075,1.116,0.3872
2000,dawg,78,1075,3.535,1.1617
2000,dem,92,1075,2.419,1.3702
2000,deuce,23,1075,1.674,0.3426
2000,dick,479,1075,22.791,7.1342
2000,diss,30,1075,2.605,0.4468
2000,dogg,162,1075,5.023,2.4128
2000,dome,54,1075,4.279,0.8043
2000,doo,94,1075,1.953,1.4
2000,draco,0,1075,0.0,0.0
2000,drip,14,1075,1.209,0.2085
2000,duck,69,1075,5.581,1.0277
2000,dutch,13,1075,1.116,0.1936
2000,fat,163,1075,9.116,2.4277
2000,feds,74,1075,5.953,1.1021
2000,fee,9,1075,0.465,0.134
2000,fiend,35,1075,2.791,0.5213
2000,flex,23,1075,1.86,0.3426
2000,flocka,0,1075,0.0,0.0
2000,gang,83,1075,4.651,1.2362
2000,gangsta,289,1075,7.256,4.3043
2000,gangstas,37,1075,2.047,0.5511
2000,gat,128,1075,8.279,1.9064
2000,geah,78,1075,1.767,1.1617
2000,geeked,0,1075,0.0,0.0
2000,geekin,0,1075,0.0,0.0
2000,ghetto,219,1075,10.977,3.2618
2000,glock,116,1075,9.023,1.7277
2000,glocks,52,1075,3.07,0.7745
2000,goons,1,1075,0.093,0.0149
2000,gram,7,1075,0.558,0.1043
2000,grams,20,1075,1.488,0.2979
2000,grill,70,1075,5.209,1.0426
2000,grrah,0,1075,0.0,0.0
2000,grrt,0,1075,0.0,0.0
2000,guap,0,1075,0.0,0.0
2000,guwop,0,1075,0.0,0.0
2000,haters,153,1075,7.256,2.2788
2000,heart,210,1075,13.581,3.1277
2000,hella,43,1075,2.326,0.6404
2000,henny,23,1075,1.581,0.3426
2000,ho,458,1075,18.419,6.8214
2000,hoes,739,1075,27.721,11.0066
2000,hol,0,1075,0.0,0.0
2000,homey,32,1075,1.488,0.4766
2000,homie,94,1075,5.209,1.4
2000,ima,6,1075,0.372,0.0894
2000,killa,144,1075,4.372,2.1447
2000,kush,1,1075,0.093,0.0149
2000,lambo,0,1075,0.0,0.0
2000,lame,40,1075,2.977,0.5958
2000,latto,0,1075,0.0,0.0
2000,lit,49,1075,2.791,0.7298
2000,louie,14,1075,0.372,0.2085
2000,love,1250,1075,44.279,18.6173
2000,lyrics,66,1075,4.558,0.983
2000,mane,32,1075,1.581,0.4766
2000,maybach,0,1075,0.0,0.0
2000,mayne,12,1075,0.744,0.1787
2000,mc's,28,1075,2.419,0.417
2000,mcs,19,1075,1.302,0.283
2000,mixtape,1,1075,0.093,0.0149
2000,mob,46,1075,2.419,0.6851
2000,money,1020,1075,38.791,15.1918
2000,montana,7,1075,0.651,0.1043
2000,mothafuckin,17,1075,1.023,0.2532
2000,motherfuckin,291,1075,12.837,4.3341
2000,motherfucking,121,1075,5.209,1.8022
2000,murda,183,1075,2.326,2.7256
2000,muthafucka,49,1075,2.047,0.7298
2000,muthafuckas,30,1075,1.488,0.4468
2000,muthafuckin,38,1075,2.791,0.566
2000,mwah,1,1075,0.093,0.0149
2000,nigga,4368,1075,68.465,65.0564
2000,nigga's,86,1075,4.279,1.2809
2000,niggas,3913,1075,66.14,58.2797
2000,nuts,64,1075,5.581,0.9532
2000,nuttin,57,1075,3.814,0.849
2000,og,5,1075,0.372,0.0745
2000,opp,0,1075,0.0,0.0
2000,opps,2,1075,0.093,0.0298
2000,pac,74,1075,4.186,1.1021
2000,pain,132,1075,8.837,1.966
2000,pants,59,1075,5.209,0.8787
2000,patek,0,1075,0.0,0.0
2000,perc,0,1075,0.0,0.0
2000,percs,0,1075,0.0,0.0
2000,perky,0,1075,0.0,0.0
2000,phew,0,1075,0.0,0.0
2000,pimp,272,1075,9.395,4.0511
2000,pimpin,183,1075,5.116,2.7256
2000,po,49,1075,3.07,0.7298
2000,police,138,1075,8.279,2.0554
2000,poppin,99,1075,6.791,1.4745
2000,projects,34,1075,2.884,0.5064
2000,purp,1,1075,0.093,0.0149
2000,pussy,263,1075,14.047,3.9171
2000,racks,3,1075,0.279,0.0447
2000,rap,419,1075,23.535,6.2405
2000,rapper,69,1075,5.302,1.0277
2000,rappers,94,1075,5.953,1.4
2000,rappin,61,1075,4.186,0.9085
2000,raps,51,1075,3.628,0.7596
2000,rep,57,1075,4.186,0.849
2000,rick,4,1075,0.372,0.0596
2000,rollie,14,1075,0.93,0.2085
2000,shooters,5,1075,0.465,0.0745
2000,sippin,67,1075,5.302,0.9979
2000,skrr,1,1075,0.093,0.0149
2000,skrrt,10,1075,0.093,0.1489
2000,skrt,0,1075,0.0,0.0
2000,slangin,27,1075,2.419,0.4021
2000,slatt,0,1075,0.0,0.0
2000,slick,46,1075,3.535,0.6851
2000,slime,1,1075,0.093,0.0149
2000,slugs,50,1075,4.093,0.7447
2000,snitch,39,1075,2.791,0.5809
2000,snoop,133,1075,3.535,1.9809
2000,sosa,2,1075,0.186,0.0298
2000,soulja,12,1075,0.558,0.1787
2000,squad,77,1075,4.465,1.1468
2000,stash,83,1075,6.047,1.2362
2000,strap,37,1075,2.326,0.5511
2000,strapped,45,1075,3.814,0.6702
2000,stunt,19,1075,1.116,0.283
2000,stuntin,16,1075,1.023,0.2383
2000,tec,19,1075,1.581,0.283
2000,tech,68,1075,3.721,1.0128
2000,tha,237,1075,4.558,3.5298
2000,thats,123,1075,5.767,1.8319
2000,thot,0,1075,0.0,0.0
2000,thots,0,1075,0.0,0.0
2000,thug,373,1075,15.535,5.5554
2000,thugger,0,1075,0.0,0.0
2000,thuggin,51,1075,3.349,0.7596
2000,trap,27,1075,2.047,0.4021
2000,trappin,0,1075,0.0,0.0
2000,trapping,1,1075,0.093,0.0149
2000,trim,0,1075,0.0,0.0
2000,triple,76,1075,5.302,1.1319
2000,tuh,0,1075,0.0,0.0
2000,turnt,4,1075,0.279,0.0596
2000,twerk,37,1075,0.558,0.5511
2000,ugh,43,1075,1.86,0.6404
2000,unit,5,1075,0.465,0.0745
2000,vibe,20,1075,1.86,0.2979
2000,vvs,0,1075,0.0,0.0
2000,wack,79,1075,5.581,1.1766
2000,waka,0,1075,0.0,0.0
2000,wheezy,20,1075,1.302,0.2979
2000,wu,51,1075,1.767,0.7596
2000,xans,0,1075,0.0,0.0
2000,yup,18,1075,0.651,0.2681
2001,aiyyo,71,1168,4.024,1.0523
2001,ap,0,1168,0.0,0.0
2001,baddie,0,1168,0.0,0.0
2001,bah,80,1168,0.086,1.1857
2001,balls,65,1168,4.709,0.9634
2001,bands,6,1168,0.514,0.0889
2001,bankroll,3,1168,0.257,0.0445
2001,baow,0,1168,0.0,0.0
2001,beef,167,1168,9.503,2.4751
2001,betta,51,1168,2.74,0.7559
2001,bitches,848,1168,31.507,12.5683
2001,blatt,0,1168,0.0,0.0
2001,blick,0,1168,0.0,0.0
2001,blunts,61,1168,3.682,0.9041
2001,bringin,40,1168,2.997,0.5928
2001,brrt,0,1168,0.0,0.0
2001,bust,370,1168,19.777,5.4838
2001,bustin,96,1168,5.651,1.4228
2001,carti,2,1168,0.086,0.0296
2001,choppa,2,1168,0.171,0.0296
2001,chopper,12,1168,1.027,0.1779
2001,choppers,25,1168,1.455,0.3705
2001,cocked,52,1168,3.596,0.7707
2001,compton,25,1168,1.37,0.3705
2001,coochie,21,1168,1.199,0.3112
2001,crib,97,1168,6.678,1.4377
2001,cube,16,1168,1.027,0.2371
2001,dawg,139,1168,5.993,2.0601
2001,dem,121,1168,3.339,1.7934
2001,deuce,35,1168,1.541,0.5187
2001,dick,430,1168,21.49,6.3731
2001,diss,32,1168,2.312,0.4743
2001,dogg,141,1168,4.366,2.0898
2001,dome,51,1168,3.596,0.7559
2001,doo,60,1168,1.627,0.8893
2001,draco,0,1168,0.0,0.0
2001,drip,8,1168,0.428,0.1186
2001,duck,68,1168,4.88,1.0078
2001,dutch,12,1168,0.942,0.1779
2001,fat,188,1168,9.76,2.7864
2001,feds,70,1168,4.88,1.0375
2001,fee,7,1168,0.599,0.1037
2001,fiend,34,1168,2.654,0.5039
2001,flex,23,1168,1.969,0.3409
2001,flocka,0,1168,0.0,0.0
2001,gang,98,1168,6.079,1.4525
2001,gangsta,560,1168,12.158,8.2998
2001,gangstas,106,1168,3.253,1.571
2001,gat,93,1168,6.764,1.3784
2001,geah,92,1168,0.514,1.3635
2001,geeked,0,1168,0.0,0.0
2001,geekin,1,1168,0.086,0.0148
2001,ghetto,265,1168,11.13,3.9276
2001,glock,147,1168,7.62,2.1787
2001,glocks,60,1168,4.709,0.8893
2001,goons,2,1168,0.171,0.0296
2001,gram,13,1168,0.599,0.1927
2001,grams,15,1168,0.942,0.2223
2001,grill,83,1168,5.051,1.2302
2001,grrah,0,1168,0.0,0.0
2001,grrt,0,1168,0.0,0.0
2001,guap,0,1168,0.0,0.0
2001,guwop,0,1168,0.0,0.0
2001,haters,150,1168,9.247,2.2232
2001,heart,237,1168,14.041,3.5126
2001,hella,30,1168,2.14,0.4446
2001,henny,36,1168,2.226,0.5336
2001,ho,469,1168,16.353,6.9511
2001,hoes,745,1168,26.884,11.0417
2001,hol,11,1168,0.342,0.163
2001,homey,25,1168,1.541,0.3705
2001,homie,121,1168,7.277,1.7934
2001,ima,14,1168,1.027,0.2075
2001,killa,80,1168,4.11,1.1857
2001,kush,2,1168,0.171,0.0296
2001,lambo,1,1168,0.086,0.0148
2001,lame,33,1168,2.483,0.4891
2001,latto,0,1168,0.0,0.0
2001,lit,30,1168,2.397,0.4446
2001,louie,6,1168,0.514,0.0889
2001,love,1497,1168,46.318,22.1872
2001,lyrics,39,1168,2.997,0.578
2001,mane,141,1168,3.082,2.0898
2001,maybach,0,1168,0.0,0.0
2001,mayne,10,1168,0.856,0.1482
2001,mc's,40,1168,2.654,0.5928
2001,mcs,14,1168,0.514,0.2075
2001,mixtape,3,1168,0.257,0.0445
2001,mob,78,1168,2.568,1.156
2001,money,1066,1168,37.329,15.7993
2001,montana,7,1168,0.599,0.1037
2001,mothafuckin,28,1168,1.37,0.415
2001,motherfuckin,253,1168,10.959,3.7497
2001,motherfucking,83,1168,3.339,1.2302
2001,murda,83,1168,1.37,1.2302
2001,muthafucka,67,1168,2.226,0.993
2001,muthafuckas,13,1168,1.113,0.1927
2001,muthafuckin,64,1168,2.483,0.9486
2001,mwah,1,1168,0.086,0.0148
2001,nigga,3820,1168,65.497,56.6167
2001,nigga's,45,1168,3.339,0.667
2001,niggas,3705,1168,62.072,54.9123
2001,nuts,135,1168,6.935,2.0009
2001,nuttin,107,1168,5.822,1.5859
2001,og,4,1168,0.342,0.0593
2001,opp,0,1168,0.0,0.0
2001,opps,0,1168,0.0,0.0
2001,pac,72,1168,4.966,1.0671
2001,pain,234,1168,11.387,3.4681
2001,pants,39,1168,3.339,0.578
2001,patek,0,1168,0.0,0.0
2001,perc,0,1168,0.0,0.0
2001,percs,0,1168,0.0,0.0
2001,perky,0,1168,0.0,0.0
2001,phew,0,1168,0.0,0.0
2001,pimp,197,1168,7.791,2.9198
2001,pimpin,151,1168,5.051,2.238
2001,po,57,1168,3.253,0.8448
2001,police,103,1168,7.021,1.5266
2001,poppin,143,1168,9.332,2.1194
2001,projects,66,1168,4.366,0.9782
2001,purp,0,1168,0.0,0.0
2001,pussy,280,1168,11.986,4.1499
2001,racks,2,1168,0.171,0.0296
2001,rap,473,1168,23.031,7.0104
2001,rapper,69,1168,4.966,1.0227
2001,rappers,122,1168,7.705,1.8082
2001,rappin,73,1168,5.223,1.0819
2001,raps,48,1168,3.596,0.7114
2001,rep,51,1168,3.51,0.7559
2001,rick,7,1168,0.428,0.1037
2001,rollie,8,1168,0.685,0.1186
2001,shooters,2,1168,0.171,0.0296
2001,sippin,81,1168,5.394,1.2005
2001,skrr,0,1168,0.0,0.0
2001,skrrt,0,1168,0.0,0.0
2001,skrt,1,1168,0.086,0.0148
2001,slangin,34,1168,2.654,0.5039
2001,slatt,0,1168,0.0,0.0
2001,slick,59,1168,4.538,0.8744
2001,slime,1,1168,0.086,0.0148
2001,slugs,72,1168,4.538,1.0671
2001,snitch,34,1168,2.568,0.5039
2001,snoop,88,1168,2.483,1.3043
2001,sosa,7,1168,0.428,0.1037
2001,soulja,51,1168,1.798,0.7559
2001,squad,88,1168,4.966,1.3043
2001,stash,64,1168,4.366,0.9486
2001,strap,47,1168,3.082,0.6966
2001,strapped,52,1168,3.938,0.7707
2001,stunt,24,1168,1.284,0.3557
2001,stuntin,11,1168,0.856,0.163
2001,tec,39,1168,2.397,0.578
2001,tech,158,1168,2.911,2.3417
2001,tha,315,1168,6.079,4.6687
2001,thats,100,1168,4.623,1.4821
2001,thot,0,1168,0.0,0.0
2001,thots,0,1168,0.0,0.0
2001,thug,467,1168,14.127,6.9215
2001,thugger,0,1168,0.0,0.0
2001,thuggin,58,1168,2.911,0.8596
2001,trap,23,1168,1.798,0.3409
2001,trappin,5,1168,0.342,0.0741
2001,trapping,2,1168,0.171,0.0296
2001,trim,1,1168,0.086,0.0148
2001,triple,71,1168,3.767,1.0523
2001,tuh,0,1168,0.0,0.0
2001,turnt,0,1168,0.0,0.0
2001,twerk,13,1168,0.514,0.1927
2001,ugh,92,1168,1.37,1.3635
2001,unit,6,1168,0.514,0.0889
2001,vibe,30,1168,2.055,0.4446
2001,vvs,1,1168,0.086,0.0148
2001,wack,72,1168,4.366,1.0671
2001,waka,0,1168,0.0,0.0
2001,wheezy,11,1168,0.342,0.163
2001,wu,106,1168,2.74,1.571
2001,xans,0,1168,0.0,0.0
2001,yup,12,1168,0.685,0.1779
2002,aiyyo,27,1107,1.626,0.4203
2002,ap,1,1107,0.09,0.0156
2002,baddie,0,1107,0.0,0.0
2002,bah,4,1107,0.271,0.0623
2002,balls,56,1107,4.517,0.8718
2002,bands,4,1107,0.361,0.0623
2002,bankroll,4,1107,0.361,0.0623
2002,baow,0,1107,0.0,0.0
2002,beef,172,1107,11.292,2.6776
2002,betta,59,1107,3.071,0.9185
2002,bitches,425,1107,21.048,6.6161
2002,blatt,0,1107,0.0,0.0
2002,blick,0,1107,0.0,0.0
2002,blunts,25,1107,1.987,0.3892
2002,bringin,28,1107,2.078,0.4359
2002,brrt,0,1107,0.0,0.0
2002,bust,279,1107,16.983,4.3433
2002,bustin,66,1107,4.878,1.0274
2002,carti,0,1107,0.0,0.0
2002,choppa,6,1107,0.181,0.0934
2002,chopper,3,1107,0.271,0.0467
2002,choppers,9,1107,0.813,0.1401
2002,cocked,21,1107,1.807,0.3269
2002,compton,27,1107,1.445,0.4203
2002,coochie,10,1107,0.903,0.1557
2002,crib,92,1107,7.227,1.4322
2002,cube,8,1107,0.452,0.1245
2002,dawg,147,1107,6.956,2.2884
2002,dem,60,1107,2.439,0.934
2002,deuce,41,1107,2.529,0.6383
2002,dick,368,1107,18.699,5.7288
2002,diss,23,1107,1.807,0.358
2002,dogg,93,1107,3.523,1.4478
2002,dome,41,1107,3.252,0.6383
2002,doo,67,1107,1.626,1.043
2002,draco,0,1107,0.0,0.0
2002,drip,11,1107,0.813,0.1712
2002,duck,67,1107,5.059,1.043
2002,dutch,21,1107,1.807,0.3269
2002,fat,111,1107,7.678,1.728
2002,feds,38,1107,3.071,0.5916
2002,fee,21,1107,1.355,0.3269
2002,fiend,31,1107,2.078,0.4826
2002,flex,14,1107,1.084,0.2179
2002,flocka,0,1107,0.0,0.0
2002,gang,55,1107,3.613,0.8562
2002,gangsta,414,1107,11.382,6.4449
2002,gangstas,47,1107,2.891,0.7317
2002,gat,82,1107,6.052,1.2765
2002,geah,24,1107,0.542,0.3736
2002,geeked,1,1107,0.09,0.0156
2002,geekin,1,1107,0.09,0.0156
2002,ghetto,274,1107,12.105,4.2654
2002,glock,85,1107,6.323,1.3232
2002,glocks,41,1107,3.071,0.6383
2002,goons,8,1107,0.723,0.1245
2002,gram,8,1107,0.723,0.1245
2002,grams,34,1107,2.981,0.5293
2002,grill,53,1107,4.426,0.8251
2002,grrah,0,1107,0.0,0.0
2002,grrt,0,1107,0.0,0.0
2002,guap,0,1107,0.0,0.0
2002,guwop,0,1107,0.0,0.0
2002,haters,139,1107,8.22,2.1639
2002,heart,255,1107,15.808,3.9697
2002,hella,32,1107,2.258,0.4982
2002,henny,38,1107,2.891,0.5916
2002,ho,384,1107,12.737,5.9779
2002,hoes,605,1107,23.487,9.4182
2002,hol,2,1107,0.181,0.0311
2002,homey,25,1107,1.807,0.3892
2002,homie,146,1107,8.762,2.2728
2002,ima,18,1107,0.903,0.2802
2002,killa,164,1107,4.788,2.553
2002,kush,4,1107,0.361,0.0623
2002,lambo,5,1107,0.361,0.0778
2002,lame,27,1107,2.439,0.4203
2002,latto,0,1107,0.0,0.0
2002,lit,24,1107,1.987,0.3736
2002,louie,11,1107,0.994,0.1712
2002,love,1489,1107,46.341,23.1798
2002,lyrics,44,1107,3.613,0.685
2002,mane,85,1107,2.891,1.3232
2002,maybach,4,1107,0.361,0.0623
2002,mayne,32,1107,1.716,0.4982
2002,mc's,20,1107,1.716,0.3113
2002,mcs,13,1107,1.084,0.2024
2002,mixtape,3,1107,0.181,0.0467
2002,mob,33,1107,2.529,0.5137
2002,money,863,1107,37.669,13.4346
2002,montana,5,1107,0.452,0.0778
2002,mothafuckin,22,1107,1.355,0.3425
2002,motherfuckin,147,1107,7.317,2.2884
2002,motherfucking,107,1107,5.51,1.6657
2002,murda,21,1107,1.174,0.3269
2002,muthafucka,62,1107,2.349,0.9652
2002,muthafuckas,31,1107,1.355,0.4826
2002,muthafuckin,38,1107,2.62,0.5916
2002,mwah,3,1107,0.09,0.0467
2002,nigga,3368,1107,59.711,52.4308
2002,nigga's,42,1107,3.071,0.6538
2002,niggas,2787,1107,57.001,43.3861
2002,nuts,86,1107,5.601,1.3388
2002,nuttin,52,1107,3.794,0.8095
2002,og,16,1107,1.174,0.2491
2002,opp,1,1107,0.09,0.0156
2002,opps,0,1107,0.0,0.0
2002,pac,79,1107,5.239,1.2298
2002,pain,195,1107,11.653,3.0356
2002,pants,33,1107,2.981,0.5137
2002,patek,0,1107,0.0,0.0
2002,perc,0,1107,0.0,0.0
2002,percs,0,1107,0.0,0.0
2002,perky,2,1107,0.181,0.0311
2002,phew,0,1107,0.0,0.0
2002,pimp,250,1107,10.93,3.8918
2002,pimpin,91,1107,5.42,1.4166
2002,po,60,1107,3.071,0.934
2002,police,89,1107,6.685,1.3855
2002,poppin,126,1107,7.588,1.9615
2002,projects,35,1107,3.162,0.5449
2002,purp,3,1107,0.181,0.0467
2002,pussy,252,1107,9.485,3.923
2002,racks,3,1107,0.271,0.0467
2002,rap,545,1107,26.016,8.4842
2002,rapper,77,1107,5.33,1.1987
2002,rappers,98,1107,6.052,1.5256
2002,rappin,54,1107,4.336,0.8406
2002,raps,40,1107,3.252,0.6227
2002,rep,76,1107,3.884,1.1831
2002,rick,17,1107,1.536,0.2646
2002,rollie,4,1107,0.361,0.0623
2002,shooters,2,1107,0.181,0.0311
2002,sippin,64,1107,4.968,0.9963
2002,skrr,0,1107,0.0,0.0
2002,skrrt,1,1107,0.09,0.0156
2002,skrt,0,1107,0.0,0.0
2002,slangin,19,1107,1.716,0.2958
2002,slatt,0,1107,0.0,0.0
2002,slick,41,1107,3.613,0.6383
2002,slime,15,1107,0.361,0.2335
2002,slugs,36,1107,2.981,0.5604
2002,snitch,38,1107,2.529,0.5916
2002,snoop,66,1107,2.62,1.0274
2002,sosa,3,1107,0.271,0.0467
2002,soulja,16,1107,0.542,0.2491
2002,squad,83,1107,4.155,1.2921
2002,stash,47,1107,3.704,0.7317
2002,strap,36,1107,2.8,0.5604
2002,strapped,43,1107,3.433,0.6694
2002,stunt,17,1107,1.084,0.2646
2002,stuntin,14,1107,1.265,0.2179
2002,tec,26,1107,1.987,0.4048
2002,tech,177,1107,4.426,2.7554
2002,tha,178,1107,3.433,2.771
2002,thats,133,1107,6.323,2.0705
2002,thot,0,1107,0.0,0.0
2002,thots,0,1107,0.0,0.0
2002,thug,297,1107,13.64,4.6235
2002,thugger,10,1107,0.813,0.1557
2002,thuggin,56,1107,3.433,0.8718
2002,trap,29,1107,2.078,0.4515
2002,trappin,2,1107,0.181,0.0311
2002,trapping,0,1107,0.0,0.0
2002,trim,3,1107,0.271,0.0467
2002,triple,30,1107,1.897,0.467
2002,tuh,1,1107,0.09,0.0156
2002,turnt,0,1107,0.0,0.0
2002,twerk,23,1107,0.452,0.358
2002,ugh,77,1107,2.078,1.1987
2002,unit,120,1107,3.884,1.8681
2002,vibe,20,1107,1.716,0.3113
2002,vvs,0,1107,0.0,0.0
2002,wack,60,1107,3.704,0.934
2002,waka,0,1107,0.0,0.0
2002,wheezy,0,1107,0.0,0.0
2002,wu,31,1107,1.355,0.4826
2002,xans,0,1107,0.0,0.0
2002,yup,16,1107,1.084,0.2491
2003,aiyyo,50,1330,2.406,0.6835
2003,ap,1,1330,0.075,0.0137
2003,baddie,0,1330,0.0,0.0
2003,bah,0,1330,0.0,0.0
2003,balls,59,1330,3.985,0.8065
2003,bands,5,1330,0.226,0.0683
2003,bankroll,0,1330,0.0,0.0
2003,baow,2,1330,0.15,0.0273
2003,beef,222,1330,11.729,3.0346
2003,betta,56,1330,1.579,0.7655
2003,bitches,496,1330,19.549,6.78
2003,blatt,0,1330,0.0,0.0
2003,blick,0,1330,0.0,0.0
2003,blunts,36,1330,1.805,0.4921
2003,bringin,39,1330,2.707,0.5331
2003,brrt,0,1330,0.0,0.0
2003,bust,311,1330,15.038,4.2512
2003,bustin,88,1330,4.662,1.2029
2003,carti,0,1330,0.0,0.0
2003,choppa,4,1330,0.301,0.0547
2003,chopper,32,1330,1.278,0.4374
2003,choppers,11,1330,0.752,0.1504
2003,cocked,24,1330,1.504,0.3281
2003,compton,26,1330,1.128,0.3554
2003,coochie,15,1330,0.902,0.205
2003,crib,136,1330,7.594,1.859
2003,cube,8,1330,0.451,0.1094
2003,dawg,112,1330,5.188,1.531
2003,dem,146,1330,2.556,1.9957
2003,deuce,40,1330,2.03,0.5468
2003,dick,377,1330,16.466,5.1534
2003,diss,40,1330,2.481,0.5468
2003,dogg,45,1330,2.331,0.6151
2003,dome,52,1330,3.158,0.7108
2003,doo,31,1330,1.429,0.4238
2003,draco,0,1330,0.0,0.0
2003,drip,14,1330,0.827,0.1914
2003,duck,66,1330,4.361,0.9022
2003,dutch,181,1330,1.88,2.4742
2003,fat,128,1330,6.842,1.7497
2003,feds,59,1330,3.91,0.8065
2003,fee,17,1330,1.203,0.2324
2003,fiend,32,1330,2.256,0.4374
2003,flex,20,1330,1.353,0.2734
2003,flocka,0,1330,0.0,0.0
2003,gang,88,1330,4.737,1.2029
2003,gangsta,350,1330,10.301,4.7843
2003,gangstas,53,1330,2.782,0.7245
2003,gat,103,1330,6.316,1.408
2003,geah,27,1330,0.602,0.3691
2003,geeked,3,1330,0.226,0.041
2003,geekin,0,1330,0.0,0.0
2003,ghetto,189,1330,8.421,2.5835
2003,glock,109,1330,6.541,1.49
2003,glocks,46,1330,2.331,0.6288
2003,goons,19,1330,0.827,0.2597
2003,gram,6,1330,0.451,0.082
2003,grams,20,1330,1.353,0.2734
2003,grill,74,1330,3.985,1.0115
2003,grrah,1,1330,0.075,0.0137
2003,grrt,0,1330,0.0,0.0
2003,guap,0,1330,0.0,0.0
2003,guwop,0,1330,0.0,0.0
2003,haters,128,1330,7.143,1.7497
2003,heart,286,1330,13.985,3.9095
2003,hella,32,1330,1.955,0.4374
2003,henny,17,1330,1.128,0.2324
2003,ho,325,1330,10.827,4.4426
2003,hoes,600,1330,22.857,8.2017
2003,hol,2,1330,0.15,0.0273
2003,homey,37,1330,1.805,0.5058
2003,homie,215,1330,9.023,2.9389
2003,ima,37,1330,1.353,0.5058
2003,killa,85,1330,2.632,1.1619
2003,kush,2,1330,0.15,0.0273
2003,lambo,5,1330,0.376,0.0683
2003,lame,48,1330,3.383,0.6561
2003,latto,0,1330,0.0,0.0
2003,lit,24,1330,1.805,0.3281
2003,louie,10,1330,0.602,0.1367
2003,love,1674,1330,43.459,22.8826
2003,lyrics,51,1330,2.782,0.6971
2003,mane,43,1330,1.429,0.5878
2003,maybach,26,1330,1.654,0.3554
2003,mayne,50,1330,2.256,0.6835
2003,mc's,55,1330,2.256,0.7518
2003,mcs,29,1330,1.504,0.3964
2003,mixtape,17,1330,1.278,0.2324
2003,mob,33,1330,2.256,0.4511
2003,money,949,1330,33.534,12.9723
2003,montana,9,1330,0.677,0.123
2003,mothafuckin,30,1330,1.353,0.4101
2003,motherfuckin,186,1330,7.218,2.5425
2003,motherfucking,92,1330,4.586,1.2576
2003,murda,49,1330,1.128,0.6698
2003,muthafucka,36,1330,2.105,0.4921
2003,muthafuckas,24,1330,1.278,0.3281
2003,muthafuckin,45,1330,1.955,0.6151
2003,mwah,1,1330,0.075,0.0137
2003,nigga,3859,1330,60.752,52.7503
2003,nigga's,62,1330,3.158,0.8475
2003,niggas,3390,1330,56.692,46.3393
2003,nuts,62,1330,4.06,0.8475
2003,nuttin,77,1330,3.835,1.0525
2003,og,20,1330,1.353,0.2734
2003,opp,0,1330,0.0,0.0
2003,opps,0,1330,0.0,0.0
2003,pac,101,1330,5.263,1.3806
2003,pain,229,1330,11.504,3.1303
2003,pants,61,1330,3.759,0.8338
2003,patek,0,1330,0.0,0.0
2003,perc,0,1330,0.0,0.0
2003,percs,0,1330,0.0,0.0
2003,perky,1,1330,0.075,0.0137
2003,phew,0,1330,0.0,0.0
2003,pimp,231,1330,10.827,3.1576
2003,pimpin,142,1330,6.09,1.9411
2003,po,52,1330,2.481,0.7108
2003,police,122,1330,6.842,1.6677
2003,poppin,139,1330,7.143,1.9
2003,projects,38,1330,2.481,0.5194
2003,purp,0,1330,0.0,0.0
2003,pussy,268,1330,11.203,3.6634
2003,racks,3,1330,0.15,0.041
2003,rap,511,1330,24.812,6.9851
2003,rapper,72,1330,4.511,0.9842
2003,rappers,122,1330,6.992,1.6677
2003,rappin,84,1330,4.887,1.1482
2003,raps,61,1330,3.233,0.8338
2003,rep,57,1330,3.609,0.7792
2003,rick,11,1330,0.827,0.1504
2003,rollie,2,1330,0.15,0.0273
2003,shooters,9,1330,0.677,0.123
2003,sippin,50,1330,3.459,0.6835
2003,skrr,0,1330,0.0,0.0
2003,skrrt,1,1330,0.075,0.0137
2003,skrt,0,1330,0.0,0.0
2003,slangin,18,1330,1.353,0.246
2003,slatt,0,1330,0.0,0.0
2003,slick,51,1330,3.609,0.6971
2003,slime,3,1330,0.075,0.041
2003,slugs,74,1330,4.286,1.0115
2003,snitch,50,1330,2.481,0.6835
2003,snoop,48,1330,2.256,0.6561
2003,sosa,1,1330,0.075,0.0137
2003,soulja,8,1330,0.226,0.1094
2003,squad,63,1330,3.609,0.8612
2003,stash,79,1330,5.113,1.0799
2003,strap,42,1330,2.331,0.5741
2003,strapped,48,1330,2.932,0.6561
2003,stunt,72,1330,2.481,0.9842
2003,stuntin,21,1330,1.278,0.2871
2003,tec,39,1330,2.03,0.5331
2003,tech,49,1330,2.707,0.6698
2003,tha,174,1330,2.857,2.3785
2003,thats,112,1330,4.812,1.531
2003,thot,0,1330,0.0,0.0
2003,thots,0,1330,0.0,0.0
2003,thug,285,1330,10.977,3.8958
2003,thugger,4,1330,0.301,0.0547
2003,thuggin,50,1330,2.256,0.6835
2003,trap,94,1330,2.556,1.2849
2003,trappin,3,1330,0.226,0.041
2003,trapping,2,1330,0.15,0.0273
2003,trim,3,1330,0.226,0.041
2003,triple,50,1330,3.609,0.6835
2003,tuh,5,1330,0.075,0.0683
2003,turnt,0,1330,0.0,0.0
2003,twerk,15,1330,0.602,0.205
2003,ugh,71,1330,1.429,0.9705
2003,unit,221,1330,5.789,3.0209
2003,vibe,34,1330,1.504,0.4648
2003,vvs,1,1330,0.075,0.0137
2003,wack,40,1330,2.406,0.5468
2003,waka,0,1330,0.0,0.0
2003,wheezy,1,1330,0.075,0.0137
2003,wu,30,1330,1.053,0.4101
2003,xans,0,1330,0.0,0.0
2003,yup,31,1330,1.654,0.4238
2004,aiyyo,23,1331,1.503,0.3172
2004,ap,2,1331,0.15,0.0276
2004,baddie,0,1331,0.0,0.0
2004,bah,0,1331,0.0,0.0
2004,balls,38,1331,2.179,0.5241
2004,bands,6,1331,0.451,0.0828
2004,bankroll,2,1331,0.15,0.0276
2004,baow,2,1331,0.15,0.0276
2004,beef,227,1331,11.345,3.1309
2004,betta,45,1331,1.878,0.6207
2004,bitches,418,1331,17.506,5.7653
2004,blatt,0,1331,0.0,0.0
2004,blick,0,1331,0.0,0.0
2004,blunts,39,1331,2.404,0.5379
2004,bringin,28,1331,2.029,0.3862
2004,brrt,0,1331,0.0,0.0
2004,bust,230,1331,12.322,3.1723
2004,bustin,77,1331,4.057,1.062
2004,carti,1,1331,0.075,0.0138
2004,choppa,3,1331,0.15,0.0414
2004,chopper,31,1331,1.878,0.4276
2004,choppers,14,1331,0.977,0.1931
2004,cocked,35,1331,2.479,0.4827
2004,compton,116,1331,3.982,1.5999
2004,coochie,19,1331,1.127,0.2621
2004,crib,144,1331,7.739,1.9861
2004,cube,10,1331,0.601,0.1379
2004,dawg,79,1331,4.057,1.0896
2004,dem,72,1331,2.254,0.9931
2004,deuce,27,1331,1.728,0.3724
2004,dick,292,1331,14.275,4.0274
2004,diss,38,1331,2.63,0.5241
2004,dogg,76,1331,3.005,1.0482
2004,dome,52,1331,3.456,0.7172
2004,doo,18,1331,0.601,0.2483
2004,draco,0,1331,0.0,0.0
2004,drip,9,1331,0.376,0.1241
2004,duck,63,1331,3.456,0.8689
2004,dutch,27,1331,1.803,0.3724
2004,fat,110,1331,6.536,1.5172
2004,feds,51,1331,3.456,0.7034
2004,fee,16,1331,1.052,0.2207
2004,fiend,31,1331,1.953,0.4276
2004,flex,27,1331,1.953,0.3724
2004,flocka,0,1331,0.0,0.0
2004,gang,100,1331,5.334,1.3793
2004,gangsta,322,1331,10.744,4.4412
2004,gangstas,59,1331,3.156,0.8138
2004,gat,65,1331,4.132,0.8965
2004,geah,36,1331,0.751,0.4965
2004,geeked,1,1331,0.075,0.0138
2004,geekin,0,1331,0.0,0.0
2004,ghetto,288,1331,9.542,3.9723
2004,glock,67,1331,4.583,0.9241
2004,glocks,50,1331,2.554,0.6896
2004,goons,12,1331,0.826,0.1655
2004,gram,6,1331,0.451,0.0828
2004,grams,33,1331,1.653,0.4552
2004,grill,44,1331,2.78,0.6069
2004,grrah,0,1331,0.0,0.0
2004,grrt,0,1331,0.0,0.0
2004,guap,3,1331,0.15,0.0414
2004,guwop,0,1331,0.0,0.0
2004,haters,155,1331,7.814,2.1378
2004,heart,218,1331,10.894,3.0068
2004,hella,20,1331,1.277,0.2759
2004,henny,22,1331,1.653,0.3034
2004,ho,351,1331,10.594,4.8412
2004,hoes,520,1331,19.684,7.1721
2004,hol,4,1331,0.15,0.0552
2004,homey,61,1331,3.456,0.8413
2004,homie,245,1331,9.767,3.3792
2004,ima,17,1331,0.977,0.2345
2004,killa,270,1331,4.433,3.724
2004,kush,6,1331,0.451,0.0828
2004,lambo,1,1331,0.075,0.0138
2004,lame,58,1331,2.855,0.8
2004,latto,0,1331,0.0,0.0
2004,lit,29,1331,1.878,0.4
2004,louie,7,1331,0.451,0.0965
2004,love,1501,1331,42.149,20.7026
2004,lyrics,34,1331,2.254,0.4689
2004,mane,27,1331,1.352,0.3724
2004,maybach,20,1331,1.503,0.2759
2004,mayne,74,1331,2.479,1.0207
2004,mc's,42,1331,2.254,0.5793
2004,mcs,13,1331,0.826,0.1793
2004,mixtape,26,1331,1.803,0.3586
2004,mob,45,1331,2.254,0.6207
2004,money,1111,1331,36.89,15.3235
2004,montana,8,1331,0.601,0.1103
2004,mothafuckin,22,1331,1.127,0.3034
2004,motherfuckin,194,1331,6.536,2.6758
2004,motherfucking,115,1331,4.658,1.5861
2004,murda,13,1331,0.676,0.1793
2004,muthafucka,70,1331,2.78,0.9655
2004,muthafuckas,25,1331,1.352,0.3448
2004,muthafuckin,60,1331,2.63,0.8276
2004,mwah,2,1331,0.15,0.0276
2004,nigga,3657,1331,59.204,50.4394
2004,nigga's,44,1331,2.705,0.6069
2004,niggas,3087,1331,57.476,42.5777
2004,nuts,62,1331,3.907,0.8551
2004,nuttin,44,1331,2.554,0.6069
2004,og,23,1331,1.277,0.3172
2004,opp,0,1331,0.0,0.0
2004,opps,0,1331,0.0,0.0
2004,pac,86,1331,5.485,1.1862
2004,pain,190,1331,9.917,2.6206
2004,pants,59,1331,3.681,0.8138
2004,patek,0,1331,0.0,0.0
2004,perc,0,1331,0.0,0.0
2004,percs,1,1331,0.075,0.0138
2004,perky,0,1331,0.0,0.0
2004,phew,0,1331,0.0,0.0
2004,pimp,287,1331,9.542,3.9585
2004,pimpin,148,1331,6.311,2.0413
2004,po,109,1331,3.531,1.5034
2004,police,112,1331,6.912,1.5448
2004,poppin,98,1331,5.935,1.3517
2004,projects,61,1331,3.606,0.8413
2004,purp,1,1331,0.075,0.0138
2004,pussy,232,1331,9.767,3.1999
2004,racks,1,1331,0.075,0.0138
2004,rap,579,1331,24.343,7.9859
2004,rapper,98,1331,4.959,1.3517
2004,rappers,154,1331,8.264,2.1241
2004,rappin,68,1331,4.207,0.9379
2004,raps,68,1331,3.456,0.9379
2004,rep,51,1331,3.456,0.7034
2004,rick,24,1331,1.578,0.331
2004,rollie,12,1331,0.601,0.1655
2004,shooters,5,1331,0.376,0.069
2004,sippin,70,1331,3.005,0.9655
2004,skrr,0,1331,0.0,0.0
2004,skrrt,0,1331,0.0,0.0
2004,skrt,0,1331,0.0,0.0
2004,slangin,18,1331,1.052,0.2483
2004,slatt,0,1331,0.0,0.0
2004,slick,50,1331,2.93,0.6896
2004,slime,1,1331,0.075,0.0138
2004,slugs,46,1331,3.08,0.6345
2004,snitch,38,1331,2.554,0.5241
2004,snoop,65,1331,2.554,0.8965
2004,sosa,4,1331,0.301,0.0552
2004,soulja,8,1331,0.526,0.1103
2004,squad,102,1331,4.207,1.4068
2004,stash,67,1331,3.982,0.9241
2004,strap,44,1331,2.855,0.6069
2004,strapped,43,1331,2.78,0.5931
2004,stunt,30,1331,1.803,0.4138
2004,stuntin,34,1331,1.803,0.4689
2004,tec,27,1331,2.029,0.3724
2004,tech,25,1331,1.653,0.3448
2004,tha,203,1331,2.78,2.7999
2004,thats,156,1331,6.011,2.1516
2004,thot,0,1331,0.0,0.0
2004,thots,0,1331,0.0,0.0
2004,thug,253,1331,9.316,3.4895
2004,thugger,2,1331,0.15,0.0276
2004,thuggin,41,1331,2.254,0.5655
2004,trap,31,1331,2.104,0.4276
2004,trappin,5,1331,0.376,0.069
2004,trapping,0,1331,0.0,0.0
2004,trim,3,1331,0.225,0.0414
2004,triple,18,1331,1.127,0.2483
2004,tuh,0,1331,0.0,0.0
2004,turnt,1,1331,0.075,0.0138
2004,twerk,14,1331,0.526,0.1931
2004,ugh,132,1331,3.381,1.8206
2004,unit,140,1331,5.109,1.931
2004,vibe,28,1331,1.878,0.3862
2004,vvs,4,1331,0.075,0.0552
2004,wack,70,1331,3.531,0.9655
2004,waka,0,1331,0.0,0.0
2004,wheezy,5,1331,0.225,0.069
2004,wu,19,1331,1.277,0.2621
2004,xans,0,1331,0.0,0.0
2004,yup,43,1331,2.705,0.5931
2005,aiyyo,32,1454,1.651,0.3986
2005,ap,1,1454,0.069,0.0125
2005,baddie,0,1454,0.0,0.0
2005,bah,11,1454,0.275,0.137
2005,balls,51,1454,3.026,0.6353
2005,bands,13,1454,0.825,0.1619
2005,bankroll,10,1454,0.481,0.1246
2005,baow,2,1454,0.138,0.0249
2005,beef,257,1454,11.623,3.2013
2005,betta,56,1454,2.27,0.6976
2005,bitches,545,1454,21.527,6.7887
2005,blatt,1,1454,0.069,0.0125
2005,blick,2,1454,0.069,0.0249
2005,blunts,56,1454,2.545,0.6976
2005,bringin,30,1454,1.994,0.3737
2005,brrt,2,1454,0.138,0.0249
2005,bust,256,1454,13.343,3.1888
2005,bustin,75,1454,3.783,0.9342
2005,carti,2,1454,0.069,0.0249
2005,choppa,10,1454,0.344,0.1246
2005,chopper,65,1454,2.132,0.8097
2005,choppers,31,1454,1.582,0.3861
2005,cocked,45,1454,2.682,0.5605
2005,compton,92,1454,4.127,1.146
2005,coochie,8,1454,0.481,0.0997
2005,crib,141,1454,7.909,1.7564
2005,cube,18,1454,1.1,0.2242
2005,dawg,144,1454,5.846,1.7937
2005,dem,137,1454,3.164,1.7065
2005,deuce,46,1454,1.994,0.573
2005,dick,376,1454,15.268,4.6836
2005,diss,35,1454,1.994,0.436
2005,dogg,156,1454,3.714,1.9432
2005,dome,39,1454,2.338,0.4858
2005,doo,24,1454,0.757,0.299
2005,draco,0,1454,0.0,0.0
2005,drip,22,1454,0.963,0.274
2005,duck,54,1454,2.82,0.6726
2005,dutch,37,1454,2.132,0.4609
2005,fat,139,1454,7.29,1.7314
2005,feds,83,1454,5.021,1.0339
2005,fee,10,1454,0.688,0.1246
2005,fiend,37,1454,2.132,0.4609
2005,flex,27,1454,1.651,0.3363
2005,flocka,1,1454,0.069,0.0125
2005,gang,132,1454,5.708,1.6442
2005,gangsta,505,1454,13.067,6.2905
2005,gangstas,67,1454,3.095,0.8346
2005,gat,108,1454,4.677,1.3453
2005,geah,26,1454,0.757,0.3239
2005,geeked,1,1454,0.069,0.0125
2005,geekin,1,1454,0.069,0.0125
2005,ghetto,195,1454,8.803,2.429
2005,glock,142,1454,6.671,1.7688
2005,glocks,36,1454,1.994,0.4484
2005,goons,22,1454,1.169,0.274
2005,gram,16,1454,1.1,0.1993
2005,grams,29,1454,1.857,0.3612
2005,grill,151,1454,6.259,1.8809
2005,grrah,1,1454,0.069,0.0125
2005,grrt,0,1454,0.0,0.0
2005,guap,4,1454,0.275,0.0498
2005,guwop,0,1454,0.0,0.0
2005,haters,216,1454,10.316,2.6906
2005,heart,302,1454,13.411,3.7618
2005,hella,35,1454,1.307,0.436
2005,henny,39,1454,2.407,0.4858
2005,ho,385,1454,11.829,4.7957
2005,hoes,820,1454,23.246,10.2143
2005,hol,7,1454,0.481,0.0872
2005,homey,124,1454,4.47,1.5446
2005,homie,330,1454,11.692,4.1106
2005,ima,43,1454,1.719,0.5356
2005,killa,68,1454,3.232,0.847
2005,kush,31,1454,1.307,0.3861
2005,lambo,7,1454,0.481,0.0872
2005,lame,56,1454,3.232,0.6976
2005,latto,0,1454,0.0,0.0
2005,lit,36,1454,2.201,0.4484
2005,louie,4,1454,0.275,0.0498
2005,love,1571,1454,42.228,19.569
2005,lyrics,42,1454,2.682,0.5232
2005,mane,113,1454,3.164,1.4076
2005,maybach,28,1454,1.857,0.3488
2005,mayne,182,1454,5.64,2.2671
2005,mc's,37,1454,1.994,0.4609
2005,mcs,18,1454,0.825,0.2242
2005,mixtape,28,1454,1.513,0.3488
2005,mob,32,1454,1.788,0.3986
2005,money,1359,1454,40.234,16.9283
2005,montana,10,1454,0.688,0.1246
2005,mothafuckin,24,1454,0.963,0.299
2005,motherfuckin,243,1454,8.597,3.0269
2005,motherfucking,153,1454,5.021,1.9058
2005,murda,88,1454,0.825,1.0962
2005,muthafucka,72,1454,1.582,0.8969
2005,muthafuckas,23,1454,0.619,0.2865
2005,muthafuckin,66,1454,1.444,0.8221
2005,mwah,1,1454,0.069,0.0125
2005,nigga,5520,1454,68.432,68.7593
2005,nigga's,52,1454,2.751,0.6477
2005,niggas,3950,1454,62.792,49.2028
2005,nuts,61,1454,3.439,0.7598
2005,nuttin,92,1454,4.677,1.146
2005,og,19,1454,1.1,0.2367
2005,opp,0,1454,0.0,0.0
2005,opps,2,1454,0.138,0.0249
2005,pac,140,1454,7.084,1.7439
2005,pain,174,1454,8.253,2.1674
2005,pants,103,1454,5.227,1.283
2005,patek,1,1454,0.069,0.0125
2005,perc,0,1454,0.0,0.0
2005,percs,1,1454,0.069,0.0125
2005,perky,0,1454,0.0,0.0
2005,phew,0,1454,0.0,0.0
2005,pimp,292,1454,10.591,3.6373
2005,pimpin,214,1454,6.19,2.6657
2005,po,79,1454,3.301,0.9841
2005,police,157,1454,7.084,1.9557
2005,poppin,263,1454,9.629,3.276
2005,projects,65,1454,3.645,0.8097
2005,purp,25,1454,0.825,0.3114
2005,pussy,482,1454,13.48,6.004
2005,racks,2,1454,0.138,0.0249
2005,rap,572,1454,22.834,7.1251
2005,rapper,129,1454,5.846,1.6069
2005,rappers,103,1454,6.19,1.283
2005,rappin,64,1454,4.127,0.7972
2005,raps,43,1454,2.613,0.5356
2005,rep,85,1454,4.058,1.0588
2005,rick,23,1454,1.169,0.2865
2005,rollie,7,1454,0.481,0.0872
2005,shooters,13,1454,0.55,0.1619
2005,sippin,123,1454,5.021,1.5321
2005,skrr,0,1454,0.0,0.0
2005,skrrt,4,1454,0.069,0.0498
2005,skrt,0,1454,0.0,0.0
2005,slangin,31,1454,1.651,0.3861
2005,slatt,0,1454,0.0,0.0
2005,slick,54,1454,2.82,0.6726
2005,slime,1,1454,0.069,0.0125
2005,slugs,48,1454,3.026,0.5979
2005,snitch,79,1454,3.714,0.9841
2005,snoop,107,1454,3.714,1.3328
2005,sosa,4,1454,0.275,0.0498
2005,soulja,10,1454,0.619,0.1246
2005,squad,66,1454,3.576,0.8221
2005,stash,53,1454,3.439,0.6602
2005,strap,69,1454,3.508,0.8595
2005,strapped,92,1454,4.814,1.146
2005,stunt,40,1454,2.613,0.4983
2005,stuntin,40,1454,2.201,0.4983
2005,tec,24,1454,1.582,0.299
2005,tech,54,1454,2.201,0.6726
2005,tha,151,1454,4.264,1.8809
2005,thats,169,1454,6.465,2.1051
2005,thot,0,1454,0.0,0.0
2005,thots,0,1454,0.0,0.0
2005,thug,217,1454,9.422,2.703
2005,thugger,6,1454,0.275,0.0747
2005,thuggin,56,1454,1.994,0.6976
2005,trap,127,1454,3.989,1.582
2005,trappin,12,1454,0.619,0.1495
2005,trapping,1,1454,0.069,0.0125
2005,trim,1,1454,0.069,0.0125
2005,triple,25,1454,1.651,0.3114
2005,tuh,0,1454,0.0,0.0
2005,turnt,0,1454,0.0,0.0
2005,twerk,15,1454,0.275,0.1868
2005,ugh,40,1454,1.376,0.4983
2005,unit,158,1454,5.021,1.9681
2005,vibe,32,1454,1.857,0.3986
2005,vvs,3,1454,0.138,0.0374
2005,wack,60,1454,1.994,0.7474
2005,waka,0,1454,0.0,0.0
2005,wheezy,1,1454,0.069,0.0125
2005,wu,46,1454,1.1,0.573
2005,xans,0,1454,0.0,0.0
2005,yup,89,1454,3.576,1.1086
2006,aiyyo,54,1659,2.291,0.6032
2006,ap,0,1659,0.0,0.0
2006,baddie,0,1659,0.0,0.0
2006,bah,5,1659,0.181,0.0559
2006,balls,54,1659,2.893,0.6032
2006,bands,10,1659,0.603,0.1117
2006,bankroll,12,1659,0.542,0.134
2006,baow,0,1659,0.0,0.0
2006,beef,211,1659,10.066,2.3569
2006,betta,43,1659,2.17,0.4803
2006,bitches,714,1659,21.459,7.9755
2006,blatt,0,1659,0.0,0.0
2006,blick,0,1659,0.0,0.0
2006,blunts,53,1659,2.893,0.592
2006,bringin,41,1659,2.291,0.458
2006,brrt,0,1659,0.0,0.0
2006,bust,312,1659,11.332,3.4851
2006,bustin,60,1659,3.014,0.6702
2006,carti,0,1659,0.0,0.0
2006,choppa,26,1659,0.964,0.2904
2006,chopper,63,1659,2.411,0.7037
2006,choppers,47,1659,2.411,0.525
2006,cocked,60,1659,2.351,0.6702
2006,compton,134,1659,2.11,1.4968
2006,coochie,17,1659,1.025,0.1899
2006,crib,130,1659,6.329,1.4521
2006,cube,64,1659,1.627,0.7149
2006,dawg,155,1659,5.365,1.7314
2006,dem,117,1659,2.712,1.3069
2006,deuce,36,1659,1.808,0.4021
2006,dick,379,1659,13.14,4.2335
2006,diss,42,1659,2.049,0.4691
2006,dogg,161,1659,4.159,1.7984
2006,dome,37,1659,1.989,0.4133
2006,doo,71,1659,1.025,0.7931
2006,draco,0,1659,0.0,0.0
2006,drip,12,1659,0.603,0.134
2006,duck,175,1659,2.833,1.9548
2006,dutch,29,1659,1.447,0.3239
2006,fat,210,1659,7.896,2.3457
2006,feds,104,1659,4.943,1.1617
2006,fee,35,1659,1.567,0.391
2006,fiend,29,1659,1.627,0.3239
2006,flex,34,1659,1.808,0.3798
2006,flocka,0,1659,0.0,0.0
2006,gang,149,1659,5.726,1.6644
2006,gangsta,546,1659,11.754,6.0989
2006,gangstas,85,1659,2.954,0.9495
2006,gat,109,1659,4.4,1.2175
2006,geah,66,1659,1.266,0.7372
2006,geeked,27,1659,0.301,0.3016
2006,geekin,1,1659,0.06,0.0112
2006,ghetto,224,1659,6.811,2.5021
2006,glock,106,1659,5.425,1.184
2006,glocks,47,1659,2.471,0.525
2006,goons,39,1659,1.748,0.4356
2006,gram,17,1659,1.025,0.1899
2006,grams,70,1659,2.532,0.7819
2006,grill,118,1659,4.822,1.3181
2006,grrah,2,1659,0.06,0.0223
2006,grrt,0,1659,0.0,0.0
2006,guap,10,1659,0.603,0.1117
2006,guwop,0,1659,0.0,0.0
2006,haters,200,1659,8.198,2.234
2006,heart,279,1659,11.875,3.1165
2006,hella,44,1659,2.23,0.4915
2006,henny,19,1659,0.964,0.2122
2006,ho,346,1659,11.875,3.8649
2006,hoes,664,1659,19.168,7.417
2006,hol,12,1659,0.301,0.134
2006,homey,103,1659,4.521,1.1505
2006,homie,415,1659,13.02,4.6356
2006,ima,71,1659,2.351,0.7931
2006,killa,157,1659,3.737,1.7537
2006,kush,101,1659,4.34,1.1282
2006,lambo,16,1659,0.904,0.1787
2006,lame,71,1659,3.315,0.7931
2006,latto,0,1659,0.0,0.0
2006,lit,40,1659,2.351,0.4468
2006,louie,14,1659,0.482,0.1564
2006,love,1664,1659,39.361,18.5871
2006,lyrics,55,1659,3.195,0.6144
2006,mane,153,1659,3.556,1.709
2006,maybach,17,1659,1.025,0.1899
2006,mayne,166,1659,4.34,1.8542
2006,mc's,35,1659,1.627,0.391
2006,mcs,15,1659,0.663,0.1676
2006,mixtape,70,1659,3.074,0.7819
2006,mob,51,1659,2.532,0.5697
2006,money,1845,1659,42.495,20.6089
2006,montana,10,1659,0.603,0.1117
2006,mothafuckin,23,1659,0.784,0.2569
2006,motherfuckin,269,1659,9.343,3.0048
2006,motherfucking,154,1659,4.461,1.7202
2006,murda,19,1659,0.542,0.2122
2006,muthafucka,54,1659,1.567,0.6032
2006,muthafuckas,20,1659,1.025,0.2234
2006,muthafuckin,40,1659,1.326,0.4468
2006,mwah,1,1659,0.06,0.0112
2006,nigga,5662,1659,67.812,63.2454
2006,nigga's,68,1659,3.014,0.7596
2006,niggas,4412,1659,62.749,49.2827
2006,nuts,81,1659,4.159,0.9048
2006,nuttin,88,1659,3.556,0.983
2006,og,22,1659,1.266,0.2457
2006,opp,2,1659,0.121,0.0223
2006,opps,0,1659,0.0,0.0
2006,pac,99,1659,5.184,1.1058
2006,pain,197,1659,8.198,2.2005
2006,pants,85,1659,4.039,0.9495
2006,patek,0,1659,0.0,0.0
2006,perc,2,1659,0.06,0.0223
2006,percs,0,1659,0.0,0.0
2006,perky,0,1659,0.0,0.0
2006,phew,2,1659,0.06,0.0223
2006,pimp,270,1659,10.368,3.0159
2006,pimpin,203,1659,6.269,2.2675
2006,po,95,1659,3.376,1.0612
2006,police,198,1659,6.811,2.2117
2006,poppin,280,1659,9.162,3.1276
2006,projects,92,1659,3.436,1.0277
2006,purp,41,1659,1.808,0.458
2006,pussy,446,1659,12.357,4.9819
2006,racks,7,1659,0.362,0.0782
2006,rap,627,1659,22.303,7.0037
2006,rapper,138,1659,5.485,1.5415
2006,rappers,137,1659,6.932,1.5303
2006,rappin,83,1659,4.581,0.9271
2006,raps,43,1659,2.17,0.4803
2006,rep,103,1659,4.039,1.1505
2006,rick,48,1659,2.23,0.5362
2006,rollie,6,1659,0.362,0.067
2006,shooters,14,1659,0.784,0.1564
2006,sippin,117,1659,4.702,1.3069
2006,skrr,0,1659,0.0,0.0
2006,skrrt,2,1659,0.121,0.0223
2006,skrt,1,1659,0.06,0.0112
2006,slangin,27,1659,1.266,0.3016
2006,slatt,0,1659,0.0,0.0
2006,slick,73,1659,3.436,0.8154
2006,slime,0,1659,0.0,0.0
2006,slugs,35,1659,1.627,0.391
2006,snitch,59,1659,2.471,0.659
2006,snoop,115,1659,4.159,1.2846
2006,sosa,5,1659,0.301,0.0559
2006,soulja,15,1659,0.723,0.1676
2006,squad,98,1659,4.822,1.0947
2006,stash,75,1659,4.159,0.8378
2006,strap,71,1659,3.436,0.7931
2006,strapped,95,1659,4.461,1.0612
2006,stunt,54,1659,1.989,0.6032
2006,stuntin,58,1659,2.773,0.6479
2006,tec,24,1659,1.447,0.2681
2006,tech,80,1659,1.989,0.8936
2006,tha,358,1659,4.641,3.9989
2006,thats,236,1659,5.726,2.6362
2006,thot,0,1659,0.0,0.0
2006,thots,0,1659,0.0,0.0
2006,thug,219,1659,6.028,2.4463
2006,thugger,1,1659,0.06,0.0112
2006,thuggin,44,1659,1.507,0.4915
2006,trap,269,1659,5.787,3.0048
2006,trappin,18,1659,1.025,0.2011
2006,trapping,4,1659,0.241,0.0447
2006,trim,10,1659,0.241,0.1117
2006,triple,79,1659,2.833,0.8824
2006,tuh,0,1659,0.0,0.0
2006,turnt,0,1659,0.0,0.0
2006,twerk,13,1659,0.422,0.1452
2006,ugh,56,1659,1.567,0.6255
2006,unit,120,1659,3.496,1.3404
2006,vibe,46,1659,1.869,0.5138
2006,vvs,9,1659,0.542,0.1005
2006,wack,59,1659,2.532,0.659
2006,waka,0,1659,0.0,0.0
2006,wheezy,0,1659,0.0,0.0
2006,wu,38,1659,1.266,0.4245
2006,xans,1,1659,0.06,0.0112
2006,yup,115,1659,3.255,1.2846
2007,aiyyo,25,1608,0.995,0.2904
2007,ap,1,1608,0.062,0.0116
2007,baddie,0,1608,0.0,0.0
2007,bah,2,1608,0.124,0.0232
2007,balls,57,1608,2.177,0.6621
2007,bands,34,1608,1.119,0.3949
2007,bankroll,8,1608,0.498,0.0929
2007,baow,1,1608,0.062,0.0116
2007,beef,169,1608,8.271,1.963
2007,betta,62,1608,2.239,0.7202
2007,bitches,652,1608,20.585,7.5734
2007,blatt,1,1608,0.062,0.0116
2007,blick,0,1608,0.0,0.0
2007,blunts,56,1608,2.674,0.6505
2007,bringin,36,1608,1.617,0.4182
2007,brrt,1,1608,0.062,0.0116
2007,bust,365,1608,11.443,4.2397
2007,bustin,72,1608,2.799,0.8363
2007,carti,0,1608,0.0,0.0
2007,choppa,22,1608,0.995,0.2555
2007,chopper,71,1608,2.736,0.8247
2007,choppers,46,1608,1.057,0.5343
2007,cocked,46,1608,1.866,0.5343
2007,compton,50,1608,1.679,0.5808
2007,coochie,15,1608,0.808,0.1742
2007,crib,152,1608,8.147,1.7656
2007,cube,16,1608,0.933,0.1859
2007,dawg,132,1608,5.224,1.5333
2007,dem,208,1608,2.425,2.4161
2007,deuce,31,1608,1.368,0.3601
2007,dick,331,1608,14.055,3.8448
2007,diss,43,1608,2.177,0.4995
2007,dogg,66,1608,1.803,0.7666
2007,dome,32,1608,1.866,0.3717
2007,doo,75,1608,0.684,0.8712
2007,draco,0,1608,0.0,0.0
2007,drip,47,1608,0.871,0.5459
2007,duck,52,1608,2.923,0.604
2007,dutch,35,1608,2.114,0.4065
2007,fat,114,1608,6.157,1.3242
2007,feds,93,1608,4.54,1.0803
2007,fee,16,1608,0.995,0.1859
2007,fiend,33,1608,1.99,0.3833
2007,flex,22,1608,1.244,0.2555
2007,flocka,1,1608,0.062,0.0116
2007,gang,124,1608,3.98,1.4403
2007,gangsta,359,1608,6.965,4.17
2007,gangstas,50,1608,1.741,0.5808
2007,gat,90,1608,3.918,1.0454
2007,geah,21,1608,0.684,0.2439
2007,geeked,31,1608,0.435,0.3601
2007,geekin,2,1608,0.124,0.0232
2007,ghetto,208,1608,6.157,2.4161
2007,glock,123,1608,5.659,1.4287
2007,glocks,27,1608,1.555,0.3136
2007,goons,45,1608,2.177,0.5227
2007,gram,20,1608,1.119,0.2323
2007,grams,60,1608,2.736,0.6969
2007,grill,102,1608,4.291,1.1848
2007,grrah,0,1608,0.0,0.0
2007,grrt,0,1608,0.0,0.0
2007,guap,31,1608,1.368,0.3601
2007,guwop,0,1608,0.0,0.0
2007,haters,286,1608,10.821,3.3221
2007,heart,295,1608,11.629,3.4266
2007,hella,48,1608,2.239,0.5576
2007,henny,32,1608,1.617,0.3717
2007,ho,391,1608,10.572,4.5417
2007,hoes,652,1608,19.527,7.5734
2007,hol,15,1608,0.311,0.1742
2007,homey,50,1608,2.363,0.5808
2007,homie,379,1608,14.677,4.4023
2007,ima,69,1608,1.493,0.8015
2007,killa,173,1608,3.918,2.0095
2007,kush,101,1608,4.042,1.1732
2007,lambo,10,1608,0.622,0.1162
2007,lame,87,1608,4.042,1.0106
2007,latto,0,1608,0.0,0.0
2007,lit,37,1608,1.99,0.4298
2007,louie,46,1608,1.306,0.5343
2007,love,1991,1608,40.299,23.1268
2007,lyrics,79,1608,3.358,0.9176
2007,mane,186,1608,4.478,2.1605
2007,maybach,17,1608,1.057,0.1975
2007,mayne,118,1608,4.042,1.3706
2007,mc's,43,1608,2.052,0.4995
2007,mcs,25,1608,0.933,0.2904
2007,mixtape,43,1608,2.114,0.4995
2007,mob,33,1608,1.928,0.3833
2007,money,2565,1608,47.139,29.7942
2007,montana,6,1608,0.373,0.0697
2007,mothafuckin,24,1608,0.933,0.2788
2007,motherfuckin,191,1608,6.779,2.2186
2007,motherfucking,90,1608,3.109,1.0454
2007,murda,58,1608,1.244,0.6737
2007,muthafucka,43,1608,1.493,0.4995
2007,muthafuckas,30,1608,1.057,0.3485
2007,muthafuckin,80,1608,1.555,0.9293
2007,mwah,5,1608,0.311,0.0581
2007,nigga,5230,1608,62.065,60.7499
2007,nigga's,83,1608,2.861,0.9641
2007,niggas,3709,1608,55.224,43.0825
2007,nuts,48,1608,2.55,0.5576
2007,nuttin,63,1608,2.612,0.7318
2007,og,23,1608,1.306,0.2672
2007,opp,0,1608,0.0,0.0
2007,opps,1,1608,0.062,0.0116
2007,pac,112,1608,4.291,1.301
2007,pain,307,1608,9.515,3.566
2007,pants,90,1608,3.794,1.0454
2007,patek,0,1608,0.0,0.0
2007,perc,1,1608,0.062,0.0116
2007,percs,0,1608,0.0,0.0
2007,perky,1,1608,0.062,0.0116
2007,phew,0,1608,0.0,0.0
2007,pimp,282,1608,7.836,3.2756
2007,pimpin,136,1608,4.851,1.5797
2007,po,31,1608,1.368,0.3601
2007,police,158,1608,7.152,1.8353
2007,poppin,196,1608,6.53,2.2767
2007,projects,75,1608,2.861,0.8712
2007,purp,45,1608,2.114,0.5227
2007,pussy,452,1608,12.376,5.2503
2007,racks,4,1608,0.249,0.0465
2007,rap,601,1608,22.388,6.981
2007,rapper,140,1608,7.152,1.6262
2007,rappers,211,1608,8.582,2.4509
2007,rappin,90,1608,4.664,1.0454
2007,raps,33,1608,1.803,0.3833
2007,rep,78,1608,4.167,0.906
2007,rick,54,1608,2.114,0.6272
2007,rollie,3,1608,0.187,0.0348
2007,shooters,8,1608,0.498,0.0929
2007,sippin,78,1608,4.167,0.906
2007,skrr,0,1608,0.0,0.0
2007,skrrt,2,1608,0.124,0.0232
2007,skrt,0,1608,0.0,0.0
2007,slangin,19,1608,0.995,0.2207
2007,slatt,0,1608,0.0,0.0
2007,slick,54,1608,2.923,0.6272
2007,slime,1,1608,0.062,0.0116
2007,slugs,34,1608,1.928,0.3949
2007,snitch,63,1608,3.047,0.7318
2007,snoop,59,1608,2.612,0.6853
2007,sosa,2,1608,0.124,0.0232
2007,soulja,241,1608,2.612,2.7994
2007,squad,107,1608,4.415,1.2429
2007,stash,68,1608,3.483,0.7899
2007,strap,35,1608,2.052,0.4065
2007,strapped,86,1608,3.669,0.9989
2007,stunt,38,1608,1.679,0.4414
2007,stuntin,54,1608,2.55,0.6272
2007,tec,31,1608,1.555,0.3601
2007,tech,47,1608,2.363,0.5459
2007,tha,193,1608,2.488,2.2418
2007,thats,123,1608,4.415,1.4287
2007,thot,1,1608,0.062,0.0116
2007,thots,0,1608,0.0,0.0
2007,thug,220,1608,7.027,2.5554
2007,thugger,1,1608,0.062,0.0116
2007,thuggin,25,1608,1.306,0.2904
2007,trap,139,1608,5.1,1.6146
2007,trappin,18,1608,0.871,0.2091
2007,trapping,71,1608,0.622,0.8247
2007,trim,2,1608,0.124,0.0232
2007,triple,41,1608,1.803,0.4762
2007,tuh,1,1608,0.062,0.0116
2007,turnt,1,1608,0.062,0.0116
2007,twerk,2,1608,0.124,0.0232
2007,ugh,83,1608,2.114,0.9641
2007,unit,56,1608,2.425,0.6505
2007,vibe,74,1608,2.177,0.8596
2007,vvs,11,1608,0.373,0.1278
2007,wack,44,1608,2.488,0.5111
2007,waka,2,1608,0.124,0.0232
2007,wheezy,1,1608,0.062,0.0116
2007,wu,104,1608,2.363,1.208
2007,xans,0,1608,0.0,0.0
2007,yup,168,1608,4.664,1.9514
2008,aiyyo,25,1828,0.875,0.2702
2008,ap,3,1828,0.164,0.0324
2008,baddie,0,1828,0.0,0.0
2008,bah,6,1828,0.109,0.0649
2008,balls,63,1828,2.681,0.6809
2008,bands,91,1828,2.133,0.9836
2008,bankroll,21,1828,0.821,0.227
2008,baow,0,1828,0.0,0.0
2008,beef,142,1828,6.182,1.5348
2008,betta,37,1828,1.586,0.3999
2008,bitches,776,1828,21.499,8.3875
2008,blatt,1,1828,0.055,0.0108
2008,blick,0,1828,0.0,0.0
2008,blunts,71,1828,2.626,0.7674
2008,bringin,39,1828,1.696,0.4215
2008,brrt,0,1828,0.0,0.0
2008,bust,226,1828,8.479,2.4428
2008,bustin,52,1828,2.681,0.562
2008,carti,0,1828,0.0,0.0
2008,choppa,17,1828,0.711,0.1837
2008,chopper,56,1828,2.407,0.6053
2008,choppers,20,1828,1.094,0.2162
2008,cocked,31,1828,1.422,0.3351
2008,compton,48,1828,1.477,0.5188
2008,coochie,15,1828,0.438,0.1621
2008,crib,158,1828,7.44,1.7078
2008,cube,51,1828,1.477,0.5512
2008,dawg,134,1828,4.322,1.4484
2008,dem,157,1828,2.954,1.697
2008,deuce,37,1828,1.477,0.3999
2008,dick,385,1828,12.254,4.1613
2008,diss,52,1828,2.462,0.562
2008,dogg,81,1828,1.86,0.8755
2008,dome,37,1828,1.696,0.3999
2008,doo,21,1828,0.875,0.227
2008,draco,0,1828,0.0,0.0
2008,drip,11,1828,0.492,0.1189
2008,duck,44,1828,1.915,0.4756
2008,dutch,25,1828,0.93,0.2702
2008,fat,171,1828,6.455,1.8483
2008,feds,103,1828,5.088,1.1133
2008,fee,13,1828,0.711,0.1405
2008,fiend,34,1828,1.751,0.3675
2008,flex,39,1828,1.149,0.4215
2008,flocka,8,1828,0.164,0.0865
2008,gang,195,1828,6.291,2.1077
2008,gangsta,328,1828,7.44,3.5452
2008,gangstas,63,1828,1.532,0.6809
2008,gat,76,1828,2.133,0.8215
2008,geah,8,1828,0.328,0.0865
2008,geeked,10,1828,0.219,0.1081
2008,geekin,1,1828,0.055,0.0108
2008,ghetto,227,1828,5.58,2.4536
2008,glock,85,1828,4.103,0.9187
2008,glocks,22,1828,1.094,0.2378
2008,goons,109,1828,3.884,1.1781
2008,gram,24,1828,1.258,0.2594
2008,grams,45,1828,1.915,0.4864
2008,grill,72,1828,3.282,0.7782
2008,grrah,0,1828,0.0,0.0
2008,grrt,0,1828,0.0,0.0
2008,guap,79,1828,1.586,0.8539
2008,guwop,0,1828,0.0,0.0
2008,haters,343,1828,12.09,3.7074
2008,heart,304,1828,11.488,3.2858
2008,hella,72,1828,2.516,0.7782
2008,henny,18,1828,0.875,0.1946
2008,ho,454,1828,9.628,4.9071
2008,hoes,662,1828,17.287,7.1553
2008,hol,6,1828,0.274,0.0649
2008,homey,51,1828,2.079,0.5512
2008,homie,427,1828,13.84,4.6153
2008,ima,53,1828,1.805,0.5729
2008,killa,71,1828,2.352,0.7674
2008,kush,149,1828,5.744,1.6105
2008,lambo,50,1828,1.641,0.5404
2008,lame,91,1828,3.884,0.9836
2008,latto,0,1828,0.0,0.0
2008,lit,45,1828,2.133,0.4864
2008,louie,39,1828,1.751,0.4215
2008,love,1822,1828,37.691,19.6933
2008,lyrics,63,1828,2.899,0.6809
2008,mane,326,1828,6.072,3.5236
2008,maybach,48,1828,1.969,0.5188
2008,mayne,213,1828,4.869,2.3022
2008,mc's,32,1828,1.422,0.3459
2008,mcs,27,1828,1.039,0.2918
2008,mixtape,104,1828,3.665,1.1241
2008,mob,37,1828,1.422,0.3999
2008,money,2848,1828,46.007,30.783
2008,montana,17,1828,0.93,0.1837
2008,mothafuckin,36,1828,1.094,0.3891
2008,motherfuckin,162,1828,5.635,1.751
2008,motherfucking,128,1828,3.939,1.3835
2008,murda,39,1828,0.821,0.4215
2008,muthafucka,35,1828,0.875,0.3783
2008,muthafuckas,10,1828,0.492,0.1081
2008,muthafuckin,49,1828,1.204,0.5296
2008,mwah,2,1828,0.109,0.0216
2008,nigga,4966,1828,59.519,53.6757
2008,nigga's,85,1828,2.954,0.9187
2008,niggas,3364,1828,52.352,36.3603
2008,nuts,75,1828,3.501,0.8106
2008,nuttin,42,1828,1.86,0.454
2008,og,28,1828,1.422,0.3026
2008,opp,1,1828,0.055,0.0108
2008,opps,0,1828,0.0,0.0
2008,pac,84,1828,3.939,0.9079
2008,pain,242,1828,7.659,2.6157
2008,pants,81,1828,3.228,0.8755
2008,patek,0,1828,0.0,0.0
2008,perc,0,1828,0.0,0.0
2008,percs,0,1828,0.0,0.0
2008,perky,2,1828,0.055,0.0216
2008,phew,0,1828,0.0,0.0
2008,pimp,302,1828,7.44,3.2642
2008,pimpin,111,1828,3.939,1.1998
2008,po,71,1828,2.243,0.7674
2008,police,113,1828,5.088,1.2214
2008,poppin,193,1828,7.221,2.0861
2008,projects,50,1828,2.516,0.5404
2008,purp,49,1828,1.915,0.5296
2008,pussy,526,1828,12.309,5.6853
2008,racks,19,1828,0.656,0.2054
2008,rap,622,1828,20.733,6.723
2008,rapper,176,1828,6.783,1.9023
2008,rappers,236,1828,9.464,2.5508
2008,rappin,65,1828,3.063,0.7026
2008,raps,52,1828,2.079,0.562
2008,rep,90,1828,3.665,0.9728
2008,rick,58,1828,2.243,0.6269
2008,rollie,6,1828,0.328,0.0649
2008,shooters,13,1828,0.438,0.1405
2008,sippin,87,1828,3.556,0.9404
2008,skrr,0,1828,0.0,0.0
2008,skrrt,15,1828,0.383,0.1621
2008,skrt,11,1828,0.383,0.1189
2008,slangin,33,1828,1.149,0.3567
2008,slatt,0,1828,0.0,0.0
2008,slick,50,1828,2.352,0.5404
2008,slime,2,1828,0.109,0.0216
2008,slugs,29,1828,1.149,0.3135
2008,snitch,58,1828,2.243,0.6269
2008,snoop,59,1828,1.805,0.6377
2008,sosa,10,1828,0.547,0.1081
2008,soulja,129,1828,2.188,1.3943
2008,squad,77,1828,2.899,0.8323
2008,stash,56,1828,2.571,0.6053
2008,strap,50,1828,1.915,0.5404
2008,strapped,56,1828,2.462,0.6053
2008,stunt,84,1828,2.462,0.9079
2008,stuntin,136,1828,3.228,1.47
2008,tec,16,1828,0.766,0.1729
2008,tech,59,1828,2.024,0.6377
2008,tha,135,1828,3.118,1.4592
2008,thats,131,1828,4.376,1.4159
2008,thot,0,1828,0.0,0.0
2008,thots,0,1828,0.0,0.0
2008,thug,179,1828,4.814,1.9347
2008,thugger,4,1828,0.109,0.0432
2008,thuggin,94,1828,1.532,1.016
2008,trap,239,1828,7.002,2.5833
2008,trappin,34,1828,1.696,0.3675
2008,trapping,29,1828,1.149,0.3135
2008,trim,4,1828,0.219,0.0432
2008,triple,46,1828,2.243,0.4972
2008,tuh,0,1828,0.0,0.0
2008,turnt,9,1828,0.219,0.0973
2008,twerk,19,1828,0.602,0.2054
2008,ugh,93,1828,2.79,1.0052
2008,unit,69,1828,2.735,0.7458
2008,vibe,36,1828,1.532,0.3891
2008,vvs,45,1828,1.258,0.4864
2008,wack,51,1828,2.516,0.5512
2008,waka,5,1828,0.274,0.054
2008,wheezy,0,1828,0.0,0.0
2008,wu,27,1828,1.094,0.2918
2008,xans,0,1828,0.0,0.0
2008,yup,162,1828,3.446,1.751
2009,aiyyo,31,2271,0.749,0.2711
2009,ap,3,2271,0.132,0.0262
2009,baddie,0,2271,0.0,0.0
2009,bah,5,2271,0.176,0.0437
2009,balls,67,2271,2.774,0.5859
2009,bands,62,2271,1.585,0.5422
2009,bankroll,19,2271,0.616,0.1662
2009,baow,7,2271,0.088,0.0612
2009,beef,192,2271,6.297,1.6791
2009,betta,41,2271,1.189,0.3585
2009,bitches,879,2271,21.576,7.687
2009,blatt,1,2271,0.044,0.0087
2009,blick,0,2271,0.0,0.0
2009,blunts,70,2271,2.466,0.6122
2009,bringin,30,2271,1.101,0.2624
2009,brrt,0,2271,0.0,0.0
2009,bust,275,2271,7.618,2.4049
2009,bustin,53,2271,1.673,0.4635
2009,carti,0,2271,0.0,0.0
2009,choppa,22,2271,0.661,0.1924
2009,chopper,120,2271,3.126,1.0494
2009,choppers,65,2271,1.453,0.5684
2009,cocked,43,2271,1.497,0.376
2009,compton,60,2271,1.805,0.5247
2009,coochie,20,2271,0.837,0.1749
2009,crib,206,2271,7.177,1.8015
2009,cube,23,2271,0.969,0.2011
2009,dawg,166,2271,4.8,1.4517
2009,dem,106,2271,1.321,0.927
2009,deuce,49,2271,1.585,0.4285
2009,dick,526,2271,13.562,4.5999
2009,diss,57,2271,2.026,0.4985
2009,dogg,84,2271,1.233,0.7346
2009,dome,71,2271,2.686,0.6209
2009,doo,26,2271,0.44,0.2274
2009,draco,0,2271,0.0,0.0
2009,drip,18,2271,0.749,0.1574
2009,duck,66,2271,2.422,0.5772
2009,dutch,17,2271,0.749,0.1487
2009,fat,215,2271,6.077,1.8802
2009,feds,117,2271,4.095,1.0232
2009,fee,22,2271,0.749,0.1924
2009,fiend,45,2271,1.849,0.3935
2009,flex,67,2271,1.541,0.5859
2009,flocka,381,2271,3.787,3.3319
2009,gang,294,2271,6.605,2.5711
2009,gangsta,283,2271,5.372,2.4749
2009,gangstas,72,2271,1.717,0.6296
2009,gat,69,2271,2.29,0.6034
2009,geah,19,2271,0.44,0.1662
2009,geeked,34,2271,0.484,0.2973
2009,geekin,1,2271,0.044,0.0087
2009,ghetto,235,2271,5.02,2.0551
2009,glock,147,2271,4.447,1.2855
2009,glocks,23,2271,1.013,0.2011
2009,goons,133,2271,4.315,1.1631
2009,gram,25,2271,0.925,0.2186
2009,grams,68,2271,1.937,0.5947
2009,grill,85,2271,2.29,0.7433
2009,grrah,0,2271,0.0,0.0
2009,grrt,0,2271,0.0,0.0
2009,guap,65,2271,1.937,0.5684
2009,guwop,2,2271,0.044,0.0175
2009,haters,522,2271,13.386,4.5649
2009,heart,426,2271,12.461,3.7254
2009,hella,78,2271,2.202,0.6821
2009,henny,44,2271,1.541,0.3848
2009,ho,308,2271,8.587,2.6935
2009,hoes,865,2271,20.079,7.5645
2009,hol,71,2271,0.661,0.6209
2009,homey,43,2271,1.189,0.376
2009,homie,482,2271,12.109,4.2151
2009,ima,73,2271,1.893,0.6384
2009,killa,88,2271,2.422,0.7696
2009,kush,274,2271,7.838,2.3962
2009,lambo,36,2271,1.365,0.3148
2009,lame,125,2271,4.271,1.0931
2009,latto,0,2271,0.0,0.0
2009,lit,42,2271,1.849,0.3673
2009,louie,102,2271,1.805,0.892
2009,love,2281,2271,38.529,19.9476
2009,lyrics,60,2271,2.202,0.5247
2009,mane,382,2271,6.561,3.3406
2009,maybach,60,2271,1.629,0.5247
2009,mayne,93,2271,2.07,0.8133
2009,mc's,13,2271,0.572,0.1137
2009,mcs,21,2271,0.705,0.1836
2009,mixtape,104,2271,3.038,0.9095
2009,mob,27,2271,1.145,0.2361
2009,money,3596,2271,45.399,31.4474
2009,montana,63,2271,1.585,0.5509
2009,mothafuckin,24,2271,0.837,0.2099
2009,motherfuckin,205,2271,4.183,1.7927
2009,motherfucking,158,2271,4.491,1.3817
2009,murda,43,2271,0.793,0.376
2009,muthafucka,14,2271,0.616,0.1224
2009,muthafuckas,11,2271,0.396,0.0962
2009,muthafuckin,30,2271,0.881,0.2624
2009,mwah,3,2271,0.132,0.0262
2009,nigga,6043,2271,58.476,52.8467
2009,nigga's,101,2271,2.95,0.8833
2009,niggas,4289,2271,51.959,37.5078
2009,nuts,83,2271,2.862,0.7258
2009,nuttin,32,2271,0.969,0.2798
2009,og,57,2271,1.937,0.4985
2009,opp,1,2271,0.044,0.0087
2009,opps,0,2271,0.0,0.0
2009,pac,78,2271,2.95,0.6821
2009,pain,331,2271,9.071,2.8946
2009,pants,105,2271,4.007,0.9182
2009,patek,1,2271,0.044,0.0087
2009,perc,0,2271,0.0,0.0
2009,percs,0,2271,0.0,0.0
2009,perky,1,2271,0.044,0.0087
2009,phew,0,2271,0.0,0.0
2009,pimp,258,2271,4.535,2.2562
2009,pimpin,126,2271,3.303,1.1019
2009,po,38,2271,1.189,0.3323
2009,police,189,2271,5.064,1.6528
2009,poppin,293,2271,6.165,2.5623
2009,projects,65,2271,2.026,0.5684
2009,purp,50,2271,1.673,0.4373
2009,pussy,689,2271,13.827,6.0254
2009,racks,26,2271,0.925,0.2274
2009,rap,650,2271,19.639,5.6843
2009,rapper,202,2271,6.165,1.7665
2009,rappers,254,2271,8.631,2.2213
2009,rappin,69,2271,2.554,0.6034
2009,raps,62,2271,2.202,0.5422
2009,rep,113,2271,3.126,0.9882
2009,rick,26,2271,1.101,0.2274
2009,rollie,11,2271,0.264,0.0962
2009,shooters,30,2271,1.145,0.2624
2009,sippin,117,2271,3.787,1.0232
2009,skrr,0,2271,0.0,0.0
2009,skrrt,14,2271,0.264,0.1224
2009,skrt,0,2271,0.0,0.0
2009,slangin,11,2271,0.44,0.0962
2009,slatt,0,2271,0.0,0.0
2009,slick,53,2271,1.937,0.4635
2009,slime,2,2271,0.088,0.0175
2009,slugs,24,2271,0.969,0.2099
2009,snitch,54,2271,2.158,0.4722
2009,snoop,84,2271,1.629,0.7346
2009,sosa,5,2271,0.22,0.0437
2009,soulja,118,2271,1.497,1.0319
2009,squad,178,2271,3.919,1.5566
2009,stash,73,2271,2.906,0.6384
2009,strap,108,2271,2.774,0.9445
2009,strapped,132,2271,3.963,1.1544
2009,stunt,88,2271,2.466,0.7696
2009,stuntin,100,2271,2.422,0.8745
2009,tec,23,2271,0.925,0.2011
2009,tech,98,2271,2.422,0.857
2009,tha,158,2271,2.158,1.3817
2009,thats,133,2271,3.611,1.1631
2009,thot,0,2271,0.0,0.0
2009,thots,0,2271,0.0,0.0
2009,thug,147,2271,4.535,1.2855
2009,thugger,0,2271,0.0,0.0
2009,thuggin,39,2271,1.541,0.3411
2009,trap,326,2271,7.97,2.8509
2009,trappin,30,2271,0.749,0.2624
2009,trapping,53,2271,1.057,0.4635
2009,trim,6,2271,0.264,0.0525
2009,triple,55,2271,2.202,0.481
2009,tuh,0,2271,0.0,0.0
2009,turnt,82,2271,0.705,0.7171
2009,twerk,22,2271,0.396,0.1924
2009,ugh,242,2271,2.598,2.1163
2009,unit,30,2271,1.145,0.2624
2009,vibe,40,2271,1.585,0.3498
2009,vvs,39,2271,0.837,0.3411
2009,wack,63,2271,2.554,0.5509
2009,waka,346,2271,3.655,3.0258
2009,wheezy,11,2271,0.176,0.0962
2009,wu,51,2271,1.101,0.446
2009,xans,0,2271,0.0,0.0
2009,yup,119,2271,3.347,1.0407
2010,aiyyo,22,2283,0.569,0.1866
2010,ap,6,2283,0.263,0.0509
2010,baddie,0,2283,0.0,0.0
2010,bah,10,2283,0.088,0.0848
2010,balls,105,2283,3.548,0.8908
2010,bands,86,2283,1.664,0.7296
2010,bankroll,11,2283,0.307,0.0933
2010,baow,2,2283,0.088,0.017
2010,beef,158,2283,6.001,1.3404
2010,betta,86,2283,1.27,0.7296
2010,bitches,1146,2283,27.858,9.7224
2010,blatt,1,2283,0.044,0.0085
2010,blick,2,2283,0.088,0.017
2010,blunts,73,2283,2.76,0.6193
2010,bringin,23,2283,0.832,0.1951
2010,brrt,0,2283,0.0,0.0
2010,bust,266,2283,8.147,2.2567
2010,bustin,81,2283,1.664,0.6872
2010,carti,0,2283,0.0,0.0
2010,choppa,24,2283,0.701,0.2036
2010,chopper,78,2283,3.022,0.6617
2010,choppers,51,2283,1.927,0.4327
2010,cocked,12,2283,0.526,0.1018
2010,compton,51,2283,1.358,0.4327
2010,coochie,26,2283,0.964,0.2206
2010,crib,186,2283,6.965,1.578
2010,cube,42,2283,1.183,0.3563
2010,dawg,177,2283,4.117,1.5016
2010,dem,141,2283,1.402,1.1962
2010,deuce,33,2283,1.095,0.28
2010,dick,602,2283,15.988,5.1072
2010,diss,50,2283,1.883,0.4242
2010,dogg,93,2283,1.577,0.789
2010,dome,59,2283,2.278,0.5005
2010,doo,28,2283,0.701,0.2375
2010,draco,0,2283,0.0,0.0
2010,drip,50,2283,0.307,0.4242
2010,duck,82,2283,2.497,0.6957
2010,dutch,33,2283,0.745,0.28
2010,fat,190,2283,6.22,1.6119
2010,feds,105,2283,3.942,0.8908
2010,fee,20,2283,0.657,0.1697
2010,fiend,41,2283,1.708,0.3478
2010,flex,51,2283,1.489,0.4327
2010,flocka,296,2283,2.935,2.5112
2010,gang,290,2283,6.176,2.4603
2010,gangsta,260,2283,4.687,2.2058
2010,gangstas,36,2283,1.27,0.3054
2010,gat,48,2283,1.708,0.4072
2010,geah,14,2283,0.263,0.1188
2010,geeked,7,2283,0.307,0.0594
2010,geekin,0,2283,0.0,0.0
2010,ghetto,211,2283,4.468,1.7901
2010,glock,117,2283,4.074,0.9926
2010,glocks,31,2283,1.007,0.263
2010,goons,101,2283,3.329,0.8569
2010,gram,21,2283,0.657,0.1782
2010,grams,48,2283,1.621,0.4072
2010,grill,57,2283,1.84,0.4836
2010,grrah,0,2283,0.0,0.0
2010,grrt,0,2283,0.0,0.0
2010,guap,30,2283,0.788,0.2545
2010,guwop,1,2283,0.044,0.0085
2010,haters,431,2283,12.396,3.6565
2010,heart,474,2283,12.352,4.0213
2010,hella,94,2283,3.285,0.7975
2010,henny,89,2283,1.533,0.7551
2010,ho,556,2283,11.564,4.717
2010,hoes,1074,2283,22.908,9.1116
2010,hol,12,2283,0.394,0.1018
2010,homey,34,2283,1.051,0.2884
2010,homie,459,2283,12.265,3.8941
2010,ima,89,2283,2.015,0.7551
2010,killa,54,2283,1.883,0.4581
2010,kush,294,2283,7.884,2.4942
2010,lambo,77,2283,1.664,0.6533
2010,lame,112,2283,4.117,0.9502
2010,latto,0,2283,0.0,0.0
2010,lit,62,2283,2.365,0.526
2010,louie,65,2283,2.102,0.5514
2010,love,2193,2283,35.217,18.6049
2010,lyrics,76,2283,2.716,0.6448
2010,mane,236,2283,4.818,2.0022
2010,maybach,72,2283,2.102,0.6108
2010,mayne,90,2283,2.146,0.7635
2010,mc's,41,2283,1.051,0.3478
2010,mcs,59,2283,0.92,0.5005
2010,mixtape,52,2283,1.927,0.4412
2010,mob,59,2283,1.752,0.5005
2010,money,3226,2283,45.247,27.3687
2010,montana,50,2283,1.226,0.4242
2010,mothafuckin,43,2283,1.183,0.3648
2010,motherfuckin,240,2283,5.65,2.0361
2010,motherfucking,210,2283,4.906,1.7816
2010,murda,21,2283,0.482,0.1782
2010,muthafucka,65,2283,1.051,0.5514
2010,muthafuckas,8,2283,0.35,0.0679
2010,muthafuckin,49,2283,1.139,0.4157
2010,mwah,4,2283,0.131,0.0339
2010,nigga,5495,2283,59.133,46.6184
2010,nigga's,120,2283,2.803,1.0181
2010,niggas,4388,2283,52.3,37.2269
2010,nuts,98,2283,3.198,0.8314
2010,nuttin,34,2283,0.832,0.2884
2010,og,73,2283,2.322,0.6193
2010,opp,0,2283,0.0,0.0
2010,opps,1,2283,0.044,0.0085
2010,pac,102,2283,3.636,0.8653
2010,pain,213,2283,6.789,1.807
2010,pants,101,2283,3.504,0.8569
2010,patek,1,2283,0.044,0.0085
2010,perc,1,2283,0.044,0.0085
2010,percs,2,2283,0.088,0.017
2010,perky,1,2283,0.044,0.0085
2010,phew,1,2283,0.044,0.0085
2010,pimp,174,2283,5.212,1.4762
2010,pimpin,97,2283,2.935,0.8229
2010,po,66,2283,1.752,0.5599
2010,police,150,2283,5.037,1.2726
2010,poppin,155,2283,5.607,1.315
2010,projects,42,2283,1.445,0.3563
2010,purp,48,2283,1.796,0.4072
2010,pussy,722,2283,14.148,6.1253
2010,racks,81,2283,2.541,0.6872
2010,rap,806,2283,19.58,6.8379
2010,rapper,217,2283,7.271,1.841
2010,rappers,279,2283,8.541,2.367
2010,rappin,87,2283,3.198,0.7381
2010,raps,72,2283,2.716,0.6108
2010,rep,165,2283,3.636,1.3998
2010,rick,44,2283,1.621,0.3733
2010,rollie,24,2283,0.876,0.2036
2010,shooters,36,2283,1.27,0.3054
2010,sippin,111,2283,3.723,0.9417
2010,skrr,0,2283,0.0,0.0
2010,skrrt,2,2283,0.088,0.017
2010,skrt,3,2283,0.131,0.0255
2010,slangin,20,2283,0.701,0.1697
2010,slatt,0,2283,0.0,0.0
2010,slick,62,2283,2.541,0.526
2010,slime,4,2283,0.175,0.0339
2010,slugs,17,2283,0.745,0.1442
2010,snitch,47,2283,1.489,0.3987
2010,snoop,91,2283,2.015,0.772
2010,sosa,8,2283,0.35,0.0679
2010,soulja,119,2283,1.927,1.0096
2010,squad,162,2283,3.373,1.3744
2010,stash,52,2283,2.015,0.4412
2010,strap,76,2283,2.979,0.6448
2010,strapped,92,2283,3.679,0.7805
2010,stunt,80,2283,1.664,0.6787
2010,stuntin,91,2283,2.234,0.772
2010,tec,25,2283,0.964,0.2121
2010,tech,76,2283,1.971,0.6448
2010,tha,100,2283,1.708,0.8484
2010,thats,230,2283,4.687,1.9513
2010,thot,0,2283,0.0,0.0
2010,thots,0,2283,0.0,0.0
2010,thug,142,2283,3.811,1.2047
2010,thugger,2,2283,0.088,0.017
2010,thuggin,52,2283,1.445,0.4412
2010,trap,236,2283,5.65,2.0022
2010,trappin,33,2283,0.745,0.28
2010,trapping,39,2283,1.051,0.3309
2010,trim,3,2283,0.131,0.0255
2010,triple,114,2283,3.504,0.9672
2010,tuh,0,2283,0.0,0.0
2010,turnt,106,2283,0.92,0.8993
2010,twerk,12,2283,0.394,0.1018
2010,ugh,282,2283,3.285,2.3924
2010,unit,23,2283,0.745,0.1951
2010,vibe,39,2283,1.402,0.3309
2010,vvs,14,2283,0.438,0.1188
2010,wack,88,2283,2.716,0.7466
2010,waka,193,2283,2.322,1.6374
2010,wheezy,1,2283,0.044,0.0085
2010,wu,22,2283,0.964,0.1866
2010,xans,1,2283,0.044,0.0085
2010,yup,110,2283,2.628,0.9332
2011,aiyyo,34,3406,0.587,0.1992
2011,ap,41,3406,0.763,0.2402
2011,baddie,1,3406,0.029,0.0059
2011,bah,5,3406,0.088,0.0293
2011,balls,126,3406,2.907,0.7383
2011,bands,208,3406,2.789,1.2188
2011,bankroll,15,3406,0.382,0.0879
2011,baow,21,3406,0.117,0.1231
2011,beef,268,3406,6.136,1.5704
2011,betta,46,3406,0.969,0.2695
2011,bitches,2449,3406,31.239,14.3503
2011,blatt,6,3406,0.117,0.0352
2011,blick,1,3406,0.029,0.0059
2011,blunts,166,3406,4.052,0.9727
2011,bringin,63,3406,1.497,0.3692
2011,brrt,2,3406,0.059,0.0117
2011,bust,477,3406,8.808,2.7951
2011,bustin,93,3406,2.026,0.5449
2011,carti,8,3406,0.088,0.0469
2011,choppa,45,3406,0.646,0.2637
2011,chopper,111,3406,2.584,0.6504
2011,choppers,83,3406,1.585,0.4864
2011,cocked,57,3406,1.468,0.334
2011,compton,103,3406,1.85,0.6035
2011,coochie,28,3406,0.705,0.1641
2011,crib,285,3406,7.076,1.67
2011,cube,28,3406,0.793,0.1641
2011,dawg,155,3406,3.171,0.9082
2011,dem,115,3406,1.615,0.6739
2011,deuce,63,3406,1.556,0.3692
2011,dick,998,3406,16.559,5.8479
2011,diss,79,3406,2.085,0.4629
2011,dogg,111,3406,2.026,0.6504
2011,dome,86,3406,2.202,0.5039
2011,doo,66,3406,0.646,0.3867
2011,draco,0,3406,0.0,0.0
2011,drip,54,3406,1.057,0.3164
2011,duck,113,3406,2.642,0.6621
2011,dutch,46,3406,1.233,0.2695
2011,fat,282,3406,6.254,1.6524
2011,feds,126,3406,2.965,0.7383
2011,fee,24,3406,0.675,0.1406
2011,fiend,91,3406,2.378,0.5332
2011,flex,92,3406,1.938,0.5391
2011,flocka,181,3406,1.556,1.0606
2011,gang,574,3406,7.898,3.3634
2011,gangsta,258,3406,4.14,1.5118
2011,gangstas,62,3406,0.998,0.3633
2011,gat,93,3406,2.261,0.5449
2011,geah,39,3406,0.147,0.2285
2011,geeked,70,3406,0.528,0.4102
2011,geekin,4,3406,0.117,0.0234
2011,ghetto,236,3406,4.081,1.3829
2011,glock,172,3406,4.198,1.0079
2011,glocks,46,3406,1.057,0.2695
2011,goons,165,3406,3.347,0.9668
2011,gram,23,3406,0.558,0.1348
2011,grams,85,3406,1.791,0.4981
2011,grill,132,3406,2.907,0.7735
2011,grrah,1,3406,0.029,0.0059
2011,grrt,0,3406,0.0,0.0
2011,guap,27,3406,0.587,0.1582
2011,guwop,1,3406,0.029,0.0059
2011,haters,631,3406,11.773,3.6974
2011,heart,683,3406,13.329,4.0021
2011,hella,159,3406,3.582,0.9317
2011,henny,55,3406,1.527,0.3223
2011,ho,1006,3406,13.065,5.8948
2011,hoes,1591,3406,23.429,9.3227
2011,hol,55,3406,0.323,0.3223
2011,homey,42,3406,0.793,0.2461
2011,homie,669,3406,12.302,3.9201
2011,ima,170,3406,2.466,0.9961
2011,killa,93,3406,1.879,0.5449
2011,kush,418,3406,7.898,2.4493
2011,lambo,52,3406,1.38,0.3047
2011,lame,176,3406,4.169,1.0313
2011,latto,0,3406,0.0,0.0
2011,lit,200,3406,2.819,1.1719
2011,louie,87,3406,1.938,0.5098
2011,love,3617,3406,40.106,21.1944
2011,lyrics,119,3406,2.819,0.6973
2011,mane,326,3406,4.404,1.9102
2011,maybach,111,3406,2.408,0.6504
2011,mayne,167,3406,2.349,0.9786
2011,mc's,62,3406,1.174,0.3633
2011,mcs,36,3406,0.705,0.2109
2011,mixtape,97,3406,2.055,0.5684
2011,mob,130,3406,2.29,0.7618
2011,money,5108,3406,46.858,29.9311
2011,montana,269,3406,1.321,1.5762
2011,mothafuckin,79,3406,1.351,0.4629
2011,motherfuckin,326,3406,5.578,1.9102
2011,motherfucking,263,3406,4.316,1.5411
2011,murda,61,3406,0.558,0.3574
2011,muthafucka,77,3406,1.292,0.4512
2011,muthafuckas,38,3406,0.998,0.2227
2011,muthafuckin,147,3406,1.82,0.8614
2011,mwah,3,3406,0.088,0.0176
2011,nigga,8680,3406,59.454,50.8618
2011,nigga's,137,3406,3.23,0.8028
2011,niggas,6848,3406,54.463,40.1269
2011,nuts,142,3406,3.318,0.8321
2011,nuttin,80,3406,1.468,0.4688
2011,og,95,3406,2.378,0.5567
2011,opp,26,3406,0.088,0.1524
2011,opps,5,3406,0.147,0.0293
2011,pac,180,3406,3.464,1.0547
2011,pain,443,3406,8.426,2.5958
2011,pants,164,3406,3.993,0.961
2011,patek,0,3406,0.0,0.0
2011,perc,2,3406,0.059,0.0117
2011,percs,2,3406,0.059,0.0117
2011,perky,2,3406,0.059,0.0117
2011,phew,1,3406,0.029,0.0059
2011,pimp,263,3406,5.314,1.5411
2011,pimpin,179,3406,3.288,1.0489
2011,po,95,3406,1.351,0.5567
2011,police,264,3406,5.843,1.5469
2011,poppin,308,3406,6.4,1.8048
2011,projects,80,3406,2.261,0.4688
2011,purp,96,3406,1.585,0.5625
2011,pussy,1075,3406,15.678,6.2991
2011,racks,340,3406,3.964,1.9923
2011,rap,912,3406,18.056,5.344
2011,rapper,269,3406,5.666,1.5762
2011,rappers,433,3406,8.837,2.5372
2011,rappin,138,3406,2.995,0.8086
2011,raps,98,3406,2.466,0.5742
2011,rep,152,3406,3.582,0.8907
2011,rick,67,3406,1.644,0.3926
2011,rollie,28,3406,0.734,0.1641
2011,shooters,91,3406,1.938,0.5332
2011,sippin,237,3406,3.993,1.3887
2011,skrr,2,3406,0.029,0.0117
2011,skrrt,10,3406,0.264,0.0586
2011,skrt,22,3406,0.206,0.1289
2011,slangin,31,3406,0.851,0.1816
2011,slatt,0,3406,0.0,0.0
2011,slick,89,3406,2.29,0.5215
2011,slime,15,3406,0.411,0.0879
2011,slugs,40,3406,1.057,0.2344
2011,snitch,91,3406,2.143,0.5332
2011,snoop,132,3406,2.261,0.7735
2011,sosa,57,3406,0.705,0.334
2011,soulja,196,3406,2.173,1.1485
2011,squad,238,3406,3.67,1.3946
2011,stash,86,3406,2.143,0.5039
2011,strap,102,3406,2.554,0.5977
2011,strapped,156,3406,3.318,0.9141
2011,stunt,228,3406,2.085,1.336
2011,stuntin,165,3406,3.259,0.9668
2011,tec,33,3406,0.91,0.1934
2011,tech,128,3406,2.085,0.75
2011,tha,169,3406,1.791,0.9903
2011,thats,377,3406,6.547,2.2091
2011,thot,1,3406,0.029,0.0059
2011,thots,0,3406,0.0,0.0
2011,thug,297,3406,4.903,1.7403
2011,thugger,12,3406,0.235,0.0703
2011,thuggin,97,3406,1.028,0.5684
2011,trap,326,3406,5.197,1.9102
2011,trappin,39,3406,0.969,0.2285
2011,trapping,21,3406,0.528,0.1231
2011,trim,9,3406,0.235,0.0527
2011,triple,126,3406,2.965,0.7383
2011,tuh,1,3406,0.029,0.0059
2011,turnt,74,3406,1.174,0.4336
2011,twerk,24,3406,0.528,0.1406
2011,ugh,166,3406,2.378,0.9727
2011,unit,51,3406,1.174,0.2988
2011,vibe,40,3406,0.969,0.2344
2011,vvs,22,3406,0.47,0.1289
2011,wack,108,3406,2.437,0.6328
2011,waka,144,3406,1.262,0.8438
2011,wheezy,5,3406,0.147,0.0293
2011,wu,59,3406,1.057,0.3457
2011,xans,6,3406,0.088,0.0352
2011,yup,127,3406,1.585,0.7442
2012,aiyyo,14,3241,0.216,0.0881
2012,ap,43,3241,0.833,0.2706
2012,baddie,0,3241,0.0,0.0
2012,bah,13,3241,0.154,0.0818
2012,balls,79,3241,2.191,0.4972
2012,bands,492,3241,4.597,3.0962
2012,bankroll,29,3241,0.617,0.1825
2012,baow,6,3241,0.154,0.0378
2012,beef,247,3241,5.091,1.5544
2012,betta,30,3241,0.71,0.1888
2012,bitches,2438,3241,33.724,15.3426
2012,blatt,18,3241,0.123,0.1133
2012,blick,1,3241,0.031,0.0063
2012,blunts,143,3241,3.548,0.8999
2012,bringin,17,3241,0.494,0.107
2012,brrt,0,3241,0.0,0.0
2012,bust,429,3241,7.529,2.6998
2012,bustin,45,3241,1.142,0.2832
2012,carti,37,3241,0.123,0.2328
2012,choppa,90,3241,1.419,0.5664
2012,chopper,148,3241,3.301,0.9314
2012,choppers,63,3241,1.604,0.3965
2012,cocked,19,3241,0.463,0.1196
2012,compton,69,3241,1.388,0.4342
2012,coochie,21,3241,0.555,0.1322
2012,crib,336,3241,7.714,2.1145
2012,cube,10,3241,0.309,0.0629
2012,dawg,172,3241,2.808,1.0824
2012,dem,181,3241,1.419,1.1391
2012,deuce,55,3241,1.388,0.3461
2012,dick,968,3241,17.155,6.0917
2012,diss,57,3241,1.604,0.3587
2012,dogg,65,3241,0.864,0.4091
2012,dome,91,3241,2.468,0.5727
2012,doo,34,3241,0.525,0.214
2012,draco,0,3241,0.0,0.0
2012,drip,97,3241,0.802,0.6104
2012,duck,107,3241,2.9,0.6734
2012,dutch,49,3241,1.234,0.3084
2012,fat,259,3241,6.356,1.6299
2012,feds,155,3241,3.795,0.9754
2012,fee,24,3241,0.71,0.151
2012,fiend,92,3241,1.913,0.579
2012,flex,292,3241,2.222,1.8376
2012,flocka,135,3241,1.327,0.8496
2012,gang,614,3241,9.442,3.864
2012,gangsta,202,3241,3.024,1.2712
2012,gangstas,55,3241,0.926,0.3461
2012,gat,50,3241,1.265,0.3147
2012,geah,13,3241,0.093,0.0818
2012,geeked,39,3241,0.679,0.2454
2012,geekin,5,3241,0.154,0.0315
2012,ghetto,272,3241,3.919,1.7117
2012,glock,167,3241,4.443,1.051
2012,glocks,36,3241,0.987,0.2266
2012,goons,100,3241,2.098,0.6293
2012,gram,25,3241,0.648,0.1573
2012,grams,66,3241,1.728,0.4153
2012,grill,71,3241,1.759,0.4468
2012,grrah,4,3241,0.093,0.0252
2012,grrt,0,3241,0.0,0.0
2012,guap,82,3241,1.018,0.516
2012,guwop,64,3241,0.216,0.4028
2012,haters,445,3241,9.719,2.8004
2012,heart,683,3241,12.62,4.2982
2012,hella,244,3241,4.628,1.5355
2012,henny,54,3241,1.203,0.3398
2012,ho,1259,3241,16.106,7.923
2012,hoes,1673,3241,25.455,10.5284
2012,hol,49,3241,0.555,0.3084
2012,homey,27,3241,0.555,0.1699
2012,homie,587,3241,10.12,3.6941
2012,ima,156,3241,2.098,0.9817
2012,killa,119,3241,2.036,0.7489
2012,kush,473,3241,7.868,2.9766
2012,lambo,93,3241,1.419,0.5853
2012,lame,155,3241,4.165,0.9754
2012,latto,0,3241,0.0,0.0
2012,lit,105,3241,2.715,0.6608
2012,louie,144,3241,3.178,0.9062
2012,love,3595,3241,37.674,22.6238
2012,lyrics,84,3241,2.252,0.5286
2012,mane,222,3241,3.24,1.3971
2012,maybach,168,3241,2.376,1.0572
2012,mayne,93,3241,1.45,0.5853
2012,mc's,45,3241,0.895,0.2832
2012,mcs,8,3241,0.247,0.0503
2012,mixtape,60,3241,1.697,0.3776
2012,mob,97,3241,1.975,0.6104
2012,money,5293,3241,50.108,33.3095
2012,montana,66,3241,1.543,0.4153
2012,mothafuckin,70,3241,1.327,0.4405
2012,motherfuckin,273,3241,4.628,1.718
2012,motherfucking,282,3241,5.4,1.7747
2012,murda,37,3241,0.555,0.2328
2012,muthafucka,59,3241,0.895,0.3713
2012,muthafuckas,17,3241,0.309,0.107
2012,muthafuckin,59,3241,1.234,0.3713
2012,mwah,53,3241,0.185,0.3335
2012,nigga,10036,3241,63.53,63.1578
2012,nigga's,127,3241,2.993,0.7992
2012,niggas,8204,3241,59.735,51.6288
2012,nuts,140,3241,3.055,0.881
2012,nuttin,24,3241,0.586,0.151
2012,og,163,3241,3.795,1.0258
2012,opp,21,3241,0.309,0.1322
2012,opps,13,3241,0.309,0.0818
2012,pac,159,3241,3.888,1.0006
2012,pain,417,3241,8.176,2.6242
2012,pants,139,3241,3.672,0.8747
2012,patek,0,3241,0.0,0.0
2012,perc,6,3241,0.185,0.0378
2012,percs,6,3241,0.185,0.0378
2012,perky,2,3241,0.062,0.0126
2012,phew,0,3241,0.0,0.0
2012,pimp,186,3241,4.381,1.1705
2012,pimpin,107,3241,2.438,0.6734
2012,po,81,3241,1.45,0.5097
2012,police,176,3241,4.597,1.1076
2012,poppin,330,3241,6.449,2.0767
2012,projects,63,3241,1.697,0.3965
2012,purp,113,3241,2.191,0.7111
2012,pussy,1432,3241,19.161,9.0118
2012,racks,362,3241,6.634,2.2781
2012,rap,826,3241,16.446,5.1981
2012,rapper,185,3241,4.844,1.1642
2012,rappers,306,3241,7.405,1.9257
2012,rappin,116,3241,2.993,0.73
2012,raps,94,3241,2.623,0.5916
2012,rep,115,3241,2.592,0.7237
2012,rick,49,3241,1.358,0.3084
2012,rollie,140,3241,2.314,0.881
2012,shooters,137,3241,2.561,0.8622
2012,sippin,195,3241,4.32,1.2272
2012,skrr,26,3241,0.247,0.1636
2012,skrrt,64,3241,0.833,0.4028
2012,skrt,30,3241,0.216,0.1888
2012,slangin,10,3241,0.216,0.0629
2012,slatt,0,3241,0.0,0.0
2012,slick,97,3241,1.604,0.6104
2012,slime,13,3241,0.309,0.0818
2012,slugs,15,3241,0.432,0.0944
2012,snitch,84,3241,1.913,0.5286
2012,snoop,70,3241,1.419,0.4405
2012,sosa,289,3241,2.16,1.8187
2012,soulja,284,3241,2.036,1.7872
2012,squad,231,3241,4.104,1.4537
2012,stash,88,3241,2.438,0.5538
2012,strap,95,3241,2.314,0.5978
2012,strapped,121,3241,3.363,0.7615
2012,stunt,84,3241,1.944,0.5286
2012,stuntin,158,3241,2.962,0.9943
2012,tec,58,3241,1.111,0.365
2012,tech,67,3241,1.327,0.4216
2012,tha,97,3241,0.956,0.6104
2012,thats,245,3241,4.566,1.5418
2012,thot,10,3241,0.123,0.0629
2012,thots,7,3241,0.093,0.0441
2012,thug,200,3241,3.147,1.2586
2012,thugger,13,3241,0.185,0.0818
2012,thuggin,50,3241,0.895,0.3147
2012,trap,476,3241,6.911,2.9955
2012,trappin,64,3241,0.895,0.4028
2012,trapping,63,3241,1.018,0.3965
2012,trim,2,3241,0.062,0.0126
2012,triple,157,3241,3.116,0.988
2012,tuh,1,3241,0.031,0.0063
2012,turnt,186,3241,1.944,1.1705
2012,twerk,46,3241,0.864,0.2895
2012,ugh,214,3241,2.931,1.3467
2012,unit,28,3241,0.771,0.1762
2012,vibe,102,3241,0.926,0.6419
2012,vvs,25,3241,0.401,0.1573
2012,wack,81,3241,2.129,0.5097
2012,waka,98,3241,1.111,0.6167
2012,wheezy,1,3241,0.031,0.0063
2012,wu,25,3241,0.494,0.1573
2012,xans,16,3241,0.247,0.1007
2012,yup,147,3241,1.913,0.9251
2013,aiyyo,5,3306,0.03,0.0305
2013,ap,83,3306,1.573,0.5058
2013,baddie,1,3306,0.03,0.0061
2013,bah,22,3306,0.363,0.1341
2013,balls,116,3306,3.267,0.7069
2013,bands,536,3306,6.806,3.2661
2013,bankroll,84,3306,0.847,0.5119
2013,baow,2,3306,0.06,0.0122
2013,beef,188,3306,4.84,1.1456
2013,betta,32,3306,0.423,0.195
2013,bitches,2512,3306,33.394,15.307
2013,blatt,10,3306,0.151,0.0609
2013,blick,1,3306,0.03,0.0061
2013,blunts,181,3306,3.721,1.1029
2013,bringin,23,3306,0.605,0.1402
2013,brrt,5,3306,0.091,0.0305
2013,bust,376,3306,7.411,2.2912
2013,bustin,75,3306,1.694,0.457
2013,carti,26,3306,0.181,0.1584
2013,choppa,79,3306,1.815,0.4814
2013,chopper,165,3306,3.358,1.0054
2013,choppers,86,3306,2.057,0.524
2013,cocked,38,3306,0.877,0.2316
2013,compton,58,3306,1.149,0.3534
2013,coochie,14,3306,0.393,0.0853
2013,crib,306,3306,7.108,1.8646
2013,cube,11,3306,0.333,0.067
2013,dawg,183,3306,3.116,1.1151
2013,dem,191,3306,1.361,1.1639
2013,deuce,99,3306,1.573,0.6033
2013,dick,1186,3306,19.056,7.2269
2013,diss,100,3306,2.208,0.6094
2013,dogg,31,3306,0.726,0.1889
2013,dome,89,3306,1.966,0.5423
2013,doo,35,3306,0.544,0.2133
2013,draco,1,3306,0.03,0.0061
2013,drip,41,3306,0.665,0.2498
2013,duck,113,3306,2.601,0.6886
2013,dutch,35,3306,0.938,0.2133
2013,fat,254,3306,5.898,1.5478
2013,feds,190,3306,3.6,1.1578
2013,fee,34,3306,0.998,0.2072
2013,fiend,87,3306,1.996,0.5301
2013,flex,124,3306,2.874,0.7556
2013,flocka,106,3306,1.452,0.6459
2013,gang,544,3306,9.71,3.3149
2013,gangsta,250,3306,3.418,1.5234
2013,gangstas,57,3306,0.968,0.3473
2013,gat,59,3306,1.27,0.3595
2013,geah,10,3306,0.06,0.0609
2013,geeked,52,3306,0.696,0.3169
2013,geekin,49,3306,0.272,0.2986
2013,ghetto,187,3306,3.206,1.1395
2013,glock,163,3306,3.63,0.9932
2013,glocks,35,3306,1.059,0.2133
2013,goons,124,3306,2.511,0.7556
2013,gram,31,3306,0.786,0.1889
2013,grams,83,3306,2.087,0.5058
2013,grill,100,3306,1.815,0.6094
2013,grrah,2,3306,0.03,0.0122
2013,grrt,0,3306,0.0,0.0
2013,guap,189,3306,1.936,1.1517
2013,guwop,92,3306,1.361,0.5606
2013,haters,435,3306,8.984,2.6507
2013,heart,578,3306,11.404,3.5221
2013,hella,216,3306,4.174,1.3162
2013,henny,49,3306,1.361,0.2986
2013,ho,1298,3306,16.636,7.9094
2013,hoes,1765,3306,25.56,10.7551
2013,hol,118,3306,0.847,0.719
2013,homey,28,3306,0.423,0.1706
2013,homie,676,3306,11.736,4.1192
2013,ima,103,3306,1.845,0.6276
2013,killa,75,3306,1.603,0.457
2013,kush,437,3306,7.441,2.6629
2013,lambo,47,3306,1.301,0.2864
2013,lame,164,3306,4.053,0.9993
2013,latto,0,3306,0.0,0.0
2013,lit,137,3306,3.237,0.8348
2013,louie,156,3306,2.117,0.9506
2013,love,3867,3306,40.079,23.5637
2013,lyrics,72,3306,1.785,0.4387
2013,mane,306,3306,4.719,1.8646
2013,maybach,88,3306,2.299,0.5362
2013,mayne,102,3306,1.089,0.6215
2013,mc's,18,3306,0.484,0.1097
2013,mcs,38,3306,0.423,0.2316
2013,mixtape,49,3306,1.24,0.2986
2013,mob,123,3306,2.692,0.7495
2013,money,5091,3306,49.425,31.0222
2013,montana,130,3306,1.422,0.7922
2013,mothafuckin,89,3306,1.27,0.5423
2013,motherfuckin,362,3306,5.626,2.2059
2013,motherfucking,297,3306,5.082,1.8098
2013,murda,69,3306,0.544,0.4205
2013,muthafucka,52,3306,0.847,0.3169
2013,muthafuckas,26,3306,0.575,0.1584
2013,muthafuckin,59,3306,0.907,0.3595
2013,mwah,9,3306,0.181,0.0548
2013,nigga,12499,3306,66.213,76.1631
2013,nigga's,154,3306,2.964,0.9384
2013,niggas,9012,3306,59.891,54.915
2013,nuts,145,3306,3.63,0.8836
2013,nuttin,28,3306,0.484,0.1706
2013,og,217,3306,4.416,1.3223
2013,opp,38,3306,0.817,0.2316
2013,opps,35,3306,0.454,0.2133
2013,pac,176,3306,4.386,1.0725
2013,pain,426,3306,8.439,2.5958
2013,pants,156,3306,4.023,0.9506
2013,patek,0,3306,0.0,0.0
2013,perc,5,3306,0.06,0.0305
2013,percs,8,3306,0.181,0.0487
2013,perky,0,3306,0.0,0.0
2013,phew,35,3306,0.272,0.2133
2013,pimp,194,3306,4.174,1.1821
2013,pimpin,89,3306,2.087,0.5423
2013,po,99,3306,1.633,0.6033
2013,police,236,3306,5.535,1.4381
2013,poppin,299,3306,5.747,1.822
2013,projects,62,3306,1.361,0.3778
2013,purp,56,3306,1.361,0.3412
2013,pussy,1577,3306,20.871,9.6095
2013,racks,304,3306,5.505,1.8524
2013,rap,912,3306,17.725,5.5573
2013,rapper,256,3306,5.687,1.5599
2013,rappers,368,3306,8.288,2.2424
2013,rappin,123,3306,2.934,0.7495
2013,raps,92,3306,2.208,0.5606
2013,rep,150,3306,3.055,0.914
2013,rick,70,3306,1.422,0.4265
2013,rollie,226,3306,2.783,1.3771
2013,shooters,158,3306,3.085,0.9628
2013,sippin,250,3306,5.626,1.5234
2013,skrr,46,3306,0.363,0.2803
2013,skrrt,55,3306,0.665,0.3351
2013,skrt,128,3306,0.544,0.78
2013,slangin,51,3306,0.333,0.3108
2013,slatt,3,3306,0.03,0.0183
2013,slick,83,3306,1.875,0.5058
2013,slime,19,3306,0.423,0.1158
2013,slugs,32,3306,0.635,0.195
2013,snitch,77,3306,1.936,0.4692
2013,snoop,51,3306,1.18,0.3108
2013,sosa,142,3306,2.148,0.8653
2013,soulja,414,3306,2.359,2.5227
2013,squad,272,3306,4.567,1.6574
2013,stash,78,3306,2.269,0.4753
2013,strap,110,3306,2.722,0.6703
2013,strapped,140,3306,3.66,0.8531
2013,stunt,116,3306,1.875,0.7069
2013,stuntin,206,3306,3.569,1.2553
2013,tec,53,3306,1.21,0.323
2013,tech,76,3306,1.785,0.4631
2013,tha,84,3306,0.847,0.5119
2013,thats,197,3306,3.69,1.2004
2013,thot,31,3306,0.514,0.1889
2013,thots,56,3306,0.393,0.3412
2013,thug,347,3306,3.902,2.1145
2013,thugger,90,3306,0.544,0.5484
2013,thuggin,55,3306,1.391,0.3351
2013,trap,614,3306,9.256,3.7414
2013,trappin,180,3306,1.785,1.0968
2013,trapping,71,3306,1.27,0.4326
2013,trim,7,3306,0.212,0.0427
2013,triple,82,3306,2.057,0.4997
2013,tuh,0,3306,0.0,0.0
2013,turnt,133,3306,2.601,0.8104
2013,twerk,104,3306,1.331,0.6337
2013,ugh,142,3306,2.39,0.8653
2013,unit,12,3306,0.363,0.0731
2013,vibe,56,3306,1.452,0.3412
2013,vvs,19,3306,0.484,0.1158
2013,wack,65,3306,1.664,0.3961
2013,waka,54,3306,1.24,0.3291
2013,wheezy,0,3306,0.0,0.0
2013,wu,32,3306,0.635,0.195
2013,xans,19,3306,0.423,0.1158
2013,yup,138,3306,2.117,0.8409
2014,aiyyo,2,3398,0.059,0.0122
2014,ap,51,3398,1.207,0.3099
2014,baddie,0,3398,0.0,0.0
2014,bah,15,3398,0.294,0.0912
2014,balls,86,3398,2.06,0.5226
2014,bands,379,3398,6.739,2.3032
2014,bankroll,100,3398,1.471,0.6077
2014,baow,27,3398,0.206,0.1641
2014,beef,327,3398,6.062,1.9872
2014,betta,56,3398,0.853,0.3403
2014,bitches,2649,3398,33.814,16.0981
2014,blatt,97,3398,0.353,0.5895
2014,blick,1,3398,0.029,0.0061
2014,blunts,89,3398,2.384,0.5409
2014,bringin,21,3398,0.589,0.1276
2014,brrt,14,3398,0.265,0.0851
2014,bust,566,3398,8.093,3.4396
2014,bustin,85,3398,2.001,0.5165
2014,carti,49,3398,0.294,0.2978
2014,choppa,126,3398,2.148,0.7657
2014,chopper,231,3398,4.356,1.4038
2014,choppers,170,3398,2.56,1.0331
2014,cocked,22,3398,0.53,0.1337
2014,compton,51,3398,1.001,0.3099
2014,coochie,24,3398,0.559,0.1458
2014,crib,313,3398,6.533,1.9021
2014,cube,19,3398,0.471,0.1155
2014,dawg,163,3398,2.825,0.9906
2014,dem,205,3398,1.295,1.2458
2014,deuce,76,3398,1.354,0.4619
2014,dick,938,3398,15.892,5.7003
2014,diss,79,3398,2.119,0.4801
2014,dogg,32,3398,0.706,0.1945
2014,dome,68,3398,1.913,0.4132
2014,doo,37,3398,0.471,0.2249
2014,draco,0,3398,0.0,0.0
2014,drip,24,3398,0.441,0.1458
2014,duck,103,3398,2.237,0.6259
2014,dutch,31,3398,0.853,0.1884
2014,fat,242,3398,5.533,1.4706
2014,feds,220,3398,3.943,1.337
2014,fee,38,3398,0.647,0.2309
2014,fiend,81,3398,1.648,0.4922
2014,flex,291,3398,3.59,1.7684
2014,flocka,42,3398,0.736,0.2552
2014,gang,969,3398,10.977,5.8887
2014,gangsta,265,3398,3.267,1.6104
2014,gangstas,35,3398,0.589,0.2127
2014,gat,65,3398,1.324,0.395
2014,geah,2,3398,0.029,0.0122
2014,geeked,76,3398,0.647,0.4619
2014,geekin,13,3398,0.324,0.079
2014,ghetto,164,3398,3.002,0.9966
2014,glock,196,3398,4.679,1.1911
2014,glocks,58,3398,1.236,0.3525
2014,goons,92,3398,2.384,0.5591
2014,gram,41,3398,1.148,0.2492
2014,grams,98,3398,2.207,0.5956
2014,grill,56,3398,1.471,0.3403
2014,grrah,4,3398,0.088,0.0243
2014,grrt,0,3398,0.0,0.0
2014,guap,155,3398,2.207,0.9419
2014,guwop,108,3398,1.825,0.6563
2014,haters,356,3398,7.269,2.1634
2014,heart,594,3398,10.859,3.6098
2014,hella,181,3398,3.767,1.0999
2014,henny,57,3398,0.942,0.3464
2014,ho,1185,3398,13.655,7.2013
2014,hoes,1592,3398,22.543,9.6747
2014,hol,255,3398,1.001,1.5496
2014,homey,17,3398,0.441,0.1033
2014,homie,654,3398,11.242,3.9744
2014,ima,185,3398,2.266,1.1243
2014,killa,87,3398,1.56,0.5287
2014,kush,285,3398,5.68,1.732
2014,lambo,67,3398,1.265,0.4072
2014,lame,177,3398,3.267,1.0756
2014,latto,0,3398,0.0,0.0
2014,lit,128,3398,2.855,0.7779
2014,louie,45,3398,1.089,0.2735
2014,love,4028,3398,38.846,24.4784
2014,lyrics,64,3398,1.707,0.3889
2014,mane,213,3398,3.325,1.2944
2014,maybach,63,3398,1.589,0.3829
2014,mayne,74,3398,1.148,0.4497
2014,mc's,24,3398,0.5,0.1458
2014,mcs,11,3398,0.235,0.0668
2014,mixtape,53,3398,1.383,0.3221
2014,mob,156,3398,2.178,0.948
2014,money,5144,3398,50.059,31.2603
2014,montana,103,3398,1.589,0.6259
2014,mothafuckin,92,3398,1.707,0.5591
2014,motherfuckin,331,3398,5.032,2.0115
2014,motherfucking,396,3398,5.562,2.4065
2014,murda,50,3398,0.441,0.3039
2014,muthafucka,38,3398,0.736,0.2309
2014,muthafuckas,13,3398,0.353,0.079
2014,muthafuckin,46,3398,0.824,0.2795
2014,mwah,10,3398,0.147,0.0608
2014,nigga,14278,3398,67.775,86.7681
2014,nigga's,163,3398,2.59,0.9906
2014,niggas,9453,3398,61.271,57.4464
2014,nuts,67,3398,1.795,0.4072
2014,nuttin,34,3398,0.765,0.2066
2014,og,263,3398,5.15,1.5983
2014,opp,38,3398,0.795,0.2309
2014,opps,19,3398,0.441,0.1155
2014,pac,188,3398,3.443,1.1425
2014,pain,374,3398,7.446,2.2728
2014,pants,162,3398,3.767,0.9845
2014,patek,2,3398,0.059,0.0122
2014,perc,7,3398,0.206,0.0425
2014,percs,5,3398,0.147,0.0304
2014,perky,2,3398,0.059,0.0122
2014,phew,24,3398,0.206,0.1458
2014,pimp,121,3398,2.59,0.7353
2014,pimpin,115,3398,2.413,0.6989
2014,po,98,3398,1.471,0.5956
2014,police,330,3398,6.298,2.0054
2014,poppin,269,3398,5.65,1.6347
2014,projects,122,3398,1.972,0.7414
2014,purp,55,3398,1.03,0.3342
2014,pussy,1385,3398,20.1,8.4167
2014,racks,309,3398,5.032,1.8778
2014,rap,864,3398,15.921,5.2506
2014,rapper,262,3398,5.15,1.5922
2014,rappers,339,3398,7.828,2.0601
2014,rappin,101,3398,2.472,0.6138
2014,raps,82,3398,1.972,0.4983
2014,rep,97,3398,1.972,0.5895
2014,rick,43,3398,1.177,0.2613
2014,rollie,205,3398,3.914,1.2458
2014,shooters,289,3398,4.356,1.7563
2014,sippin,198,3398,4.179,1.2033
2014,skrr,28,3398,0.265,0.1702
2014,skrrt,298,3398,2.031,1.811
2014,skrt,269,3398,1.471,1.6347
2014,slangin,26,3398,0.677,0.158
2014,slatt,20,3398,0.147,0.1215
2014,slick,73,3398,1.736,0.4436
2014,slime,66,3398,0.942,0.4011
2014,slugs,36,3398,0.971,0.2188
2014,snitch,128,3398,2.56,0.7779
2014,snoop,54,3398,1.236,0.3282
2014,sosa,110,3398,1.766,0.6685
2014,soulja,244,3398,1.854,1.4828
2014,squad,325,3398,5.032,1.975
2014,stash,80,3398,2.119,0.4862
2014,strap,108,3398,2.913,0.6563
2014,strapped,137,3398,3.031,0.8326
2014,stunt,109,3398,1.707,0.6624
2014,stuntin,117,3398,2.295,0.711
2014,tec,67,3398,1.53,0.4072
2014,tech,52,3398,1.207,0.316
2014,tha,43,3398,0.824,0.2613
2014,thats,261,3398,4.061,1.5861
2014,thot,158,3398,1.471,0.9602
2014,thots,44,3398,0.824,0.2674
2014,thug,315,3398,5.091,1.9143
2014,thugger,129,3398,1.442,0.7839
2014,thuggin,69,3398,1.619,0.4193
2014,trap,1015,3398,11.095,6.1682
2014,trappin,161,3398,2.354,0.9784
2014,trapping,107,3398,2.266,0.6502
2014,trim,2,3398,0.059,0.0122
2014,triple,121,3398,2.237,0.7353
2014,tuh,9,3398,0.059,0.0547
2014,turnt,122,3398,1.736,0.7414
2014,twerk,66,3398,1.118,0.4011
2014,ugh,106,3398,1.354,0.6442
2014,unit,53,3398,0.736,0.3221
2014,vibe,81,3398,1.56,0.4922
2014,vvs,35,3398,0.677,0.2127
2014,wack,42,3398,1.089,0.2552
2014,waka,20,3398,0.53,0.1215
2014,wheezy,0,3398,0.0,0.0
2014,wu,69,3398,1.001,0.4193
2014,xans,28,3398,0.706,0.1702
2014,yup,153,3398,1.589,0.9298
2015,aiyyo,99,6886,0.886,0.2817
2015,ap,88,6886,0.813,0.2504
2015,baddie,0,6886,0.0,0.0
2015,bah,44,6886,0.247,0.1252
2015,balls,239,6886,2.396,0.6801
2015,bands,718,6886,5.78,2.0432
2015,bankroll,193,6886,1.147,0.5492
2015,baow,33,6886,0.102,0.0939
2015,beef,640,6886,6.259,1.8212
2015,betta,192,6886,1.641,0.5464
2015,bitches,4802,6886,30.046,13.6648
2015,blatt,23,6886,0.16,0.0654
2015,blick,2,6886,0.029,0.0057
2015,blunts,212,6886,2.541,0.6033
2015,bringin,114,6886,1.452,0.3244
2015,brrt,26,6886,0.174,0.074
2015,bust,1057,6886,10.325,3.0079
2015,bustin,211,6886,2.338,0.6004
2015,carti,70,6886,0.232,0.1992
2015,choppa,169,6886,1.699,0.4809
2015,chopper,461,6886,4.124,1.3118
2015,choppers,183,6886,1.946,0.5208
2015,cocked,123,6886,1.162,0.35
2015,compton,226,6886,1.888,0.6431
2015,coochie,62,6886,0.755,0.1764
2015,crib,655,6886,7.014,1.8639
2015,cube,64,6886,0.653,0.1821
2015,dawg,424,6886,3.209,1.2066
2015,dem,518,6886,2.701,1.474
2015,deuce,176,6886,1.685,0.5008
2015,dick,2052,6886,16.381,5.8393
2015,diss,159,6886,1.873,0.4525
2015,dogg,340,6886,1.888,0.9675
2015,dome,178,6886,1.902,0.5065
2015,doo,158,6886,0.595,0.4496
2015,draco,6,6886,0.058,0.0171
2015,drip,194,6886,0.697,0.5521
2015,duck,193,6886,2.222,0.5492
2015,dutch,129,6886,0.915,0.3671
2015,fat,606,6886,6.782,1.7245
2015,feds,325,6886,3.703,0.9248
2015,fee,56,6886,0.624,0.1594
2015,fiend,128,6886,1.525,0.3642
2015,flex,425,6886,3.064,1.2094
2015,flocka,165,6886,0.886,0.4695
2015,gang,1487,6886,9.149,4.2315
2015,gangsta,759,6886,4.996,2.1598
2015,gangstas,135,6886,1.234,0.3842
2015,gat,239,6886,2.454,0.6801
2015,geah,46,6886,0.116,0.1309
2015,geeked,69,6886,0.683,0.1963
2015,geekin,30,6886,0.203,0.0854
2015,ghetto,576,6886,4.589,1.6391
2015,glock,502,6886,5.547,1.4285
2015,glocks,141,6886,1.699,0.4012
2015,goons,170,6886,1.917,0.4838
2015,gram,134,6886,1.525,0.3813
2015,grams,193,6886,2.193,0.5492
2015,grill,238,6886,2.483,0.6773
2015,grrah,15,6886,0.131,0.0427
2015,grrt,0,6886,0.0,0.0
2015,guap,293,6886,1.554,0.8338
2015,guwop,262,6886,0.944,0.7456
2015,haters,815,6886,7.682,2.3192
2015,heart,1230,6886,11.124,3.5001
2015,hella,354,6886,2.73,1.0074
2015,henny,144,6886,1.351,0.4098
2015,ho,1627,6886,10.107,4.6299
2015,hoes,3215,6886,22.698,9.1488
2015,hol,78,6886,0.595,0.222
2015,homey,126,6886,0.988,0.3586
2015,homie,1365,6886,10.529,3.8843
2015,ima,342,6886,2.411,0.9732
2015,killa,296,6886,1.96,0.8423
2015,kush,392,6886,3.95,1.1155
2015,lambo,125,6886,1.336,0.3557
2015,lame,345,6886,3.747,0.9817
2015,latto,0,6886,0.0,0.0
2015,lit,376,6886,2.658,1.07
2015,louie,125,6886,1.205,0.3557
2015,love,7732,6886,38.876,22.0026
2015,lyrics,159,6886,1.888,0.4525
2015,mane,466,6886,3.253,1.3261
2015,maybach,155,6886,1.554,0.4411
2015,mayne,183,6886,1.322,0.5208
2015,mc's,102,6886,1.104,0.2903
2015,mcs,45,6886,0.45,0.1281
2015,mixtape,115,6886,1.249,0.3272
2015,mob,191,6886,2.106,0.5435
2015,money,11544,6886,48.606,32.8502
2015,montana,156,6886,1.263,0.4439
2015,mothafuckin,178,6886,1.481,0.5065
2015,motherfuckin,728,6886,5.373,2.0716
2015,motherfucking,604,6886,4.604,1.7188
2015,murda,207,6886,0.697,0.589
2015,muthafucka,129,6886,1.205,0.3671
2015,muthafuckas,53,6886,0.552,0.1508
2015,muthafuckin,198,6886,1.438,0.5634
2015,mwah,6,6886,0.073,0.0171
2015,nigga,24814,6886,63.578,70.6119
2015,nigga's,325,6886,2.599,0.9248
2015,niggas,17837,6886,57.552,50.7578
2015,nuts,202,6886,2.382,0.5748
2015,nuttin,155,6886,1.583,0.4411
2015,og,365,6886,3.151,1.0387
2015,opp,61,6886,0.508,0.1736
2015,opps,76,6886,0.407,0.2163
2015,pac,359,6886,3.776,1.0216
2015,pain,795,6886,7.711,2.2623
2015,pants,361,6886,3.834,1.0273
2015,patek,0,6886,0.0,0.0
2015,perc,25,6886,0.334,0.0711
2015,percs,20,6886,0.232,0.0569
2015,perky,4,6886,0.058,0.0114
2015,phew,9,6886,0.058,0.0256
2015,pimp,503,6886,5.17,1.4314
2015,pimpin,278,6886,2.701,0.7911
2015,po,185,6886,1.743,0.5264
2015,police,663,6886,6.564,1.8867
2015,poppin,910,6886,6.956,2.5895
2015,projects,344,6886,2.077,0.9789
2015,purp,215,6886,1.162,0.6118
2015,pussy,3077,6886,19.605,8.7561
2015,racks,597,6886,3.965,1.6989
2015,rap,1817,6886,15.974,5.1705
2015,rapper,409,6886,4.502,1.1639
2015,rappers,602,6886,6.303,1.7131
2015,rappin,255,6886,2.832,0.7256
2015,raps,169,6886,2.12,0.4809
2015,rep,285,6886,2.774,0.811
2015,rick,145,6886,1.481,0.4126
2015,rollie,265,6886,2.687,0.7541
2015,shooters,394,6886,2.759,1.1212
2015,sippin,525,6886,4.894,1.494
2015,skrr,59,6886,0.378,0.1679
2015,skrrt,486,6886,1.496,1.383
2015,skrt,77,6886,0.378,0.2191
2015,slangin,57,6886,0.697,0.1622
2015,slatt,4,6886,0.044,0.0114
2015,slick,194,6886,2.135,0.5521
2015,slime,115,6886,0.552,0.3272
2015,slugs,112,6886,1.365,0.3187
2015,snitch,177,6886,1.975,0.5037
2015,snoop,308,6886,2.048,0.8765
2015,sosa,236,6886,1.568,0.6716
2015,soulja,241,6886,1.234,0.6858
2015,squad,649,6886,5.199,1.8468
2015,stash,260,6886,3.021,0.7399
2015,strap,333,6886,3.064,0.9476
2015,strapped,307,6886,3.253,0.8736
2015,stunt,184,6886,1.902,0.5236
2015,stuntin,285,6886,2.658,0.811
2015,tec,131,6886,1.22,0.3728
2015,tech,166,6886,1.554,0.4724
2015,tha,765,6886,2.585,2.1769
2015,thats,638,6886,5.126,1.8155
2015,thot,100,6886,1.046,0.2846
2015,thots,121,6886,0.726,0.3443
2015,thug,727,6886,5.243,2.0688
2015,thugger,210,6886,1.06,0.5976
2015,thuggin,185,6886,1.714,0.5264
2015,trap,1622,6886,9.018,4.6156
2015,trappin,298,6886,2.004,0.848
2015,trapping,273,6886,1.568,0.7769
2015,trim,10,6886,0.131,0.0285
2015,triple,193,6886,2.091,0.5492
2015,tuh,0,6886,0.0,0.0
2015,turnt,173,6886,1.568,0.4923
2015,twerk,427,6886,0.929,1.2151
2015,ugh,181,6886,1.104,0.5151
2015,unit,335,6886,1.51,0.9533
2015,vibe,153,6886,1.481,0.4354
2015,vvs,48,6886,0.61,0.1366
2015,wack,163,6886,1.859,0.4638
2015,waka,93,6886,0.581,0.2646
2015,wheezy,17,6886,0.247,0.0484
2015,wu,95,6886,0.929,0.2703
2015,xans,61,6886,0.595,0.1736
2015,yup,365,6886,1.743,1.0387
2016,aiyyo,2,3419,0.058,0.0116
2016,ap,123,3419,1.404,0.714
2016,baddie,8,3419,0.234,0.0464
2016,bah,15,3419,0.175,0.0871
2016,balls,38,3419,0.965,0.2206
2016,bands,623,3419,8.131,3.6167
2016,bankroll,131,3419,1.901,0.7605
2016,baow,51,3419,0.38,0.2961
2016,beef,230,3419,4.797,1.3352
2016,betta,25,3419,0.38,0.1451
2016,bitches,3006,3419,33.87,17.4506
2016,blatt,6,3419,0.146,0.0348
2016,blick,1,3419,0.029,0.0058
2016,blunts,121,3419,1.521,0.7024
2016,bringin,26,3419,0.643,0.1509
2016,brrt,16,3419,0.292,0.0929
2016,bust,435,3419,7.254,2.5253
2016,bustin,78,3419,1.258,0.4528
2016,carti,21,3419,0.322,0.1219
2016,choppa,161,3419,1.989,0.9346
2016,chopper,292,3419,5.001,1.6951
2016,choppers,183,3419,1.93,1.0624
2016,cocked,16,3419,0.468,0.0929
2016,compton,139,3419,1.316,0.8069
2016,coochie,29,3419,0.76,0.1684
2016,crib,319,3419,6.99,1.8519
2016,cube,29,3419,0.76,0.1684
2016,dawg,232,3419,3.422,1.3468
2016,dem,157,3419,1.141,0.9114
2016,deuce,59,3419,1.199,0.3425
2016,dick,941,3419,15.034,5.4627
2016,diss,85,3419,1.989,0.4934
2016,dogg,106,3419,1.492,0.6154
2016,dome,69,3419,1.492,0.4006
2016,doo,62,3419,0.38,0.3599
2016,draco,153,3419,1.258,0.8882
2016,drip,159,3419,1.111,0.923
2016,duck,80,3419,1.521,0.4644
2016,dutch,16,3419,0.409,0.0929
2016,fat,238,3419,5.206,1.3816
2016,feds,169,3419,3.13,0.9811
2016,fee,36,3419,0.907,0.209
2016,fiend,77,3419,1.696,0.447
2016,flex,409,3419,4.329,2.3743
2016,flocka,33,3419,0.468,0.1916
2016,gang,1149,3419,11.378,6.6702
2016,gangsta,169,3419,2.018,0.9811
2016,gangstas,57,3419,0.439,0.3309
2016,gat,51,3419,1.228,0.2961
2016,geah,0,3419,0.0,0.0
2016,geeked,61,3419,0.965,0.3541
2016,geekin,18,3419,0.468,0.1045
2016,ghetto,208,3419,3.1,1.2075
2016,glock,223,3419,4.504,1.2946
2016,glocks,61,3419,1.404,0.3541
2016,goons,62,3419,1.404,0.3599
2016,gram,93,3419,2.223,0.5399
2016,grams,77,3419,1.843,0.447
2016,grill,60,3419,1.433,0.3483
2016,grrah,9,3419,0.175,0.0522
2016,grrt,0,3419,0.0,0.0
2016,guap,163,3419,2.34,0.9463
2016,guwop,72,3419,0.965,0.418
2016,haters,334,3419,6.815,1.939
2016,heart,558,3419,11.027,3.2393
2016,hella,219,3419,4.358,1.2713
2016,henny,80,3419,1.93,0.4644
2016,ho,638,3419,7.429,3.7037
2016,hoes,1766,3419,21.381,10.2521
2016,hol,65,3419,0.994,0.3773
2016,homey,3,3419,0.088,0.0174
2016,homie,497,3419,8.774,2.8852
2016,ima,148,3419,2.164,0.8592
2016,killa,88,3419,1.345,0.5109
2016,kush,204,3419,3.071,1.1843
2016,lambo,62,3419,1.433,0.3599
2016,lame,177,3419,3.451,1.0275
2016,latto,6,3419,0.117,0.0348
2016,lit,339,3419,5.352,1.968
2016,louie,39,3419,0.877,0.2264
2016,love,4174,3419,38.023,24.2311
2016,lyrics,81,3419,1.609,0.4702
2016,mane,222,3419,3.013,1.2888
2016,maybach,66,3419,1.404,0.3831
2016,mayne,69,3419,0.497,0.4006
2016,mc's,11,3419,0.292,0.0639
2016,mcs,56,3419,0.556,0.3251
2016,mixtape,51,3419,0.907,0.2961
2016,mob,95,3419,1.433,0.5515
2016,money,6072,3419,48.084,35.2495
2016,montana,51,3419,1.024,0.2961
2016,mothafuckin,61,3419,1.082,0.3541
2016,motherfuckin,338,3419,4.504,1.9622
2016,motherfucking,264,3419,4.329,1.5326
2016,murda,25,3419,0.292,0.1451
2016,muthafucka,37,3419,0.556,0.2148
2016,muthafuckas,10,3419,0.175,0.0581
2016,muthafuckin,40,3419,0.673,0.2322
2016,mwah,17,3419,0.234,0.0987
2016,nigga,12372,3419,63.527,71.8225
2016,nigga's,202,3419,3.1,1.1727
2016,niggas,8770,3419,58.906,50.912
2016,nuts,56,3419,1.228,0.3251
2016,nuttin,21,3419,0.468,0.1219
2016,og,175,3419,3.978,1.0159
2016,opp,28,3419,0.585,0.1625
2016,opps,35,3419,0.702,0.2032
2016,pac,150,3419,3.159,0.8708
2016,pain,393,3419,6.435,2.2815
2016,pants,135,3419,2.837,0.7837
2016,patek,25,3419,0.468,0.1451
2016,perc,43,3419,0.994,0.2496
2016,percs,29,3419,0.731,0.1684
2016,perky,27,3419,0.351,0.1567
2016,phew,10,3419,0.117,0.0581
2016,pimp,179,3419,2.691,1.0391
2016,pimpin,122,3419,1.901,0.7082
2016,po,56,3419,0.936,0.3251
2016,police,290,3419,6.054,1.6835
2016,poppin,340,3419,5.908,1.9738
2016,projects,54,3419,1.287,0.3135
2016,purp,60,3419,0.994,0.3483
2016,pussy,1486,3419,19.889,8.6266
2016,racks,529,3419,5.469,3.071
2016,rap,676,3419,11.963,3.9243
2016,rapper,203,3419,4.855,1.1785
2016,rappers,258,3419,5.294,1.4978
2016,rappin,101,3419,2.252,0.5863
2016,raps,57,3419,1.375,0.3309
2016,rep,87,3419,1.696,0.5051
2016,rick,72,3419,1.667,0.418
2016,rollie,293,3419,5.586,1.7009
2016,shooters,272,3419,4.095,1.579
2016,sippin,288,3419,4.884,1.6719
2016,skrr,162,3419,0.907,0.9405
2016,skrrt,407,3419,3.305,2.3627
2016,skrt,239,3419,2.194,1.3875
2016,slangin,28,3419,0.702,0.1625
2016,slatt,29,3419,0.234,0.1684
2016,slick,63,3419,1.696,0.3657
2016,slime,40,3419,0.585,0.2322
2016,slugs,16,3419,0.439,0.0929
2016,snitch,75,3419,1.638,0.4354
2016,snoop,119,3419,1.638,0.6908
2016,sosa,132,3419,1.579,0.7663
2016,soulja,172,3419,1.843,0.9985
2016,squad,290,3419,3.715,1.6835
2016,stash,100,3419,2.311,0.5805
2016,strap,80,3419,1.989,0.4644
2016,strapped,126,3419,2.574,0.7315
2016,stunt,158,3419,1.93,0.9172
2016,stuntin,155,3419,2.486,0.8998
2016,tec,80,3419,1.287,0.4644
2016,tech,63,3419,1.316,0.3657
2016,tha,343,3419,1.287,1.9912
2016,thats,144,3419,2.749,0.836
2016,thot,114,3419,1.55,0.6618
2016,thots,39,3419,0.848,0.2264
2016,thug,277,3419,3.919,1.6081
2016,thugger,94,3419,0.994,0.5457
2016,thuggin,99,3419,1.96,0.5747
2016,trap,978,3419,11.875,5.6775
2016,trappin,190,3419,2.603,1.103
2016,trapping,107,3419,1.843,0.6212
2016,trim,6,3419,0.175,0.0348
2016,triple,81,3419,1.989,0.4702
2016,tuh,1,3419,0.029,0.0058
2016,turnt,79,3419,1.345,0.4586
2016,twerk,44,3419,0.702,0.2554
2016,ugh,163,3419,2.047,0.9463
2016,unit,15,3419,0.439,0.0871
2016,vibe,158,3419,2.281,0.9172
2016,vvs,56,3419,0.907,0.3251
2016,wack,59,3419,1.082,0.3425
2016,waka,12,3419,0.234,0.0697
2016,wheezy,9,3419,0.263,0.0522
2016,wu,18,3419,0.292,0.1045
2016,xans,113,3419,1.755,0.656
2016,yup,130,3419,1.609,0.7547
2017,aiyyo,0,2844,0.0,0.0
2017,ap,62,2844,1.406,0.4248
2017,baddie,5,2844,0.141,0.0343
2017,bah,29,2844,0.527,0.1987
2017,balls,46,2844,1.336,0.3152
2017,bands,435,2844,7.525,2.9804
2017,bankroll,89,2844,1.547,0.6098
2017,baow,22,2844,0.352,0.1507
2017,beef,187,2844,5.134,1.2812
2017,betta,23,2844,0.211,0.1576
2017,bitches,1967,2844,29.466,13.477
2017,blatt,48,2844,0.246,0.3289
2017,blick,6,2844,0.141,0.0411
2017,blunts,54,2844,1.406,0.37
2017,bringin,28,2844,0.879,0.1918
2017,brrt,53,2844,0.703,0.3631
2017,bust,399,2844,7.349,2.7338
2017,bustin,126,2844,2.145,0.8633
2017,carti,75,2844,0.879,0.5139
2017,choppa,165,2844,1.371,1.1305
2017,chopper,184,2844,4.149,1.2607
2017,choppers,77,2844,2.004,0.5276
2017,cocked,17,2844,0.527,0.1165
2017,compton,42,2844,0.914,0.2878
2017,coochie,27,2844,0.879,0.185
2017,crib,255,2844,6.892,1.7471
2017,cube,18,2844,0.492,0.1233
2017,dawg,343,2844,4.219,2.3501
2017,dem,123,2844,1.406,0.8427
2017,deuce,46,2844,1.125,0.3152
2017,dick,792,2844,14.381,5.4264
2017,diss,71,2844,1.899,0.4865
2017,dogg,45,2844,0.949,0.3083
2017,dome,47,2844,1.301,0.322
2017,doo,15,2844,0.246,0.1028
2017,draco,232,2844,2.743,1.5896
2017,drip,217,2844,2.461,1.4868
2017,duck,44,2844,1.371,0.3015
2017,dutch,14,2844,0.352,0.0959
2017,fat,170,2844,4.325,1.1648
2017,feds,165,2844,4.29,1.1305
2017,fee,30,2844,0.914,0.2055
2017,fiend,41,2844,0.985,0.2809
2017,flex,258,2844,5.098,1.7677
2017,flocka,24,2844,0.352,0.1644
2017,gang,993,2844,11.252,6.8036
2017,gangsta,246,2844,2.356,1.6855
2017,gangstas,22,2844,0.703,0.1507
2017,gat,45,2844,1.09,0.3083
2017,geah,140,2844,0.316,0.9592
2017,geeked,37,2844,0.879,0.2535
2017,geekin,126,2844,1.02,0.8633
2017,ghetto,112,2844,2.039,0.7674
2017,glock,234,2844,4.887,1.6033
2017,glocks,57,2844,1.301,0.3905
2017,goons,46,2844,1.371,0.3152
2017,gram,104,2844,2.461,0.7126
2017,grams,44,2844,1.336,0.3015
2017,grill,43,2844,1.336,0.2946
2017,grrah,8,2844,0.176,0.0548
2017,grrt,1,2844,0.035,0.0069
2017,guap,165,2844,2.637,1.1305
2017,guwop,28,2844,0.703,0.1918
2017,haters,238,2844,6.153,1.6307
2017,heart,626,2844,12.131,4.2891
2017,hella,163,2844,3.481,1.1168
2017,henny,73,2844,1.934,0.5002
2017,ho,815,2844,9.072,5.584
2017,hoes,1167,2844,18.249,7.9957
2017,hol,197,2844,1.301,1.3498
2017,homey,10,2844,0.105,0.0685
2017,homie,415,2844,9.423,2.8434
2017,ima,57,2844,1.16,0.3905
2017,killa,74,2844,1.125,0.507
2017,kush,97,2844,2.25,0.6646
2017,lambo,53,2844,1.266,0.3631
2017,lame,188,2844,4.114,1.2881
2017,latto,22,2844,0.422,0.1507
2017,lit,380,2844,6.751,2.6036
2017,louie,29,2844,0.527,0.1987
2017,love,3514,2844,39.311,24.0763
2017,lyrics,76,2844,2.286,0.5207
2017,mane,139,2844,2.286,0.9524
2017,maybach,127,2844,2.25,0.8701
2017,mayne,31,2844,0.527,0.2124
2017,mc's,27,2844,0.527,0.185
2017,mcs,12,2844,0.352,0.0822
2017,mixtape,39,2844,1.09,0.2672
2017,mob,106,2844,1.969,0.7263
2017,money,3923,2844,44.515,26.8786
2017,montana,36,2844,0.844,0.2467
2017,mothafuckin,63,2844,1.16,0.4316
2017,motherfuckin,302,2844,5.239,2.0692
2017,motherfucking,144,2844,2.532,0.9866
2017,murda,50,2844,1.09,0.3426
2017,muthafucka,65,2844,0.949,0.4454
2017,muthafuckas,18,2844,0.387,0.1233
2017,muthafuckin,73,2844,1.125,0.5002
2017,mwah,18,2844,0.457,0.1233
2017,nigga,8600,2844,59.283,58.9232
2017,nigga's,74,2844,2.145,0.507
2017,niggas,6933,2844,54.782,47.5017
2017,nuts,72,2844,1.793,0.4933
2017,nuttin,12,2844,0.246,0.0822
2017,og,145,2844,3.657,0.9935
2017,opp,53,2844,1.055,0.3631
2017,opps,55,2844,1.301,0.3768
2017,pac,126,2844,2.848,0.8633
2017,pain,487,2844,8.158,3.3367
2017,pants,117,2844,2.813,0.8016
2017,patek,123,2844,2.461,0.8427
2017,perc,48,2844,0.879,0.3289
2017,percs,55,2844,1.16,0.3768
2017,perky,39,2844,0.633,0.2672
2017,phew,81,2844,0.246,0.555
2017,pimp,118,2844,2.954,0.8085
2017,pimpin,80,2844,1.969,0.5481
2017,po,60,2844,1.266,0.4111
2017,police,274,2844,5.45,1.8773
2017,poppin,382,2844,7.314,2.6173
2017,projects,75,2844,1.793,0.5139
2017,purp,24,2844,0.668,0.1644
2017,pussy,997,2844,17.722,6.831
2017,racks,448,2844,7.243,3.0695
2017,rap,531,2844,11.463,3.6382
2017,rapper,191,2844,4.958,1.3086
2017,rappers,229,2844,5.907,1.569
2017,rappin,87,2844,2.461,0.5961
2017,raps,56,2844,1.653,0.3837
2017,rep,97,2844,1.653,0.6646
2017,rick,70,2844,1.688,0.4796
2017,rollie,178,2844,4.536,1.2196
2017,shooters,171,2844,3.903,1.1716
2017,sippin,240,2844,5.45,1.6444
2017,skrr,94,2844,0.914,0.644
2017,skrrt,502,2844,5.485,3.4395
2017,skrt,277,2844,2.637,1.8979
2017,slangin,74,2844,0.668,0.507
2017,slatt,48,2844,0.422,0.3289
2017,slick,62,2844,1.512,0.4248
2017,slime,47,2844,1.055,0.322
2017,slugs,17,2844,0.492,0.1165
2017,snitch,79,2844,1.512,0.5413
2017,snoop,71,2844,1.266,0.4865
2017,sosa,76,2844,1.477,0.5207
2017,soulja,66,2844,0.598,0.4522
2017,squad,161,2844,3.27,1.1031
2017,stash,97,2844,2.11,0.6646
2017,strap,84,2844,2.25,0.5755
2017,strapped,87,2844,1.723,0.5961
2017,stunt,51,2844,1.336,0.3494
2017,stuntin,59,2844,1.336,0.4042
2017,tec,50,2844,1.336,0.3426
2017,tech,55,2844,1.371,0.3768
2017,tha,140,2844,0.985,0.9592
2017,thats,52,2844,1.336,0.3563
2017,thot,135,2844,2.567,0.925
2017,thots,41,2844,0.949,0.2809
2017,thug,202,2844,3.657,1.384
2017,thugger,41,2844,0.738,0.2809
2017,thuggin,51,2844,1.336,0.3494
2017,trap,973,2844,11.146,6.6665
2017,trappin,223,2844,3.376,1.5279
2017,trapping,45,2844,1.195,0.3083
2017,trim,5,2844,0.176,0.0343
2017,triple,132,2844,1.934,0.9044
2017,tuh,3,2844,0.07,0.0206
2017,turnt,57,2844,1.231,0.3905
2017,twerk,53,2844,0.738,0.3631
2017,ugh,83,2844,1.582,0.5687
2017,unit,4,2844,0.141,0.0274
2017,vibe,195,2844,2.743,1.3361
2017,vvs,73,2844,1.617,0.5002
2017,wack,39,2844,1.125,0.2672
2017,waka,5,2844,0.105,0.0343
2017,wheezy,36,2844,0.879,0.2467
2017,wu,26,2844,0.598,0.1781
2017,xans,90,2844,1.406,0.6166
2017,yup,88,2844,1.828,0.6029
2018,aiyyo,1,2892,0.035,0.0067
2018,ap,128,2892,2.213,0.8552
2018,baddie,19,2892,0.45,0.1269
2018,bah,43,2892,0.83,0.2873
2018,balls,53,2892,1.591,0.3541
2018,bands,605,2892,7.78,4.0421
2018,bankroll,74,2892,1.556,0.4944
2018,baow,23,2892,0.38,0.1537
2018,beef,199,2892,5.048,1.3296
2018,betta,8,2892,0.242,0.0534
2018,bitches,2026,2892,27.801,13.5361
2018,blatt,27,2892,0.45,0.1804
2018,blick,4,2892,0.104,0.0267
2018,blunts,57,2892,1.383,0.3808
2018,bringin,47,2892,1.176,0.314
2018,brrt,125,2892,1.66,0.8351
2018,bust,556,2892,9.094,3.7147
2018,bustin,94,2892,1.936,0.628
2018,carti,70,2892,1.037,0.4677
2018,choppa,209,2892,2.49,1.3964
2018,chopper,263,2892,3.942,1.7572
2018,choppers,143,2892,1.556,0.9554
2018,cocked,34,2892,0.83,0.2272
2018,compton,13,2892,0.38,0.0869
2018,coochie,27,2892,0.761,0.1804
2018,crib,270,2892,6.639,1.8039
2018,cube,26,2892,0.622,0.1737
2018,dawg,285,2892,4.703,1.9041
2018,dem,93,2892,0.83,0.6213
2018,deuce,65,2892,1.556,0.4343
2018,dick,841,2892,15.802,5.6189
2018,diss,56,2892,1.556,0.3741
2018,dogg,46,2892,0.795,0.3073
2018,dome,87,2892,1.694,0.5813
2018,doo,60,2892,0.553,0.4009
2018,draco,93,2892,1.971,0.6213
2018,drip,577,2892,7.261,3.855
2018,duck,91,2892,1.902,0.608
2018,dutch,16,2892,0.311,0.1069
2018,fat,197,2892,4.53,1.3162
2018,feds,137,2892,3.389,0.9153
2018,fee,47,2892,0.83,0.314
2018,fiend,56,2892,1.349,0.3741
2018,flex,244,2892,4.945,1.6302
2018,flocka,22,2892,0.415,0.147
2018,gang,1335,2892,15.111,8.9194
2018,gangsta,76,2892,1.763,0.5078
2018,gangstas,19,2892,0.38,0.1269
2018,gat,57,2892,1.141,0.3808
2018,geah,2,2892,0.069,0.0134
2018,geeked,36,2892,0.726,0.2405
2018,geekin,17,2892,0.519,0.1136
2018,ghetto,106,2892,2.04,0.7082
2018,glock,262,2892,5.809,1.7505
2018,glocks,41,2892,1.037,0.2739
2018,goons,50,2892,1.418,0.3341
2018,gram,93,2892,2.386,0.6213
2018,grams,48,2892,1.418,0.3207
2018,grill,62,2892,1.452,0.4142
2018,grrah,30,2892,0.38,0.2004
2018,grrt,9,2892,0.138,0.0601
2018,guap,276,2892,2.663,1.844
2018,guwop,21,2892,0.519,0.1403
2018,haters,211,2892,4.841,1.4097
2018,heart,696,2892,13.243,4.6501
2018,hella,167,2892,3.492,1.1158
2018,henny,63,2892,1.452,0.4209
2018,ho,931,2892,11.515,6.2202
2018,hoes,1210,2892,19.71,8.0842
2018,hol,128,2892,1.66,0.8552
2018,homey,3,2892,0.069,0.02
2018,homie,456,2892,9.129,3.0466
2018,ima,106,2892,1.383,0.7082
2018,killa,26,2892,0.588,0.1737
2018,kush,82,2892,2.04,0.5479
2018,lambo,73,2892,1.867,0.4877
2018,lame,158,2892,3.458,1.0556
2018,latto,1,2892,0.035,0.0067
2018,lit,395,2892,7.573,2.6391
2018,louie,12,2892,0.311,0.0802
2018,love,4160,2892,41.044,27.7937
2018,lyrics,73,2892,2.42,0.4877
2018,mane,107,2892,1.763,0.7149
2018,maybach,99,2892,2.559,0.6614
2018,mayne,42,2892,0.553,0.2806
2018,mc's,11,2892,0.311,0.0735
2018,mcs,9,2892,0.207,0.0601
2018,mixtape,23,2892,0.761,0.1537
2018,mob,91,2892,1.867,0.608
2018,money,3962,2892,43.707,26.4708
2018,montana,32,2892,0.83,0.2138
2018,mothafuckin,75,2892,0.899,0.5011
2018,motherfuckin,314,2892,5.048,2.0979
2018,motherfucking,106,2892,2.42,0.7082
2018,murda,21,2892,0.588,0.1403
2018,muthafucka,18,2892,0.415,0.1203
2018,muthafuckas,4,2892,0.138,0.0267
2018,muthafuckin,43,2892,0.83,0.2873
2018,mwah,21,2892,0.519,0.1403
2018,nigga,8046,2892,56.57,53.7568
2018,nigga's,56,2892,1.452,0.3741
2018,niggas,5752,2892,51.833,38.4302
2018,nuts,96,2892,2.006,0.6414
2018,nuttin,11,2892,0.242,0.0735
2018,og,110,2892,2.559,0.7349
2018,opp,40,2892,0.968,0.2672
2018,opps,85,2892,2.04,0.5679
2018,pac,100,2892,2.42,0.6681
2018,pain,513,2892,8.956,3.4274
2018,pants,114,2892,2.905,0.7617
2018,patek,176,2892,2.939,1.1759
2018,perc,84,2892,1.902,0.5612
2018,percs,98,2892,1.694,0.6548
2018,perky,35,2892,0.795,0.2338
2018,phew,49,2892,0.519,0.3274
2018,pimp,158,2892,3.32,1.0556
2018,pimpin,105,2892,2.144,0.7015
2018,po,80,2892,1.072,0.5345
2018,police,276,2892,5.429,1.844
2018,poppin,454,2892,7.296,3.0333
2018,projects,79,2892,2.109,0.5278
2018,purp,22,2892,0.622,0.147
2018,pussy,1143,2892,17.808,7.6366
2018,racks,648,2892,9.129,4.3294
2018,rap,559,2892,11.03,3.7348
2018,rapper,173,2892,4.149,1.1558
2018,rappers,241,2892,5.463,1.6102
2018,rappin,92,2892,2.663,0.6147
2018,raps,43,2892,1.314,0.2873
2018,rep,75,2892,1.418,0.5011
2018,rick,74,2892,1.556,0.4944
2018,rollie,251,2892,5.36,1.677
2018,shooters,111,2892,2.559,0.7416
2018,sippin,309,2892,6.466,2.0645
2018,skrr,222,2892,1.556,1.4832
2018,skrrt,963,2892,8.679,6.434
2018,skrt,333,2892,2.524,2.2248
2018,slangin,13,2892,0.38,0.0869
2018,slatt,227,2892,1.833,1.5166
2018,slick,58,2892,1.521,0.3875
2018,slime,169,2892,2.178,1.1291
2018,slugs,13,2892,0.38,0.0869
2018,snitch,52,2892,1.487,0.3474
2018,snoop,39,2892,0.968,0.2606
2018,sosa,86,2892,1.245,0.5746
2018,soulja,65,2892,1.003,0.4343
2018,squad,224,2892,3.181,1.4966
2018,stash,117,2892,2.49,0.7817
2018,strap,97,2892,2.213,0.6481
2018,strapped,63,2892,1.591,0.4209
2018,stunt,53,2892,1.176,0.3541
2018,stuntin,80,2892,1.591,0.5345
2018,tec,62,2892,1.694,0.4142
2018,tech,79,2892,1.66,0.5278
2018,tha,46,2892,0.692,0.3073
2018,thats,42,2892,0.899,0.2806
2018,thot,182,2892,2.974,1.216
2018,thots,45,2892,1.107,0.3007
2018,thug,154,2892,2.732,1.0289
2018,thugger,58,2892,1.107,0.3875
2018,thuggin,98,2892,2.075,0.6548
2018,trap,988,2892,11.342,6.601
2018,trappin,119,2892,2.732,0.7951
2018,trapping,32,2892,0.761,0.2138
2018,trim,7,2892,0.242,0.0468
2018,triple,111,2892,2.144,0.7416
2018,tuh,0,2892,0.0,0.0
2018,turnt,79,2892,1.245,0.5278
2018,twerk,114,2892,1.003,0.7617
2018,ugh,114,2892,2.178,0.7617
2018,unit,12,2892,0.415,0.0802
2018,vibe,229,2892,4.115,1.53
2018,vvs,124,2892,2.732,0.8285
2018,wack,49,2892,1.418,0.3274
2018,waka,20,2892,0.38,0.1336
2018,wheezy,61,2892,1.245,0.4076
2018,wu,47,2892,0.622,0.314
2018,xans,41,2892,1.245,0.2739
2018,yup,144,2892,2.732,0.9621
2019,aiyyo,1,2648,0.038,0.0076
2019,ap,97,2648,2.568,0.7372
2019,baddie,22,2648,0.642,0.1672
2019,bah,71,2648,1.397,0.5396
2019,balls,43,2648,1.473,0.3268
2019,bands,606,2648,8.912,4.6059
2019,bankroll,104,2648,1.964,0.7905
2019,baow,44,2648,0.869,0.3344
2019,beef,147,2648,4.041,1.1173
2019,betta,6,2648,0.189,0.0456
2019,bitches,1586,2648,27.492,12.0544
2019,blatt,182,2648,1.02,1.3833
2019,blick,4,2648,0.113,0.0304
2019,blunts,43,2648,1.511,0.3268
2019,bringin,43,2648,1.246,0.3268
2019,brrt,48,2648,1.095,0.3648
2019,bust,393,2648,8.157,2.987
2019,bustin,95,2648,2.455,0.722
2019,carti,74,2648,1.36,0.5624
2019,choppa,151,2648,2.946,1.1477
2019,chopper,176,2648,4.079,1.3377
2019,choppers,71,2648,1.511,0.5396
2019,cocked,27,2648,0.415,0.2052
2019,compton,27,2648,0.831,0.2052
2019,coochie,18,2648,0.604,0.1368
2019,crib,270,2648,7.515,2.0521
2019,cube,17,2648,0.566,0.1292
2019,dawg,382,2648,6.307,2.9034
2019,dem,88,2648,0.869,0.6688
2019,deuce,42,2648,1.208,0.3192
2019,dick,802,2648,17.258,6.0956
2019,diss,72,2648,1.964,0.5472
2019,dogg,52,2648,0.944,0.3952
2019,dome,56,2648,1.699,0.4256
2019,doo,139,2648,0.944,1.0565
2019,draco,117,2648,2.002,0.8893
2019,drip,631,2648,7.213,4.7959
2019,duck,67,2648,1.888,0.5092
2019,dutch,8,2648,0.264,0.0608
2019,fat,139,2648,4.154,1.0565
2019,feds,126,2648,3.399,0.9577
2019,fee,31,2648,0.982,0.2356
2019,fiend,56,2648,1.208,0.4256
2019,flex,330,2648,3.965,2.5082
2019,flocka,105,2648,0.68,0.7981
2019,gang,860,2648,13.029,6.5364
2019,gangsta,111,2648,1.662,0.8437
2019,gangstas,27,2648,0.529,0.2052
2019,gat,19,2648,0.642,0.1444
2019,geah,0,2648,0.0,0.0
2019,geeked,66,2648,1.284,0.5016
2019,geekin,12,2648,0.302,0.0912
2019,ghetto,203,2648,2.266,1.5429
2019,glock,275,2648,6.08,2.0901
2019,glocks,49,2648,1.208,0.3724
2019,goons,44,2648,1.322,0.3344
2019,gram,71,2648,2.341,0.5396
2019,grams,55,2648,1.397,0.418
2019,grill,43,2648,1.057,0.3268
2019,grrah,90,2648,0.718,0.684
2019,grrt,14,2648,0.264,0.1064
2019,guap,122,2648,2.19,0.9273
2019,guwop,46,2648,0.982,0.3496
2019,haters,159,2648,4.381,1.2085
2019,heart,633,2648,12.991,4.8111
2019,hella,161,2648,3.437,1.2237
2019,henny,73,2648,2.115,0.5548
2019,ho,932,2648,14.35,7.0837
2019,hoes,1080,2648,19.147,8.2086
2019,hol,86,2648,1.435,0.6536
2019,homey,1,2648,0.038,0.0076
2019,homie,415,2648,8.195,3.1542
2019,ima,18,2648,0.378,0.1368
2019,killa,91,2648,1.397,0.6916
2019,kush,81,2648,1.586,0.6156
2019,lambo,87,2648,2.492,0.6612
2019,lame,159,2648,3.248,1.2085
2019,latto,46,2648,0.34,0.3496
2019,lit,343,2648,6.458,2.607
2019,louie,8,2648,0.227,0.0608
2019,love,3827,2648,40.71,29.0872
2019,lyrics,121,2648,4.305,0.9197
2019,mane,150,2648,2.644,1.1401
2019,maybach,182,2648,3.474,1.3833
2019,mayne,8,2648,0.264,0.0608
2019,mc's,8,2648,0.264,0.0608
2019,mcs,11,2648,0.378,0.0836
2019,mixtape,21,2648,0.604,0.1596
2019,mob,93,2648,2.379,0.7068
2019,money,2876,2648,41.05,21.8591
2019,montana,55,2648,1.133,0.418
2019,mothafuckin,55,2648,1.171,0.418
2019,motherfuckin,307,2648,5.665,2.3334
2019,motherfucking,164,2648,2.417,1.2465
2019,murda,22,2648,0.68,0.1672
2019,muthafucka,9,2648,0.227,0.0684
2019,muthafuckas,9,2648,0.151,0.0684
2019,muthafuckin,12,2648,0.415,0.0912
2019,mwah,45,2648,1.171,0.342
2019,nigga,6888,2648,54.796,52.3523
2019,nigga's,36,2648,1.02,0.2736
2019,niggas,4830,2648,49.736,36.7105
2019,nuts,59,2648,1.699,0.4484
2019,nuttin,10,2648,0.378,0.076
2019,og,80,2648,2.455,0.608
2019,opp,77,2648,1.586,0.5852
2019,opps,172,2648,3.701,1.3073
2019,pac,74,2648,2.19,0.5624
2019,pain,433,2648,9.403,3.291
2019,pants,112,2648,2.983,0.8513
2019,patek,86,2648,2.228,0.6536
2019,perc,99,2648,2.039,0.7525
2019,percs,103,2648,2.002,0.7829
2019,perky,46,2648,1.171,0.3496
2019,phew,20,2648,0.302,0.152
2019,pimp,121,2648,2.341,0.9197
2019,pimpin,81,2648,1.775,0.6156
2019,po,78,2648,0.869,0.5928
2019,police,184,2648,4.645,1.3985
2019,poppin,368,2648,7.1,2.797
2019,projects,65,2648,1.511,0.494
2019,purp,26,2648,0.491,0.1976
2019,pussy,1102,2648,18.051,8.3758
2019,racks,644,2648,9.441,4.8947
2019,rap,452,2648,10.385,3.4354
2019,rapper,130,2648,4.23,0.9881
2019,rappers,206,2648,5.249,1.5657
2019,rappin,100,2648,2.908,0.7601
2019,raps,57,2648,1.511,0.4332
2019,rep,52,2648,1.246,0.3952
2019,rick,55,2648,1.662,0.418
2019,rollie,314,2648,5.363,2.3866
2019,shooters,124,2648,3.285,0.9425
2019,sippin,205,2648,5.211,1.5581
2019,skrr,61,2648,0.982,0.4636
2019,skrrt,751,2648,9.328,5.708
2019,skrt,114,2648,1.397,0.8665
2019,slangin,18,2648,0.604,0.1368
2019,slatt,262,2648,3.512,1.9913
2019,slick,61,2648,1.473,0.4636
2019,slime,161,2648,2.87,1.2237
2019,slugs,12,2648,0.415,0.0912
2019,snitch,72,2648,1.473,0.5472
2019,snoop,70,2648,1.322,0.532
2019,sosa,25,2648,0.491,0.19
2019,soulja,27,2648,0.793,0.2052
2019,squad,119,2648,2.681,0.9045
2019,stash,66,2648,1.473,0.5016
2019,strap,85,2648,2.568,0.646
2019,strapped,55,2648,1.699,0.418
2019,stunt,44,2648,1.246,0.3344
2019,stuntin,39,2648,0.944,0.2964
2019,tec,81,2648,2.002,0.6156
2019,tech,60,2648,1.322,0.456
2019,tha,41,2648,0.604,0.3116
2019,thats,31,2648,0.944,0.2356
2019,thot,94,2648,2.077,0.7144
2019,thots,43,2648,1.133,0.3268
2019,thug,88,2648,2.417,0.6688
2019,thugger,131,2648,2.002,0.9957
2019,thuggin,53,2648,1.322,0.4028
2019,trap,484,2648,8.006,3.6786
2019,trappin,125,2648,3.097,0.9501
2019,trapping,45,2648,0.529,0.342
2019,trim,4,2648,0.151,0.0304
2019,triple,89,2648,2.341,0.6764
2019,tuh,3,2648,0.076,0.0228
2019,turnt,55,2648,1.02,0.418
2019,twerk,83,2648,0.68,0.6308
2019,ugh,43,2648,1.133,0.3268
2019,unit,6,2648,0.227,0.0456
2019,vibe,216,2648,3.701,1.6417
2019,vvs,74,2648,2.039,0.5624
2019,wack,51,2648,1.322,0.3876
2019,waka,56,2648,0.453,0.4256
2019,wheezy,86,2648,2.304,0.6536
2019,wu,43,2648,1.095,0.3268
2019,xans,62,2648,1.284,0.4712
2019,yup,118,2648,2.379,0.8969
2020,aiyyo,5,2854,0.14,0.0369
2020,ap,121,2854,2.803,0.8923
2020,baddie,24,2854,0.631,0.177
2020,bah,210,2854,2.488,1.5486
2020,balls,36,2854,1.121,0.2655
2020,bands,370,2854,6.797,2.7284
2020,bankroll,55,2854,1.226,0.4056
2020,baow,218,2854,2.102,1.6075
2020,beef,163,2854,4.345,1.202
2020,betta,3,2854,0.07,0.0221
2020,bitches,1524,2854,24.457,11.2381
2020,blatt,84,2854,0.701,0.6194
2020,blick,15,2854,0.315,0.1106
2020,blunts,66,2854,1.787,0.4867
2020,bringin,52,2854,1.402,0.3835
2020,brrt,165,2854,2.172,1.2167
2020,bust,313,2854,7.673,2.3081
2020,bustin,62,2854,1.647,0.4572
2020,carti,64,2854,0.981,0.4719
2020,choppa,168,2854,2.943,1.2388
2020,chopper,174,2854,3.679,1.2831
2020,choppers,50,2854,1.577,0.3687
2020,cocked,15,2854,0.456,0.1106
2020,compton,6,2854,0.21,0.0442
2020,coochie,37,2854,0.806,0.2728
2020,crib,294,2854,7.498,2.168
2020,cube,16,2854,0.491,0.118
2020,dawg,305,2854,5.221,2.2491
2020,dem,59,2854,0.561,0.4351
2020,deuce,27,2854,0.701,0.1991
2020,dick,931,2854,16.328,6.8653
2020,diss,40,2854,1.226,0.295
2020,dogg,10,2854,0.245,0.0737
2020,dome,50,2854,1.331,0.3687
2020,doo,114,2854,0.771,0.8406
2020,draco,106,2854,2.032,0.7817
2020,drip,305,2854,6.307,2.2491
2020,duck,65,2854,1.507,0.4793
2020,dutch,20,2854,0.491,0.1475
2020,fat,204,2854,4.485,1.5043
2020,feds,128,2854,3.364,0.9439
2020,fee,38,2854,1.156,0.2802
2020,fiend,40,2854,1.261,0.295
2020,flex,109,2854,2.558,0.8038
2020,flocka,12,2854,0.175,0.0885
2020,gang,924,2854,11.352,6.8136
2020,gangsta,79,2854,1.612,0.5826
2020,gangstas,6,2854,0.21,0.0442
2020,gat,55,2854,1.051,0.4056
2020,geah,15,2854,0.035,0.1106
2020,geeked,85,2854,1.507,0.6268
2020,geekin,33,2854,0.666,0.2433
2020,ghetto,98,2854,1.857,0.7227
2020,glock,310,2854,7.078,2.286
2020,glocks,54,2854,1.261,0.3982
2020,goons,41,2854,1.156,0.3023
2020,gram,116,2854,2.172,0.8554
2020,grams,51,2854,0.946,0.3761
2020,grill,44,2854,0.876,0.3245
2020,grrah,139,2854,1.437,1.025
2020,grrt,131,2854,1.331,0.966
2020,guap,155,2854,2.348,1.143
2020,guwop,8,2854,0.21,0.059
2020,haters,134,2854,3.539,0.9881
2020,heart,724,2854,14.366,5.3388
2020,hella,109,2854,2.873,0.8038
2020,henny,77,2854,1.962,0.5678
2020,ho,822,2854,11.948,6.0615
2020,hoes,1034,2854,16.503,7.6248
2020,hol,159,2854,1.402,1.1725
2020,homey,9,2854,0.07,0.0664
2020,homie,348,2854,5.676,2.5662
2020,ima,33,2854,0.701,0.2433
2020,killa,33,2854,0.385,0.2433
2020,kush,68,2854,1.612,0.5014
2020,lambo,112,2854,2.102,0.8259
2020,lame,112,2854,2.453,0.8259
2020,latto,35,2854,0.456,0.2581
2020,lit,306,2854,5.992,2.2565
2020,louie,7,2854,0.21,0.0516
2020,love,3580,2854,39.804,26.3991
2020,lyrics,253,2854,8.479,1.8656
2020,mane,70,2854,1.331,0.5162
2020,maybach,109,2854,2.488,0.8038
2020,mayne,10,2854,0.21,0.0737
2020,mc's,7,2854,0.175,0.0516
2020,mcs,6,2854,0.21,0.0442
2020,mixtape,18,2854,0.561,0.1327
2020,mob,232,2854,2.593,1.7108
2020,money,2804,2854,37.631,20.6769
2020,montana,47,2854,0.806,0.3466
2020,mothafuckin,47,2854,0.841,0.3466
2020,motherfuckin,358,2854,6.727,2.6399
2020,motherfucking,56,2854,1.331,0.4129
2020,murda,16,2854,0.385,0.118
2020,muthafucka,42,2854,0.14,0.3097
2020,muthafuckas,2,2854,0.07,0.0147
2020,muthafuckin,8,2854,0.105,0.059
2020,mwah,49,2854,0.981,0.3613
2020,nigga,6150,2854,50.596,45.3505
2020,nigga's,46,2854,1.226,0.3392
2020,niggas,5026,2854,48.563,37.062
2020,nuts,94,2854,1.892,0.6932
2020,nuttin,14,2854,0.35,0.1032
2020,og,104,2854,2.348,0.7669
2020,opp,140,2854,3.013,1.0324
2020,opps,173,2854,4.1,1.2757
2020,pac,67,2854,1.927,0.4941
2020,pain,439,2854,9.04,3.2372
2020,pants,107,2854,2.873,0.789
2020,patek,111,2854,2.768,0.8185
2020,perc,141,2854,2.978,1.0397
2020,percs,109,2854,2.418,0.8038
2020,perky,70,2854,1.472,0.5162
2020,phew,141,2854,0.806,1.0397
2020,pimp,78,2854,2.032,0.5752
2020,pimpin,47,2854,1.121,0.3466
2020,po,38,2854,0.911,0.2802
2020,police,252,2854,5.221,1.8583
2020,poppin,315,2854,7.043,2.3228
2020,projects,50,2854,1.296,0.3687
2020,purp,16,2854,0.456,0.118
2020,pussy,1111,2854,18.535,8.1926
2020,racks,608,2854,8.409,4.4834
2020,rap,434,2854,8.97,3.2003
2020,rapper,129,2854,3.504,0.9513
2020,rappers,176,2854,4.45,1.2978
2020,rappin,98,2854,2.943,0.7227
2020,raps,44,2854,1.226,0.3245
2020,rep,51,2854,1.331,0.3761
2020,rick,75,2854,1.822,0.5531
2020,rollie,199,2854,3.889,1.4674
2020,shooters,129,2854,2.943,0.9513
2020,sippin,300,2854,6.167,2.2122
2020,skrr,217,2854,1.507,1.6002
2020,skrrt,743,2854,8.97,5.4789
2020,skrt,93,2854,1.086,0.6858
2020,slangin,13,2854,0.21,0.0959
2020,slatt,347,2854,3.504,2.5588
2020,slick,52,2854,1.296,0.3835
2020,slime,159,2854,3.013,1.1725
2020,slugs,17,2854,0.42,0.1254
2020,snitch,33,2854,0.911,0.2433
2020,snoop,25,2854,0.631,0.1844
2020,sosa,61,2854,1.472,0.4498
2020,soulja,26,2854,0.385,0.1917
2020,squad,138,2854,1.962,1.0176
2020,stash,70,2854,1.822,0.5162
2020,strap,138,2854,2.313,1.0176
2020,strapped,68,2854,1.927,0.5014
2020,stunt,61,2854,1.226,0.4498
2020,stuntin,43,2854,1.086,0.3171
2020,tec,73,2854,1.717,0.5383
2020,tech,112,2854,1.367,0.8259
2020,tha,100,2854,0.806,0.7374
2020,thats,54,2854,1.191,0.3982
2020,thot,115,2854,2.348,0.848
2020,thots,71,2854,1.261,0.5236
2020,thug,216,2854,2.733,1.5928
2020,thugger,44,2854,0.736,0.3245
2020,thuggin,49,2854,1.472,0.3613
2020,trap,463,2854,7.638,3.4142
2020,trappin,95,2854,2.207,0.7005
2020,trapping,18,2854,0.596,0.1327
2020,trim,4,2854,0.14,0.0295
2020,triple,66,2854,1.822,0.4867
2020,tuh,0,2854,0.0,0.0
2020,turnt,61,2854,1.542,0.4498
2020,twerk,122,2854,0.666,0.8996
2020,ugh,70,2854,1.647,0.5162
2020,unit,30,2854,0.28,0.2212
2020,vibe,198,2854,3.714,1.4601
2020,vvs,97,2854,2.383,0.7153
2020,wack,34,2854,0.946,0.2507
2020,waka,13,2854,0.28,0.0959
2020,wheezy,92,2854,2.172,0.6784
2020,wu,13,2854,0.315,0.0959
2020,xans,68,2854,1.682,0.5014
2020,yup,87,2854,1.542,0.6415
2021,aiyyo,0,2222,0.0,0.0
2021,ap,91,2222,2.115,0.9037
2021,baddie,32,2222,0.765,0.3178
2021,bah,108,2222,1.485,1.0726
2021,balls,34,2222,1.305,0.3377
2021,bands,226,2222,5.131,2.2445
2021,bankroll,22,2222,0.765,0.2185
2021,baow,158,2222,2.34,1.5691
2021,beef,120,2222,3.87,1.1918
2021,betta,3,2222,0.135,0.0298
2021,bitches,1033,2222,22.637,10.259
2021,blatt,32,2222,0.54,0.3178
2021,blick,26,2222,0.54,0.2582
2021,blunts,42,2222,1.395,0.4171
2021,bringin,36,2222,1.26,0.3575
2021,brrt,141,2222,2.565,1.4003
2021,bust,308,2222,6.391,3.0588
2021,bustin,109,2222,1.53,1.0825
2021,carti,39,2222,0.9,0.3873
2021,choppa,136,2222,3.6,1.3507
2021,chopper,114,2222,3.285,1.1322
2021,choppers,19,2222,0.81,0.1887
2021,cocked,11,2222,0.495,0.1092
2021,compton,16,2222,0.27,0.1589
2021,coochie,28,2222,0.855,0.2781
2021,crib,244,2222,7.516,2.4232
2021,cube,6,2222,0.27,0.0596
2021,dawg,187,2222,4.095,1.8572
2021,dem,33,2222,0.63,0.3277
2021,deuce,29,2222,0.855,0.288
2021,dick,553,2222,15.122,5.492
2021,diss,50,2222,1.845,0.4966
2021,dogg,29,2222,0.72,0.288
2021,dome,34,2222,1.305,0.3377
2021,doo,69,2222,0.495,0.6853
2021,draco,300,2222,4.095,2.9794
2021,drip,200,2222,4.905,1.9863
2021,duck,41,2222,1.575,0.4072
2021,dutch,7,2222,0.315,0.0695
2021,fat,112,2222,3.735,1.1123
2021,feds,81,2222,2.43,0.8044
2021,fee,17,2222,0.72,0.1688
2021,fiend,25,2222,0.99,0.2483
2021,flex,128,2222,4.005,1.2712
2021,flocka,7,2222,0.315,0.0695
2021,gang,1057,2222,14.266,10.4974
2021,gangsta,161,2222,2.43,1.5989
2021,gangstas,7,2222,0.27,0.0695
2021,gat,32,2222,1.035,0.3178
2021,geah,0,2222,0.0,0.0
2021,geeked,29,2222,0.855,0.288
2021,geekin,57,2222,0.585,0.5661
2021,ghetto,85,2222,2.16,0.8442
2021,glock,380,2222,6.796,3.7739
2021,glocks,30,2222,1.215,0.2979
2021,goons,23,2222,0.675,0.2284
2021,gram,84,2222,2.7,0.8342
2021,grams,35,2222,1.35,0.3476
2021,grill,51,2222,1.26,0.5065
2021,grrah,198,2222,1.755,1.9664
2021,grrt,73,2222,1.08,0.725
2021,guap,67,2222,1.575,0.6654
2021,guwop,11,2222,0.36,0.1092
2021,haters,116,2222,3.375,1.152
2021,heart,592,2222,14.221,5.8793
2021,hella,118,2222,2.655,1.1719
2021,henny,39,2222,1.08,0.3873
2021,ho,404,2222,8.281,4.0122
2021,hoes,631,2222,14.131,6.2666
2021,hol,57,2222,1.08,0.5661
2021,homey,1,2222,0.045,0.0099
2021,homie,214,2222,6.571,2.1253
2021,ima,39,2222,0.9,0.3873
2021,killa,9,2222,0.315,0.0894
2021,kush,58,2222,1.665,0.576
2021,lambo,94,2222,2.61,0.9335
2021,lame,87,2222,3.06,0.864
2021,latto,26,2222,0.315,0.2582
2021,lit,266,2222,6.481,2.6417
2021,louie,15,2222,0.45,0.149
2021,love,2736,2222,39.649,27.172
2021,lyrics,254,2222,10.621,2.5225
2021,mane,49,2222,1.35,0.4866
2021,maybach,78,2222,2.52,0.7746
2021,mayne,3,2222,0.135,0.0298
2021,mc's,1,2222,0.045,0.0099
2021,mcs,8,2222,0.315,0.0795
2021,mixtape,3,2222,0.135,0.0298
2021,mob,78,2222,1.8,0.7746
2021,money,2270,2222,35.779,22.544
2021,montana,52,2222,1.08,0.5164
2021,mothafuckin,4,2222,0.135,0.0397
2021,motherfuckin,206,2222,4.86,2.0458
2021,motherfucking,58,2222,1.62,0.576
2021,murda,13,2222,0.585,0.1291
2021,muthafucka,3,2222,0.135,0.0298
2021,muthafuckas,0,2222,0.0,0.0
2021,muthafuckin,4,2222,0.135,0.0397
2021,mwah,35,2222,0.99,0.3476
2021,nigga,4659,2222,49.235,46.2699
2021,nigga's,35,2222,0.99,0.3476
2021,niggas,3615,2222,45.86,35.9016
2021,nuts,56,2222,1.665,0.5562
2021,nuttin,8,2222,0.045,0.0795
2021,og,92,2222,2.61,0.9137
2021,opp,163,2222,4.185,1.6188
2021,opps,163,2222,4.95,1.6188
2021,pac,46,2222,1.305,0.4568
2021,pain,399,2222,9.676,3.9626
2021,pants,74,2222,2.205,0.7349
2021,patek,58,2222,1.8,0.576
2021,perc,76,2222,2.385,0.7548
2021,percs,87,2222,2.385,0.864
2021,perky,50,2222,1.17,0.4966
2021,phew,51,2222,0.945,0.5065
2021,pimp,60,2222,1.935,0.5959
2021,pimpin,30,2222,1.17,0.2979
2021,po,26,2222,0.72,0.2582
2021,police,92,2222,2.925,0.9137
2021,poppin,206,2222,5.716,2.0458
2021,projects,80,2222,1.53,0.7945
2021,purp,12,2222,0.18,0.1192
2021,pussy,637,2222,15.482,6.3262
2021,racks,318,2222,8.011,3.1582
2021,rap,331,2222,9.631,3.2873
2021,rapper,81,2222,3.015,0.8044
2021,rappers,130,2222,4.32,1.2911
2021,rappin,72,2222,2.7,0.7151
2021,raps,22,2222,0.9,0.2185
2021,rep,71,2222,1.935,0.7051
2021,rick,320,2222,2.115,3.178
2021,rollie,103,2222,3.105,1.0229
2021,shooters,77,2222,2.52,0.7647
2021,sippin,176,2222,5.581,1.7479
2021,skrr,75,2222,1.125,0.7448
2021,skrrt,363,2222,6.526,3.6051
2021,skrt,112,2222,1.62,1.1123
2021,slangin,29,2222,0.54,0.288
2021,slatt,117,2222,2.475,1.162
2021,slick,31,2222,1.215,0.3079
2021,slime,68,2222,1.53,0.6753
2021,slugs,5,2222,0.18,0.0497
2021,snitch,29,2222,0.99,0.288
2021,snoop,41,2222,1.08,0.4072
2021,sosa,55,2222,1.17,0.5462
2021,soulja,53,2222,1.44,0.5264
2021,squad,58,2222,1.53,0.576
2021,stash,53,2222,1.98,0.5264
2021,strap,62,2222,2.25,0.6157
2021,strapped,38,2222,1.485,0.3774
2021,stunt,17,2222,0.585,0.1688
2021,stuntin,29,2222,0.945,0.288
2021,tec,34,2222,1.08,0.3377
2021,tech,44,2222,1.62,0.437
2021,tha,29,2222,0.315,0.288
2021,thats,21,2222,0.63,0.2086
2021,thot,99,2222,2.07,0.9832
2021,thots,37,2222,0.99,0.3675
2021,thug,68,2222,1.71,0.6753
2021,thugger,8,2222,0.315,0.0795
2021,thuggin,33,2222,1.215,0.3277
2021,trap,385,2222,8.731,3.8235
2021,trappin,137,2222,3.06,1.3606
2021,trapping,24,2222,0.675,0.2384
2021,trim,4,2222,0.18,0.0397
2021,triple,50,2222,1.665,0.4966
2021,tuh,2,2222,0.09,0.0199
2021,turnt,38,2222,1.17,0.3774
2021,twerk,41,2222,0.81,0.4072
2021,ugh,96,2222,1.935,0.9534
2021,unit,6,2222,0.135,0.0596
2021,vibe,172,2222,3.645,1.7082
2021,vvs,78,2222,2.61,0.7746
2021,wack,29,2222,1.215,0.288
2021,waka,6,2222,0.27,0.0596
2021,wheezy,20,2222,0.765,0.1986
2021,wu,15,2222,0.45,0.149
2021,xans,63,2222,1.485,0.6257
2021,yup,106,2222,1.8,1.0527
2022,aiyyo,0,815,0.0,0.0
2022,ap,36,815,2.945,1.1432
2022,baddie,14,815,0.982,0.4446
2022,bah,24,815,1.35,0.7622
2022,balls,5,815,0.613,0.1588
2022,bands,52,815,4.294,1.6513
2022,bankroll,13,815,0.613,0.4128
2022,baow,54,815,1.35,1.7148
2022,beef,47,815,4.294,1.4925
2022,betta,0,815,0.0,0.0
2022,bitches,348,815,20.368,11.0512
2022,blatt,55,815,0.736,1.7466
2022,blick,3,815,0.368,0.0953
2022,blunts,10,815,0.736,0.3176
2022,bringin,10,815,0.859,0.3176
2022,brrt,31,815,1.595,0.9844
2022,bust,102,815,6.626,3.2391
2022,bustin,21,815,1.472,0.6669
2022,carti,25,815,1.472,0.7939
2022,choppa,58,815,4.049,1.8419
2022,chopper,19,815,2.209,0.6034
2022,choppers,11,815,1.104,0.3493
2022,cocked,1,815,0.123,0.0318
2022,compton,3,815,0.368,0.0953
2022,coochie,5,815,0.613,0.1588
2022,crib,60,815,5.767,1.9054
2022,cube,1,815,0.123,0.0318
2022,dawg,60,815,4.663,1.9054
2022,dem,2,815,0.245,0.0635
2022,deuce,8,815,0.736,0.2541
2022,dick,231,815,11.411,7.3357
2022,diss,8,815,0.491,0.2541
2022,dogg,33,815,1.227,1.048
2022,dome,11,815,0.982,0.3493
2022,doo,16,815,0.368,0.5081
2022,draco,54,815,2.577,1.7148
2022,drip,84,815,5.644,2.6675
2022,duck,21,815,1.472,0.6669
2022,dutch,5,815,0.613,0.1588
2022,fat,39,815,3.926,1.2385
2022,feds,47,815,3.681,1.4925
2022,fee,10,815,0.982,0.3176
2022,fiend,10,815,0.859,0.3176
2022,flex,28,815,2.209,0.8892
2022,flocka,2,815,0.245,0.0635
2022,gang,234,815,12.025,7.431
2022,gangsta,44,815,1.963,1.3973
2022,gangstas,4,815,0.491,0.127
2022,gat,13,815,0.859,0.4128
2022,geah,0,815,0.0,0.0
2022,geeked,15,815,1.104,0.4763
2022,geekin,16,815,0.491,0.5081
2022,ghetto,13,815,1.472,0.4128
2022,glock,66,815,4.785,2.0959
2022,glocks,13,815,1.227,0.4128
2022,goons,3,815,0.368,0.0953
2022,gram,16,815,1.595,0.5081
2022,grams,4,815,0.491,0.127
2022,grill,3,815,0.368,0.0953
2022,grrah,88,815,1.472,2.7946
2022,grrt,25,815,1.472,0.7939
2022,guap,4,815,0.368,0.127
2022,guwop,2,815,0.123,0.0635
2022,haters,27,815,2.209,0.8574
2022,heart,185,815,9.816,5.8749
2022,hella,18,815,1.718,0.5716
2022,henny,9,815,1.104,0.2858
2022,ho,151,815,9.202,4.7952
2022,hoes,173,815,13.374,5.4938
2022,hol,39,815,0.982,1.2385
2022,homey,0,815,0.0,0.0
2022,homie,78,815,5.399,2.477
2022,ima,9,815,0.613,0.2858
2022,killa,13,815,0.736,0.4128
2022,kush,7,815,0.859,0.2223
2022,lambo,49,815,2.577,1.5561
2022,lame,31,815,2.209,0.9844
2022,latto,40,815,1.104,1.2703
2022,lit,91,815,4.785,2.8898
2022,louie,2,815,0.245,0.0635
2022,love,826,815,34.847,26.2307
2022,lyrics,212,815,25.153,6.7323
2022,mane,8,815,0.613,0.2541
2022,maybach,51,815,3.681,1.6196
2022,mayne,3,815,0.368,0.0953
2022,mc's,2,815,0.245,0.0635
2022,mcs,2,815,0.245,0.0635
2022,mixtape,4,815,0.245,0.127
2022,mob,20,815,1.84,0.6351
2022,money,693,815,33.252,22.0071
2022,montana,2,815,0.245,0.0635
2022,mothafuckin,1,815,0.123,0.0318
2022,motherfuckin,46,815,3.926,1.4608
2022,motherfucking,16,815,1.227,0.5081
2022,murda,7,815,0.613,0.2223
2022,muthafucka,0,815,0.0,0.0
2022,muthafuckas,0,815,0.0,0.0
2022,muthafuckin,0,815,0.0,0.0
2022,mwah,5,815,0.613,0.1588
2022,nigga,1438,815,43.19,45.6656
2022,nigga's,4,815,0.491,0.127
2022,niggas,1214,815,43.558,38.5522
2022,nuts,17,815,1.472,0.5399
2022,nuttin,0,815,0.0,0.0
2022,og,20,815,1.227,0.6351
2022,opp,60,815,3.681,1.9054
2022,opps,52,815,4.785,1.6513
2022,pac,12,815,1.472,0.3811
2022,pain,105,815,8.221,3.3344
2022,pants,16,815,1.963,0.5081
2022,patek,35,815,2.086,1.1115
2022,perc,30,815,2.331,0.9527
2022,percs,25,815,2.209,0.7939
2022,perky,18,815,1.35,0.5716
2022,phew,18,815,0.613,0.5716
2022,pimp,25,815,1.472,0.7939
2022,pimpin,13,815,0.982,0.4128
2022,po,19,815,0.613,0.6034
2022,police,39,815,3.436,1.2385
2022,poppin,93,815,6.258,2.9533
2022,projects,9,815,1.104,0.2858
2022,purp,1,815,0.123,0.0318
2022,pussy,239,815,13.497,7.5898
2022,racks,95,815,6.38,3.0168
2022,rap,95,815,8.589,3.0168
2022,rapper,23,815,2.699,0.7304
2022,rappers,45,815,3.804,1.429
2022,rappin,31,815,3.313,0.9844
2022,raps,6,815,0.736,0.1905
2022,rep,11,815,0.982,0.3493
2022,rick,14,815,1.472,0.4446
2022,rollie,25,815,2.331,0.7939
2022,shooters,24,815,2.209,0.7622
2022,sippin,42,815,3.926,1.3338
2022,skrr,9,815,0.736,0.2858
2022,skrrt,127,815,6.135,4.0331
2022,skrt,67,815,0.859,2.1277
2022,slangin,9,815,0.491,0.2858
2022,slatt,56,815,2.209,1.7784
2022,slick,15,815,1.472,0.4763
2022,slime,47,815,3.313,1.4925
2022,slugs,2,815,0.245,0.0635
2022,snitch,10,815,1.104,0.3176
2022,snoop,20,815,1.104,0.6351
2022,sosa,7,815,0.491,0.2223
2022,soulja,10,815,1.104,0.3176
2022,squad,11,815,0.982,0.3493
2022,stash,20,815,1.718,0.6351
2022,strap,20,815,1.84,0.6351
2022,strapped,7,815,0.613,0.2223
2022,stunt,20,815,0.859,0.6351
2022,stuntin,5,815,0.245,0.1588
2022,tec,9,815,0.859,0.2858
2022,tech,14,815,1.472,0.4446
2022,tha,7,815,0.613,0.2223
2022,thats,5,815,0.613,0.1588
2022,thot,10,815,0.859,0.3176
2022,thots,10,815,0.613,0.3176
2022,thug,41,815,0.982,1.302
2022,thugger,2,815,0.245,0.0635
2022,thuggin,20,815,1.963,0.6351
2022,trap,98,815,6.626,3.1121
2022,trappin,18,815,1.963,0.5716
2022,trapping,5,815,0.491,0.1588
2022,trim,2,815,0.123,0.0635
2022,triple,9,815,1.104,0.2858
2022,tuh,1,815,0.123,0.0318
2022,turnt,22,815,0.982,0.6986
2022,twerk,11,815,0.613,0.3493
2022,ugh,21,815,1.595,0.6669
2022,unit,4,815,0.368,0.127
2022,vibe,80,815,3.436,2.5405
2022,vvs,15,815,1.227,0.4763
2022,wack,3,815,0.245,0.0953
2022,waka,0,815,0.0,0.0
2022,wheezy,15,815,1.472,0.4763
2022,wu,2,815,0.245,0.0635
2022,xans,2,815,0.245,0.0635
2022,yup,8,815,0.736,0.2541
2023,aiyyo,0,134,0.0,0.0
2023,ap,5,134,3.731,0.6625
2023,baddie,23,134,4.478,3.0474
2023,bah,13,134,2.239,1.7224
2023,balls,0,134,0.0,0.0
2023,bands,39,134,11.94,5.1673
2023,bankroll,4,134,2.985,0.53
2023,baow,113,134,4.478,14.9718
2023,beef,17,134,11.194,2.2524
2023,betta,1,134,0.746,0.1325
2023,bitches,220,134,47.015,29.1487
2023,blatt,0,134,0.0,0.0
2023,blick,3,134,1.493,0.3975
2023,blunts,0,134,0.0,0.0
2023,bringin,3,134,2.239,0.3975
2023,brrt,2,134,1.493,0.265
2023,bust,68,134,8.955,9.0096
2023,bustin,3,134,2.239,0.3975
2023,carti,1,134,0.746,0.1325
2023,choppa,5,134,2.239,0.6625
2023,chopper,1,134,0.746,0.1325
2023,choppers,1,134,0.746,0.1325
2023,cocked,0,134,0.0,0.0
2023,compton,1,134,0.746,0.1325
2023,coochie,44,134,11.194,5.8297
2023,crib,9,134,6.716,1.1924
2023,cube,0,134,0.0,0.0
2023,dawg,6,134,4.478,0.795
2023,dem,2,134,1.493,0.265
2023,deuce,0,134,0.0,0.0
2023,dick,89,134,33.582,11.792
2023,diss,4,134,1.493,0.53
2023,dogg,0,134,0.0,0.0
2023,dome,2,134,0.746,0.265
2023,doo,8,134,2.985,1.06
2023,draco,1,134,0.746,0.1325
2023,drip,27,134,2.985,3.5773
2023,duck,4,134,1.493,0.53
2023,dutch,1,134,0.746,0.1325
2023,fat,18,134,11.94,2.3849
2023,feds,3,134,2.239,0.3975
2023,fee,5,134,2.239,0.6625
2023,fiend,3,134,2.239,0.3975
2023,flex,7,134,2.239,0.9275
2023,flocka,11,134,0.746,1.4574
2023,gang,37,134,11.94,4.9023
2023,gangsta,16,134,3.731,2.1199
2023,gangstas,0,134,0.0,0.0
2023,gat,0,134,0.0,0.0
2023,geah,0,134,0.0,0.0
2023,geeked,4,134,2.239,0.53
2023,geekin,4,134,1.493,0.53
2023,ghetto,2,134,1.493,0.265
2023,glock,6,134,3.731,0.795
2023,glocks,2,134,1.493,0.265
2023,goons,1,134,0.746,0.1325
2023,gram,28,134,5.97,3.7098
2023,grams,0,134,0.0,0.0
2023,grill,0,134,0.0,0.0
2023,grrah,240,134,14.179,31.7986
2023,grrt,5,134,0.746,0.6625
2023,guap,5,134,3.731,0.6625
2023,guwop,0,134,0.0,0.0
2023,haters,3,134,2.239,0.3975
2023,heart,43,134,13.433,5.6973
2023,hella,15,134,6.716,1.9874
2023,henny,1,134,0.746,0.1325
2023,ho,137,134,30.597,18.1517
2023,hoes,112,134,34.328,14.8394
2023,hol,4,134,2.239,0.53
2023,homey,0,134,0.0,0.0
2023,homie,5,134,3.731,0.6625
2023,ima,0,134,0.0,0.0
2023,killa,0,134,0.0,0.0
2023,kush,0,134,0.0,0.0
2023,lambo,1,134,0.746,0.1325
2023,lame,15,134,8.209,1.9874
2023,latto,13,134,5.224,1.7224
2023,lit,20,134,11.94,2.6499
2023,louie,0,134,0.0,0.0
2023,love,253,134,51.493,33.521
2023,lyrics,0,134,0.0,0.0
2023,mane,3,134,0.746,0.3975
2023,maybach,6,134,3.731,0.795
2023,mayne,0,134,0.0,0.0
2023,mc's,0,134,0.0,0.0
2023,mcs,0,134,0.0,0.0
2023,mixtape,0,134,0.0,0.0
2023,mob,1,134,0.746,0.1325
2023,money,102,134,32.09,13.5144
2023,montana,1,134,0.746,0.1325
2023,mothafuckin,0,134,0.0,0.0
2023,motherfuckin,14,134,6.716,1.8549
2023,motherfucking,1,134,0.746,0.1325
2023,murda,0,134,0.0,0.0
2023,muthafucka,0,134,0.0,0.0
2023,muthafuckas,0,134,0.0,0.0
2023,muthafuckin,0,134,0.0,0.0
2023,mwah,3,134,2.239,0.3975
2023,nigga,320,134,53.731,42.3981
2023,nigga's,2,134,1.493,0.265
2023,niggas,252,134,51.493,33.3885
2023,nuts,3,134,1.493,0.3975
2023,nuttin,2,134,1.493,0.265
2023,og,1,134,0.746,0.1325
2023,opp,4,134,2.239,0.53
2023,opps,22,134,11.194,2.9149
2023,pac,2,134,1.493,0.265
2023,pain,10,134,7.463,1.3249
2023,pants,5,134,2.985,0.6625
2023,patek,4,134,2.985,0.53
2023,perc,2,134,1.493,0.265
2023,percs,1,134,0.746,0.1325
2023,perky,3,134,1.493,0.3975
2023,phew,4,134,2.985,0.53
2023,pimp,3,134,1.493,0.3975
2023,pimpin,5,134,3.731,0.6625
2023,po,0,134,0.0,0.0
2023,police,3,134,2.239,0.3975
2023,poppin,13,134,8.955,1.7224
2023,projects,0,134,0.0,0.0
2023,purp,0,134,0.0,0.0
2023,pussy,77,134,24.627,10.2021
2023,racks,11,134,8.209,1.4574
2023,rap,38,134,14.925,5.0348
2023,rapper,4,134,2.239,0.53
2023,rappers,11,134,6.716,1.4574
2023,rappin,7,134,5.224,0.9275
2023,raps,0,134,0.0,0.0
2023,rep,1,134,0.746,0.1325
2023,rick,5,134,2.239,0.6625
2023,rollie,3,134,2.239,0.3975
2023,shooters,1,134,0.746,0.1325
2023,sippin,3,134,2.239,0.3975
2023,skrr,1,134,0.746,0.1325
2023,skrrt,104,134,8.955,13.7794
2023,skrt,1,134,0.746,0.1325
2023,slangin,1,134,0.746,0.1325
2023,slatt,6,134,1.493,0.795
2023,slick,3,134,2.239,0.3975
2023,slime,8,134,2.985,1.06
2023,slugs,1,134,0.746,0.1325
2023,snitch,1,134,0.746,0.1325
2023,snoop,0,134,0.0,0.0
2023,sosa,3,134,1.493,0.3975
2023,soulja,0,134,0.0,0.0
2023,squad,2,134,1.493,0.265
2023,stash,0,134,0.0,0.0
2023,strap,1,134,0.746,0.1325
2023,strapped,1,134,0.746,0.1325
2023,stunt,5,134,2.239,0.6625
2023,stuntin,2,134,1.493,0.265
2023,tec,1,134,0.746,0.1325
2023,tech,2,134,1.493,0.265
2023,tha,0,134,0.0,0.0
2023,thats,0,134,0.0,0.0
2023,thot,2,134,1.493,0.265
2023,thots,3,134,2.239,0.3975
2023,thug,29,134,2.985,3.8423
2023,thugger,0,134,0.0,0.0
2023,thuggin,3,134,2.239,0.3975
2023,trap,26,134,11.194,3.4448
2023,trappin,1,134,0.746,0.1325
2023,trapping,0,134,0.0,0.0
2023,trim,1,134,0.746,0.1325
2023,triple,2,134,1.493,0.265
2023,tuh,71,134,2.985,9.4071
2023,turnt,4,134,2.985,0.53
2023,twerk,0,134,0.0,0.0
2023,ugh,6,134,2.239,0.795
2023,unit,0,134,0.0,0.0
2023,vibe,18,134,6.716,2.3849
2023,vvs,0,134,0.0,0.0
2023,wack,3,134,2.239,0.3975
2023,waka,0,134,0.0,0.0
2023,wheezy,0,134,0.0,0.0
2023,wu,0,134,0.0,0.0
2023,xans,1,134,0.746,0.1325
2023,yup,10,134,2.985,1.3249
2024,aiyyo,0,187,0.0,0.0
2024,ap,6,187,3.209,0.568
2024,baddie,17,187,5.882,1.6092
2024,bah,35,187,1.604,3.313
2024,balls,5,187,2.674,0.4733
2024,bands,28,187,9.091,2.6504
2024,bankroll,15,187,4.813,1.4199
2024,baow,111,187,11.23,10.5071
2024,beef,17,187,8.021,1.6092
2024,betta,0,187,0.0,0.0
2024,bitches,310,187,53.476,29.3441
2024,blatt,8,187,1.604,0.7573
2024,blick,29,187,3.743,2.7451
2024,blunts,0,187,0.0,0.0
2024,bringin,4,187,2.139,0.3786
2024,brrt,12,187,3.209,1.1359
2024,bust,13,187,5.882,1.2306
2024,bustin,3,187,1.604,0.284
2024,carti,2,187,1.07,0.1893
2024,choppa,0,187,0.0,0.0
2024,chopper,6,187,2.139,0.568
2024,choppers,2,187,1.07,0.1893
2024,cocked,1,187,0.535,0.0947
2024,compton,2,187,0.535,0.1893
2024,coochie,19,187,4.813,1.7985
2024,crib,8,187,4.278,0.7573
2024,cube,1,187,0.535,0.0947
2024,dawg,3,187,1.07,0.284
2024,dem,4,187,1.07,0.3786
2024,deuce,0,187,0.0,0.0
2024,dick,88,187,26.738,8.3299
2024,diss,13,187,4.813,1.2306
2024,dogg,0,187,0.0,0.0
2024,dome,5,187,2.674,0.4733
2024,doo,70,187,3.209,6.6261
2024,draco,4,187,2.139,0.3786
2024,drip,13,187,5.348,1.2306
2024,duck,8,187,3.209,0.7573
2024,dutch,0,187,0.0,0.0
2024,fat,44,187,6.417,4.165
2024,feds,0,187,0.0,0.0
2024,fee,5,187,2.674,0.4733
2024,fiend,4,187,2.139,0.3786
2024,flex,7,187,2.674,0.6626
2024,flocka,1,187,0.535,0.0947
2024,gang,113,187,22.46,10.6964
2024,gangsta,6,187,1.07,0.568
2024,gangstas,1,187,0.535,0.0947
2024,gat,0,187,0.0,0.0
2024,geah,0,187,0.0,0.0
2024,geeked,5,187,1.604,0.4733
2024,geekin,1,187,0.535,0.0947
2024,ghetto,10,187,3.743,0.9466
2024,glock,10,187,5.348,0.9466
2024,glocks,2,187,1.07,0.1893
2024,goons,2,187,1.07,0.1893
2024,gram,5,187,2.674,0.4733
2024,grams,0,187,0.0,0.0
2024,grill,7,187,1.07,0.6626
2024,grrah,179,187,8.021,16.9439
2024,grrt,1,187,0.535,0.0947
2024,guap,1,187,0.535,0.0947
2024,guwop,0,187,0.0,0.0
2024,haters,46,187,9.091,4.3543
2024,heart,34,187,10.695,3.2184
2024,hella,12,187,3.209,1.1359
2024,henny,1,187,0.535,0.0947
2024,ho,292,187,35.829,27.6403
2024,hoes,200,187,37.433,18.9317
2024,hol,76,187,2.139,7.194
2024,homey,0,187,0.0,0.0
2024,homie,9,187,4.813,0.8519
2024,ima,0,187,0.0,0.0
2024,killa,7,187,0.535,0.6626
2024,kush,3,187,0.535,0.284
2024,lambo,4,187,2.139,0.3786
2024,lame,16,187,5.348,1.5145
2024,latto,11,187,2.674,1.0412
2024,lit,22,187,8.021,2.0825
2024,louie,0,187,0.0,0.0
2024,love,337,187,45.989,31.8999
2024,lyrics,5,187,1.604,0.4733
2024,mane,6,187,3.209,0.568
2024,maybach,15,187,3.743,1.4199
2024,mayne,0,187,0.0,0.0
2024,mc's,0,187,0.0,0.0
2024,mcs,0,187,0.0,0.0
2024,mixtape,1,187,0.535,0.0947
2024,mob,4,187,1.604,0.3786
2024,money,140,187,36.364,13.2522
2024,montana,1,187,0.535,0.0947
2024,mothafuckin,0,187,0.0,0.0
2024,motherfuckin,56,187,12.299,5.3009
2024,motherfucking,2,187,1.07,0.1893
2024,murda,0,187,0.0,0.0
2024,muthafucka,0,187,0.0,0.0
2024,muthafuckas,0,187,0.0,0.0
2024,muthafuckin,0,187,0.0,0.0
2024,mwah,26,187,6.417,2.4611
2024,nigga,592,187,62.567,56.0378
2024,nigga's,2,187,1.07,0.1893
2024,niggas,504,187,62.032,47.7078
2024,nuts,2,187,1.07,0.1893
2024,nuttin,2,187,1.07,0.1893
2024,og,2,187,1.07,0.1893
2024,opp,12,187,3.743,1.1359
2024,opps,34,187,7.487,3.2184
2024,pac,8,187,3.743,0.7573
2024,pain,40,187,7.487,3.7863
2024,pants,21,187,2.139,1.9878
2024,patek,4,187,2.139,0.3786
2024,perc,3,187,1.604,0.284
2024,percs,3,187,1.604,0.284
2024,perky,0,187,0.0,0.0
2024,phew,3,187,1.07,0.284
2024,pimp,3,187,1.07,0.284
2024,pimpin,1,187,0.535,0.0947
2024,po,1,187,0.535,0.0947
2024,police,3,187,1.604,0.284
2024,poppin,46,187,13.904,4.3543
2024,projects,1,187,0.535,0.0947
2024,purp,0,187,0.0,0.0
2024,pussy,117,187,28.877,11.075
2024,racks,26,187,3.209,2.4611
2024,rap,54,187,17.647,5.1116
2024,rapper,14,187,6.952,1.3252
2024,rappers,12,187,6.417,1.1359
2024,rappin,11,187,4.278,1.0412
2024,raps,6,187,2.674,0.568
2024,rep,3,187,1.604,0.284
2024,rick,6,187,2.674,0.568
2024,rollie,5,187,1.604,0.4733
2024,shooters,5,187,2.139,0.4733
2024,sippin,19,187,5.348,1.7985
2024,skrr,0,187,0.0,0.0
2024,skrrt,37,187,9.091,3.5024
2024,skrt,0,187,0.0,0.0
2024,slangin,1,187,0.535,0.0947
2024,slatt,3,187,1.07,0.284
2024,slick,1,187,0.535,0.0947
2024,slime,1,187,0.535,0.0947
2024,slugs,3,187,1.604,0.284
2024,snitch,0,187,0.0,0.0
2024,snoop,1,187,0.535,0.0947
2024,sosa,0,187,0.0,0.0
2024,soulja,0,187,0.0,0.0
2024,squad,2,187,1.07,0.1893
2024,stash,1,187,0.535,0.0947
2024,strap,18,187,3.209,1.7039
2024,strapped,3,187,1.07,0.284
2024,stunt,2,187,0.535,0.1893
2024,stuntin,1,187,0.535,0.0947
2024,tec,2,187,0.535,0.1893
2024,tech,2,187,1.07,0.1893
2024,tha,1,187,0.535,0.0947
2024,thats,0,187,0.0,0.0
2024,thot,9,187,3.209,0.8519
2024,thots,1,187,0.535,0.0947
2024,thug,13,187,5.882,1.2306
2024,thugger,0,187,0.0,0.0
2024,thuggin,3,187,1.07,0.284
2024,trap,24,187,8.556,2.2718
2024,trappin,0,187,0.0,0.0
2024,trapping,0,187,0.0,0.0
2024,trim,4,187,1.604,0.3786
2024,triple,5,187,2.674,0.4733
2024,tuh,35,187,5.348,3.313
2024,turnt,33,187,3.209,3.1237
2024,twerk,0,187,0.0,0.0
2024,ugh,79,187,8.021,7.478
2024,unit,0,187,0.0,0.0
2024,vibe,17,187,7.487,1.6092
2024,vvs,3,187,1.604,0.284
2024,wack,0,187,0.0,0.0
2024,waka,1,187,0.535,0.0947
2024,wheezy,0,187,0.0,0.0
2024,wu,0,187,0.0,0.0
2024,xans,2,187,1.07,0.1893
2024,yup,28,187,3.743,2.6504
2025,aiyyo,0,137,0.0,0.0
2025,ap,3,137,2.19,0.3651
2025,baddie,32,137,3.65,3.8946
2025,bah,7,137,2.92,0.852
2025,balls,1,137,0.73,0.1217
2025,bands,9,137,5.109,1.0954
2025,bankroll,1,137,0.73,0.1217
2025,baow,67,137,7.299,8.1544
2025,beef,16,137,9.489,1.9473
2025,betta,0,137,0.0,0.0
2025,bitches,145,137,30.657,17.6476
2025,blatt,0,137,0.0,0.0
2025,blick,0,137,0.0,0.0
2025,blunts,1,137,0.73,0.1217
2025,bringin,5,137,3.65,0.6085
2025,brrt,9,137,1.46,1.0954
2025,bust,16,137,8.029,1.9473
2025,bustin,2,137,1.46,0.2434
2025,carti,15,137,5.109,1.8256
2025,choppa,0,137,0.0,0.0
2025,chopper,0,137,0.0,0.0
2025,choppers,0,137,0.0,0.0
2025,cocked,0,137,0.0,0.0
2025,compton,0,137,0.0,0.0
2025,coochie,43,137,5.109,5.2334
2025,crib,14,137,5.839,1.7039
2025,cube,1,137,0.73,0.1217
2025,dawg,1,137,0.73,0.1217
2025,dem,10,137,3.65,1.2171
2025,deuce,1,137,0.73,0.1217
2025,dick,38,137,19.708,4.6249
2025,diss,2,137,1.46,0.2434
2025,dogg,0,137,0.0,0.0
2025,dome,2,137,1.46,0.2434
2025,doo,3,137,0.73,0.3651
2025,draco,0,137,0.0,0.0
2025,drip,3,137,2.19,0.3651
2025,duck,2,137,0.73,0.2434
2025,dutch,1,137,0.73,0.1217
2025,fat,19,137,6.569,2.3124
2025,feds,3,137,2.19,0.3651
2025,fee,30,137,4.38,3.6512
2025,fiend,2,137,0.73,0.2434
2025,flex,0,137,0.0,0.0
2025,flocka,1,137,0.73,0.1217
2025,gang,49,137,18.978,5.9637
2025,gangsta,20,137,2.19,2.4342
2025,gangstas,0,137,0.0,0.0
2025,gat,0,137,0.0,0.0
2025,geah,0,137,0.0,0.0
2025,geeked,3,137,2.19,0.3651
2025,geekin,9,137,2.92,1.0954
2025,ghetto,7,137,4.38,0.852
2025,glock,5,137,3.65,0.6085
2025,glocks,2,137,1.46,0.2434
2025,goons,1,137,0.73,0.1217
2025,gram,5,137,2.19,0.6085
2025,grams,1,137,0.73,0.1217
2025,grill,0,137,0.0,0.0
2025,grrah,52,137,2.92,6.3288
2025,grrt,4,137,0.73,0.4868
2025,guap,1,137,0.73,0.1217
2025,guwop,0,137,0.0,0.0
2025,haters,0,137,0.0,0.0
2025,heart,57,137,24.088,6.9373
2025,hella,3,137,2.19,0.3651
2025,henny,2,137,1.46,0.2434
2025,ho,117,137,27.007,14.2398
2025,hoes,140,137,30.657,17.0391
2025,hol,6,137,3.65,0.7302
2025,homey,0,137,0.0,0.0
2025,homie,2,137,1.46,0.2434
2025,ima,0,137,0.0,0.0
2025,killa,0,137,0.0,0.0
2025,kush,1,137,0.73,0.1217
2025,lambo,10,137,2.92,1.2171
2025,lame,9,137,5.839,1.0954
2025,latto,3,137,1.46,0.3651
2025,lit,13,137,8.759,1.5822
2025,louie,0,137,0.0,0.0
2025,love,197,137,47.445,23.9764
2025,lyrics,3,137,2.19,0.3651
2025,mane,1,137,0.73,0.1217
2025,maybach,6,137,3.65,0.7302
2025,mayne,0,137,0.0,0.0
2025,mc's,0,137,0.0,0.0
2025,mcs,0,137,0.0,0.0
2025,mixtape,3,137,1.46,0.3651
2025,mob,4,137,2.92,0.4868
2025,money,87,137,35.766,10.5886
2025,montana,1,137,0.73,0.1217
2025,mothafuckin,0,137,0.0,0.0
2025,motherfuckin,23,137,8.759,2.7993
2025,motherfucking,4,137,0.73,0.4868
2025,murda,0,137,0.0,0.0
2025,muthafucka,0,137,0.0,0.0
2025,muthafuckas,0,137,0.0,0.0
2025,muthafuckin,0,137,0.0,0.0
2025,mwah,21,137,7.299,2.5559
2025,nigga,301,137,48.175,36.634
2025,nigga's,1,137,0.73,0.1217
2025,niggas,167,137,37.956,20.3252
2025,nuts,1,137,0.73,0.1217
2025,nuttin,1,137,0.73,0.1217
2025,og,1,137,0.73,0.1217
2025,opp,8,137,5.839,0.9737
2025,opps,19,137,9.489,2.3124
2025,pac,6,137,2.19,0.7302
2025,pain,30,137,16.058,3.6512
2025,pants,24,137,3.65,2.921
2025,patek,6,137,2.92,0.7302
2025,perc,2,137,1.46,0.2434
2025,percs,0,137,0.0,0.0
2025,perky,3,137,2.19,0.3651
2025,phew,7,137,1.46,0.852
2025,pimp,6,137,3.65,0.7302
2025,pimpin,2,137,1.46,0.2434
2025,po,2,137,0.73,0.2434
2025,police,6,137,3.65,0.7302
2025,poppin,29,137,13.869,3.5295
2025,projects,2,137,1.46,0.2434
2025,purp,0,137,0.0,0.0
2025,pussy,95,137,25.547,11.5622
2025,racks,13,137,5.109,1.5822
2025,rap,25,137,10.219,3.0427
2025,rapper,2,137,1.46,0.2434
2025,rappers,2,137,1.46,0.2434
2025,rappin,3,137,1.46,0.3651
2025,raps,2,137,1.46,0.2434
2025,rep,2,137,1.46,0.2434
2025,rick,3,137,2.19,0.3651
2025,rollie,1,137,0.73,0.1217
2025,shooters,0,137,0.0,0.0
2025,sippin,8,137,4.38,0.9737
2025,skrr,0,137,0.0,0.0
2025,skrrt,24,137,7.299,2.921
2025,skrt,0,137,0.0,0.0
2025,slangin,1,137,0.73,0.1217
2025,slatt,3,137,1.46,0.3651
2025,slick,1,137,0.73,0.1217
2025,slime,1,137,0.73,0.1217
2025,slugs,0,137,0.0,0.0
2025,snitch,1,137,0.73,0.1217
2025,snoop,0,137,0.0,0.0
2025,sosa,1,137,0.73,0.1217
2025,soulja,0,137,0.0,0.0
2025,squad,4,137,2.92,0.4868
2025,stash,1,137,0.73,0.1217
2025,strap,3,137,2.19,0.3651
2025,strapped,0,137,0.0,0.0
2025,stunt,2,137,0.73,0.2434
2025,stuntin,1,137,0.73,0.1217
2025,tec,1,137,0.73,0.1217
2025,tech,3,137,2.19,0.3651
2025,tha,0,137,0.0,0.0
2025,thats,1,137,0.73,0.1217
2025,thot,10,137,1.46,1.2171
2025,thots,0,137,0.0,0.0
2025,thug,4,137,2.92,0.4868
2025,thugger,0,137,0.0,0.0
2025,thuggin,1,137,0.73,0.1217
2025,trap,16,137,10.219,1.9473
2025,trappin,4,137,2.92,0.4868
2025,trapping,0,137,0.0,0.0
2025,trim,35,137,2.92,4.2598
2025,triple,1,137,0.73,0.1217
2025,tuh,4,137,1.46,0.4868
2025,turnt,12,137,5.109,1.4605
2025,twerk,5,137,2.19,0.6085
2025,ugh,16,137,8.759,1.9473
2025,unit,0,137,0.0,0.0
2025,vibe,20,137,13.139,2.4342
2025,vvs,6,137,1.46,0.7302
2025,wack,4,137,2.19,0.4868
2025,waka,1,137,0.73,0.1217
2025,wheezy,3,137,2.19,0.3651
2025,wu,1,137,0.73,0.1217
2025,xans,0,137,0.0,0.0
2025,yup,5,137,2.92,0.6085
2026,aiyyo,0,26,0.0,0.0
2026,ap,0,26,0.0,0.0
2026,baddie,0,26,0.0,0.0
2026,bah,6,26,3.846,3.873
2026,balls,1,26,3.846,0.6455
2026,bands,1,26,3.846,0.6455
2026,bankroll,2,26,3.846,1.291
2026,baow,10,26,15.385,6.4549
2026,beef,7,26,19.231,4.5185
2026,betta,0,26,0.0,0.0
2026,bitches,40,26,50.0,25.8198
2026,blatt,0,26,0.0,0.0
2026,blick,1,26,3.846,0.6455
2026,blunts,0,26,0.0,0.0
2026,bringin,1,26,3.846,0.6455
2026,brrt,1,26,3.846,0.6455
2026,bust,1,26,3.846,0.6455
2026,bustin,0,26,0.0,0.0
2026,carti,1,26,3.846,0.6455
2026,choppa,3,26,3.846,1.9365
2026,chopper,1,26,3.846,0.6455
2026,choppers,1,26,3.846,0.6455
2026,cocked,0,26,0.0,0.0
2026,compton,0,26,0.0,0.0
2026,coochie,0,26,0.0,0.0
2026,crib,5,26,19.231,3.2275
2026,cube,0,26,0.0,0.0
2026,dawg,0,26,0.0,0.0
2026,dem,2,26,3.846,1.291
2026,deuce,0,26,0.0,0.0
2026,dick,9,26,15.385,5.8095
2026,diss,0,26,0.0,0.0
2026,dogg,0,26,0.0,0.0
2026,dome,0,26,0.0,0.0
2026,doo,0,26,0.0,0.0
2026,draco,1,26,3.846,0.6455
2026,drip,0,26,0.0,0.0
2026,duck,0,26,0.0,0.0
2026,dutch,0,26,0.0,0.0
2026,fat,1,26,3.846,0.6455
2026,feds,2,26,7.692,1.291
2026,fee,0,26,0.0,0.0
2026,fiend,0,26,0.0,0.0
2026,flex,3,26,3.846,1.9365
2026,flocka,0,26,0.0,0.0
2026,gang,11,26,15.385,7.1004
2026,gangsta,0,26,0.0,0.0
2026,gangstas,0,26,0.0,0.0
2026,gat,0,26,0.0,0.0
2026,geah,0,26,0.0,0.0
2026,geeked,1,26,3.846,0.6455
2026,geekin,0,26,0.0,0.0
2026,ghetto,0,26,0.0,0.0
2026,glock,1,26,3.846,0.6455
2026,glocks,0,26,0.0,0.0
2026,goons,0,26,0.0,0.0
2026,gram,0,26,0.0,0.0
2026,grams,0,26,0.0,0.0
2026,grill,0,26,0.0,0.0
2026,grrah,10,26,3.846,6.4549
2026,grrt,0,26,0.0,0.0
2026,guap,0,26,0.0,0.0
2026,guwop,0,26,0.0,0.0
2026,haters,1,26,3.846,0.6455
2026,heart,4,26,11.538,2.582
2026,hella,2,26,3.846,1.291
2026,henny,0,26,0.0,0.0
2026,ho,46,26,42.308,29.6927
2026,hoes,25,26,53.846,16.1374
2026,hol,0,26,0.0,0.0
2026,homey,0,26,0.0,0.0
2026,homie,1,26,3.846,0.6455
2026,ima,0,26,0.0,0.0
2026,killa,0,26,0.0,0.0
2026,kush,0,26,0.0,0.0
2026,lambo,0,26,0.0,0.0
2026,lame,1,26,3.846,0.6455
2026,latto,5,26,15.385,3.2275
2026,lit,4,26,7.692,2.582
2026,louie,0,26,0.0,0.0
2026,love,14,26,30.769,9.0369
2026,lyrics,2,26,7.692,1.291
2026,mane,19,26,3.846,12.2644
2026,maybach,3,26,7.692,1.9365
2026,mayne,0,26,0.0,0.0
2026,mc's,0,26,0.0,0.0
2026,mcs,0,26,0.0,0.0
2026,mixtape,0,26,0.0,0.0
2026,mob,0,26,0.0,0.0
2026,money,51,26,42.308,32.9202
2026,montana,4,26,3.846,2.582
2026,mothafuckin,0,26,0.0,0.0
2026,motherfuckin,5,26,11.538,3.2275
2026,motherfucking,0,26,0.0,0.0
2026,murda,0,26,0.0,0.0
2026,muthafucka,0,26,0.0,0.0
2026,muthafuckas,0,26,0.0,0.0
2026,muthafuckin,0,26,0.0,0.0
2026,mwah,5,26,11.538,3.2275
2026,nigga,49,26,57.692,31.6292
2026,nigga's,0,26,0.0,0.0
2026,niggas,35,26,50.0,22.5923
2026,nuts,1,26,3.846,0.6455
2026,nuttin,0,26,0.0,0.0
2026,og,0,26,0.0,0.0
2026,opp,2,26,7.692,1.291
2026,opps,1,26,3.846,0.6455
2026,pac,1,26,3.846,0.6455
2026,pain,1,26,3.846,0.6455
2026,pants,2,26,7.692,1.291
2026,patek,0,26,0.0,0.0
2026,perc,0,26,0.0,0.0
2026,percs,0,26,0.0,0.0
2026,perky,0,26,0.0,0.0
2026,phew,0,26,0.0,0.0
2026,pimp,3,26,7.692,1.9365
2026,pimpin,3,26,11.538,1.9365
2026,po,0,26,0.0,0.0
2026,police,1,26,3.846,0.6455
2026,poppin,4,26,15.385,2.582
2026,projects,0,26,0.0,0.0
2026,purp,0,26,0.0,0.0
2026,pussy,13,26,38.462,8.3914
2026,racks,3,26,11.538,1.9365
2026,rap,5,26,19.231,3.2275
2026,rapper,2,26,7.692,1.291
2026,rappers,2,26,7.692,1.291
2026,rappin,0,26,0.0,0.0
2026,raps,0,26,0.0,0.0
2026,rep,0,26,0.0,0.0
2026,rick,0,26,0.0,0.0
2026,rollie,0,26,0.0,0.0
2026,shooters,1,26,3.846,0.6455
2026,sippin,0,26,0.0,0.0
2026,skrr,0,26,0.0,0.0
2026,skrrt,11,26,30.769,7.1004
2026,skrt,0,26,0.0,0.0
2026,slangin,1,26,3.846,0.6455
2026,slatt,0,26,0.0,0.0
2026,slick,0,26,0.0,0.0
2026,slime,1,26,3.846,0.6455
2026,slugs,0,26,0.0,0.0
2026,snitch,0,26,0.0,0.0
2026,snoop,0,26,0.0,0.0
2026,sosa,0,26,0.0,0.0
2026,soulja,0,26,0.0,0.0
2026,squad,1,26,3.846,0.6455
2026,stash,0,26,0.0,0.0
2026,strap,0,26,0.0,0.0
2026,strapped,0,26,0.0,0.0
2026,stunt,3,26,3.846,1.9365
2026,stuntin,0,26,0.0,0.0
2026,tec,0,26,0.0,0.0
2026,tech,0,26,0.0,0.0
2026,tha,0,26,0.0,0.0
2026,thats,0,26,0.0,0.0
2026,thot,0,26,0.0,0.0
2026,thots,0,26,0.0,0.0
2026,thug,0,26,0.0,0.0
2026,thugger,0,26,0.0,0.0
2026,thuggin,0,26,0.0,0.0
2026,trap,3,26,7.692,1.9365
2026,trappin,0,26,0.0,0.0
2026,trapping,0,26,0.0,0.0
2026,trim,4,26,7.692,2.582
2026,triple,2,26,7.692,1.291
2026,tuh,12,26,19.231,7.7459
2026,turnt,14,26,7.692,9.0369
2026,twerk,0,26,0.0,0.0
2026,ugh,3,26,3.846,1.9365
2026,unit,0,26,0.0,0.0
2026,vibe,1,26,3.846,0.6455
2026,vvs,1,26,3.846,0.6455
2026,wack,0,26,0.0,0.0
2026,waka,0,26,0.0,0.0
2026,wheezy,0,26,0.0,0.0
2026,wu,0,26,0.0,0.0
2026,xans,0,26,0.0,0.0
2026,yup,23,26,11.538,14.8464
