word,rap_count,other_count,rap_per_10k,other_per_10k,ratio,year_matched_ratio,unique_line_ratio,rap_songs,rap_artists,rap_song_pct
tec,1276,0,0.3953,0.0,380.548,10.9427,266.5036,946,202,1.523
soulja,2727,1,0.8447,0.0021,271.0392,21.8615,178.1928,802,84,1.291
guap,1928,1,0.5972,0.0021,191.6404,15.8626,100.7597,831,153,1.338
flocka,1538,1,0.4764,0.0021,152.885,12.4194,92.3798,462,66,0.744
gat,2545,2,0.7884,0.0042,151.772,19.0776,108.3177,1832,248,2.949
deuce,1334,1,0.4132,0.0021,132.6129,10.854,96.4892,928,225,1.494
glocks,1287,1,0.3987,0.0021,127.9424,10.498,90.3655,1031,216,1.66
trappin,1823,2,0.5647,0.0042,108.7237,13.2239,64.5652,965,177,1.553
choppers,1555,2,0.4817,0.0042,92.7446,11.9794,56.3465,964,178,1.552
kush,3577,6,1.1081,0.0125,82.0399,20.161,52.7987,2236,210,3.599
mayne,1921,3,0.5951,0.0062,81.8335,13.451,56.7194,915,134,1.473
sosa,1348,2,0.4176,0.0042,80.4025,9.7132,52.7689,616,106,0.992
gangstas,1327,2,0.4111,0.0042,79.1504,10.1183,48.1278,768,174,1.236
betta,1284,2,0.3977,0.0042,76.5866,9.9551,50.6901,734,193,1.182
compton,1761,3,0.5455,0.0062,75.0193,13.2811,53.9914,950,142,1.529
muthafuckin,1983,4,0.6143,0.0083,65.702,14.4999,46.2101,921,196,1.483
choppa,1708,4,0.5291,0.0083,56.5928,11.5731,35.6547,870,127,1.4
wu,1647,4,0.5102,0.0083,54.5722,11.6126,45.5309,697,138,1.122
dogg,3044,8,0.9429,0.0166,53.3895,17.2814,36.5931,1145,171,1.843
og,2196,6,0.6803,0.0125,50.3705,13.6889,35.5989,1556,238,2.505
nigga's,2570,8,0.7961,0.0166,45.0772,13.5396,32.0288,1674,270,2.695
stuntin,1956,6,0.6059,0.0125,44.8668,13.7058,27.8264,1232,211,1.983
rappers,5851,19,1.8125,0.0395,44.7292,22.7598,34.2353,4238,310,6.822
unit,1581,5,0.4897,0.0104,42.8613,10.488,27.2162,774,134,1.246
mothafuckin,1282,4,0.3971,0.0083,42.4819,8.0606,28.8595,715,192,1.151
mane,4372,15,1.3543,0.0312,42.0491,18.8948,27.2722,1871,198,3.012
murda,1474,5,0.4566,0.0104,39.9614,10.0568,19.9424,449,132,0.723
beef,5694,21,1.7638,0.0436,39.4799,24.4729,31.5081,4097,310,6.595
chopper,3003,11,0.9302,0.0229,38.9304,16.1479,25.8595,1878,201,3.023
blunts,2176,8,0.6741,0.0166,38.1679,13.632,26.5259,1633,262,2.629
niggas,147700,587,45.7532,1.2199,37.4742,32.2059,31.1166,34609,332,55.71
rappin,2582,10,0.7998,0.0208,36.6614,13.7741,27.6201,2084,296,3.355
projects,2058,8,0.6375,0.0166,36.0986,12.07,23.9523,1431,247,2.303
wack,2032,8,0.6295,0.0166,35.6427,11.3676,26.9952,1546,261,2.489
snoop,2424,10,0.7509,0.0208,34.4185,13.0306,24.6158,1186,179,1.909
dawg,4633,20,1.4352,0.0416,33.691,16.6744,25.267,2434,253,3.918
goons,1438,6,0.4455,0.0125,32.9879,9.1548,22.7874,1077,194,1.734
snitch,1642,7,0.5086,0.0145,32.6439,9.2357,31.5233,1233,228,1.985
mc's,1630,7,0.5049,0.0145,32.4055,9.9563,23.9229,1013,175,1.631
bustin,2457,11,0.7611,0.0229,31.8533,12.2231,23.9252,1743,287,2.806
tech,2029,9,0.6285,0.0187,31.8437,10.1439,28.1934,1157,218,1.862
nigga,190285,906,58.9448,1.8828,31.2893,26.14,27.8735,37367,332,60.15
rollie,2364,11,0.7323,0.0229,30.6479,11.7105,23.263,1442,195,2.321
raps,1746,8,0.5409,0.0166,30.6273,8.6348,23.3835,1436,255,2.312
servin,1315,6,0.4073,0.0125,30.1673,8.2833,20.8536,956,224,1.539
nut,1913,9,0.5926,0.0187,30.0236,10.9057,21.8635,1455,260,2.342
slang,1699,8,0.5263,0.0166,29.8031,9.4884,23.4394,1284,255,2.067
lyrical,1499,7,0.4643,0.0145,29.8019,9.5627,26.7666,1094,196,1.761
hoes,28349,142,8.7817,0.2951,29.6544,24.4845,22.2966,13245,324,21.321
southside,1413,7,0.4377,0.0145,28.0927,8.8698,17.2029,797,159,1.283
rapper,4224,22,1.3085,0.0457,27.9867,14.2959,21.1027,3149,306,5.069
killa,2885,15,0.8937,0.0312,27.749,13.3765,17.5486,1323,215,2.13
killers,2680,14,0.8302,0.0291,27.5554,13.6935,23.9782,1924,250,3.097
strapped,2484,13,0.7695,0.027,27.4324,11.4785,20.7837,1943,274,3.128
pac,2998,16,0.9287,0.0333,27.0881,13.5668,19.7813,2177,270,3.504
hustlin,2033,11,0.6298,0.0229,26.3575,9.2791,15.5073,1162,220,1.87
motherfuckin,8505,48,2.6346,0.0998,26.1407,20.2746,24.9556,4202,299,6.764
thuggin,1661,9,0.5145,0.0187,26.0697,9.7518,20.3453,1032,191,1.661
glock,4963,28,1.5374,0.0582,25.9598,19.7988,48.9036,3480,290,5.602
fiends,1785,10,0.5529,0.0208,25.3472,9.7044,20.8712,1449,239,2.332
weezy,1437,8,0.4451,0.0166,25.2085,8.6627,18.8049,830,126,1.336
clips,1752,10,0.5427,0.0208,24.8787,9.572,22.0042,1401,244,2.255
yall,2221,13,0.688,0.027,24.5285,8.8475,23.5108,1123,237,1.808
cheese,3632,22,1.1251,0.0457,24.0648,12.6262,18.4685,2669,306,4.296
g's,3462,21,1.0724,0.0436,24.0055,11.8661,19.2111,2461,291,3.961
tha,5334,33,1.6523,0.0686,23.736,13.7752,25.6315,1323,219,2.13
rap,17903,112,5.5458,0.2328,23.7216,19.0954,18.7488,10767,336,17.332
dro,1809,11,0.5604,0.0229,23.4541,9.5887,15.5283,1166,204,1.877
homie,10259,65,3.1779,0.1351,23.3477,17.5525,21.8563,5948,300,9.575
feds,3030,19,0.9386,0.0395,23.1653,10.7479,17.9327,2305,264,3.71
dre,2338,15,0.7242,0.0312,22.4887,11.1126,17.9503,1395,206,2.246
pistols,1261,8,0.3906,0.0166,22.1221,7.1846,14.9231,924,201,1.487
gucci,9274,62,2.8728,0.1288,22.1192,18.6338,17.4812,3578,279,5.76
shooters,2133,14,0.6607,0.0291,21.9323,10.5572,14.5439,1291,191,2.078
fo,4851,33,1.5027,0.0686,21.5869,13.3338,18.4282,2615,274,4.209
gang,13189,91,4.0856,0.1891,21.4865,17.6629,16.8773,5607,314,9.026
bruh,2146,15,0.6648,0.0312,20.6423,8.5002,16.7552,1146,203,1.845
rims,2124,15,0.658,0.0312,20.4307,9.7935,19.2908,1610,241,2.592
nuts,2634,19,0.8159,0.0395,20.1383,10.5199,15.3431,1994,274,3.21
motherfucking,4766,35,1.4764,0.0727,20.0138,12.8743,16.0709,2546,283,4.098
rapping,1784,13,0.5526,0.027,19.7034,7.9916,15.0363,1454,263,2.341
thugs,3636,28,1.1263,0.0582,19.0194,11.938,15.0308,1994,264,3.21
thug,7536,59,2.3344,0.1226,18.8804,14.0672,16.1026,3456,290,5.563
bentley,3074,24,0.9522,0.0499,18.7054,10.9263,15.3732,2211,247,3.559
nas,1314,10,0.407,0.0208,18.6608,6.8174,13.0245,777,164,1.251
dope,14683,117,4.5484,0.2431,18.6273,14.5427,14.5835,7694,330,12.385
ak,1791,14,0.5548,0.0291,18.4165,8.4079,13.6038,1333,230,2.146
racks,5420,44,1.679,0.0914,18.1567,12.3151,11.2927,2508,211,4.037
rep,2454,20,0.7602,0.0416,17.8471,10.7677,28.3887,1674,281,2.695
motherfuckers,5550,46,1.7192,0.0956,17.7925,11.9426,17.5576,3404,285,5.479
buck,4942,41,1.5309,0.0852,17.7524,13.3184,13.1741,2532,301,4.076
duck,2321,19,0.719,0.0395,17.7457,9.8192,13.148,1692,285,2.724
phantom,1685,14,0.522,0.0291,17.3268,8.0091,12.3156,1233,211,1.985
broad,2261,19,0.7004,0.0395,17.287,9.7343,13.2917,1773,263,2.854
blunt,4046,35,1.2533,0.0727,16.9906,11.4645,12.6832,2761,291,4.444
hater,2215,19,0.6861,0.0395,16.9354,9.0479,12.0414,1476,253,2.376
stacks,3225,28,0.999,0.0582,16.8698,10.4702,11.2886,2120,268,3.413
pimpin,3206,28,0.9931,0.0582,16.7705,10.6355,19.3857,1846,261,2.972
grindin,1291,11,0.3999,0.0229,16.74,6.5151,12.4108,768,210,1.236
dick,18435,171,5.7106,0.3554,16.0232,15.9739,11.8472,10152,322,16.342
muthafucka,1549,14,0.4798,0.0291,15.9288,6.5845,15.3369,765,185,1.231
spray,2400,22,0.7435,0.0457,15.903,9.8527,11.2295,1814,271,2.92
trap,10183,96,3.1544,0.1995,15.73,12.604,9.749,4416,296,7.108
stash,2155,20,0.6676,0.0416,15.673,8.6831,14.2069,1752,262,2.82
versace,1514,14,0.469,0.0291,15.569,6.6749,9.2398,812,178,1.307
sellin,3159,30,0.9786,0.0623,15.4411,12.1792,11.1343,2190,292,3.525
mob,2223,21,0.6886,0.0436,15.4155,9.6984,18.8389,1379,250,2.22
dome,1781,17,0.5517,0.0353,15.1742,8.2736,12.6283,1428,270,2.299
lil,23935,236,7.4144,0.4904,15.0859,13.3228,13.4628,10797,322,17.38
styles,1264,12,0.3916,0.0249,15.0788,6.2108,13.6321,872,198,1.404
mac,3993,39,1.2369,0.081,15.0701,9.2801,11.4111,2648,287,4.263
grill,2143,21,0.6638,0.0436,14.8608,7.4317,10.5859,1558,264,2.508
broads,1725,17,0.5344,0.0353,14.6972,6.6438,10.3286,1304,246,2.099
strap,2272,23,0.7038,0.0478,14.4143,8.9467,11.9407,1671,267,2.69
wassup,1384,14,0.4287,0.0291,14.2326,5.7842,10.3121,690,227,1.111
chop,2431,25,0.7531,0.052,14.2132,8.634,12.1762,1520,277,2.447
bands,5667,59,1.7555,0.1226,14.1982,9.7157,9.2173,2625,226,4.225
coupe,4041,42,1.2518,0.0873,14.1746,10.3019,12.564,2756,267,4.436
fiend,1536,16,0.4758,0.0333,13.8806,6.6783,13.3385,1237,268,1.991
blocks,1885,20,0.5839,0.0416,13.7098,7.2669,10.0965,1520,266,2.447
ugh,3080,33,0.9541,0.0686,13.7068,9.0837,9.191,1215,226,1.956
thangs,1786,19,0.5533,0.0395,13.6561,7.1228,9.2507,1201,215,1.933
hunnid,2052,22,0.6357,0.0457,13.5975,7.4901,12.6323,939,159,1.512
hood,18687,205,5.7887,0.426,13.555,12.3044,12.1121,10073,330,16.215
motherfucker,10461,115,3.2405,0.239,13.5011,11.1018,12.1415,5538,307,8.915
finna,4207,46,1.3032,0.0956,13.4874,9.553,9.5129,2618,244,4.214
dough,6456,72,1.9999,0.1496,13.2745,11.1831,10.3205,4175,319,6.721
bust,11071,124,3.4295,0.2577,13.2555,11.167,11.3333,6777,332,10.909
rhymes,4388,49,1.3593,0.1018,13.2151,10.0902,11.0366,2962,285,4.768
pimp,5610,63,1.7378,0.1309,13.17,9.3828,9.2652,3179,293,5.117
pussy,21609,246,6.6938,0.5112,13.0673,12.3007,10.1726,10004,316,16.104
homies,5461,62,1.6917,0.1288,13.0254,10.572,10.1625,3424,285,5.512
biggie,1438,16,0.4455,0.0333,12.9952,5.5382,8.4275,866,217,1.394
skrt,1778,20,0.5508,0.0416,12.9318,8.2444,13.8047,455,95,0.732
ballin,5797,67,1.7957,0.1392,12.8025,8.9057,9.6186,2894,272,4.659
bitches,38326,447,11.8723,0.9289,12.7663,11.4457,10.9109,17134,326,27.581
skrrt,4998,58,1.5482,0.1205,12.7363,11.143,9.3675,1520,137,2.447
mill,1906,22,0.5904,0.0457,12.6303,7.5875,9.0433,1439,247,2.316
cali,2069,24,0.6409,0.0499,12.5909,7.1919,10.2557,1429,281,2.3
balling,1814,21,0.5619,0.0436,12.5799,6.1957,9.5965,1110,217,1.787
bro,3753,44,1.1626,0.0914,12.5729,9.915,10.3529,2547,284,4.1
suckers,1553,18,0.4811,0.0374,12.5169,6.9117,12.9503,1215,245,1.956
cats,3131,37,0.9699,0.0769,12.4474,8.5929,10.2173,2140,263,3.445
flex,3457,41,1.0709,0.0852,12.4186,8.7364,9.3245,1841,300,2.963
whippin,1782,21,0.552,0.0436,12.358,6.2097,9.009,1111,234,1.788
spittin,1856,22,0.5749,0.0457,12.299,7.4962,13.8837,1538,259,2.476
realest,2002,24,0.6202,0.0499,12.1833,6.5031,7.5651,1250,230,2.012
hoe,6705,82,2.077,0.1704,12.1153,9.6874,9.6972,3149,286,5.069
titties,1492,18,0.4622,0.0374,12.0254,6.6765,8.5744,1076,243,1.732
mic,5767,71,1.7865,0.1476,12.0238,10.3416,10.1013,3659,301,5.89
popped,2105,26,0.6521,0.054,11.8432,7.4849,8.9611,1613,276,2.596
uzi,1536,19,0.4758,0.0395,11.7451,4.6588,20.7804,840,194,1.352
bricks,5081,64,1.5739,0.133,11.7433,8.8957,12.3441,3206,267,5.161
loot,1440,18,0.4461,0.0374,11.6065,6.2383,9.7353,1058,242,1.703
bitch,119678,1540,37.0728,3.2004,11.5801,10.6946,12.2499,30781,330,49.548
philly,1427,18,0.442,0.0374,11.5017,6.3487,8.305,929,219,1.495
tony,1552,20,0.4808,0.0416,11.2885,5.9385,9.2236,1054,227,1.697
rob,2901,39,0.8986,0.081,10.9492,7.9451,8.1898,2032,283,3.271
pistol,3846,52,1.1914,0.1081,10.9211,9.7533,8.7938,2851,283,4.589
project,1573,21,0.4873,0.0436,10.909,6.4428,7.8336,1126,211,1.813
flippin,1351,18,0.4185,0.0374,10.8894,6.073,8.2291,1053,259,1.695
flexin,1782,24,0.552,0.0499,10.8448,5.2796,7.3783,936,193,1.507
hustler,1920,26,0.5948,0.054,10.8026,5.6183,8.4576,1213,228,1.953
yay,1846,25,0.5718,0.052,10.7936,6.2599,7.6674,921,214,1.483
fam,2274,31,0.7044,0.0644,10.763,6.2547,9.2837,1671,268,2.69
hella,2887,40,0.8943,0.0831,10.6274,6.8127,8.8721,1880,248,3.026
hol,1528,21,0.4733,0.0436,10.5971,5.0845,5.2702,440,132,0.708
peep,2015,28,0.6242,0.0582,10.5414,6.5829,9.8007,1648,279,2.653
trunk,3774,53,1.1691,0.1101,10.5163,8.0378,10.8024,2416,294,3.889
hundreds,2279,32,0.706,0.0665,10.4548,6.7218,6.4533,1317,227,2.12
punk,2759,39,0.8547,0.081,10.4134,6.8418,7.5516,1835,253,2.954
molly,2756,39,0.8537,0.081,10.4021,6.6215,7.351,1482,188,2.386
weed,11351,163,3.5162,0.3387,10.3489,8.4823,9.2187,6914,318,11.13
wit,19322,278,5.9854,0.5777,10.3418,9.3827,9.4282,6370,329,10.254
ima,1906,27,0.5904,0.0561,10.3339,5.3223,11.0607,952,213,1.532
squad,4350,63,1.3475,0.1309,10.2123,9.0393,9.1193,2432,276,3.915
playa,3038,44,0.9411,0.0914,10.1779,6.605,8.9532,1591,216,2.561
label,1997,29,0.6186,0.0603,10.0931,6.0526,8.7804,1667,281,2.683
blast,3554,52,1.1009,0.1081,10.092,6.8284,8.8258,2681,296,4.316
disrespect,1722,25,0.5334,0.052,10.0688,5.9922,8.0441,1369,267,2.204
jay,2435,36,0.7543,0.0748,9.9461,6.2459,8.4734,1705,256,2.745
dub,1296,19,0.4015,0.0395,9.9105,5.2893,6.8892,905,229,1.457
cook,2682,40,0.8308,0.0831,9.8729,7.2322,7.8489,1862,286,2.997
gangsta,8161,123,2.528,0.2556,9.8506,8.2663,11.0404,3192,274,5.138
cops,5451,82,1.6886,0.1704,9.8496,8.1981,9.04,3899,308,6.276
stack,4258,64,1.319,0.133,9.8414,7.5731,8.1416,2985,307,4.805
spit,8003,121,2.4791,0.2515,9.8189,9.1217,8.113,5613,323,9.035
def,1339,20,0.4148,0.0416,9.7397,5.4281,7.2017,901,195,1.45
represent,2317,35,0.7177,0.0727,9.7308,5.9188,8.6903,1477,260,2.378
thats,4066,62,1.2595,0.1288,9.6984,6.7245,9.225,2308,289,3.715
cop,4881,75,1.512,0.1559,9.6375,7.7576,9.3108,3466,311,5.579
ya'll,4873,75,1.5095,0.1559,9.6217,7.2649,9.3609,2274,285,3.66
mike,2915,45,0.903,0.0935,9.5513,7.437,7.3075,1820,280,2.93
clip,4073,64,1.2617,0.133,9.4138,7.7863,8.9825,3104,285,4.997
naw,1915,30,0.5932,0.0623,9.3614,5.807,6.8934,1296,251,2.086
pounds,2200,35,0.6815,0.0727,9.2396,5.833,7.0677,1658,268,2.669
atlanta,2135,34,0.6614,0.0707,9.2265,6.0409,6.3532,1480,241,2.382
stunt,1761,28,0.5455,0.0582,9.2129,5.532,6.8944,1019,236,1.64
maybach,1619,26,0.5015,0.054,9.1095,5.7046,7.1669,1078,183,1.735
lame,2840,46,0.8798,0.0956,9.1054,6.2007,6.642,2107,278,3.392
k,8314,136,2.5754,0.2826,9.0795,8.3955,8.4186,5053,328,8.134
ass,48270,792,14.9527,1.6459,9.0791,8.6405,8.3802,20840,333,33.546
pump,3359,55,1.0405,0.1143,9.0228,7.1039,7.1282,1872,300,3.013
mil,1890,31,0.5855,0.0644,8.9459,5.3162,11.0814,1340,242,2.157
microphone,1525,25,0.4724,0.052,8.9172,5.3884,7.9629,1118,215,1.8
moms,1459,24,0.452,0.0499,8.8797,5.2653,8.2452,1173,234,1.888
stackin,1269,21,0.3931,0.0436,8.8014,5.5723,17.0256,924,218,1.487
dis,1604,27,0.4969,0.0561,8.6969,5.5349,5.6715,724,214,1.165
ghetto,6676,114,2.068,0.2369,8.6916,7.2108,9.1193,3283,292,5.285
jewels,2159,37,0.6688,0.0769,8.5838,5.5523,11.0398,1685,263,2.712
hittin,2618,45,0.811,0.0935,8.5783,6.6203,8.0628,2009,304,3.234
hustle,6354,111,1.9683,0.2307,8.495,7.6751,6.769,3574,293,5.753
rick,1564,27,0.4845,0.0561,8.4801,4.531,5.5927,939,231,1.512
cash,15332,270,4.7494,0.5611,8.449,7.4082,6.6508,8524,335,13.721
cocaine,2921,52,0.9048,0.1081,8.2948,6.2086,6.6912,1888,271,3.039
haters,7094,127,2.1975,0.2639,8.2941,6.6624,7.0464,4714,309,7.588
aight,1863,33,0.5771,0.0686,8.2917,6.1301,8.1768,1155,248,1.859
porsche,1513,27,0.4687,0.0561,8.2037,4.9088,5.852,1180,220,1.899
shit,133071,2430,41.2216,5.05,8.1611,8.542,7.4261,38516,336,62.0
bread,4943,90,1.5312,0.187,8.1423,6.6473,7.6303,3693,309,5.945
slim,2127,39,0.6589,0.081,8.0284,5.8038,6.2253,1379,257,2.22
gangster,1834,34,0.5681,0.0707,7.9261,5.1806,7.0551,1078,232,1.735
bond,1302,24,0.4033,0.0499,7.9245,4.7454,5.6651,915,225,1.473
yo,54663,1042,16.933,2.1655,7.8159,7.5802,6.9561,18370,338,29.57
fuck,113861,2172,35.2709,4.5138,7.8122,7.5957,7.283,34412,334,55.393
vest,1383,26,0.4284,0.054,7.782,4.4011,10.1642,1225,243,1.972
grind,6394,122,1.9807,0.2535,7.7809,6.7187,5.9521,3745,289,6.028
dudes,2132,41,0.6604,0.0852,7.6595,4.7879,6.753,1692,256,2.724
court,2211,43,0.6849,0.0894,7.578,5.2818,5.9835,1830,289,2.946
hip,6749,133,2.0906,0.2764,7.5361,7.0726,7.1911,3981,315,6.408
dash,1683,33,0.5213,0.0686,7.4908,4.6535,6.3574,1273,269,2.049
large,1423,28,0.4408,0.0582,7.4451,5.5711,6.0692,1143,253,1.84
holla,4097,82,1.2691,0.1704,7.4033,6.1709,7.071,2493,267,4.013
jewelry,2110,42,0.6536,0.0873,7.4021,7.9583,7.4956,1555,255,2.503
benz,4491,90,1.3912,0.187,7.3978,6.2201,6.741,3284,303,5.286
fuckin,25559,516,7.9174,1.0723,7.3763,7.2435,7.186,12014,323,19.339
pops,1458,29,0.4516,0.0603,7.3696,4.4467,6.0454,1170,257,1.883
diss,1703,34,0.5275,0.0707,7.3601,5.3408,5.9297,1392,266,2.241
crib,5624,114,1.7422,0.2369,7.3221,5.7145,5.8483,4342,314,6.989
wrist,6729,137,2.0845,0.2847,7.2952,6.5822,5.6926,4007,291,6.45
rounds,1540,31,0.477,0.0644,7.2897,4.354,6.2541,1177,249,1.895
im,8963,183,2.7765,0.3803,7.2812,5.2424,6.5362,2652,289,4.269
dollars,4833,99,1.4971,0.2057,7.241,6.1382,5.8185,3256,310,5.241
chips,1916,39,0.5935,0.081,7.2322,5.0098,5.8646,1472,266,2.369
block,16309,338,5.0521,0.7024,7.1819,7.5099,8.6896,9418,334,15.16
juice,3581,74,1.1093,0.1538,7.1658,6.4534,6.1854,2163,304,3.482
poppin,6705,139,2.077,0.2889,7.165,5.7201,6.1582,4076,317,6.561
hatin,4348,90,1.3469,0.187,7.1623,5.4994,8.0134,2731,282,4.396
foreign,3963,82,1.2276,0.1704,7.1612,5.1378,5.8914,2320,249,3.735
eatin,2029,42,0.6285,0.0873,7.118,6.4237,6.1508,1660,290,2.672
wan,1263,26,0.3912,0.054,7.107,4.6754,6.4748,691,177,1.112
whip,8110,170,2.5122,0.3533,7.0906,6.3781,6.9198,4968,315,7.997
fifth,1810,38,0.5607,0.079,7.0097,5.4454,6.2421,1492,270,2.402
riches,1382,29,0.4281,0.0603,6.9856,4.0047,5.0257,1019,247,1.64
smokin,7106,152,2.2012,0.3159,6.9462,5.9254,7.9736,4424,317,7.121
murder,7474,160,2.3152,0.3325,6.9417,5.5825,7.1885,3792,288,6.104
crew,6769,145,2.0968,0.3013,6.9351,5.8666,5.871,4570,325,7.356
chrome,2800,60,0.8674,0.1247,6.8998,8.87,8.4145,2179,276,3.508
industry,1640,35,0.508,0.0727,6.8882,4.3584,4.9758,1266,246,2.038
grams,1361,29,0.4216,0.0603,6.8795,4.2562,9.9233,1056,221,1.7
sack,2464,53,0.7633,0.1101,6.8665,4.4825,5.0906,1622,264,2.611
plug,3831,83,1.1867,0.1725,6.8398,5.2027,6.8657,2188,258,3.522
triple,2406,52,0.7453,0.1081,6.8326,5.0763,6.3413,1595,271,2.567
pockets,4088,89,1.2663,0.185,6.8093,5.6509,6.0652,3003,309,4.834
nope,1273,28,0.3943,0.0582,6.6606,4.46,5.0512,832,220,1.339
boss,7750,173,2.4007,0.3595,6.6587,5.8793,5.1357,4413,321,7.104
hammer,1898,42,0.5879,0.0873,6.6586,5.0181,5.2993,1257,258,2.023
ounce,1399,31,0.4334,0.0644,6.6225,4.513,5.0228,1114,239,1.793
cock,2812,63,0.8711,0.1309,6.602,5.1137,11.7095,2126,288,3.422
hop,9883,223,3.0615,0.4634,6.5916,6.4012,6.4397,5821,329,9.37
cousin,1828,41,0.5663,0.0852,6.5676,4.0616,5.2002,1462,275,2.353
range,2303,52,0.7134,0.1081,6.5401,4.7663,5.6056,1822,285,2.933
bag,11341,258,3.5131,0.5362,6.5399,6.3931,4.4922,5943,325,9.567
snatch,1422,32,0.4405,0.0665,6.5242,3.238,9.7167,1215,264,1.956
signed,1395,32,0.4321,0.0665,6.4004,4.5125,5.7553,1170,242,1.883
fresh,7609,177,2.357,0.3678,6.3902,5.6776,5.3321,4851,327,7.809
brooklyn,2111,49,0.6539,0.1018,6.3584,4.5183,4.9915,1253,187,2.017
booty,3669,86,1.1366,0.1787,6.3234,4.9969,4.3819,1790,266,2.881
designer,1693,40,0.5244,0.0831,6.2329,4.2173,4.4828,1048,204,1.687
soda,1355,32,0.4197,0.0665,6.2169,4.1033,6.7123,1011,236,1.627
droppin,1813,43,0.5616,0.0894,6.2142,4.751,5.2713,1472,275,2.369
cap,2678,64,0.8296,0.133,6.19,4.398,5.2933,1861,292,2.996
sho,1761,42,0.5455,0.0873,6.1781,4.3567,4.8083,1115,232,1.795
cuz,10140,246,3.1411,0.5112,6.132,5.145,5.9475,4708,319,7.579
police,5469,133,1.6941,0.2764,6.107,5.4675,6.1013,3699,305,5.954
team,6947,170,2.152,0.3533,6.0738,5.694,5.4307,4858,322,7.82
rich,13653,335,4.2293,0.6962,6.0661,5.5511,5.8517,7685,327,12.371
countin,2093,51,0.6484,0.106,6.0593,5.23,4.9554,1244,233,2.002
tape,2353,58,0.7289,0.1205,5.9968,4.5185,5.5335,1947,299,3.134
rhyme,4950,123,1.5334,0.2556,5.975,5.34,5.9341,3411,289,5.491
don,3221,80,0.9978,0.1663,5.9651,4.2519,5.2473,2255,298,3.63
bail,1372,34,0.425,0.0707,5.93,4.0321,5.4169,1102,254,1.774
g,19691,495,6.0997,1.0287,5.9237,5.8989,5.5715,9948,331,16.013
money,81369,2048,25.2058,4.2561,5.9209,5.5704,5.3634,26848,337,43.217
louis,2718,68,0.842,0.1413,5.9156,4.3208,4.6588,1849,253,2.976
checks,1714,43,0.5309,0.0894,5.875,4.2411,4.5056,1311,275,2.11
uhh,4981,126,1.543,0.2619,5.8699,5.3076,5.3434,2087,269,3.359
booth,1790,45,0.5545,0.0935,5.8657,3.8587,5.5514,1520,263,2.447
belt,1396,35,0.4324,0.0727,5.8637,3.7576,5.4092,1160,255,1.867
balls,1862,47,0.5768,0.0977,5.8447,4.422,5.0419,1528,283,2.46
coke,4363,111,1.3515,0.2307,5.8334,4.6438,6.1608,3167,288,5.098
turnt,1347,34,0.4173,0.0707,5.8219,3.4637,5.0285,645,155,1.038
frontin,1927,49,0.5969,0.1018,5.8043,4.6058,4.5414,1446,273,2.328
wayne,1554,40,0.4814,0.0831,5.7213,3.9051,5.2152,1132,207,1.822
ridin,8097,211,2.5082,0.4385,5.7069,5.9554,5.1292,4306,310,6.931
whats,1393,36,0.4315,0.0748,5.6908,2.9122,5.3613,947,234,1.524
whips,1658,43,0.5136,0.0894,5.6831,3.8131,8.5813,1257,251,2.023
bank,5577,146,1.7276,0.3034,5.6749,4.958,4.1999,3602,322,5.798
millions,1845,48,0.5715,0.0998,5.6719,4.3557,4.3809,1336,244,2.151
soldiers,1767,46,0.5474,0.0956,5.6658,4.0096,5.1324,1244,228,2.002
bullshit,4408,116,1.3655,0.2411,5.6406,5.6066,6.2495,3186,307,5.129
album,3197,84,0.9903,0.1746,5.6404,4.8708,4.4676,2404,285,3.87
section,1301,34,0.403,0.0707,5.6232,2.9301,6.207,1020,249,1.642
z,1897,50,0.5876,0.1039,5.6008,3.9449,5.5779,1304,255,2.099
pot,2646,70,0.8197,0.1455,5.5955,4.4377,4.5876,1896,282,3.052
brr,1246,33,0.386,0.0686,5.5463,3.8258,4.3762,475,106,0.765
dem,3712,100,1.1499,0.2078,5.5063,4.7963,4.4908,1098,248,1.767
chris,1409,38,0.4365,0.079,5.4571,3.2703,5.3856,1037,236,1.669
slap,1774,48,0.5495,0.0998,5.4537,3.9884,4.3705,1242,268,1.999
nuttin,1547,42,0.4792,0.0873,5.4275,4.0036,13.1161,1047,225,1.685
hype,1510,41,0.4678,0.0852,5.4254,3.9768,4.2401,1066,251,1.716
smash,2236,61,0.6926,0.1268,5.4207,4.4568,4.561,1438,273,2.315
shots,7028,193,2.1771,0.4011,5.4143,4.7806,5.1988,4928,318,7.933
swag,4265,117,1.3212,0.2431,5.4112,4.1774,4.11,2059,226,3.314
bling,2438,67,0.7552,0.1392,5.3849,3.6245,7.0119,1129,241,1.817
bullets,3156,87,0.9776,0.1808,5.3772,4.3695,5.8975,2454,286,3.95
ayy,25306,707,7.8391,1.4693,5.3317,6.1649,4.782,4627,241,7.448
prolly,1546,43,0.4789,0.0894,5.2993,3.5112,5.5618,1053,202,1.695
guns,6843,192,2.1198,0.399,5.2991,4.3833,6.9584,4563,315,7.345
players,1402,39,0.4343,0.081,5.2925,3.4304,5.3932,970,231,1.561
raw,4345,122,1.346,0.2535,5.2876,4.3581,6.5004,3137,306,5.05
pound,4507,127,1.3961,0.2639,5.2697,3.7829,6.5379,2938,303,4.729
ill,3234,91,1.0018,0.1891,5.2692,4.1669,4.867,2360,294,3.799
major,1956,55,0.6059,0.1143,5.2547,4.3656,4.6023,1445,262,2.326
ho,18628,528,5.7704,1.0973,5.254,4.9607,4.6617,7663,328,12.335
codeine,1411,40,0.4371,0.0831,5.195,3.1877,6.3999,880,130,1.417
dealer,1287,37,0.3987,0.0769,5.1177,3.3665,4.2302,962,219,1.549
suck,5565,162,1.7239,0.3367,5.1052,4.4368,4.4309,3697,307,5.951
pow,1385,40,0.429,0.0831,5.0993,3.6052,4.1251,632,204,1.017
fat,5996,175,1.8574,0.3637,5.0931,4.5363,6.1687,4233,326,6.814
hating,2604,76,0.8066,0.1579,5.0748,3.6561,4.1471,1762,265,2.836
college,1650,48,0.5111,0.0998,5.0726,3.5142,3.9625,1371,257,2.207
puff,2008,59,0.622,0.1226,5.0317,4.2703,5.0658,1306,258,2.102
trill,1769,52,0.548,0.1081,5.024,4.1041,4.649,945,177,1.521
rip,3282,97,1.0167,0.2016,5.0183,3.9927,5.2061,2312,302,3.722
deck,2130,63,0.6598,0.1309,5.0011,4.3354,3.8227,1377,267,2.217
president,1453,43,0.4501,0.0894,4.9806,3.3286,3.5516,1004,247,1.616
brains,1751,52,0.5424,0.1081,4.9729,3.6666,4.2068,1497,255,2.41
chillin,2650,79,0.8209,0.1642,4.9696,3.8033,4.9776,1905,295,3.066
dude,3472,104,1.0755,0.2161,4.9532,3.5379,4.4651,2650,287,4.266
jet,3259,98,1.0095,0.2037,4.9326,4.2343,3.6252,2180,292,3.509
y'all,39541,1198,12.2487,2.4897,4.9178,4.5325,5.1951,15043,334,24.215
shootin,2181,66,0.6756,0.1372,4.8898,4.1094,5.3085,1694,265,2.727
funk,2932,89,0.9082,0.185,4.884,3.8031,4.5643,1282,207,2.064
knowledge,1355,41,0.4197,0.0852,4.8687,2.9526,4.9823,1087,221,1.75
plus,6287,192,1.9475,0.399,4.8686,4.4838,5.618,4944,324,7.958
chicks,2463,75,0.763,0.1559,4.8637,3.6404,3.932,1852,255,2.981
facts,2231,68,0.6911,0.1413,4.8558,3.9595,3.9722,1557,285,2.506
dot,1575,48,0.4879,0.0998,4.8421,3.6031,4.0001,1022,244,1.645
twerk,1346,41,0.417,0.0852,4.8363,3.296,5.4022,416,153,0.67
chain,8015,247,2.4828,0.5133,4.8274,4.5433,4.6446,5172,313,8.325
fifty,3414,105,1.0576,0.2182,4.8243,4.3323,4.2387,2350,296,3.783
streets,15460,480,4.7891,0.9975,4.7961,4.5469,4.2011,9425,330,15.172
paid,7809,243,2.419,0.505,4.7806,4.3115,3.8277,5325,334,8.572
uncle,1699,53,0.5263,0.1101,4.7351,3.7744,4.6205,1321,263,2.126
flip,6180,195,1.9144,0.4052,4.7123,4.0987,4.7535,4182,325,6.732
weapon,1336,42,0.4139,0.0873,4.6875,3.2954,4.3421,1103,265,1.776
main,2898,92,0.8977,0.1912,4.6708,4.3847,4.2761,2034,301,3.274
hook,3926,125,1.2162,0.2598,4.6636,3.7319,3.4667,2160,304,3.477
dont,4304,138,1.3333,0.2868,4.6327,3.2308,4.2122,1889,282,3.041
smoking,6168,198,1.9107,0.4115,4.6321,3.7282,4.803,3924,301,6.317
lean,6492,211,2.011,0.4385,4.5757,4.2679,3.9061,3488,296,5.615
queens,1611,52,0.499,0.1081,4.5754,3.6396,3.9607,1130,194,1.819
pipe,1836,60,0.5687,0.1247,4.5247,3.2465,4.0826,1399,272,2.252
verse,6256,206,1.9379,0.4281,4.5162,4.0385,3.7978,3617,322,5.822
grand,3014,99,0.9337,0.2057,4.516,3.8893,3.8713,2143,286,3.45
hundred,12205,403,3.7808,0.8375,4.5089,4.5731,4.0874,7172,325,11.545
rider,1314,43,0.407,0.0894,4.5043,3.6977,4.5039,757,215,1.219
model,1705,56,0.5282,0.1164,4.4995,3.0667,3.6917,1374,267,2.212
butt,1976,65,0.6121,0.1351,4.4979,3.6064,4.2302,1487,282,2.394
quarter,2669,88,0.8268,0.1829,4.4962,3.3896,3.3865,1932,287,3.11
seats,1492,49,0.4622,0.1018,4.4944,3.4133,4.3902,1181,245,1.901
pen,2774,92,0.8593,0.1912,4.471,3.6255,3.9434,2299,295,3.701
bunch,2503,83,0.7754,0.1725,4.4691,3.8855,3.7601,1906,283,3.068
jail,3981,133,1.2332,0.2764,4.4455,4.0952,4.6523,3164,306,5.093
paper,10272,344,3.182,0.7149,4.4447,4.0796,4.2358,6210,327,9.996
spot,7439,249,2.3044,0.5175,4.4446,4.1485,3.7658,5421,327,8.726
split,2813,94,0.8714,0.1953,4.4379,4.1986,3.6339,2264,309,3.644
shinin,1552,52,0.4808,0.1081,4.4079,3.5212,3.5498,1003,235,1.615
aye,6474,219,2.0055,0.4551,4.3967,3.6565,3.9278,1960,248,3.155
studio,2106,71,0.6524,0.1476,4.3915,3.2954,3.3137,1636,284,2.633
hahaha,1486,50,0.4603,0.1039,4.3877,3.2937,3.3375,1142,226,1.838
enemies,2573,87,0.797,0.1808,4.384,3.7076,3.8686,1717,270,2.764
fucked,11486,391,3.558,0.8126,4.3734,4.225,4.3783,6959,318,11.202
master,2392,82,0.741,0.1704,4.3227,3.6875,3.9576,1765,282,2.841
blaze,1520,52,0.4709,0.1081,4.317,3.4992,4.0422,1173,239,1.888
shoe,1343,46,0.416,0.0956,4.3067,3.1213,3.856,1077,245,1.734
trick,3336,115,1.0334,0.239,4.3059,3.6903,3.3319,2144,292,3.451
slick,1860,64,0.5762,0.133,4.2996,3.4064,4.6268,1493,295,2.403
killin,3611,125,1.1186,0.2598,4.2895,4.5236,4.925,2402,299,3.867
gots,1623,56,0.5028,0.1164,4.2831,3.465,4.4881,1058,220,1.703
butter,1364,47,0.4225,0.0977,4.2819,2.6841,3.7988,1053,257,1.695
shawty,9602,334,2.9744,0.6941,4.279,3.3772,3.2459,3606,241,5.805
haha,4543,158,1.4073,0.3284,4.2729,4.1638,3.4444,2781,285,4.477
bucks,1296,45,0.4015,0.0935,4.2474,3.1338,4.3195,1061,262,1.708
platinum,2338,82,0.7242,0.1704,4.2251,3.0351,4.4038,1768,277,2.846
trippin,4513,159,1.398,0.3304,4.218,3.6619,3.4649,2961,302,4.766
d,13632,484,4.2228,1.0058,4.1941,4.3859,3.6393,7418,336,11.941
posted,1364,48,0.4225,0.0998,4.1936,3.0242,5.1532,1028,221,1.655
bought,8160,290,2.5277,0.6027,4.1873,4.2296,3.3003,5381,327,8.662
sell,6469,230,2.0039,0.478,4.1837,4.0715,3.9913,4470,321,7.195
player,3513,125,1.0882,0.2598,4.1731,3.6428,3.9644,2308,292,3.715
selling,2682,96,0.8308,0.1995,4.1435,3.3839,3.6172,1942,285,3.126
ball,9810,353,3.0389,0.7336,4.1368,3.7732,3.5615,5944,331,9.568
pushin,1283,46,0.3974,0.0956,4.1144,3.2603,3.5902,863,240,1.389
mansion,1630,59,0.5049,0.1226,4.0847,3.2773,3.3082,1160,225,1.867
x,13003,475,4.028,0.9871,4.0763,3.1566,3.0701,6399,333,10.301
dog,10855,397,3.3626,0.825,4.0707,4.0067,3.9737,5882,330,9.468
i'mma,11605,425,3.5949,0.8832,4.0656,3.2717,4.7654,5779,318,9.303
rat,1844,68,0.5712,0.1413,4.0137,3.9055,5.6698,1352,265,2.176
killed,3911,145,1.2115,0.3013,4.0072,3.473,3.8963,2938,296,4.729
post,1597,59,0.4947,0.1226,4.002,3.178,3.6296,1286,271,2.07
playin,7265,272,2.2505,0.5653,3.9743,3.8794,3.3952,4683,332,7.538
charge,1825,68,0.5653,0.1413,3.9724,3.1925,3.7145,1417,278,2.281
neighborhood,1555,58,0.4817,0.1205,3.9634,3.3682,4.3043,1140,245,1.835
momma,6518,246,2.0191,0.5112,3.9418,3.3374,3.4154,3958,308,6.371
cake,4186,158,1.2967,0.3284,3.9371,3.472,3.647,2574,299,4.143
mask,2019,76,0.6254,0.1579,3.935,3.0547,3.1779,1552,256,2.498
joe,1702,64,0.5272,0.133,3.9345,3.2461,3.7541,1161,242,1.869
flow,11102,421,3.4391,0.8749,3.9263,3.8393,4.041,7209,327,11.604
j,4576,175,1.4175,0.3637,3.887,3.5691,3.484,3015,311,4.853
squeeze,2044,78,0.6332,0.1621,3.8822,2.978,3.2033,1541,278,2.481
dice,1856,71,0.5749,0.1476,3.8703,3.0682,3.3006,1540,276,2.479
savage,1777,68,0.5505,0.1413,3.8679,3.4285,3.6979,1149,243,1.85
code,1973,76,0.6112,0.1579,3.8453,3.1715,3.3078,1498,279,2.411
double,7652,297,2.3704,0.6172,3.8342,3.6345,3.4537,5096,328,8.203
blowin,3071,119,0.9513,0.2473,3.8313,3.1759,3.4694,2259,296,3.636
popping,2140,83,0.6629,0.1725,3.8211,3.1871,3.2436,1493,272,2.403
yah,2524,99,0.7819,0.2057,3.7819,2.8469,2.789,682,206,1.098
crack,7973,314,2.4698,0.6525,3.7791,3.2606,4.655,5676,322,9.137
plate,2165,85,0.6707,0.1766,3.7753,3.2705,3.1657,1807,297,2.909
respect,6492,256,2.011,0.532,3.773,3.6618,3.6348,4462,326,7.183
food,3149,124,0.9755,0.2577,3.7708,3.1366,3.1484,2590,308,4.169
puttin,2263,89,0.701,0.185,3.7698,3.1997,3.6541,1768,285,2.846
dr,1274,50,0.3946,0.1039,3.7619,2.9653,4.3343,899,211,1.447
cost,3641,144,1.1279,0.2993,3.7564,3.3744,3.3177,2704,307,4.353
shady,1622,64,0.5024,0.133,3.7496,3.0483,3.1819,976,215,1.571
sauce,1693,67,0.5244,0.1392,3.7397,2.8644,3.4236,1004,236,1.616
dat,4820,193,1.4931,0.4011,3.7134,3.601,4.1885,1518,265,2.444
thick,3099,124,0.96,0.2577,3.7109,3.7068,3.5248,2284,307,3.677
quick,7123,286,2.2065,0.5944,3.7062,3.6586,3.3969,5395,336,8.684
diamonds,10310,415,3.1937,0.8624,3.6989,3.3928,3.5584,5557,296,8.945
imma,3233,130,1.0015,0.2702,3.6934,2.9884,3.5782,1578,243,2.54
focused,1671,67,0.5176,0.1392,3.6911,3.2633,3.03,1273,265,2.049
cat,2929,118,0.9073,0.2452,3.685,3.2409,4.1726,2163,304,3.482
bangin,1593,64,0.4935,0.133,3.6826,2.3719,5.1451,1139,263,1.833
dropped,2926,118,0.9064,0.2452,3.6812,3.551,3.303,2390,302,3.847
shoot,11538,467,3.5741,0.9705,3.679,3.4801,3.869,7109,331,11.443
sold,3983,161,1.2338,0.3346,3.6766,3.561,3.1096,3096,313,4.984
cars,6348,257,1.9664,0.5341,3.675,3.5793,3.3722,4478,317,7.208
bobby,1490,60,0.4616,0.1247,3.6723,2.1999,3.0264,901,204,1.45
smack,1810,73,0.5607,0.1517,3.6717,2.8838,3.4724,1381,272,2.223
neck,7228,293,2.239,0.6089,3.6711,3.477,3.0692,5155,329,8.298
fans,2620,106,0.8116,0.2203,3.6677,3.2054,3.0191,2039,294,3.282
lick,4407,179,1.3652,0.372,3.66,3.6184,3.7876,2770,314,4.459
kickin,1874,76,0.5805,0.1579,3.6524,2.9667,3.3507,1428,275,2.299
south,6381,260,1.9767,0.5403,3.6515,3.4598,3.549,3844,319,6.188
em,79227,3248,24.5423,6.7499,3.6354,3.591,3.917,26981,338,43.432
joint,1666,68,0.5161,0.1413,3.6264,2.8137,3.0056,1266,246,2.038
sippin,4308,177,1.3345,0.3678,3.6181,3.5147,3.6368,2925,307,4.708
lyrics,2855,118,0.8844,0.2452,3.5919,3.4657,2.8333,2399,284,3.862
piss,1674,69,0.5186,0.1434,3.5914,3.125,3.3482,1401,267,2.255
ta,2035,84,0.6304,0.1746,3.5906,3.2576,3.9322,900,233,1.449
beam,1572,65,0.487,0.1351,3.5786,2.7523,4.3338,1231,249,1.982
pullin,2071,86,0.6415,0.1787,3.5697,3.1063,2.8897,1488,275,2.395
smoke,17769,743,5.5043,1.5441,3.5625,3.4511,3.1833,9538,333,15.353
v,3732,156,1.1561,0.3242,3.555,3.0116,3.3773,2620,308,4.217
ice,11094,465,3.4366,0.9664,3.5526,3.559,3.0257,6354,329,10.228
shorty,5132,215,1.5897,0.4468,3.5501,2.7648,3.4071,2890,284,4.652
showin,1505,63,0.4662,0.1309,3.534,2.7188,3.5105,1139,267,1.833
bomb,3396,143,1.052,0.2972,3.5281,2.8269,3.3121,2301,300,3.704
average,1384,58,0.4287,0.1205,3.5277,2.7523,4.3248,1100,276,1.771
drugs,5724,242,1.7731,0.5029,3.5187,3.24,3.489,3427,312,5.516
fucking,17412,738,5.3937,1.5337,3.5145,3.0551,3.3556,8609,321,13.858
competition,1300,55,0.4027,0.1143,3.4928,2.9459,4.3046,1017,248,1.637
lotta,3022,129,0.9361,0.2681,3.479,3.3604,3.2911,1496,281,2.408
mall,2356,101,0.7298,0.2099,3.4607,2.7114,3.0693,1743,267,2.806
east,3730,161,1.1554,0.3346,3.4431,3.2312,3.0385,2629,300,4.232
bottles,3817,165,1.1824,0.3429,3.4383,2.87,2.9342,2483,276,3.997
automatic,1388,60,0.43,0.1247,3.421,2.6959,4.2267,1091,255,1.756
straight,15951,695,4.9412,1.4443,3.4187,3.3339,3.229,10048,334,16.174
westside,1293,56,0.4005,0.1164,3.4125,2.6877,4.0307,744,168,1.198
lit,3734,163,1.1567,0.3387,3.4047,3.0365,2.4724,2275,297,3.662
gun,12000,525,3.7173,1.091,3.404,3.2507,3.332,7437,328,11.971
bars,3344,146,1.0359,0.3034,3.4029,3.3327,3.5394,2475,288,3.984
game,28917,1273,8.9577,2.6455,3.3847,3.1459,3.2046,15920,337,25.627
beast,2257,99,0.6992,0.2057,3.3819,2.9575,2.9148,1684,275,2.711
hah,2705,119,0.8379,0.2473,3.3747,3.3383,2.8895,1219,234,1.962
smoked,1685,74,0.522,0.1538,3.3723,3.0032,4.1347,1232,258,1.983
dollar,6567,290,2.0343,0.6027,3.3699,3.0322,3.4899,4143,320,6.669
screamin,2217,98,0.6868,0.2037,3.3557,2.9448,3.0456,1685,282,2.712
thang,6082,270,1.884,0.5611,3.3518,3.1423,3.6366,3147,283,5.066
jumped,1628,72,0.5043,0.1496,3.3482,2.5519,2.6562,1275,257,2.052
jones,1850,82,0.5731,0.1704,3.3434,3.1301,3.3005,910,222,1.465
dogs,2810,125,0.8705,0.2598,3.3381,3.0484,2.6928,1946,291,3.132
pop,18186,814,5.6335,1.6916,3.3283,3.0679,3.5322,9268,336,14.919
steppin,1282,57,0.3971,0.1185,3.3247,2.8446,3.2718,1033,259,1.663
yup,2654,119,0.8221,0.2473,3.3111,2.6535,2.8069,1240,238,1.996
c,8044,362,2.4918,0.7523,3.3079,3.4119,3.5611,4955,321,7.976
gettin,21409,965,6.6319,2.0054,3.3053,3.834,3.3497,11532,337,18.563
check,19380,874,6.0034,1.8163,3.3034,3.3326,3.2534,10127,336,16.302
p,9921,454,3.0732,0.9435,3.2539,3.1661,4.1867,5611,330,9.032
slide,4196,192,1.2998,0.399,3.2495,3.0413,2.8457,2539,311,4.087
miami,1514,69,0.469,0.1434,3.2482,2.7995,3.3396,1181,252,1.901
chevy,1770,81,0.5483,0.1683,3.2381,3.2936,3.1806,1202,204,1.935
actin,3873,178,1.1997,0.3699,3.2346,3.3565,3.2964,2728,310,4.391
bill,2504,115,0.7757,0.239,3.2322,2.7178,3.1608,1822,298,2.933
drip,2907,134,0.9005,0.2785,3.2222,2.9993,3.2251,1175,232,1.891
cell,2145,99,0.6645,0.2057,3.2141,2.4274,2.7449,1754,282,2.823
chorus,6106,283,1.8915,0.5881,3.2107,2.5379,2.4846,2342,291,3.77
drop,18237,847,5.6493,1.7602,3.2076,3.1539,2.8964,10538,336,16.963
clown,1623,75,0.5028,0.1559,3.2053,2.9268,3.03,1322,277,2.128
rollin,7275,338,2.2536,0.7024,3.2038,3.0046,2.9662,3722,312,5.991
throat,2029,94,0.6285,0.1953,3.2012,2.4526,3.0264,1711,286,2.754
bone,4365,203,1.3522,0.4219,3.1976,3.1113,2.8405,2056,293,3.31
cum,1380,64,0.4275,0.133,3.1903,2.5343,2.8493,970,232,1.561
pocket,4760,222,1.4745,0.4614,3.1892,2.9033,2.7397,3222,317,5.186
serve,2122,99,0.6573,0.2057,3.1797,2.8014,4.0548,1671,283,2.69
these,68858,3229,21.3302,6.7104,3.1782,3.0629,2.9054,28103,338,45.238
nine,5808,272,1.7992,0.5653,3.1773,2.7986,2.9829,4022,324,6.474
eating,1926,90,0.5966,0.187,3.1731,2.5013,2.934,1633,270,2.629
pants,2805,132,0.8689,0.2743,3.1561,2.8578,3.2303,2201,303,3.543
kill,15558,736,4.8194,1.5295,3.1489,3.0886,2.9371,9154,332,14.735
gon,48993,2322,15.1766,4.8255,3.1444,2.9556,3.0394,19666,331,31.657
numbers,1950,92,0.6041,0.1912,3.1431,2.5601,2.4447,1449,263,2.332
belly,1275,60,0.395,0.1247,3.1426,2.3813,2.8383,874,251,1.407
daily,1338,63,0.4145,0.1309,3.142,2.2944,2.8469,1089,250,1.753
baddest,1524,72,0.4721,0.1496,3.1344,2.5536,3.3939,1019,263,1.64
you's,1817,86,0.5629,0.1787,3.132,2.9522,2.9437,1106,246,1.78
style,7173,341,2.222,0.7087,3.1311,2.9266,2.8558,4871,323,7.841
them,86128,4147,26.68,8.6182,3.0954,3.0293,2.8245,31972,337,51.466
kid,8265,399,2.5603,0.8292,3.084,2.9591,2.9482,5664,329,9.117
fold,1787,86,0.5536,0.1787,3.0803,3.6983,3.3416,1284,270,2.067
records,2076,100,0.6431,0.2078,3.0798,2.6372,2.8809,1713,267,2.757
riding,5103,247,1.5808,0.5133,3.0736,2.7481,2.6164,3159,298,5.085
hit,42331,2056,13.1129,4.2727,3.0683,3.0226,2.9825,22357,338,35.988
public,1655,80,0.5127,0.1663,3.0654,2.4672,2.6303,1328,278,2.138
switch,4485,218,1.3893,0.453,3.06,2.8097,3.341,3152,315,5.074
eat,10520,514,3.2588,1.0682,3.048,3.0754,2.8678,7171,334,11.543
screw,1254,61,0.3885,0.1268,3.0406,2.548,2.6724,861,224,1.386
thou,1253,61,0.3881,0.1268,3.0381,2.789,2.8936,824,214,1.326
rubber,1836,90,0.5687,0.187,3.0248,2.7708,2.8049,1352,267,2.176
plenty,2626,129,0.8135,0.2681,3.0232,2.55,2.5427,1822,287,2.933
rocks,3150,155,0.9758,0.3221,3.02,2.8687,2.8719,2487,302,4.003
cream,2803,138,0.8683,0.2868,3.0172,2.681,3.0397,1917,298,3.086
action,2173,107,0.6731,0.2224,3.0138,2.9502,2.5229,1581,297,2.545
yea,7868,392,2.4373,0.8146,2.9882,2.8407,3.3535,2923,294,4.705
aim,2248,112,0.6964,0.2328,2.9792,2.4205,3.1048,1745,286,2.809
stomach,1625,81,0.5034,0.1683,2.973,2.6376,2.7016,1466,262,2.36
knockin,1245,62,0.3857,0.1288,2.9705,2.3798,2.4283,868,245,1.397
gas,4289,216,1.3286,0.4489,2.9533,2.7465,2.5918,2897,315,4.663
goddamn,3298,167,1.0216,0.3471,2.9354,2.8636,2.7284,1763,265,2.838
talkin,15586,793,4.8281,1.648,2.9279,2.8339,2.9859,8969,334,14.437
b,12416,632,3.8461,1.3134,2.9262,2.9299,2.6814,6725,334,10.825
order,2208,112,0.684,0.2328,2.9262,2.5026,2.591,1704,297,2.743
zone,3815,194,1.1818,0.4032,2.9241,2.5187,2.7923,2601,309,4.187
coast,3674,187,1.1381,0.3886,2.9212,2.7907,2.6586,2069,289,3.33
grip,2415,123,0.7481,0.2556,2.9154,2.5128,2.611,1892,293,3.046
fore,2805,143,0.8689,0.2972,2.9142,2.5963,3.0039,2209,286,3.556
purple,3183,163,0.986,0.3387,2.9023,2.6116,2.756,2013,260,3.24
choke,1292,66,0.4002,0.1372,2.8971,2.6729,2.6555,1017,251,1.637
whoever,1443,74,0.447,0.1538,2.8881,2.5168,3.187,1120,257,1.803
legend,1345,69,0.4166,0.1434,2.8857,2.2741,3.3419,1012,243,1.629
pole,1866,96,0.578,0.1995,2.8831,2.1288,2.7319,1106,245,1.78
bills,2406,124,0.7453,0.2577,2.8812,2.4625,2.4568,1843,301,2.967
mc,2301,119,0.7128,0.2473,2.8708,2.5498,2.5406,1506,235,2.424
flows,1761,91,0.5455,0.1891,2.8696,2.4724,2.9141,1450,259,2.334
couple,9069,472,2.8093,0.9809,2.8611,2.9288,2.4028,6249,319,10.059
partner,1766,92,0.5471,0.1912,2.8466,2.3974,3.2241,1329,247,2.139
struggle,1974,103,0.6115,0.2141,2.8436,2.3417,2.1002,1429,260,2.3
box,4043,212,1.2524,0.4406,2.8363,2.6139,2.4951,2967,313,4.776
yellow,3467,182,1.074,0.3782,2.8321,2.2125,2.429,2225,283,3.582
position,1621,85,0.5021,0.1766,2.8269,2.3569,2.4739,1340,273,2.157
lap,1639,86,0.5077,0.1787,2.8252,2.5676,2.4927,1207,265,1.943
tip,3013,159,0.9333,0.3304,2.8162,2.5302,2.4638,2144,317,3.451
bae,1404,74,0.4349,0.1538,2.8101,2.2743,2.0191,718,129,1.156
strip,2780,147,0.8612,0.3055,2.8099,2.2677,2.8743,2036,285,3.277
bus,2383,126,0.7382,0.2619,2.8086,2.4238,2.3139,1715,291,2.761
mixed,1288,68,0.399,0.1413,2.8038,2.3885,2.5621,1075,243,1.73
jack,3332,177,1.0322,0.3678,2.7985,2.4754,2.4217,2463,313,3.965
freeze,1371,73,0.4247,0.1517,2.7814,2.1459,3.4368,1048,262,1.687
nose,2897,155,0.8974,0.3221,2.7775,2.4251,2.3026,2265,307,3.646
wet,6362,342,1.9708,0.7107,2.769,2.7114,2.2492,3773,320,6.073
pack,5721,309,1.7722,0.6422,2.7555,2.8376,2.5634,4080,328,6.568
throwin,2665,144,0.8255,0.2993,2.7496,3.3784,3.5261,1843,289,2.967
pair,1572,85,0.487,0.1766,2.7415,2.4609,2.3154,1307,263,2.104
top,21338,1160,6.6099,2.4107,2.7408,2.5656,2.5834,12607,336,20.294
rolls,2257,123,0.6992,0.2556,2.7247,2.5173,2.9046,1610,255,2.592
kicks,1319,72,0.4086,0.1496,2.7129,1.8372,2.7916,1096,256,1.764
doe,1534,84,0.4752,0.1746,2.7069,2.2074,3.1946,898,234,1.446
cup,4402,242,1.3636,0.5029,2.7061,2.5131,2.2833,2761,301,4.444
drug,3660,202,1.1338,0.4198,2.6945,2.4516,2.6202,2468,305,3.973
mo,6291,349,1.9488,0.7253,2.6833,2.5909,3.8977,3184,311,5.125
slippin,1462,81,0.4529,0.1683,2.6748,2.1201,2.8328,1078,260,1.735
chick,4977,277,1.5417,0.5757,2.6737,2.4663,2.7663,3268,297,5.261
tone,1477,82,0.4575,0.1704,2.6695,2.3397,2.3519,1140,269,1.835
month,1471,82,0.4557,0.1704,2.6587,2.2275,2.153,1141,255,1.837
click,3271,183,1.0133,0.3803,2.6575,2.4396,4.0224,2155,282,3.469
everytime,1485,83,0.46,0.1725,2.6518,1.9363,2.2152,1066,261,1.716
bounce,5304,298,1.643,0.6193,2.6489,2.4106,2.6195,1985,304,3.195
that'll,3580,201,1.109,0.4177,2.6487,2.6245,2.7573,2660,297,4.282
lane,2980,168,0.9231,0.3491,2.6366,2.5446,2.6458,2051,288,3.302
funky,2555,144,0.7915,0.2993,2.6361,2.3696,2.4431,1176,218,1.893
jumpin,1809,102,0.5604,0.212,2.6314,2.0145,2.1285,1257,269,2.023
named,1804,102,0.5588,0.212,2.6242,1.8708,2.6758,1379,276,2.22
sayin,8994,511,2.7861,1.0619,2.6211,2.6553,2.3958,5393,331,8.681
club,14602,830,4.5233,1.7249,2.6209,2.6346,2.7016,7980,331,12.845
big,36510,2079,11.3098,4.3205,2.6171,2.6181,2.5246,17797,337,28.648
chicken,2267,129,0.7023,0.2681,2.61,2.1771,2.3998,1677,283,2.699
liquor,3381,193,1.0473,0.4011,2.6049,2.5049,2.3368,2546,294,4.098
toast,1737,99,0.5381,0.2057,2.6029,1.91,2.4037,1305,256,2.101
shook,1333,76,0.4129,0.1579,2.5983,2.1403,2.2074,999,261,1.608
i'ma,28571,1640,8.8505,3.4082,2.5961,2.5425,2.4701,11893,328,19.144
violence,1288,74,0.399,0.1538,2.578,2.0123,2.5315,965,234,1.553
sipping,1559,90,0.4829,0.187,2.5686,2.0635,2.3582,1153,245,1.856
dime,2651,154,0.8212,0.32,2.5581,2.1396,2.2319,2039,306,3.282
rockin,3250,189,1.0068,0.3928,2.5568,2.381,3.0602,2203,302,3.546
load,2043,119,0.6329,0.2473,2.549,2.3322,2.3808,1443,264,2.323
west,5275,308,1.634,0.6401,2.549,2.7003,2.3707,3285,307,5.288
prison,1564,91,0.4845,0.1891,2.5487,2.0968,2.5555,1327,247,2.136
f,5444,318,1.6864,0.6609,2.548,2.4828,3.1195,2485,302,4.0
type,7563,442,2.3428,0.9186,2.5478,2.584,2.6063,5067,331,8.156
building,2399,140,0.7431,0.2909,2.5457,2.0459,2.5592,1758,279,2.83
tank,1251,73,0.3875,0.1517,2.5381,2.0921,2.1665,946,248,1.523
level,2720,160,0.8426,0.3325,2.5266,2.4144,2.2027,1863,287,2.999
bags,3051,180,0.9451,0.3741,2.52,2.2789,2.3064,2147,288,3.456
system,2118,125,0.6561,0.2598,2.5162,2.2622,2.1855,1598,283,2.572
mission,2128,126,0.6592,0.2619,2.5081,2.1226,2.0254,1775,299,2.857
finished,1386,82,0.4293,0.1704,2.5051,1.8739,2.1943,1086,272,1.748
tripping,1533,91,0.4749,0.1891,2.4982,1.995,2.1426,1083,228,1.743
third,1729,103,0.5356,0.2141,2.4908,2.2156,2.1969,1444,280,2.324
knowin,1627,97,0.504,0.2016,2.4881,2.5801,2.4132,1304,260,2.099
park,3495,209,1.0827,0.4343,2.487,2.4046,2.0586,2696,319,4.34
chill,4700,282,1.4559,0.586,2.4802,2.2664,2.8602,3220,323,5.183
sip,3158,191,0.9783,0.3969,2.4585,2.0468,2.1097,2202,299,3.545
school,8009,487,2.481,1.0121,2.449,2.4304,2.3379,5882,333,9.468
dip,2521,153,0.7809,0.318,2.4486,2.3699,2.5157,1418,285,2.283
askin,1813,110,0.5616,0.2286,2.4463,2.3846,2.2699,1448,278,2.331
ate,1337,81,0.4142,0.1683,2.4462,1.9574,2.2241,1157,272,1.862
drank,2581,157,0.7995,0.3263,2.4432,2.3503,1.8407,1342,228,2.16
e,9600,586,2.9738,1.2178,2.44,2.5028,2.8432,5107,329,8.221
they,192790,11784,59.7208,24.4892,2.4386,2.4402,2.3214,45636,338,73.461
tour,1953,119,0.605,0.2473,2.4367,1.9326,2.1067,1662,276,2.675
shakin,1296,79,0.4015,0.1642,2.4309,2.0509,2.191,906,252,1.458
north,2450,150,0.7589,0.3117,2.427,2.1714,2.543,1594,283,2.566
brothers,3828,235,1.1858,0.4884,2.4232,2.4969,2.2797,2621,298,4.219
roof,3128,192,0.969,0.399,2.4225,2.0608,1.9754,2162,299,3.48
flavor,1356,83,0.42,0.1725,2.4215,2.1844,2.6913,885,233,1.425
pills,2752,169,0.8525,0.3512,2.4206,2.4165,2.0951,1815,249,2.922
tryna,25269,1557,7.8276,3.2357,2.4184,2.4793,2.0736,12264,320,19.741
heads,2325,143,0.7202,0.2972,2.4156,2.1046,2.208,1834,292,2.952
forty,2130,131,0.6598,0.2722,2.415,2.892,2.21,1571,283,2.529
none,5739,355,1.7778,0.7378,2.4065,2.4094,2.1497,3999,325,6.437
famous,2413,149,0.7475,0.3096,2.4064,2.1179,2.2105,1590,256,2.559
business,6488,402,2.0098,0.8354,2.4029,2.2198,2.4743,4546,321,7.318
ugly,2112,131,0.6542,0.2722,2.3946,2.0782,2.0093,1369,272,2.204
pass,8476,529,2.6256,1.0994,2.3862,2.34,1.9444,5484,332,8.828
brick,4377,273,1.3559,0.5673,2.3858,2.3621,2.1022,2650,281,4.266
brain,5861,366,1.8156,0.7606,2.3839,2.2613,2.1804,4436,327,7.141
pull,21093,1323,6.534,2.7494,2.3757,2.374,2.3977,11621,335,18.706
black,24171,1517,7.4875,3.1526,2.3743,2.3414,2.5689,12714,336,20.466
women,5099,320,1.5795,0.665,2.3717,2.2413,2.1777,3590,319,5.779
super,4413,277,1.367,0.5757,2.3707,2.2442,2.1211,2622,307,4.221
um,2182,137,0.6759,0.2847,2.366,2.3558,1.7905,1112,249,1.79
lemme,1610,101,0.4987,0.2099,2.3651,1.9246,1.9463,847,233,1.363
underground,1746,110,0.5409,0.2286,2.3559,1.9028,2.2085,1235,231,1.988
ya,64894,4115,20.1023,8.5517,2.3504,2.2883,2.5486,18574,338,29.899
blow,13528,858,4.1906,1.7831,2.3489,2.1388,2.5038,8531,334,13.732
ten,7364,467,2.2812,0.9705,2.3481,2.2152,2.1089,4956,334,7.978
swallow,1707,108,0.5288,0.2244,2.3458,1.9656,2.2144,1405,287,2.262
corner,4617,294,1.4302,0.611,2.3371,2.229,1.9563,3360,313,5.409
twelve,1331,85,0.4123,0.1766,2.3213,1.8925,2.0037,1036,259,1.668
beats,3520,226,1.0904,0.4697,2.3168,2.0181,2.6594,2767,304,4.454
nah,10809,696,3.3483,1.4464,2.3134,1.9947,2.4517,5205,322,8.379
n,10011,645,3.1011,1.3404,2.3119,2.3909,2.1493,4485,326,7.22
stick,6880,444,2.1312,0.9227,2.3073,2.3373,2.1811,4569,331,7.355
street,12882,833,3.9905,1.7311,2.3038,2.1502,2.2949,8167,336,13.146
vibe,2368,153,0.7335,0.318,2.3,2.3037,1.8288,1344,262,2.163
broke,12309,798,3.813,1.6584,2.2979,2.2821,2.1436,8014,332,12.9
attack,1716,111,0.5316,0.2307,2.2947,2.0511,2.3668,1312,257,2.112
takin,5179,336,1.6043,0.6983,2.2944,2.5968,2.3164,3752,321,6.04
add,1591,103,0.4928,0.2141,2.2921,2.0119,2.0758,1108,261,1.784
sucker,1637,106,0.5071,0.2203,2.2919,1.8351,2.9557,1238,269,1.993
doin,10471,682,3.2436,1.4173,2.287,2.513,2.0875,6413,334,10.323
james,1434,93,0.4442,0.1933,2.2869,1.8537,2.133,1076,259,1.732
young,24911,1624,7.7167,3.375,2.2858,2.2292,2.2619,12878,337,20.73
owe,2259,147,0.6998,0.3055,2.2834,2.1373,2.1039,1614,273,2.598
fake,7343,479,2.2747,0.9954,2.2828,2.2971,2.2565,5063,331,8.15
tryin,10594,692,3.2817,1.4381,2.2804,2.4576,2.19,6204,322,9.987
trip,4312,284,1.3357,0.5902,2.2595,2.152,2.0763,3013,316,4.85
bang,12233,810,3.7894,1.6833,2.2499,1.9053,2.922,4078,318,6.564
ayo,2714,180,0.8407,0.3741,2.2417,2.0101,2.6608,1491,218,2.4
claim,1811,120,0.561,0.2494,2.2408,1.9837,2.0673,1454,293,2.341
thirty,2708,180,0.8389,0.3741,2.2367,2.4261,2.0989,1929,287,3.105
folks,2851,190,0.8832,0.3949,2.2312,2.0718,1.7742,2129,291,3.427
locked,3765,252,1.1663,0.5237,2.2229,2.166,1.9659,2903,312,4.673
shot,10908,731,3.379,1.5191,2.2228,2.0846,2.3562,7263,332,11.691
shop,2363,158,0.732,0.3284,2.2227,1.9255,2.4008,1878,301,3.023
yuh,2317,155,0.7177,0.3221,2.2215,1.9893,1.8201,608,156,0.979
keepin,1808,121,0.5601,0.2515,2.2187,2.1295,2.2948,1262,270,2.031
metal,1254,84,0.3885,0.1746,2.213,1.8559,2.8336,1050,245,1.69
size,1487,100,0.4606,0.2078,2.2062,1.9603,2.22,1284,277,2.067
stage,2741,185,0.8491,0.3845,2.2029,2.0494,1.8918,2162,311,3.48
havin,2961,200,0.9172,0.4156,2.2017,2.1874,2.1116,2088,303,3.361
kick,7843,531,2.4295,1.1035,2.1997,2.053,2.283,5433,331,8.746
catch,13913,944,4.3098,1.9618,2.1958,2.1432,2.0994,8979,334,14.454
damn,25329,1719,7.8462,3.5724,2.1958,2.2382,2.1263,13288,335,21.39
stretch,1358,92,0.4207,0.1912,2.1892,1.8503,2.3187,985,254,1.586
five,9138,622,2.8307,1.2926,2.1882,2.1987,1.9459,6168,329,9.929
case,5251,358,1.6266,0.744,2.1835,2.2356,2.2089,4069,323,6.55
extra,2830,193,0.8767,0.4011,2.1804,2.0579,2.5463,1873,295,3.015
kitchen,3400,232,1.0532,0.4821,2.1801,2.1843,1.9848,2541,293,4.09
w,2239,153,0.6936,0.318,2.1747,2.5236,1.5331,1291,278,2.078
state,4220,289,1.3072,0.6006,2.1731,1.9985,2.0552,3054,310,4.916
whole,21522,1478,6.6669,3.0715,2.1699,2.1349,2.0461,12996,336,20.92
loaded,1884,129,0.5836,0.2681,2.1691,1.9143,1.8737,1131,259,1.821
buy,8708,598,2.6975,1.2428,2.1689,2.2401,1.9353,5759,331,9.27
clean,5199,358,1.6105,0.744,2.1619,2.0689,1.6911,3578,326,5.76
witness,1586,109,0.4913,0.2265,2.1597,1.8566,2.1719,1361,277,2.191
store,3020,208,0.9355,0.4323,2.1594,2.0322,1.9077,2396,305,3.857
michael,1743,121,0.5399,0.2515,2.139,1.8506,1.8256,1408,262,2.266
soft,2977,207,0.9222,0.4302,2.1389,2.1441,1.8664,2423,313,3.9
hi,1757,122,0.5443,0.2535,2.1385,2.0178,1.6276,1050,269,1.69
lot,17537,1226,5.4325,2.5478,2.1314,2.1336,1.8826,9874,335,15.894
knock,5735,401,1.7765,0.8333,2.1293,1.8948,2.0255,3566,321,5.74
drippin,1460,102,0.4523,0.212,2.1239,1.9708,2.0879,921,225,1.483
snap,1431,100,0.4433,0.2078,2.1232,1.8597,2.3918,907,252,1.46
hat,1995,140,0.618,0.2909,2.1171,2.1279,1.9612,1662,293,2.675
rent,1508,106,0.4671,0.2203,2.1113,1.9486,1.8346,1247,267,2.007
freaky,1758,124,0.5446,0.2577,2.1054,1.6596,1.8475,1037,251,1.669
mad,12432,881,3.8511,1.8309,2.1023,2.1077,2.0992,7729,337,12.441
million,8109,576,2.5119,1.197,2.0968,1.9893,2.058,5216,326,8.396
killer,2972,211,0.9206,0.4385,2.0949,1.8649,2.3,2101,281,3.382
wood,1959,139,0.6068,0.2889,2.0938,1.8198,1.8527,1482,266,2.386
pool,1481,105,0.4588,0.2182,2.0932,1.7878,1.769,1236,269,1.99
fist,1320,94,0.4089,0.1953,2.0829,1.6574,2.0111,997,250,1.605
probably,7911,568,2.4506,1.1804,2.0744,1.9795,1.9021,5610,320,9.03
white,14960,1080,4.6342,2.2444,2.0639,2.0712,1.9941,9089,333,14.631
eight,2966,214,0.9188,0.4447,2.0615,2.0711,2.1161,2278,300,3.667
war,7110,514,2.2025,1.0682,2.06,1.8898,1.6494,4140,309,6.664
shows,2781,201,0.8615,0.4177,2.0576,1.7877,1.6798,2273,305,3.659
full,12294,891,3.8083,1.8517,2.0556,2.0216,1.8696,8365,334,13.465
rolled,1742,126,0.5396,0.2619,2.0532,1.7541,1.5992,1346,271,2.167
clap,4027,292,1.2474,0.6068,2.0524,1.8362,2.4337,1650,294,2.656
frame,1300,94,0.4027,0.1953,2.0513,1.8118,1.8345,1115,267,1.795
knocked,1256,91,0.3891,0.1891,2.0469,1.6594,1.893,1025,259,1.65
flat,1541,112,0.4774,0.2328,2.0424,1.8004,1.865,1280,281,2.06
afford,1375,100,0.4259,0.2078,2.0401,1.6541,2.1189,1141,259,1.837
drama,3369,246,1.0436,0.5112,2.0375,1.8986,2.0167,2542,299,4.092
s,14954,1096,4.6323,2.2777,2.0329,2.0574,2.5615,8527,336,13.726
steel,1873,137,0.5802,0.2847,2.031,1.656,2.1982,1529,272,2.461
house,16694,1228,5.1713,2.552,2.0256,2.1224,1.777,9812,335,15.794
lyin,2097,154,0.6496,0.32,2.0236,2.0767,1.6926,1465,281,2.358
fools,1918,141,0.5941,0.293,2.021,1.876,1.7644,1498,262,2.411
throwing,1943,143,0.6019,0.2972,2.0188,1.7408,1.8464,1423,262,2.291
joke,1765,130,0.5467,0.2702,2.0166,1.8817,1.6617,1386,300,2.231
grab,5223,386,1.6179,0.8022,2.0145,1.895,2.1653,3878,329,6.242
givin,3249,240,1.0064,0.4988,2.014,1.9116,1.9746,2410,314,3.879
makin,6321,469,1.9581,0.9747,2.007,2.0906,2.1607,4510,335,7.26
babies,1729,128,0.5356,0.266,2.0062,1.6406,1.7687,1339,273,2.155
doors,3101,230,0.9606,0.478,2.0057,1.8832,1.6029,2205,305,3.549
mom,2655,197,0.8224,0.4094,2.0042,1.9138,1.6684,2041,287,3.285
ain't,169151,12629,52.3981,26.2453,1.9964,2.0286,2.0647,45512,337,73.261
couch,1530,114,0.474,0.2369,1.9924,1.7048,1.5619,1204,250,1.938
yep,1463,109,0.4532,0.2265,1.9922,1.4521,1.9697,766,213,1.233
text,1608,120,0.4981,0.2494,1.9897,1.7645,1.7185,1214,216,1.954
bout,37995,2848,11.7698,5.9187,1.9883,1.9855,1.9338,18496,336,29.773
city,14651,1102,4.5385,2.2902,1.9809,1.8721,1.7541,8488,335,13.663
pill,1810,136,0.5607,0.2826,1.9771,1.8732,1.8743,1330,247,2.141
real,50316,3793,15.5865,7.8825,1.9771,2.0002,1.9424,22507,337,36.23
either,3385,255,1.0486,0.5299,1.9751,1.7318,1.9446,2577,311,4.148
deal,6405,483,1.9841,1.0038,1.9748,2.0554,2.141,4757,333,7.657
mud,1423,107,0.4408,0.2224,1.9738,1.7914,1.7467,941,220,1.515
winning,1352,102,0.4188,0.212,1.9669,1.6778,1.7764,833,225,1.341
family,6969,528,2.1588,1.0973,1.9657,2.0041,1.7638,4672,324,7.521
kids,8259,626,2.5584,1.3009,1.9651,1.8919,2.0195,5903,333,9.502
six,7138,542,2.2111,1.1264,1.9614,1.8906,1.9713,4993,327,8.037
u,7274,553,2.2533,1.1492,1.959,1.6819,2.1946,2659,306,4.28
hot,16973,1298,5.2577,2.6975,1.9484,1.9973,1.941,9570,338,15.405
walkin,3283,251,1.017,0.5216,1.9461,2.0655,1.7492,2345,311,3.775
son,8031,615,2.4878,1.2781,1.945,1.9751,2.0264,5354,327,8.618
plane,2221,170,0.688,0.3533,1.9421,1.6589,1.6793,1684,283,2.711
death,6921,531,2.1439,1.1035,1.9411,1.8537,1.8973,4796,318,7.72
man,79343,6116,24.5782,12.7101,1.9336,1.9171,1.936,29322,338,47.2
twenty,4970,383,1.5396,0.7959,1.9319,2.1246,1.8188,3454,320,5.56
livin,8452,652,2.6182,1.355,1.9309,2.0875,1.8737,5087,322,8.189
nasty,3231,249,1.0009,0.5175,1.9306,1.886,1.6132,1656,284,2.666
talking,12665,978,3.9233,2.0325,1.9294,1.7999,1.7688,7522,332,12.108
chose,1493,115,0.4625,0.239,1.9274,1.6517,1.6837,1131,270,1.821
lookin,13316,1030,4.1249,2.1405,1.9262,1.9695,1.9301,8060,336,12.974
huh,24780,1919,7.6761,3.988,1.9243,2.1787,2.0514,8462,333,13.621
law,2734,213,0.8469,0.4427,1.9091,1.8354,1.9797,2013,290,3.24
jumping,1273,99,0.3943,0.2057,1.9078,1.507,1.5301,846,227,1.362
stress,2423,189,0.7506,0.3928,1.9063,1.629,1.6276,1900,304,3.058
front,9935,777,3.0776,1.6147,1.9048,1.8789,1.7748,6916,337,11.133
blew,1871,146,0.5796,0.3034,1.9042,1.6754,1.7627,1498,284,2.411
feed,2723,213,0.8435,0.4427,1.9015,1.7151,1.7412,2150,306,3.461
doctor,1584,124,0.4907,0.2577,1.8971,1.6059,1.6591,1245,266,2.004
send,6432,505,1.9924,1.0495,1.8968,1.8356,1.8921,4784,330,7.701
fan,2080,163,0.6443,0.3387,1.8967,1.6744,1.6657,1564,281,2.518
cut,10502,827,3.2532,1.7187,1.8918,1.8998,1.7525,7366,334,11.857
bodies,2059,162,0.6378,0.3367,1.8892,1.6966,1.5757,1520,271,2.447
daughter,2198,173,0.6809,0.3595,1.8888,1.6354,2.0021,1734,284,2.791
off,68435,5409,21.1992,11.2409,1.8857,1.8913,1.8314,29756,338,47.899
grew,2230,176,0.6908,0.3658,1.8837,1.7452,1.5409,1698,278,2.733
movie,3358,266,1.0402,0.5528,1.8785,1.7488,1.629,2477,299,3.987
throw,13954,1108,4.3225,2.3026,1.8765,1.9203,1.8451,7928,334,12.762
outta,6310,501,1.9547,1.0412,1.8756,1.8003,1.9916,4216,326,6.787
weight,3262,259,1.0105,0.5382,1.874,1.8833,1.887,2448,300,3.941
roll,16856,1342,5.2215,2.7889,1.8716,1.6931,1.8353,9307,335,14.982
its,11316,906,3.5054,1.8828,1.8608,1.6886,1.7516,5824,324,9.375
layin,1300,104,0.4027,0.2161,1.855,2.0356,1.7694,1078,250,1.735
act,9142,735,2.8319,1.5275,1.8529,1.7807,1.7589,6164,337,9.922
brother,6988,563,2.1647,1.17,1.8486,1.9776,1.7829,4774,326,7.685
test,3018,243,0.9349,0.505,1.8478,1.6296,1.7762,2436,307,3.921
keys,3154,254,0.977,0.5279,1.8476,1.7398,1.5427,2281,305,3.672
goin,16049,1296,4.9715,2.6933,1.8452,1.8643,1.6743,8209,336,13.214
aw,1798,145,0.557,0.3013,1.8425,1.5195,1.4219,887,234,1.428
car,12709,1031,3.9369,2.1426,1.8366,1.7967,1.6752,8695,335,13.996
jungle,1532,124,0.4746,0.2577,1.8348,1.6348,2.1865,1114,251,1.793
heat,5664,461,1.7545,0.958,1.8296,1.7662,2.0394,4350,323,7.002
steady,2909,237,0.9011,0.4925,1.8261,1.7293,1.8526,2056,298,3.31
track,5041,414,1.5616,0.8604,1.813,1.7428,2.0747,4038,325,6.5
mouth,9443,778,2.9252,1.6168,1.8081,1.7537,1.7393,6479,333,10.429
mix,3159,261,0.9786,0.5424,1.801,1.6106,2.0106,2298,310,3.699
seein,1370,113,0.4244,0.2348,1.7999,2.1812,1.9022,1088,265,1.751
course,1900,157,0.5886,0.3263,1.7986,1.7302,1.6493,1563,288,2.516
waist,1670,138,0.5173,0.2868,1.7979,1.6854,1.7363,1346,263,2.167
trapped,1364,113,0.4225,0.2348,1.792,1.5287,1.3796,937,236,1.508
flash,1399,116,0.4334,0.2411,1.7906,1.5567,1.5287,1146,270,1.845
date,1944,162,0.6022,0.3367,1.7837,1.6672,1.5802,1562,295,2.514
toe,1597,133,0.4947,0.2764,1.7837,1.626,1.6778,1213,282,1.953
spark,1369,114,0.4241,0.2369,1.7829,1.5858,1.6473,1112,240,1.79
yard,1333,111,0.4129,0.2307,1.7827,1.5769,1.7536,1120,253,1.803
po,2085,174,0.6459,0.3616,1.7814,1.8617,3.5758,1149,240,1.85
smell,3865,323,1.1973,0.6713,1.7811,1.7203,1.7072,2840,314,4.572
rule,1713,143,0.5306,0.2972,1.7799,1.4334,2.0024,1101,257,1.772
t,9751,818,3.0206,1.6999,1.7759,1.9593,1.8282,5631,327,9.064
everyday,4686,393,1.4516,0.8167,1.7753,1.5204,1.8076,3014,315,4.852
green,7092,595,2.1969,1.2365,1.7753,1.8376,1.9311,4925,327,7.928
shirt,2816,236,0.8723,0.4904,1.7752,1.6528,1.5106,2107,289,3.392
ran,4328,363,1.3407,0.7544,1.775,1.6873,1.5825,3157,319,5.082
flight,2195,184,0.6799,0.3824,1.7738,1.589,1.7138,1727,295,2.78
sittin,3979,334,1.2326,0.6941,1.7733,1.6308,1.737,2864,315,4.61
chasin,1522,128,0.4715,0.266,1.7661,1.5304,1.8444,1088,250,1.751
john,1852,156,0.5737,0.3242,1.7644,1.7416,1.9815,1339,273,2.155
color,2395,202,0.7419,0.4198,1.7633,1.5829,1.6036,1761,275,2.835
gold,8713,737,2.699,1.5316,1.7611,1.7357,1.7745,5666,331,9.121
dyin,1373,116,0.4253,0.2411,1.7574,1.5451,1.6699,990,236,1.594
watchin,3102,263,0.9609,0.5466,1.7551,1.7662,1.7828,2271,305,3.656
r,6466,549,2.003,1.1409,1.7541,2.0486,1.6236,4083,324,6.572
half,8130,691,2.5184,1.436,1.7526,1.7913,1.7053,5728,328,9.22
workin,3013,256,0.9333,0.532,1.7512,1.7162,1.7979,1873,307,3.015
paint,3177,270,0.9841,0.5611,1.751,1.6407,1.6283,2351,279,3.784
fact,4669,398,1.4463,0.8271,1.7466,1.582,1.8988,3773,329,6.073
acting,2683,229,0.8311,0.4759,1.7429,1.6739,1.6588,2079,304,3.347
pour,3964,339,1.2279,0.7045,1.7406,1.7441,1.642,2356,288,3.792
sleepin,1323,113,0.4098,0.2348,1.7381,1.4944,1.451,972,253,1.565
wife,3639,312,1.1273,0.6484,1.736,1.5981,1.5736,2812,320,4.527
blessed,1868,160,0.5787,0.3325,1.7353,1.6076,1.4888,1453,290,2.339
trash,1448,124,0.4485,0.2577,1.7342,1.59,1.5069,1122,260,1.806
dig,3764,324,1.166,0.6733,1.7292,1.7029,2.2217,2351,307,3.784
pay,10573,912,3.2752,1.8953,1.7272,1.6156,1.7661,7495,334,12.065
worried,2009,173,0.6223,0.3595,1.7264,1.6953,1.4413,1202,248,1.935
problems,3682,318,1.1406,0.6609,1.7234,1.7637,1.4084,2329,304,3.749
some,71622,6236,22.1864,12.9595,1.7119,1.755,1.614,30388,338,48.916
fish,1801,157,0.5579,0.3263,1.705,1.482,1.5068,1427,275,2.297
mention,1376,120,0.4262,0.2494,1.7027,1.6714,1.5445,1157,266,1.862
ay,7299,639,2.261,1.328,1.7014,1.6422,1.8858,2459,296,3.958
tellin,3828,335,1.1858,0.6962,1.701,1.7981,1.6305,2724,306,4.385
raised,2803,247,0.8683,0.5133,1.6884,1.5838,1.4611,2077,285,3.343
smart,1500,132,0.4647,0.2743,1.688,1.5368,1.5884,1225,265,1.972
l,7984,705,2.4732,1.4651,1.687,1.5853,1.73,4330,330,6.97
count,6044,534,1.8723,1.1097,1.6857,1.6552,1.5429,3329,305,5.359
arm,2388,211,0.7397,0.4385,1.6833,1.4604,1.4892,1810,292,2.914
toes,2431,216,0.7531,0.4489,1.6741,1.455,1.5504,1787,292,2.877
hits,2442,217,0.7565,0.451,1.6739,1.7206,1.5459,1949,299,3.137
camera,1568,140,0.4857,0.2909,1.6641,1.6111,1.8375,1195,271,1.924
ok,2405,215,0.745,0.4468,1.6639,1.4767,1.5899,1455,287,2.342
shoes,5057,453,1.5665,0.9414,1.6623,1.5194,1.4678,3801,326,6.119
wicked,1264,113,0.3916,0.2348,1.6607,1.4698,1.7313,812,199,1.307
freak,4688,421,1.4522,0.8749,1.658,1.3969,1.7509,2553,310,4.11
brand,4116,370,1.275,0.7689,1.6561,1.6704,1.646,2606,319,4.195
pulled,3141,283,0.973,0.5881,1.6517,1.652,1.3488,2327,303,3.746
card,1744,157,0.5402,0.3263,1.651,1.5241,1.4462,1388,284,2.234
fame,4126,373,1.2781,0.7752,1.6468,1.5673,1.6008,2908,320,4.681
truck,3982,360,1.2335,0.7481,1.6467,1.6584,1.5952,2960,304,4.765
dinner,1506,136,0.4665,0.2826,1.6451,1.4577,1.4387,1321,272,2.126
runnin,8334,755,2.5816,1.569,1.6444,1.7115,1.6878,5177,326,8.333
came,20621,1870,6.3878,3.8862,1.6433,1.5421,1.4413,12527,337,20.165
dead,12172,1104,3.7705,2.2943,1.6428,1.7043,1.7137,7752,334,12.478
match,1757,159,0.5443,0.3304,1.6425,1.6563,1.5812,1406,282,2.263
king,8035,729,2.489,1.515,1.6419,1.5581,1.9559,5388,325,8.673
four,9940,904,3.0791,1.8787,1.6382,1.7011,1.7584,6626,332,10.666
record,3531,321,1.0938,0.6671,1.6373,1.6339,1.7789,2737,310,4.406
whether,1608,146,0.4981,0.3034,1.6366,1.5274,1.3858,1246,257,2.006
bend,1904,173,0.5898,0.3595,1.6362,1.5292,1.4439,1245,280,2.004
dirty,8203,748,2.5411,1.5545,1.6337,1.5491,1.4833,4384,324,7.057
h,3588,327,1.1115,0.6796,1.6333,1.8417,1.3893,2175,303,3.501
mr,5032,459,1.5588,0.9539,1.6325,1.4183,1.8445,3078,312,4.955
press,1505,137,0.4662,0.2847,1.6321,1.519,1.4509,1177,279,1.895
handle,3562,326,1.1034,0.6775,1.6264,1.5319,1.5528,2666,320,4.291
traffic,1346,123,0.417,0.2556,1.6252,1.3126,1.5382,1044,251,1.681
beat,16233,1494,5.0285,3.1048,1.6191,1.5147,1.8423,10290,338,16.564
proof,1612,148,0.4994,0.3076,1.6186,1.4286,1.5745,1266,267,2.038
class,3153,290,0.9767,0.6027,1.6181,1.5476,1.8081,2579,314,4.151
chains,3216,296,0.9962,0.6151,1.617,1.3286,2.0748,2334,284,3.757
price,2868,264,0.8884,0.5486,1.6165,1.5201,1.4537,2090,296,3.364
legs,2010,185,0.6226,0.3845,1.6155,1.4039,1.3302,1661,292,2.674
thousand,6074,560,1.8816,1.1638,1.6154,1.5431,1.4874,3927,305,6.321
bein,2536,234,0.7856,0.4863,1.6123,1.8366,1.5426,1848,287,2.975
tracks,1629,151,0.5046,0.3138,1.6032,1.321,1.6536,1415,278,2.278
chest,4022,374,1.2459,0.7772,1.601,1.7003,1.5914,3222,317,5.186
relax,1570,146,0.4863,0.3034,1.5979,1.5151,1.4221,1170,270,1.883
hungry,2060,192,0.6381,0.399,1.5955,1.4767,1.4398,1642,275,2.643
grown,3172,297,0.9826,0.6172,1.5895,1.5115,1.4362,2420,307,3.895
leather,1551,145,0.4805,0.3013,1.5895,1.4916,1.7634,1302,256,2.096
dumb,4334,406,1.3425,0.8437,1.5894,1.6378,1.7898,2933,322,4.721
boat,2685,252,0.8317,0.5237,1.5853,1.5128,1.547,1692,272,2.724
bullet,2163,203,0.67,0.4219,1.5847,1.3452,1.8338,1692,274,2.724
watch,21813,2052,6.757,4.2644,1.5842,1.5647,1.5733,12698,336,20.44
serious,1947,183,0.6031,0.3803,1.582,1.6086,1.8527,1359,277,2.188
week,4271,404,1.323,0.8396,1.5741,1.4871,1.4405,3114,318,5.013
vision,2189,207,0.6781,0.4302,1.5728,1.5317,1.4741,1834,289,2.952
short,3054,289,0.946,0.6006,1.5727,1.5777,1.4919,2356,307,3.792
blowing,2377,225,0.7363,0.4676,1.5716,1.3608,1.4441,1702,280,2.74
job,3676,349,1.1387,0.7253,1.568,1.6269,1.3811,2869,319,4.618
field,1684,160,0.5217,0.3325,1.5644,1.4138,1.5116,1290,270,2.077
kicked,1316,125,0.4077,0.2598,1.5636,1.445,1.4188,1090,267,1.755
creep,1868,178,0.5787,0.3699,1.5603,1.6306,1.7377,1391,275,2.239
twist,1676,160,0.5192,0.3325,1.557,1.3729,1.5396,1307,268,2.104
jeans,3388,326,1.0495,0.6775,1.547,1.455,1.4268,2505,301,4.032
plan,4142,399,1.2831,0.8292,1.5456,1.5862,1.4277,3127,319,5.034
unless,2177,210,0.6744,0.4364,1.5419,1.2212,1.5199,1793,293,2.886
rock,15636,1512,4.8436,3.1422,1.541,1.4451,1.702,8371,336,13.475
put,52221,5058,16.1766,10.5114,1.5388,1.5376,1.577,25816,338,41.556
with,255171,24785,79.0447,51.5076,1.5346,1.5308,1.5689,53506,338,86.129
finish,1949,189,0.6037,0.3928,1.5335,1.4139,1.5509,1585,289,2.551
bow,3213,312,0.9953,0.6484,1.5328,1.3774,1.536,1678,283,2.701
uh,53746,5232,16.649,10.873,1.5311,1.6398,1.5208,14195,336,22.85
shooting,1626,158,0.5037,0.3284,1.5296,1.2095,1.568,1281,244,2.062
since,11796,1150,3.6541,2.3899,1.5284,1.5238,1.4099,8567,334,13.79
boo,3305,322,1.0238,0.6692,1.5278,1.229,2.1481,2081,302,3.35
row,1668,163,0.5167,0.3387,1.5211,1.3075,1.6938,1131,261,1.821
few,4611,452,1.4284,0.9393,1.5191,1.4335,1.2981,3553,322,5.719
wow,2521,247,0.7809,0.5133,1.5186,1.5051,1.2679,1148,255,1.848
word,9858,968,3.0537,2.0117,1.5173,1.476,1.4179,6215,333,10.004
heard,14291,1405,4.4269,2.9198,1.5157,1.5095,1.394,9311,335,14.988
drinkin,2598,256,0.8048,0.532,1.5101,1.6376,1.4228,1666,274,2.682
clothes,5832,580,1.8066,1.2053,1.4977,1.4952,1.3586,4225,325,6.801
comin,11418,1136,3.537,2.3608,1.4976,1.6907,1.7269,6892,334,11.094
island,1602,159,0.4963,0.3304,1.4976,1.3626,1.6717,1209,245,1.946
ride,22905,2280,7.0953,4.7382,1.4972,1.4255,1.455,11260,335,18.125
tricks,1299,129,0.4024,0.2681,1.4958,1.4113,1.408,994,259,1.6
bay,1459,145,0.452,0.3013,1.4952,1.1789,1.7633,1054,222,1.697
heavy,3479,347,1.0777,0.7211,1.4925,1.3821,1.3937,2582,309,4.156
ask,12513,1250,3.8762,2.5977,1.4916,1.4801,1.3974,8632,338,13.895
crime,2516,251,0.7794,0.5216,1.4915,1.4046,1.4589,2033,290,3.273
her,90940,9091,28.1706,18.8927,1.491,1.4402,1.3512,24966,337,40.188
ease,1293,129,0.4005,0.2681,1.4889,1.3526,1.3382,936,265,1.507
shout,3754,377,1.1629,0.7835,1.4825,1.4054,1.7204,2434,310,3.918
ceiling,1554,156,0.4814,0.3242,1.4806,1.4966,1.4008,1131,247,1.821
excuse,1483,149,0.4594,0.3096,1.4791,1.3404,1.2149,1086,267,1.748
finger,3047,307,0.9439,0.638,1.4773,1.3785,1.5233,2324,306,3.741
most,7625,769,2.362,1.5981,1.4771,1.46,1.4062,5448,331,8.77
then,61435,6212,19.0308,12.9096,1.474,1.5063,1.383,29370,337,47.277
fed,1604,162,0.4969,0.3367,1.4718,1.2984,1.6302,1291,272,2.078
got,230438,23403,71.3831,48.6356,1.4677,1.4428,1.5018,51815,338,83.407
up,271712,27595,84.1686,57.3473,1.4677,1.4442,1.4437,52900,338,85.154
weak,2909,295,0.9011,0.6131,1.4676,1.366,1.2453,2142,304,3.448
hotter,1304,132,0.4039,0.2743,1.4675,1.2052,1.6335,1017,254,1.637
scene,3566,362,1.1046,0.7523,1.4665,1.3606,1.5503,2752,319,4.43
get,216037,21959,66.9221,45.6347,1.4664,1.4642,1.5584,50223,338,80.844
season,1634,166,0.5062,0.345,1.4633,1.2874,1.3943,1107,264,1.782
closet,1280,130,0.3965,0.2702,1.4626,1.5916,1.4767,937,231,1.508
started,8158,832,2.5271,1.729,1.4608,1.4175,1.3465,5528,333,8.898
re,1999,204,0.6192,0.4239,1.4574,1.5336,1.1535,1286,267,2.07
bite,2419,247,0.7493,0.5133,1.4572,1.4027,1.3395,1882,301,3.029
she,125663,12862,38.9268,26.7295,1.4563,1.4084,1.3079,26794,338,43.131
judge,2367,242,0.7332,0.5029,1.4552,1.4247,1.3722,1720,284,2.769
candy,2769,284,0.8578,0.5902,1.451,1.2605,1.4627,1747,277,2.812
trigger,1872,192,0.5799,0.399,1.4499,1.2369,1.6864,1463,260,2.355
coat,1315,135,0.4073,0.2806,1.4471,1.2236,1.2919,1100,256,1.771
speed,2344,241,0.7261,0.5008,1.4471,1.3584,1.3613,1791,293,2.883
loose,2954,304,0.9151,0.6318,1.4463,1.249,1.5156,2190,320,3.525
that's,80722,8319,25.0054,17.2884,1.4463,1.4464,1.4662,32883,338,52.932
rings,2080,214,0.6443,0.4447,1.4458,1.3173,1.3598,1525,289,2.455
mack,2855,294,0.8844,0.611,1.4453,1.5782,2.1658,1818,268,2.926
went,11460,1185,3.55,2.4626,1.441,1.398,1.3154,8131,335,13.089
evil,2107,218,0.6527,0.453,1.4377,1.3196,1.5654,1558,259,2.508
york,4645,482,1.4389,1.0017,1.4351,1.3576,1.7369,2735,287,4.403
calm,1774,184,0.5495,0.3824,1.4336,1.2944,1.2544,1343,273,2.162
new,34032,3542,10.5421,7.3609,1.432,1.4193,1.447,17600,337,28.331
nothin,13780,1436,4.2686,2.9843,1.4299,1.5693,1.3283,7366,331,11.857
bottom,3790,395,1.174,0.8209,1.4286,1.4066,1.3898,2712,305,4.366
moves,2273,237,0.7041,0.4925,1.4269,1.3266,1.4121,1609,292,2.59
suit,1482,155,0.4591,0.3221,1.4211,1.1803,1.4208,1260,268,2.028
quit,3680,386,1.14,0.8022,1.4194,1.2915,1.2698,2455,305,3.952
two,27165,2864,8.4149,5.9519,1.4136,1.4211,1.3063,15450,338,24.87
soldier,2297,243,0.7115,0.505,1.4064,1.286,1.5911,1381,260,2.223
play,25412,2695,7.8719,5.6007,1.4053,1.4017,1.3851,14780,337,23.792
three,11458,1215,3.5494,2.525,1.4052,1.457,1.2993,7622,334,12.269
laid,2035,216,0.6304,0.4489,1.4014,1.2921,1.3596,1689,294,2.719
getting,17174,1827,5.32,3.7968,1.4008,1.3545,1.3602,9658,337,15.547
bless,1958,209,0.6065,0.4343,1.3935,1.369,1.4731,1403,285,2.258
foot,1888,202,0.5848,0.4198,1.3901,1.3706,1.2805,1436,291,2.312
passed,1603,172,0.4966,0.3574,1.3856,1.2579,1.2196,1354,288,2.18
callin,3341,359,1.0349,0.7461,1.3855,1.4376,1.4559,2263,306,3.643
woo,11008,1187,3.41,2.4668,1.3818,1.4622,1.2574,3490,281,5.618
like,297943,32144,92.2942,66.8009,1.3816,1.3819,1.4595,54743,338,88.12
book,2085,225,0.6459,0.4676,1.3785,1.2662,1.283,1758,301,2.83
faces,1991,215,0.6168,0.4468,1.3775,1.276,1.2147,1452,291,2.337
speak,5597,606,1.7338,1.2594,1.3757,1.3894,1.3234,4249,326,6.84
from,91082,9879,28.2146,20.5303,1.3742,1.3627,1.3281,37679,338,60.652
seen,14230,1544,4.408,3.2087,1.3734,1.3735,1.2,9232,337,14.861
teeth,2359,256,0.7308,0.532,1.3712,1.3534,1.2983,1915,292,3.083
his,36150,3947,11.1982,8.2026,1.3651,1.3968,1.2517,16955,338,27.293
chase,2933,320,0.9086,0.665,1.3643,1.3112,1.196,2028,305,3.264
seat,3105,339,0.9618,0.7045,1.3635,1.3775,1.4192,2421,310,3.897
battle,2090,229,0.6474,0.4759,1.3578,1.257,1.8585,1524,255,2.453
ear,2297,252,0.7115,0.5237,1.3563,1.2286,1.2343,1795,291,2.889
mama,12378,1362,3.8343,2.8305,1.3542,1.3736,1.3377,6357,326,10.233
though,14330,1582,4.439,3.2877,1.3498,1.3137,1.2968,9037,335,14.547
done,23869,2638,7.3939,5.4822,1.3485,1.3346,1.3152,13431,337,21.62
god,24981,2764,7.7384,5.7441,1.347,1.4372,1.3373,12949,336,20.844
wipe,1368,151,0.4238,0.3138,1.3465,1.1916,1.2518,994,256,1.6
bury,1394,154,0.4318,0.32,1.3454,1.2547,1.4771,981,226,1.579
later,3476,387,1.0768,0.8043,1.3373,1.3287,1.2878,2748,315,4.423
fit,3141,350,0.973,0.7274,1.336,1.3371,1.2391,2527,314,4.068
america,1429,159,0.4427,0.3304,1.3359,1.138,1.4355,883,222,1.421
greatest,1446,161,0.4479,0.3346,1.3351,1.2079,1.3441,1076,251,1.732
safe,3821,427,1.1836,0.8874,1.3325,1.3533,1.125,2490,305,4.008
o,14598,1637,4.522,3.402,1.3289,1.353,1.979,7230,332,11.638
bop,1385,155,0.429,0.3221,1.3281,1.2645,1.6851,575,209,0.926
told,23870,2688,7.3942,5.5861,1.3235,1.2805,1.2417,14046,337,22.61
swear,8731,984,2.7046,2.0449,1.322,1.368,1.1998,5148,311,8.287
sick,7117,803,2.2046,1.6688,1.3204,1.2867,1.3637,5063,326,8.15
naked,2152,243,0.6666,0.505,1.3177,1.2521,1.6226,1738,296,2.798
suicide,1383,156,0.4284,0.3242,1.3177,1.3843,1.3255,804,219,1.294
bass,1984,224,0.6146,0.4655,1.3176,1.1727,1.2859,1158,259,1.864
hill,1709,193,0.5294,0.4011,1.3169,1.2353,1.1859,1202,258,1.935
beep,1691,191,0.5238,0.3969,1.3166,0.9554,1.9635,592,181,0.953
bird,2255,255,0.6985,0.5299,1.3159,1.1836,1.2318,1653,288,2.661
cool,9523,1080,2.95,2.2444,1.3138,1.3519,1.2818,6409,336,10.317
bubble,1343,152,0.416,0.3159,1.3132,1.1771,1.7874,1073,253,1.727
brought,3596,408,1.1139,0.8479,1.3123,1.3671,1.302,2833,322,4.56
die,19269,2196,5.969,4.5637,1.3077,1.2762,1.3154,9422,331,15.167
bigger,3679,419,1.1396,0.8708,1.3074,1.1815,1.507,2737,313,4.406
red,10601,1210,3.2839,2.5146,1.3055,1.3229,1.2341,6873,333,11.064
headed,1808,206,0.5601,0.4281,1.3054,1.1602,1.3842,1433,274,2.307
lets,2307,263,0.7146,0.5466,1.3053,1.127,1.2227,1407,276,2.265
welcome,2877,329,0.8912,0.6837,1.3017,1.1061,1.1879,1741,281,2.803
fingers,2082,238,0.6449,0.4946,1.3015,1.1606,1.0701,1556,291,2.505
sir,1461,167,0.4526,0.3471,1.3006,1.1367,1.0878,819,229,1.318
champagne,2144,246,0.6641,0.5112,1.2968,1.1642,1.2322,1516,252,2.44
tough,2470,284,0.7651,0.5902,1.2944,1.2563,1.1386,1896,299,3.052
fast,9302,1071,2.8815,2.2257,1.2941,1.261,1.1982,6123,334,9.856
st,1427,164,0.442,0.3408,1.2935,1.0446,1.3384,1041,255,1.676
early,2095,241,0.649,0.5008,1.2934,1.2741,1.2038,1635,285,2.632
shut,4392,508,1.3605,1.0557,1.2876,1.2111,1.2526,2669,309,4.296
speaking,1273,147,0.3943,0.3055,1.287,1.1005,1.5779,1077,257,1.734
jump,7340,851,2.2737,1.7685,1.285,1.1752,1.4354,4007,326,6.45
guys,2902,337,0.899,0.7003,1.2819,1.225,1.1539,2076,291,3.342
self,3170,369,0.982,0.7668,1.279,1.3576,1.1473,2231,304,3.591
many,13460,1572,4.1695,3.2669,1.2759,1.2189,1.1065,7878,336,12.681
sex,5351,625,1.6576,1.2989,1.2753,1.1607,1.4863,3409,324,5.488
brown,3476,406,1.0768,0.8437,1.2748,1.341,1.6064,2416,315,3.889
low,11291,1322,3.4976,2.7474,1.2727,1.293,1.322,6748,335,10.862
grave,1539,180,0.4767,0.3741,1.2713,1.3332,1.1396,1141,260,1.837
rolling,3642,427,1.1282,0.8874,1.2701,1.1221,1.2342,2371,300,3.817
him,33457,3936,10.364,8.1797,1.2669,1.3429,1.2378,15440,338,24.854
gotta,48455,5701,15.01,11.8477,1.2668,1.225,1.3128,21731,337,34.981
counting,1470,173,0.4554,0.3595,1.2634,1.2058,1.2489,1030,218,1.658
ray,1343,159,0.416,0.3304,1.2556,0.9074,1.4694,880,227,1.417
peace,6640,788,2.0569,1.6376,1.2553,1.2709,1.1992,4385,317,7.059
fly,14461,1717,4.4796,3.5682,1.2551,1.2001,1.2154,8191,333,13.185
a,727261,86530,225.2846,179.8247,1.2528,1.2536,1.2465,60709,338,97.724
already,7727,919,2.3936,1.9098,1.2527,1.2622,1.1537,4763,325,7.667
teach,2146,255,0.6648,0.5299,1.2523,1.2166,1.1477,1538,290,2.476
threw,2011,239,0.623,0.4967,1.2519,1.2133,1.1801,1643,285,2.645
point,4362,519,1.3512,1.0786,1.2517,1.2307,1.1442,3372,327,5.428
bring,16576,1974,5.1348,4.1023,1.2514,1.2586,1.2203,9834,337,15.83
thanks,1287,153,0.3987,0.318,1.2503,1.0889,1.1799,936,238,1.507
listen,9489,1134,2.9394,2.3567,1.2468,1.1833,1.1289,6668,331,10.734
table,2175,260,0.6738,0.5403,1.2448,1.1677,1.0541,1726,291,2.778
talk,23871,2869,7.3946,5.9623,1.24,1.2803,1.1804,13229,335,21.295
private,1639,197,0.5077,0.4094,1.2374,1.0729,1.4457,1244,243,2.002
first,18224,2195,5.6453,4.5616,1.2373,1.2657,1.1434,11853,337,19.08
boom,5457,659,1.6904,1.3695,1.2335,1.1715,1.5628,1776,281,2.859
the,1225127,148198,379.5092,307.9818,1.2322,1.2313,1.2159,61526,338,99.039
names,1333,161,0.4129,0.3346,1.2308,1.1914,1.2956,1087,261,1.75
hell,13165,1597,4.0781,3.3188,1.2284,1.3004,1.1417,8177,333,13.163
hate,14911,1809,4.619,3.7594,1.2283,1.2755,1.1782,8904,333,14.333
funny,4199,510,1.3007,1.0599,1.2262,1.2407,1.1743,3259,319,5.246
wheels,1491,181,0.4619,0.3762,1.2249,1.0836,1.3703,1131,255,1.821
spent,3329,405,1.0312,0.8417,1.2239,1.2314,1.1077,2384,295,3.838
or,50698,6182,15.7048,12.8473,1.2223,1.2179,1.2062,25008,338,40.256
recognize,1569,191,0.486,0.3969,1.2217,1.1346,1.0561,1168,254,1.88
problem,4963,606,1.5374,1.2594,1.2199,1.0394,1.2881,3161,319,5.088
out,145156,17788,44.9652,36.9666,1.2163,1.2016,1.2087,44816,338,72.141
repeat,2253,276,0.6979,0.5736,1.2148,1.2193,1.2838,1454,278,2.341
who,48613,5982,15.0589,12.4317,1.2112,1.258,1.2083,22970,338,36.975
high,24938,3075,7.7251,6.3904,1.2087,1.183,1.18,12450,337,20.041
year,6350,783,1.967,1.6272,1.2082,1.0837,1.2441,4429,329,7.129
died,2587,319,0.8014,0.6629,1.2072,1.2056,1.1323,1989,286,3.202
set,9399,1161,2.9115,2.4128,1.2063,1.1593,1.2031,6178,334,9.945
force,1565,193,0.4848,0.4011,1.206,1.334,1.4293,1313,264,2.114
dirt,3296,409,1.021,0.85,1.1999,1.1573,1.1632,2369,300,3.813
bet,8479,1053,2.6266,2.1883,1.1998,1.1832,1.2053,5552,334,8.937
poor,1758,218,0.5446,0.453,1.1996,1.1629,1.0382,1326,267,2.134
cha,1790,222,0.5545,0.4614,1.1995,0.9405,1.5881,782,208,1.259
m,8167,1016,2.5299,2.1114,1.1977,1.1906,1.3947,4399,331,7.081
months,1297,161,0.4018,0.3346,1.1975,1.1353,1.0986,1117,251,1.798
spend,6347,790,1.9661,1.6418,1.1969,1.1592,1.0849,4015,317,6.463
what's,20151,2511,6.2422,5.2183,1.196,1.1351,1.1537,11016,336,17.733
circle,1335,166,0.4135,0.345,1.1956,1.2368,1.538,1061,248,1.708
church,2046,255,0.6338,0.5299,1.1939,1.0868,1.2924,1600,276,2.576
on,376935,47123,116.7636,97.93,1.1923,1.1898,1.206,58022,338,93.399
silly,1425,178,0.4414,0.3699,1.1904,1.083,1.0311,1189,282,1.914
daddy,7267,912,2.2511,1.8953,1.1872,1.222,1.0915,4103,324,6.605
ha,13293,1669,4.1178,3.4685,1.1869,1.1874,1.3296,4179,322,6.727
he,72470,9110,22.4491,18.9322,1.1857,1.2379,1.1465,25068,338,40.352
father,3246,408,1.0055,0.8479,1.1846,1.1986,1.0673,2344,289,3.773
hang,4644,584,1.4386,1.2137,1.1844,1.1652,1.0991,3328,323,5.357
dad,1813,228,0.5616,0.4738,1.183,1.0913,0.9743,1308,252,2.106
call,35215,4444,10.9086,9.2354,1.1811,1.2036,1.2271,19547,338,31.465
standin,1849,233,0.5728,0.4842,1.1807,1.2025,1.1649,1436,273,2.312
i'm,406338,51307,125.8719,106.6251,1.1805,1.1739,1.2151,55964,338,90.086
list,1735,220,0.5375,0.4572,1.1732,1.1473,1.1896,1336,290,2.151
piece,4394,560,1.3611,1.1638,1.1687,1.1428,1.2329,3288,324,5.293
while,17681,2256,5.4771,4.6884,1.168,1.1608,1.2159,12042,337,19.384
caught,7468,954,2.3134,1.9826,1.1663,1.1215,1.1429,5621,335,9.048
might,20204,2586,6.2586,5.3742,1.1644,1.2087,1.0815,11967,337,19.263
crown,1807,231,0.5598,0.4801,1.1638,1.0192,1.0802,1375,263,2.213
cheap,1603,205,0.4966,0.426,1.1631,1.061,1.1488,1281,282,2.062
tall,1954,250,0.6053,0.5195,1.163,1.1373,1.0705,1538,287,2.476
at,89183,11533,27.6263,23.9676,1.1526,1.1786,1.1318,36456,337,58.684
breakin,1567,203,0.4854,0.4219,1.1482,1.2009,1.5712,1169,267,1.882
swing,1875,243,0.5808,0.505,1.1481,1.1298,1.0759,1275,276,2.052
crash,1690,219,0.5235,0.4551,1.148,1.058,1.0741,1236,255,1.99
number,5675,737,1.758,1.5316,1.1471,1.1613,1.1236,3896,328,6.271
games,2825,368,0.8751,0.7648,1.1429,1.0566,0.98,2018,304,3.248
nation,1375,179,0.4259,0.372,1.1422,1.1342,1.3401,1075,241,1.73
till,8415,1099,2.6067,2.2839,1.1409,1.0539,1.1453,5420,329,8.725
different,7930,1036,2.4565,2.153,1.1405,1.1871,1.0655,5279,329,8.498
kept,3143,411,0.9736,0.8541,1.1387,1.1033,1.0698,2539,318,4.087
ol,2203,288,0.6824,0.5985,1.1385,1.0411,1.2151,1279,263,2.059
figure,2688,352,0.8327,0.7315,1.1369,1.0578,1.0437,2191,311,3.527
race,1864,244,0.5774,0.5071,1.1367,1.112,1.1446,1484,281,2.389
cards,1269,166,0.3931,0.345,1.1365,1.065,1.0152,1043,273,1.679
sent,2359,309,0.7308,0.6422,1.1364,1.1481,1.2491,1966,298,3.165
pressure,2609,342,0.8082,0.7107,1.1357,1.022,1.2383,1755,295,2.825
sister,1806,237,0.5594,0.4925,1.1338,1.0861,1.0615,1466,284,2.36
feelin,7892,1041,2.4447,2.1634,1.1296,1.1275,1.0399,4693,324,7.554
my,523548,69110,162.1802,143.6229,1.1292,1.1318,1.1242,58711,338,94.508
rest,6459,853,2.0008,1.7727,1.1281,1.1517,1.1057,4600,330,7.405
wasn't,7813,1033,2.4202,2.1468,1.1269,1.1267,1.0127,5595,334,9.006
filled,1643,217,0.509,0.451,1.1263,1.0278,0.9817,1390,284,2.237
limit,1944,257,0.6022,0.5341,1.1256,1.0181,1.443,1229,253,1.978
rose,2178,288,0.6747,0.5985,1.1256,1.0627,1.1262,1638,274,2.637
which,2856,378,0.8847,0.7856,1.1249,1.0566,0.9317,2106,303,3.39
in,424022,56238,131.3499,116.8726,1.1239,1.1329,1.1251,59280,338,95.424
killing,2790,370,0.8643,0.7689,1.1227,1.0188,1.2543,1947,297,3.134
situation,1283,170,0.3974,0.3533,1.1221,1.0218,1.0868,1046,262,1.684
we,232644,30906,72.0664,64.2282,1.122,1.1048,1.0918,46045,338,74.119
ladies,4571,607,1.416,1.2615,1.1217,1.0006,1.0422,2684,301,4.32
leavin,1862,247,0.5768,0.5133,1.1217,1.2228,1.0502,1427,275,2.297
back,93086,12389,28.8354,25.7465,1.1199,1.1284,1.1407,35085,338,56.477
this,180509,24100,55.9165,50.0841,1.1164,1.105,1.0881,47979,338,77.232
tie,1306,174,0.4046,0.3616,1.116,1.0027,1.0316,1025,248,1.65
doing,9942,1328,3.0797,2.7598,1.1156,1.0343,1.032,6212,329,10.0
focus,1515,202,0.4693,0.4198,1.1156,0.8976,1.4892,1217,272,1.959
people,19334,2591,5.9891,5.3846,1.1121,1.1022,1.0595,10250,334,16.5
demons,1516,203,0.4696,0.4219,1.1108,1.0377,0.9763,998,206,1.606
lock,3487,468,1.0802,0.9726,1.1096,1.1663,1.4012,2535,315,4.081
ones,5599,754,1.7344,1.5669,1.1062,1.1695,1.0598,3759,325,6.051
barely,1635,220,0.5065,0.4572,1.1056,1.0857,0.995,1304,258,2.099
wear,4010,541,1.2422,1.1243,1.104,1.0321,1.0517,3163,326,5.092
next,12019,1624,3.7231,3.375,1.1029,1.077,1.1504,8499,333,13.681
monster,1320,178,0.4089,0.3699,1.1027,0.9889,1.1759,916,241,1.474
pulling,1290,174,0.3996,0.3616,1.1024,0.9375,1.1176,1009,244,1.624
blood,8459,1144,2.6204,2.3774,1.1018,1.1423,1.1555,5408,320,8.705
dj,4009,542,1.2419,1.1264,1.1017,0.9911,1.3606,2494,309,4.015
clique,2663,360,0.8249,0.7481,1.1013,1.4543,1.8382,1828,270,2.943
minute,5116,692,1.5848,1.4381,1.1013,1.0923,1.0138,3261,327,5.249
phone,9376,1269,2.9044,2.6372,1.1009,1.0784,1.0195,6291,334,10.127
step,7849,1063,2.4314,2.2091,1.1002,1.1065,1.0726,5101,332,8.211
everywhere,3811,517,1.1805,1.0744,1.0979,1.0799,0.9965,2295,304,3.694
picture,4776,648,1.4795,1.3467,1.0979,1.0656,0.9721,3474,327,5.592
that,351233,47837,108.8019,99.4138,1.0944,1.0885,1.044,56811,338,91.449
run,25769,3515,7.9825,7.3048,1.0926,1.0823,1.0976,13950,338,22.455
planet,1454,198,0.4504,0.4115,1.0922,1.006,1.1582,976,228,1.571
sit,6605,904,2.046,1.8787,1.0886,1.0849,0.9869,5025,333,8.089
even,32270,4420,9.9963,9.1855,1.0882,1.0975,1.0802,18776,337,30.224
head,25750,3527,7.9766,7.3297,1.0881,1.1036,1.0608,15057,337,24.237
thinkin,5963,817,1.8472,1.6979,1.0874,1.1817,1.1171,4097,322,6.595
work,18712,2572,5.7964,5.3451,1.0843,1.0198,1.1819,9921,335,15.97
person,1629,224,0.5046,0.4655,1.0819,1.1721,0.9974,1242,248,1.999
mother,4915,677,1.5225,1.4069,1.0815,0.9924,0.9697,3259,319,5.246
holdin,2534,349,0.785,0.7253,1.0809,1.0701,1.1086,1864,290,3.0
attitude,1430,197,0.443,0.4094,1.0796,1.0507,1.234,1177,273,1.895
survive,1929,266,0.5975,0.5528,1.0792,0.9613,1.0326,1309,253,2.107
trust,7894,1090,2.4453,2.2652,1.0791,1.0607,0.9224,4849,327,7.805
move,14795,2049,4.5831,4.2582,1.0761,1.0005,1.028,8693,337,13.993
tv,2296,318,0.7112,0.6609,1.0748,1.0393,0.9965,1865,298,3.002
putting,1444,200,0.4473,0.4156,1.0739,0.9752,1.1363,1206,275,1.941
ahead,2704,375,0.8376,0.7793,1.0736,0.9622,0.976,2056,305,3.31
slow,9410,1307,2.9149,2.7162,1.0728,1.0337,0.9909,5586,334,8.992
ex,2054,285,0.6363,0.5923,1.0727,1.0697,1.2973,1485,261,2.39
shoulda,1574,219,0.4876,0.4551,1.0692,1.0374,1.0329,1130,268,1.819
movin,3666,512,1.1356,1.064,1.0664,1.1701,1.2289,2387,310,3.842
beach,1996,279,0.6183,0.5798,1.0647,0.9406,0.9902,1558,279,2.508
treat,3969,556,1.2295,1.1555,1.0632,1.0116,0.9676,2892,324,4.655
ghost,2987,419,0.9253,0.8708,1.0615,1.0976,1.3195,2054,268,3.306
everybody,15973,2246,4.948,4.6676,1.0599,1.0305,1.1229,8561,338,13.781
c'mon,5027,708,1.5572,1.4713,1.0577,0.9642,1.3119,1944,249,3.129
taught,2117,298,0.6558,0.6193,1.0574,0.9982,0.9214,1641,297,2.642
notice,1362,192,0.4219,0.399,1.055,0.9859,0.9368,966,258,1.555
harder,2536,358,0.7856,0.744,1.0546,0.9908,1.0776,1769,296,2.848
still,46128,6520,14.2891,13.5497,1.0545,1.0806,1.0526,22803,337,36.706
somethin,9627,1362,2.9822,2.8305,1.0533,1.1839,1.068,5469,330,8.804
than,30219,4290,9.361,8.9154,1.0499,1.0482,1.1053,17781,336,28.622
seven,3285,467,1.0176,0.9705,1.0476,0.9861,1.1057,2529,315,4.071
machine,1268,180,0.3928,0.3741,1.0475,0.8728,0.9372,900,238,1.449
same,21439,3057,6.6412,6.353,1.0452,1.0493,1.0076,12099,336,19.476
drink,7748,1105,2.4001,2.2964,1.0448,1.0068,0.9231,4458,328,7.176
ready,13984,1996,4.3318,4.148,1.0441,0.9896,1.0241,7411,336,11.93
push,4945,706,1.5318,1.4672,1.0434,1.0548,1.1603,3107,316,5.001
wrote,2291,327,0.7097,0.6796,1.043,1.0497,0.8798,1790,290,2.881
news,2505,358,0.776,0.744,1.0418,1.0169,1.0533,1978,310,3.184
made,24537,3513,7.6009,7.3006,1.041,1.0476,0.9379,14531,337,23.391
took,12554,1799,3.8889,3.7386,1.0399,1.0726,0.9396,8654,336,13.93
hangin,1621,232,0.5021,0.4821,1.0396,1.0171,1.2398,1319,258,2.123
power,4848,696,1.5018,1.4464,1.0376,0.9889,1.0864,2856,310,4.597
wheel,1742,250,0.5396,0.5195,1.0369,0.9545,0.9659,1327,272,2.136
any,9212,1325,2.8536,2.7536,1.036,1.0065,1.0031,6581,334,10.593
drunk,3923,564,1.2152,1.1721,1.036,1.0451,0.994,2541,309,4.09
nice,5948,858,1.8425,1.7831,1.0328,1.0638,1.0082,4242,330,6.828
win,4924,711,1.5253,1.4776,1.0317,0.9785,0.9741,3142,321,5.058
mean,14995,2169,4.645,4.5076,1.0303,0.9827,1.0838,9423,336,15.168
closed,1889,273,0.5852,0.5673,1.0298,0.9538,1.082,1513,280,2.435
wreck,1246,180,0.386,0.3741,1.0294,0.932,1.4788,952,227,1.532
birds,2321,336,0.719,0.6983,1.0284,1.0188,1.1507,1655,260,2.664
air,7408,1075,2.2948,2.234,1.0268,0.9925,0.9577,4635,329,7.461
key,2936,426,0.9095,0.8853,1.0263,0.9632,1.0023,2223,311,3.578
look,41298,6007,12.7929,12.4836,1.0247,0.9927,1.0419,21085,338,33.941
saying,6444,938,1.9962,1.9493,1.0236,0.9098,0.9903,4160,326,6.696
playing,4895,713,1.5163,1.4817,1.0227,0.9401,0.9059,3492,317,5.621
water,7439,1085,2.3044,2.2548,1.0216,0.9952,0.9754,4505,325,7.252
message,1718,251,0.5322,0.5216,1.0185,0.9816,0.9735,1340,270,2.157
live,21943,3212,6.7973,6.6751,1.0182,0.9787,1.0071,12268,334,19.748
clock,1744,255,0.5402,0.5299,1.0177,0.9027,0.9336,1407,293,2.265
married,1375,201,0.4259,0.4177,1.0175,0.8774,0.9388,1135,257,1.827
y,3545,519,1.0981,1.0786,1.0173,1.0226,0.9243,1880,302,3.026
years,7051,1034,2.1842,2.1488,1.016,0.9825,0.9048,5306,332,8.541
use,5741,844,1.7784,1.754,1.0134,0.9878,0.9789,4312,330,6.941
show,24735,3647,7.6622,7.5791,1.0108,0.9896,1.0013,14161,337,22.795
steal,1983,292,0.6143,0.6068,1.0108,0.9298,0.9683,1517,288,2.442
screaming,2376,351,0.736,0.7294,1.0078,0.902,0.9224,1618,276,2.605
waitin,3010,445,0.9324,0.9248,1.0073,1.0916,0.9679,2057,300,3.311
having,2892,428,0.8959,0.8895,1.0062,0.9728,0.8883,2103,301,3.385
write,4007,594,1.2413,1.2344,1.0048,0.9669,1.0336,3146,317,5.064
hard,26284,3902,8.142,8.109,1.004,1.0151,0.9914,15135,337,24.363
okay,10633,1579,3.2938,3.2814,1.0035,1.0305,0.8781,4658,328,7.498
jealous,1786,265,0.5533,0.5507,1.003,0.9062,1.0885,1308,266,2.106
keep,56326,8370,17.4482,17.3943,1.003,1.0259,1.0184,25486,338,41.025
men,3601,536,1.1155,1.1139,1.0006,1.0251,1.0434,2613,307,4.206
birthday,1558,232,0.4826,0.4821,0.9992,0.8953,0.862,841,237,1.354
art,1442,215,0.4467,0.4468,0.9978,0.9742,1.0032,1179,245,1.898
texas,1428,213,0.4424,0.4427,0.9973,0.9488,1.0255,990,212,1.594
busy,2190,327,0.6784,0.6796,0.997,0.98,0.8877,1605,290,2.584
missin,1701,254,0.5269,0.5279,0.9966,1.1435,1.0953,1279,272,2.059
doubt,3216,481,0.9962,0.9996,0.9957,0.9658,0.8838,2315,311,3.726
line,9786,1468,3.0314,3.0508,0.9934,0.9693,0.9089,6585,335,10.6
boys,9499,1425,2.9425,2.9614,0.9933,1.0088,1.1541,5657,330,9.106
faded,1521,228,0.4712,0.4738,0.9925,0.8906,0.7641,849,228,1.367
ye,1566,235,0.4851,0.4884,0.9915,0.9762,1.0026,699,193,1.125
seeing,1631,245,0.5052,0.5092,0.9906,0.9252,0.8956,1259,272,2.027
built,1773,267,0.5492,0.5549,0.9882,0.9334,0.8092,1344,271,2.163
was,96496,14599,29.8917,30.3393,0.9852,0.9915,0.9266,33066,338,53.227
us,36245,5484,11.2277,11.3967,0.9851,0.9518,0.9684,15984,337,25.73
man's,1394,211,0.4318,0.4385,0.9828,0.9146,1.0374,1029,243,1.656
see,89534,13601,27.7351,28.2653,0.9812,0.9638,0.9288,35723,338,57.504
cross,3344,508,1.0359,1.0557,0.9804,1.0126,0.9674,2561,306,4.122
where,45306,6889,14.0345,14.3166,0.9802,0.9522,0.9426,21475,338,34.569
lord,9433,1435,2.9221,2.9822,0.9796,0.9667,0.839,4588,321,7.385
th,3492,531,1.0817,1.1035,0.9795,1.2425,0.7845,2581,313,4.155
twice,2697,410,0.8355,0.8521,0.9795,1.0469,1.0092,2136,307,3.438
rough,1829,278,0.5666,0.5777,0.9792,0.9765,0.9155,1372,274,2.209
question,2438,371,0.7552,0.771,0.9784,0.9297,0.977,1895,305,3.05
devil,3349,510,1.0374,1.0599,0.978,1.0213,1.032,2281,288,3.672
sound,7718,1177,2.3908,2.446,0.9771,0.9076,0.9097,5079,333,8.176
stuck,4996,762,1.5476,1.5836,0.9768,1.0348,1.0633,3734,325,6.011
sweat,2155,329,0.6676,0.6837,0.9751,0.8435,1.0226,1678,285,2.701
tongue,2550,390,0.7899,0.8105,0.9736,0.9472,0.8662,1891,304,3.044
had,40523,6212,12.5529,12.9096,0.9723,1.0083,0.9853,20940,337,33.707
windows,1320,202,0.4089,0.4198,0.972,0.9067,0.8754,1040,258,1.674
spread,1645,252,0.5096,0.5237,0.9714,0.8646,1.0152,1290,273,2.077
drivin,1319,202,0.4086,0.4198,0.9713,1.0376,0.9612,991,249,1.595
supposed,3389,521,1.0498,1.0827,0.9688,0.9481,0.9408,2270,302,3.654
outside,4820,743,1.4931,1.5441,0.9664,0.9078,0.8933,3043,318,4.898
trees,2304,356,0.7137,0.7398,0.9636,0.9281,0.8858,1812,279,2.917
smooth,1663,257,0.5151,0.5341,0.963,0.9583,1.2241,1339,266,2.155
turned,4719,731,1.4618,1.5191,0.9617,0.9269,0.7907,3402,328,5.476
loud,4623,718,1.4321,1.4921,0.9592,0.8823,0.8666,3110,315,5.006
great,3802,591,1.1778,1.2282,0.9582,0.9825,0.9526,2825,307,4.547
slip,1917,298,0.5938,0.6193,0.9575,0.9146,0.8873,1512,288,2.434
pick,6264,979,1.9404,2.0345,0.9533,0.9168,0.9334,4374,333,7.041
name,19474,3052,6.0325,6.3426,0.951,0.9407,0.9864,12036,338,19.374
face,20926,3284,6.4823,6.8247,0.9497,0.9277,0.9189,13092,336,21.074
winter,1350,212,0.4182,0.4406,0.9473,0.9177,0.8489,1085,252,1.747
after,10542,1660,3.2656,3.4498,0.9464,0.9407,0.9484,7329,335,11.798
twisted,1379,217,0.4272,0.451,0.9454,0.8355,0.8771,1076,234,1.732
window,3034,478,0.9398,0.9934,0.9453,0.9358,0.8026,2259,302,3.636
against,3711,585,1.1496,1.2157,0.9449,0.8748,0.9095,2697,311,4.341
for,202458,31951,62.7157,66.3999,0.9445,0.9516,0.9408,50241,338,80.873
start,13041,2058,4.0397,4.2769,0.9444,0.9484,0.9664,8862,337,14.265
showed,1722,272,0.5334,0.5653,0.9422,1.0056,0.8704,1344,282,2.163
sounds,1796,284,0.5563,0.5902,0.9412,0.9234,0.8564,1371,279,2.207
drinking,2129,337,0.6595,0.7003,0.9405,0.8947,0.7878,1417,266,2.281
noise,1497,237,0.4637,0.4925,0.9399,0.8023,0.8779,1092,262,1.758
boy,33836,5377,10.4814,11.1744,0.9379,0.9378,0.9138,15064,337,24.249
rocking,1802,286,0.5582,0.5944,0.9378,0.8379,0.8812,1282,266,2.064
til,15914,2533,4.9297,5.264,0.9363,0.9616,0.9415,9507,334,15.304
pictures,2045,326,0.6335,0.6775,0.9338,0.8655,0.9369,1713,270,2.757
an,25431,4069,7.8778,8.4561,0.9315,0.9325,0.9367,15736,337,25.33
called,4686,750,1.4516,1.5586,0.9308,0.9098,0.8396,3699,324,5.954
raise,2279,365,0.706,0.7585,0.9296,0.8585,0.8677,1674,302,2.695
worst,1913,307,0.5926,0.638,0.9276,0.9313,0.8368,1401,277,2.255
cold,10603,1707,3.2845,3.5474,0.9257,0.8998,0.8542,6967,336,11.215
what,150258,24205,46.5456,50.3023,0.9253,0.9124,0.8946,42858,338,68.989
girlfriend,2088,336,0.6468,0.6983,0.9251,0.8902,1.0042,1266,254,2.038
soon,5497,887,1.7028,1.8433,0.9233,0.9096,0.8845,4057,327,6.531
dressed,1390,224,0.4306,0.4655,0.9232,0.8346,0.8198,1125,277,1.811
diamond,3067,497,0.9501,1.0329,0.9191,0.8,1.177,2227,300,3.585
shine,7198,1168,2.2297,2.4273,0.9183,0.8545,0.9038,4082,321,6.571
used,15099,2452,4.6772,5.0957,0.9177,0.9245,0.8851,9184,336,14.784
how,68164,11083,21.1153,23.0324,0.9167,0.9173,0.8859,29752,337,47.892
they'll,2841,462,0.8801,0.9601,0.9158,0.9186,0.8294,2124,298,3.419
rules,2691,438,0.8336,0.9102,0.9149,0.909,1.019,1990,292,3.203
happened,2232,364,0.6914,0.7565,0.913,0.9689,0.8294,1625,297,2.616
land,3729,609,1.1551,1.2656,0.9121,0.8671,0.9262,2802,310,4.51
minutes,1721,282,0.5331,0.586,0.9083,0.811,0.964,1272,276,2.048
wall,4073,668,1.2617,1.3882,0.9083,0.8499,0.8327,2757,313,4.438
trying,10295,1690,3.1891,3.5121,0.9078,0.8183,0.8672,6128,329,9.864
bleed,1626,267,0.5037,0.5549,0.9063,0.8556,0.9475,1247,252,2.007
woke,2525,415,0.7822,0.8624,0.906,0.8831,0.8537,1646,274,2.65
flame,1959,322,0.6068,0.6692,0.9057,0.7955,0.7713,1360,262,2.189
gave,8515,1401,2.6377,2.9115,0.9057,0.9475,0.8866,6090,331,9.803
stayed,1485,244,0.46,0.5071,0.9056,0.9028,0.821,1176,270,1.893
party,11478,1890,3.5556,3.9278,0.905,0.8938,0.9086,5037,334,8.108
bumpin,1324,218,0.4101,0.453,0.9036,1.846,1.289,1060,242,1.706
is,181204,29965,56.1318,62.2726,0.9014,0.8893,0.9222,46734,338,75.228
fair,1665,275,0.5158,0.5715,0.9011,0.9142,0.7348,1231,273,1.982
bad,25371,4223,7.8592,8.7761,0.8954,0.9151,0.9104,13176,336,21.21
worse,1714,285,0.5309,0.5923,0.8951,0.8884,0.8762,1382,266,2.225
build,1703,284,0.5275,0.5902,0.8925,0.7838,0.85,1309,271,2.107
walk,14348,2397,4.4446,4.9814,0.8921,0.8816,0.8498,8671,335,13.958
reality,1348,225,0.4176,0.4676,0.8914,0.7913,0.8552,1050,250,1.69
difference,1381,231,0.4278,0.4801,0.8895,0.7934,0.8787,1082,253,1.742
through,37137,6234,11.504,12.9554,0.8879,0.8987,0.8458,20439,337,32.901
round,13941,2341,4.3185,4.865,0.8875,0.8672,0.8967,7597,335,12.229
energy,1288,216,0.399,0.4489,0.8871,0.8752,0.8264,958,221,1.542
it,461718,77740,143.027,161.5575,0.8853,0.8953,0.9031,57842,338,93.109
changed,3909,658,1.2109,1.3674,0.885,0.8896,0.7625,2670,311,4.298
attention,2680,451,0.8302,0.9373,0.8849,0.8144,0.917,2065,296,3.324
ring,5288,891,1.6381,1.8517,0.8842,0.8809,0.9136,3366,324,5.418
scared,6230,1051,1.9299,2.1842,0.8832,0.893,0.846,4065,326,6.543
meet,5304,896,1.643,1.862,0.882,0.8831,0.8826,3914,328,6.3
make,80703,13693,24.9995,28.4565,0.8785,0.8543,0.9183,33250,338,53.523
imagine,1634,278,0.5062,0.5777,0.8748,0.7586,0.8281,1097,253,1.766
working,2971,508,0.9203,1.0557,0.8711,0.7716,0.8153,2041,291,3.285
now,112889,19327,34.9698,40.1649,0.8706,0.8583,0.8563,38642,338,62.202
fool,5815,999,1.8013,2.0761,0.8673,0.8231,0.8652,4057,324,6.531
bottle,3371,579,1.0442,1.2033,0.8672,0.9281,1.0227,2371,301,3.817
tell,53432,9185,16.5517,19.0881,0.8671,0.8553,0.8201,24621,337,39.633
pray,6365,1096,1.9717,2.2777,0.8653,0.958,0.7702,3504,309,5.64
cause,95841,16526,29.6888,34.344,0.8644,0.8543,0.8787,34957,338,56.271
and,582677,100541,180.4966,208.9421,0.8639,0.8618,0.8432,59797,338,96.256
stopped,1286,222,0.3984,0.4614,0.8619,0.8183,0.8187,1058,264,1.703
tear,2824,488,0.8748,1.0142,0.8619,0.7719,0.739,1729,307,2.783
tat,1440,249,0.4461,0.5175,0.8606,1.5494,1.4745,577,203,0.929
yet,4605,798,1.4265,1.6584,0.8597,0.8028,0.8884,3431,320,5.523
turn,20706,3590,6.4141,7.4607,0.8596,0.8285,0.8166,11545,338,18.584
listening,1389,241,0.4303,0.5008,0.8576,0.7938,0.7985,1108,253,1.784
i,1081743,188564,335.0929,391.8695,0.8551,0.8597,0.835,61127,338,98.397
about,50494,8810,15.6416,18.3087,0.8543,0.8644,0.894,23814,338,38.334
age,1591,278,0.4928,0.5777,0.8518,0.819,0.8886,1301,259,2.094
bar,3309,579,1.025,1.2033,0.8513,0.935,0.8209,2497,314,4.019
as,48752,8538,15.102,17.7435,0.8511,0.8308,0.8389,22798,338,36.698
couldn't,8200,1436,2.5401,2.9843,0.8509,0.8831,0.8473,6097,335,9.814
grass,1337,234,0.4142,0.4863,0.8502,0.8055,0.8384,1111,254,1.788
pink,1588,278,0.4919,0.5777,0.8502,0.8194,0.846,1146,258,1.845
means,2988,524,0.9256,1.089,0.8493,0.8848,0.8314,2221,294,3.575
forgot,1750,307,0.5421,0.638,0.8485,0.7807,0.8434,1407,278,2.265
cover,1869,328,0.579,0.6816,0.8483,0.7659,0.9019,1582,295,2.547
anybody,2604,460,0.8066,0.956,0.843,0.7733,0.8805,1795,285,2.889
pro,1454,257,0.4504,0.5341,0.842,0.6435,1.2064,1212,276,1.951
did,22274,3948,6.8998,8.2046,0.8409,0.8613,0.7836,13281,336,21.379
side,13751,2441,4.2597,5.0728,0.8396,0.8099,0.7296,7733,336,12.448
their,9560,1700,2.9614,3.5329,0.838,0.858,0.7687,6459,331,10.397
happen,3154,562,0.977,1.1679,0.8359,0.8628,0.8605,2315,317,3.726
hours,1622,289,0.5024,0.6006,0.8354,0.8086,0.6606,1218,275,1.961
feet,6206,1109,1.9224,2.3047,0.8338,0.7962,0.8205,4699,330,7.564
insane,1999,357,0.6192,0.7419,0.8337,0.8069,0.7509,1481,270,2.384
mood,1344,240,0.4163,0.4988,0.8333,0.7754,0.8168,931,245,1.499
to,547168,97892,169.4969,203.437,0.8332,0.8323,0.8242,59851,338,96.343
girls,11259,2015,3.4877,4.1875,0.8327,0.803,0.8109,5705,331,9.183
lay,7248,1301,2.2452,2.7037,0.8302,0.8119,0.8212,4742,330,7.633
asked,2372,426,0.7348,0.8853,0.8292,0.8284,0.7833,1893,297,3.047
fashion,1268,228,0.3928,0.4738,0.8275,0.7087,0.9709,935,242,1.505
yeah,185335,33452,57.4115,69.5192,0.8258,0.8319,0.7467,34407,338,55.385
played,2599,469,0.8051,0.9747,0.8253,0.7447,0.8073,2156,309,3.471
of,221276,39982,68.545,83.0897,0.8249,0.8273,0.827,51352,338,82.662
life,46161,8372,14.2994,17.3985,0.8218,0.808,0.7822,20172,338,32.471
better,30813,5595,9.545,11.6274,0.8208,0.8364,0.8907,16621,337,26.755
quiet,1686,306,0.5223,0.6359,0.8202,0.8227,0.7129,1261,280,2.03
bump,1810,329,0.5607,0.6837,0.819,0.711,1.1807,1146,256,1.845
music,9642,1757,2.9868,3.6514,0.8178,0.7518,1.011,5650,326,9.095
second,3908,712,1.2106,1.4797,0.8177,0.807,0.7745,3011,316,4.847
when,128934,23502,39.9401,48.8413,0.8177,0.8163,0.8121,42811,337,68.913
stupid,4908,896,1.5204,1.862,0.8161,0.8605,1.1179,3278,319,5.277
stole,1248,228,0.3866,0.4738,0.8144,0.7656,0.8609,972,264,1.565
room,6909,1266,2.1402,2.631,0.8132,0.808,0.7033,4982,329,8.02
leave,20755,3805,6.4293,7.9075,0.813,0.8086,0.7976,12904,337,20.772
if,108816,20014,33.7081,41.5926,0.8104,0.8249,0.8157,39013,338,62.8
know,182429,33593,56.5113,69.8122,0.8095,0.8125,0.7723,47271,338,76.093
before,19041,3511,5.8984,7.2965,0.8083,0.8063,0.7905,12485,338,20.097
crowd,2382,439,0.7379,0.9123,0.808,0.7347,0.8116,1816,288,2.923
whatever,6185,1142,1.9159,2.3733,0.807,0.7817,0.8476,3984,323,6.413
least,2362,436,0.7317,0.9061,0.8068,0.7604,0.7388,1902,286,3.062
other,14027,2599,4.3452,5.4012,0.8044,0.7884,0.8018,9427,333,15.175
single,2664,494,0.8252,1.0266,0.8032,0.7902,0.7131,1870,298,3.01
no,152235,28280,47.158,58.7709,0.8024,0.7957,0.7773,44431,338,71.521
luck,1791,334,0.5548,0.6941,0.7983,0.8151,0.8737,1417,296,2.281
weather,1416,264,0.4386,0.5486,0.7983,0.8277,0.7372,1034,257,1.664
near,2294,428,0.7106,0.8895,0.7982,0.7842,0.7587,1891,303,3.044
door,9173,1716,2.8415,3.5662,0.7966,0.7741,0.6917,6189,334,9.962
but,162803,30474,50.4317,63.3304,0.7963,0.8013,0.7694,47398,338,76.297
right,57957,10908,17.9534,22.6688,0.792,0.7764,0.7636,25383,338,40.859
why,38735,7316,11.999,15.2039,0.7892,0.7965,0.7746,18808,338,30.275
star,5869,1109,1.818,2.3047,0.7886,0.7463,0.8249,3874,323,6.236
tight,5112,967,1.5836,2.0096,0.7877,0.7734,0.834,3657,322,5.887
go,100850,19115,31.2404,39.7244,0.7864,0.7797,0.7775,35626,338,57.348
ways,3363,638,1.0418,1.3259,0.7852,0.8263,0.7827,2401,312,3.865
wrap,1424,270,0.4411,0.5611,0.785,0.809,0.8343,1090,254,1.755
eye,4802,912,1.4875,1.8953,0.7845,0.7495,0.7034,3300,319,5.312
stop,27353,5199,8.4732,10.8044,0.7842,0.8155,0.9102,14040,338,22.6
mornin,1726,328,0.5347,0.6816,0.7834,0.7903,0.6796,1011,259,1.627
sleep,8747,1667,2.7096,3.4643,0.7819,0.7565,0.7149,5714,329,9.198
favorite,2640,503,0.8178,1.0453,0.7817,0.8099,0.7714,1951,281,3.141
let's,22722,4346,7.0386,9.0318,0.7792,0.7902,0.7977,10516,335,16.928
dust,1674,320,0.5186,0.665,0.7788,0.7024,0.7586,1241,270,1.998
understand,7612,1457,2.358,3.0279,0.7785,0.7772,0.7013,5000,327,8.049
by,33959,6506,10.5195,13.5206,0.778,0.7962,0.7538,19128,337,30.791
summer,3438,659,1.065,1.3695,0.7772,0.7413,0.7016,2261,300,3.64
drive,6241,1197,1.9333,2.4876,0.7769,0.8007,0.7522,4395,325,7.075
rather,4375,839,1.3552,1.7436,0.7769,0.7551,0.7977,3127,322,5.034
story,3824,734,1.1846,1.5254,0.7761,0.7822,0.7447,2686,307,4.324
being,6157,1183,1.9073,2.4585,0.7755,0.77,0.7437,4390,324,7.067
signs,1452,279,0.4498,0.5798,0.7746,0.689,0.6427,1044,254,1.681
shoulder,1523,293,0.4718,0.6089,0.7737,0.732,0.7277,1164,270,1.874
middle,3911,754,1.2115,1.5669,0.7728,0.754,0.8218,2889,316,4.65
been,50474,9745,15.6354,20.2518,0.772,0.7668,0.7209,23367,337,37.614
wonder,5202,1005,1.6114,2.0886,0.7712,0.772,0.6974,3380,317,5.441
here,48831,9443,15.1264,19.6242,0.7708,0.7468,0.7277,22379,338,36.024
lines,2049,396,0.6347,0.823,0.7705,0.7577,0.7273,1702,299,2.74
sign,3290,637,1.0191,1.3238,0.7694,0.7643,0.7685,2497,316,4.019
crazy,14531,2818,4.5013,5.8563,0.7685,0.7414,0.7363,7984,336,12.852
life's,1881,366,0.5827,0.7606,0.7652,0.7166,0.7324,1303,256,2.097
stand,9586,1867,2.9695,3.88,0.7652,0.7493,0.7407,6247,335,10.056
all,189538,36947,58.7134,76.7824,0.7647,0.7618,0.7503,49341,338,79.425
thoughts,2579,503,0.7989,1.0453,0.7637,0.7869,0.7376,2017,276,3.247
open,8528,1669,2.6417,3.4685,0.7615,0.7191,0.7378,6039,335,9.721
children,2187,428,0.6775,0.8895,0.7609,0.7475,0.7559,1607,282,2.587
instead,2187,428,0.6775,0.8895,0.7609,0.697,0.7913,1834,286,2.952
wave,2535,498,0.7853,1.0349,0.7582,0.7104,0.7191,1420,276,2.286
band,1869,368,0.579,0.7648,0.7562,0.7144,0.709,1315,271,2.117
fill,2338,461,0.7242,0.958,0.7553,0.7389,0.7196,1765,302,2.841
hole,2393,472,0.7413,0.9809,0.7551,0.735,0.9567,1832,296,2.949
behind,6158,1216,1.9076,2.5271,0.7546,0.7209,0.7228,4712,329,7.585
stay,23276,4598,7.2102,9.5555,0.7545,0.7586,0.7911,13723,336,22.09
deep,8315,1648,2.5757,3.4248,0.7519,0.7711,0.7694,5945,329,9.57
past,4980,987,1.5427,2.0512,0.7518,0.7658,0.678,3879,325,6.244
asking,1697,337,0.5257,0.7003,0.7497,0.7104,0.7561,1365,269,2.197
old,14395,2868,4.4592,5.9602,0.748,0.7408,0.7477,9585,336,15.429
blind,2429,484,0.7524,1.0058,0.7474,0.7091,0.6772,1939,309,3.121
try,19854,3961,6.1502,8.2317,0.7471,0.7512,0.7452,12784,337,20.579
clear,3644,728,1.1288,1.5129,0.7457,0.7029,0.7025,2812,315,4.527
lead,2503,500,0.7754,1.0391,0.7456,0.7659,0.7954,2063,298,3.321
because,11114,2222,3.4428,4.6177,0.7454,0.7594,0.7564,7237,332,11.649
met,4491,899,1.3912,1.8683,0.7443,0.7522,0.6958,3280,321,5.28
kinda,4063,814,1.2586,1.6916,0.7436,0.8251,0.7391,3113,316,5.011
magic,2496,500,0.7732,1.0391,0.7435,0.7622,0.7343,1717,291,2.764
fear,3481,698,1.0783,1.4506,0.7429,0.7493,0.6484,2552,308,4.108
glass,2723,546,0.8435,1.1347,0.7428,0.7294,0.7098,2163,301,3.482
page,1255,252,0.3888,0.5237,0.7412,0.6908,0.812,1058,264,1.703
small,2696,542,0.8351,1.1264,0.7409,0.7266,0.7197,2148,310,3.458
lady,4116,828,1.275,1.7207,0.7406,0.7084,0.8458,2775,313,4.467
yes,10754,2164,3.3313,4.4972,0.7406,0.7584,0.6341,5403,331,8.697
here's,2614,527,0.8097,1.0952,0.7388,0.727,0.6841,1992,293,3.207
sense,2199,444,0.6812,0.9227,0.7376,0.6906,0.6399,1644,291,2.646
grow,2906,587,0.9002,1.2199,0.7374,0.7048,0.6994,2192,302,3.528
making,6262,1266,1.9398,2.631,0.7371,0.7079,0.7387,4437,325,7.142
taking,4607,935,1.4271,1.9431,0.7341,0.6797,0.7032,3518,314,5.663
enemy,1491,303,0.4619,0.6297,0.7325,0.7024,0.9559,1083,241,1.743
sight,1916,390,0.5935,0.8105,0.7316,0.6808,0.6459,1467,291,2.361
down,84677,17258,26.2305,35.8652,0.7313,0.7162,0.7289,31464,338,50.648
town,8826,1799,2.734,3.7386,0.7311,0.7291,0.6665,5725,333,9.216
known,4174,851,1.293,1.7685,0.7308,0.7336,0.7363,3091,328,4.976
addicted,1409,288,0.4365,0.5985,0.7282,0.6091,0.8656,868,229,1.397
lately,1921,393,0.5951,0.8167,0.7279,0.7258,0.6126,1193,241,1.92
so,150506,30950,46.6224,64.3196,0.7248,0.7248,0.7167,45455,338,73.169
longer,1743,359,0.5399,0.7461,0.7229,0.7171,0.7172,1428,266,2.299
wake,6612,1363,2.0482,2.8326,0.7229,0.7124,0.6729,3871,322,6.231
fault,1334,275,0.4132,0.5715,0.722,0.7708,0.6413,878,242,1.413
tried,6627,1369,2.0529,2.845,0.7214,0.7654,0.6551,4807,334,7.738
own,12843,2663,3.9784,5.5342,0.7188,0.72,0.7045,8107,335,13.05
change,12601,2613,3.9034,5.4303,0.7187,0.7222,0.6914,7506,336,12.082
chasing,1510,313,0.4678,0.6505,0.7182,0.723,0.7848,1041,241,1.676
say,66827,13892,20.7011,28.87,0.717,0.7129,0.703,28542,338,45.944
thank,4938,1029,1.5297,2.1384,0.715,0.6974,0.6719,2842,315,4.575
pain,8818,1840,2.7316,3.8238,0.7142,0.7193,0.6255,5395,323,8.684
said,34810,7271,10.7831,15.1104,0.7136,0.698,0.6324,17036,338,27.423
your,218028,45593,67.5388,94.7504,0.7128,0.7023,0.7189,47292,338,76.126
dare,1473,308,0.4563,0.6401,0.712,0.7039,0.6868,1061,256,1.708
de,1714,359,0.5309,0.7461,0.7109,0.6765,0.76,936,248,1.507
plans,1346,282,0.417,0.586,0.7105,0.7058,0.649,1098,276,1.767
it's,139791,29354,43.3032,61.0028,0.7098,0.7188,0.7162,42507,338,68.424
too,41211,8654,12.766,17.9845,0.7098,0.7385,0.7186,20125,337,32.395
follow,4262,895,1.3202,1.86,0.7095,0.6473,0.802,2967,318,4.776
feelings,3035,639,0.9402,1.328,0.7075,0.7032,0.691,2011,288,3.237
nobody,12579,2653,3.8966,5.5134,0.7066,0.6838,0.708,6937,330,11.167
best,14269,3016,4.4201,6.2678,0.7051,0.6928,0.7603,9399,335,15.13
do,118823,25266,36.808,52.5072,0.701,0.7028,0.7094,37829,338,60.894
don't,191918,40917,59.4507,85.0328,0.6991,0.6998,0.7197,48284,338,77.723
older,1290,275,0.3996,0.5715,0.6982,0.6927,0.7487,1135,259,1.827
just,141678,30365,43.8878,63.1039,0.6955,0.6956,0.685,44219,338,71.18
gets,4949,1063,1.5331,2.2091,0.6937,0.6915,0.7015,3595,316,5.787
higher,3041,654,0.942,1.3591,0.6927,0.6843,0.7021,1860,286,2.994
floor,7404,1595,2.2935,3.3147,0.6918,0.712,0.6733,4681,333,7.535
earth,2786,600,0.863,1.2469,0.6917,0.6459,0.702,2134,289,3.435
take,57064,12327,17.6768,25.6177,0.69,0.6861,0.7025,27471,338,44.22
rush,2009,434,0.6223,0.9019,0.6894,0.632,0.7212,1485,291,2.39
come,62012,13454,19.2095,27.9598,0.687,0.6761,0.7235,27616,338,44.454
knife,1389,301,0.4303,0.6255,0.687,0.851,0.7703,1151,239,1.853
blue,7094,1539,2.1975,3.1983,0.6869,0.6892,0.6492,4866,325,7.833
every,30560,6656,9.4666,13.8324,0.6843,0.6818,0.6562,17110,337,27.542
pieces,1248,272,0.3866,0.5653,0.6829,0.6828,0.6374,946,258,1.523
can't,74098,16210,22.9534,33.6873,0.6814,0.6914,0.6664,30958,338,49.833
born,4879,1072,1.5114,2.2278,0.6782,0.6557,0.7217,3449,317,5.552
lift,1949,428,0.6037,0.8895,0.6782,0.537,0.611,1326,271,2.134
child,3075,676,0.9525,1.4048,0.6777,0.6702,0.6312,2269,302,3.652
until,7992,1762,2.4757,3.6617,0.6759,0.6667,0.6703,5667,331,9.122
answer,1886,416,0.5842,0.8645,0.6752,0.6068,0.6285,1417,279,2.281
times,8866,1967,2.7464,4.0878,0.6717,0.6632,0.6393,5697,334,9.171
telling,2940,653,0.9107,1.3571,0.6707,0.6184,0.6566,2221,299,3.575
really,28263,6282,8.7551,13.0551,0.6706,0.7208,0.7208,14909,337,23.999
be,168840,37540,52.3018,78.0148,0.6704,0.6666,0.6868,46275,338,74.489
gone,17929,3986,5.5539,8.2836,0.6704,0.6473,0.6595,9463,336,15.233
body,14386,3202,4.4564,6.6543,0.6696,0.6674,0.7523,8085,336,13.015
history,1484,330,0.4597,0.6858,0.6695,0.6736,0.749,1166,252,1.877
day,32452,7232,10.0527,15.0294,0.6688,0.6583,0.6693,16472,337,26.515
hand,10750,2403,3.33,4.9939,0.6667,0.6565,0.6278,7461,336,12.01
train,2008,450,0.622,0.9352,0.6646,0.6408,0.6877,1512,299,2.434
give,41998,9428,13.0098,19.5931,0.664,0.6859,0.7572,21583,338,34.742
another,16450,3693,5.0957,7.6747,0.6639,0.6647,0.7111,9874,337,15.894
today,5881,1320,1.8218,2.7432,0.6639,0.6455,0.6002,3378,321,5.438
running,6368,1430,1.9726,2.9718,0.6636,0.6261,0.6753,4115,326,6.624
laugh,2492,560,0.772,1.1638,0.6629,0.6394,0.5925,1991,309,3.205
never,66384,14930,20.5639,31.0272,0.6628,0.6501,0.6421,28623,338,46.075
fire,9034,2032,2.7985,4.2229,0.6626,0.6244,0.6511,5156,329,8.3
hear,16465,3704,5.1004,7.6976,0.6625,0.654,0.6416,10107,336,16.269
living,8118,1830,2.5147,3.8031,0.6611,0.6049,0.7178,5164,327,8.313
free,10767,2431,3.3353,5.0521,0.6601,0.6523,0.6967,6459,334,10.397
more,39593,8948,12.2648,18.5955,0.6595,0.659,0.7267,19809,337,31.887
fight,6626,1498,2.0525,3.1131,0.6592,0.6487,0.6084,4450,328,7.163
around,31493,7128,9.7556,14.8133,0.6585,0.6553,0.6836,17317,338,27.875
me,423357,96165,131.1439,199.848,0.6562,0.6539,0.6703,57220,338,92.108
choose,2269,516,0.7029,1.0723,0.655,0.6517,0.5986,1630,293,2.624
shake,8092,1841,2.5067,3.8259,0.655,0.6551,0.6701,3343,328,5.381
prove,1603,365,0.4966,0.7585,0.6539,0.6703,0.7357,1289,278,2.075
knowing,1370,313,0.4244,0.6505,0.6516,0.6556,0.5957,1079,260,1.737
one,77475,17745,23.9995,36.8773,0.6508,0.6385,0.666,31071,338,50.015
lying,1981,454,0.6137,0.9435,0.6499,0.6167,0.6276,1479,269,2.381
future,2880,661,0.8921,1.3737,0.6491,0.6219,0.7874,2128,287,3.425
reason,5252,1206,1.6269,2.5063,0.6489,0.6586,0.6797,3778,327,6.081
can,89836,20646,27.8286,42.9061,0.6486,0.6391,0.6447,34103,338,54.896
sexy,2111,487,0.6539,1.0121,0.6456,0.5829,0.5263,1135,258,1.827
wanna,67454,15590,20.8953,32.3988,0.6449,0.6542,0.653,25615,338,41.233
coming,10655,2466,3.3006,5.1248,0.6439,0.596,0.6568,6512,335,10.482
think,37745,8746,11.6923,18.1757,0.6433,0.6612,0.6456,20260,337,32.613
over,29121,6749,9.0209,14.0256,0.6431,0.6511,0.7241,15849,338,25.512
hour,1811,420,0.561,0.8728,0.6421,0.6138,0.6495,1425,282,2.294
admit,1254,291,0.3885,0.6047,0.6415,0.6278,0.5679,998,261,1.606
left,14214,3308,4.4031,6.8746,0.6404,0.6334,0.6071,9347,336,15.046
wouldn't,5656,1318,1.7521,2.739,0.6395,0.6407,0.6136,4026,327,6.481
lie,7581,1767,2.3484,3.6721,0.6394,0.6665,0.5878,4255,329,6.849
need,51407,12034,15.9244,25.0088,0.6367,0.6291,0.6461,23574,338,37.947
sitting,2551,599,0.7902,1.2448,0.6344,0.5749,0.5781,2030,286,3.268
you,814756,191738,252.388,398.4656,0.6334,0.6311,0.6336,60074,338,96.702
sure,7601,1791,2.3546,3.722,0.6325,0.6056,0.5962,5471,332,8.807
dangerous,1587,374,0.4916,0.7772,0.6319,0.6494,0.6766,996,258,1.603
it'll,2011,475,0.623,0.9871,0.6306,0.6879,0.6362,1510,275,2.431
thing,18704,4422,5.794,9.1897,0.6304,0.635,0.6119,11227,337,18.072
wide,2002,475,0.6202,0.9871,0.6277,0.5923,0.5911,1432,279,2.305
looking,10670,2537,3.3053,5.2723,0.6268,0.5779,0.6335,6776,327,10.907
matter,7781,1859,2.4103,3.8633,0.6238,0.6096,0.6686,5160,331,8.306
special,2323,555,0.7196,1.1534,0.6235,0.5934,0.5631,1485,281,2.39
wait,9926,2373,3.0748,4.9315,0.6234,0.6126,0.6151,5783,332,9.309
going,16768,4010,5.1942,8.3335,0.6232,0.5817,0.6199,8979,337,14.454
last,14193,3396,4.3966,7.0575,0.6229,0.6381,0.6285,9222,335,14.845
hair,4690,1124,1.4528,2.3359,0.6218,0.6197,0.599,3469,322,5.584
strong,5266,1263,1.6313,2.6247,0.6213,0.5959,0.6314,3776,321,6.078
hope,9647,2315,2.9884,4.811,0.6211,0.6307,0.5967,6275,332,10.101
jesus,2879,692,0.8918,1.4381,0.6198,0.6753,0.6601,1751,266,2.819
guy,3300,794,1.0222,1.6501,0.6192,0.6446,0.6085,2238,315,3.603
yours,3954,955,1.2248,1.9847,0.6169,0.6435,0.5932,2444,316,3.934
become,1647,398,0.5102,0.8271,0.6162,0.5764,0.5879,1273,249,2.049
somebody,7870,1904,2.4379,3.9569,0.616,0.62,0.6436,4704,324,7.572
woah,10074,2439,3.1206,5.0687,0.6156,0.6075,0.6081,2406,233,3.873
only,28274,6847,8.7585,14.2293,0.6155,0.6051,0.628,16488,336,26.541
please,11658,2827,3.6113,5.875,0.6146,0.6215,0.5792,6801,336,10.948
calling,3115,757,0.9649,1.5732,0.6131,0.5639,0.5558,2046,296,3.293
soul,7906,1924,2.4491,3.9984,0.6124,0.6051,0.5882,5061,328,8.147
less,3443,839,1.0665,1.7436,0.6114,0.5313,0.739,2688,316,4.327
fell,3561,868,1.1031,1.8039,0.6113,0.6441,0.5664,2464,308,3.966
girl,42682,10441,13.2217,21.6983,0.6093,0.5731,0.5741,15012,338,24.165
ends,1724,422,0.534,0.877,0.6084,0.5703,0.6356,1339,278,2.155
pride,1592,390,0.4932,0.8105,0.6079,0.6213,0.5556,1226,264,1.974
friends,9282,2283,2.8753,4.7445,0.6059,0.6303,0.5559,5969,332,9.608
let,61466,15124,19.0404,31.4304,0.6058,0.582,0.6247,26314,338,42.358
both,4938,1215,1.5297,2.525,0.6056,0.5953,0.5389,3592,320,5.782
jam,2464,607,0.7633,1.2615,0.6047,0.9704,1.3061,1737,287,2.796
mi,1375,339,0.4259,0.7045,0.6039,0.6231,0.6438,478,179,0.769
burn,4955,1228,1.5349,2.552,0.6013,0.5447,0.5766,3008,316,4.842
amazing,1359,337,0.421,0.7003,0.6004,0.5213,0.5884,861,242,1.386
explain,1471,366,0.4557,0.7606,0.5985,0.5664,0.529,1133,266,1.824
days,8729,2174,2.704,4.518,0.5984,0.5826,0.5667,5789,331,9.319
hmm,2245,559,0.6954,1.1617,0.5982,0.6706,0.4915,922,233,1.484
hold,20777,5204,6.4361,10.8148,0.5951,0.5862,0.608,11169,337,17.979
guess,8328,2088,2.5798,4.3392,0.5944,0.6422,0.6072,5893,333,9.486
country,2753,691,0.8528,1.436,0.5935,0.6152,0.6137,1626,274,2.617
reach,2620,658,0.8116,1.3674,0.5932,0.56,0.5962,2090,305,3.364
space,2908,731,0.9008,1.5191,0.5927,0.5634,0.5871,1979,291,3.186
good,34710,8758,10.7522,18.2007,0.5907,0.595,0.5705,16805,338,27.051
lo,1428,360,0.4424,0.7481,0.5907,0.5936,0.6452,841,242,1.354
who's,4652,1174,1.4411,2.4398,0.5905,0.6107,0.6563,3216,313,5.177
whenever,1875,474,0.5808,0.9851,0.5892,0.5578,0.6757,1349,269,2.171
moving,3068,776,0.9504,1.6127,0.589,0.5924,0.7118,2095,304,3.372
songs,2239,567,0.6936,1.1783,0.5882,0.6148,0.5744,1800,286,2.897
shining,1621,411,0.5021,0.8541,0.5874,0.5266,0.5537,1027,249,1.653
honest,1384,353,0.4287,0.7336,0.5838,0.6142,0.5495,946,216,1.523
didn't,11122,2844,3.4453,5.9103,0.5828,0.6051,0.552,7463,336,12.013
want,63632,16315,19.7114,33.9055,0.5813,0.5761,0.5888,25541,338,41.114
wild,4815,1236,1.4915,2.5686,0.5805,0.5734,0.6553,3049,318,4.908
once,6665,1712,2.0646,3.5578,0.5802,0.5882,0.5501,4818,334,7.756
not,61274,15748,18.9809,32.7271,0.58,0.5802,0.5995,28368,338,45.664
across,2164,556,0.6703,1.1555,0.5798,0.5238,0.5605,1816,294,2.923
stuff,2580,663,0.7992,1.3778,0.5797,0.6464,0.8985,1986,307,3.197
remember,9932,2556,3.0766,5.3118,0.5791,0.6366,0.59,6079,334,9.785
tired,4463,1150,1.3825,2.3899,0.5783,0.5654,0.5359,2863,312,4.609
watching,2985,771,0.9247,1.6023,0.5768,0.5096,0.5497,2162,294,3.48
into,14479,3750,4.4852,7.7932,0.5755,0.5651,0.5719,9904,337,15.943
radio,2124,550,0.658,1.143,0.5753,0.5081,0.6205,1527,286,2.458
thinking,5589,1454,1.7313,3.0217,0.5728,0.5381,0.5371,3737,317,6.015
part,4829,1257,1.4959,2.6123,0.5725,0.5318,0.5606,3517,324,5.661
rise,2184,570,0.6765,1.1846,0.5708,0.5184,0.4911,1459,269,2.349
world,23263,6077,7.2062,12.6291,0.5706,0.5535,0.5473,11577,336,18.636
have,46325,12108,14.3502,25.1626,0.5703,0.5698,0.5535,23760,338,38.247
very,3412,892,1.0569,1.8537,0.5699,0.5695,0.5064,2396,306,3.857
must,7268,1902,2.2514,3.9527,0.5695,0.5434,0.5812,4915,329,7.912
fallin,1709,447,0.5294,0.9289,0.5694,0.6049,0.5261,1038,261,1.671
places,1536,402,0.4758,0.8354,0.569,0.5459,0.5046,1137,277,1.83
lose,7311,1916,2.2647,3.9818,0.5687,0.5551,0.5406,4718,332,7.595
miss,7053,1850,2.1848,3.8446,0.5682,0.5725,0.5855,4353,329,7.007
time,64311,16901,19.9217,35.1233,0.5672,0.5778,0.5566,28090,337,45.217
da,13618,3585,4.2185,7.4503,0.5662,0.5987,0.5202,2709,307,4.361
spin,1771,466,0.5486,0.9684,0.566,0.5826,0.7452,1377,271,2.217
help,7107,1873,2.2015,3.8924,0.5655,0.5774,0.5343,4572,332,7.36
way,49357,13013,15.2894,27.0433,0.5654,0.5698,0.5441,22668,338,36.489
bit,4245,1121,1.315,2.3296,0.5643,0.5573,0.543,2834,320,4.562
cannot,2307,610,0.7146,1.2677,0.5634,0.59,0.48,1482,264,2.386
should,14102,3732,4.3684,7.7558,0.5632,0.5634,0.5621,8934,336,14.381
walking,2913,772,0.9024,1.6044,0.5622,0.5258,0.5527,2137,301,3.44
truth,6045,1610,1.8726,3.3459,0.5595,0.5266,0.5579,4269,319,6.872
worry,3428,914,1.0619,1.8995,0.5588,0.5297,0.5224,2117,305,3.408
much,17732,4748,5.4929,9.8672,0.5566,0.5974,0.5455,10479,334,16.868
mind,22094,5921,6.8441,12.3049,0.5562,0.5544,0.5135,12261,336,19.737
pretty,5543,1485,1.7171,3.0861,0.5562,0.5735,0.5282,3640,321,5.859
wine,1724,462,0.534,0.9601,0.5558,0.5157,0.5228,1208,260,1.945
those,7391,1988,2.2895,4.1314,0.5541,0.5346,0.5392,5263,335,8.472
ago,1472,396,0.456,0.823,0.5536,0.5201,0.4929,1215,282,1.956
worth,4200,1131,1.301,2.3504,0.5534,0.5268,0.5678,3040,317,4.894
flying,1466,395,0.4541,0.8209,0.5527,0.4963,0.541,1121,248,1.804
snow,1644,443,0.5093,0.9206,0.5527,0.5396,0.5531,1339,268,2.155
simple,1632,440,0.5055,0.9144,0.5524,0.5015,0.5325,1267,276,2.04
read,3013,813,0.9333,1.6896,0.5522,0.5784,0.6222,2439,305,3.926
needed,1779,480,0.5511,0.9975,0.552,0.5406,0.5197,1291,269,2.078
learn,3301,892,1.0226,1.8537,0.5514,0.5311,0.5772,2554,313,4.111
break,12904,3505,3.9973,7.284,0.5487,0.5467,0.5943,7810,337,12.572
home,17796,4838,5.5127,10.0542,0.5483,0.5283,0.5611,10916,336,17.572
true,8011,2180,2.4816,4.5304,0.5477,0.5482,0.5241,5207,333,8.382
should've,1665,454,0.5158,0.9435,0.5462,0.5763,0.5344,1147,268,1.846
tree,1786,488,0.5533,1.0142,0.5451,0.5266,0.5925,1394,275,2.244
hello,3186,872,0.9869,1.8122,0.5444,0.4654,0.6197,1445,284,2.326
light,11586,3180,3.589,6.6086,0.543,0.5233,0.5173,7087,333,11.408
driving,1340,368,0.4151,0.7648,0.5422,0.477,0.5104,1004,256,1.616
thought,13014,3579,4.0314,7.4378,0.542,0.5751,0.5818,8663,337,13.945
di,1512,417,0.4684,0.8666,0.54,0.5146,0.7896,405,175,0.652
wanted,5435,1502,1.6836,3.1214,0.5392,0.5206,0.4975,3678,327,5.921
under,6824,1887,2.1139,3.9215,0.5389,0.5116,0.6793,5263,331,8.472
california,1664,460,0.5155,0.956,0.5388,0.4528,0.7443,1080,197,1.738
fade,2233,618,0.6917,1.2843,0.5383,0.5078,0.6,1729,308,2.783
friend,6479,1794,2.007,3.7283,0.5382,0.5473,0.5229,4200,329,6.761
deserve,1918,531,0.5941,1.1035,0.538,0.5309,0.4902,1324,267,2.131
hands,10489,2919,3.2492,6.0662,0.5356,0.5498,0.5258,6116,336,9.845
ground,4180,1164,1.2948,2.419,0.5351,0.5327,0.5127,2886,318,4.646
voice,2189,610,0.6781,1.2677,0.5346,0.5223,0.492,1735,291,2.793
view,1454,406,0.4504,0.8437,0.5333,0.5192,0.5509,1183,265,1.904
wrong,10653,2977,3.3,6.1867,0.5333,0.5252,0.5139,6953,336,11.192
walked,2067,578,0.6403,1.2012,0.5327,0.5142,0.4822,1541,288,2.481
forgive,1787,500,0.5536,1.0391,0.5324,0.5148,0.5363,1178,256,1.896
mirror,2234,626,0.692,1.3009,0.5316,0.531,0.4914,1535,273,2.471
scream,2486,697,0.7701,1.4485,0.5314,0.5446,0.553,1809,307,2.912
giving,2610,732,0.8085,1.5212,0.5312,0.4793,0.547,2062,307,3.319
late,5009,1406,1.5516,2.9219,0.5309,0.507,0.5101,3554,320,5.721
proud,2019,569,0.6254,1.1825,0.5286,0.5259,0.5167,1336,279,2.151
knees,2751,776,0.8522,1.6127,0.5282,0.5364,0.5413,2084,315,3.355
saw,4659,1316,1.4432,2.7349,0.5276,0.5432,0.4643,3480,321,5.602
he'll,1349,382,0.4179,0.7939,0.5259,0.5034,0.4721,1019,262,1.64
dress,1942,551,0.6016,1.1451,0.525,0.5271,0.5176,1567,285,2.522
sunday,1305,372,0.4043,0.7731,0.5224,0.4922,0.5283,907,250,1.46
close,7095,2030,2.1978,4.2187,0.5209,0.5221,0.4977,4926,333,7.929
trouble,2659,764,0.8237,1.5877,0.5185,0.4849,0.5586,1725,295,2.777
tomorrow,2877,829,0.8912,1.7228,0.5171,0.512,0.5154,1854,296,2.984
dying,1575,454,0.4879,0.9435,0.5167,0.495,0.5382,1145,257,1.843
she'll,1533,442,0.4749,0.9186,0.5166,0.4954,0.4947,1082,262,1.742
could,31560,9119,9.7764,18.9509,0.5159,0.5054,0.5058,16921,336,27.238
mine,11623,3368,3.6005,6.9993,0.5144,0.5372,0.5076,6806,332,10.956
long,18818,5468,5.8293,11.3635,0.513,0.5001,0.5063,11098,337,17.865
lost,9442,2756,2.9249,5.7275,0.5106,0.5114,0.494,6094,337,9.81
glad,1429,418,0.4427,0.8687,0.5092,0.4662,0.4779,1124,278,1.809
dark,4816,1413,1.4919,2.9365,0.5079,0.5018,0.4942,3418,319,5.502
knew,7860,2308,2.4348,4.7964,0.5076,0.506,0.4719,5479,332,8.82
easy,5032,1481,1.5588,3.0778,0.5063,0.4871,0.4888,3178,324,5.116
fine,5241,1544,1.6235,3.2087,0.5059,0.5225,0.5209,3494,322,5.624
fix,1707,503,0.5288,1.0453,0.5055,0.53,0.5197,1319,282,2.123
hollywood,1568,462,0.4857,0.9601,0.5055,0.4759,0.6475,890,220,1.433
everything,16214,4784,5.0226,9.942,0.5052,0.5011,0.497,8964,332,14.429
morning,4622,1369,1.4318,2.845,0.5031,0.4754,0.4439,2885,311,4.644
taste,3184,945,0.9863,1.9639,0.502,0.4776,0.5047,2341,313,3.768
little,22595,6713,6.9993,13.9508,0.5017,0.4862,0.5156,12839,338,20.667
shouldn't,1547,460,0.4792,0.956,0.5009,0.4883,0.4484,1152,278,1.854
care,8703,2598,2.6959,5.3991,0.4993,0.4768,0.4999,5505,333,8.861
learned,1808,540,0.5601,1.1222,0.4987,0.4885,0.4973,1469,286,2.365
words,5222,1561,1.6176,3.244,0.4985,0.4807,0.4748,3875,324,6.238
end,9084,2719,2.814,5.6506,0.4979,0.5137,0.5164,6354,335,10.228
hey,26079,7829,8.0785,16.2701,0.4965,0.495,0.4465,8249,336,13.278
am,17216,5229,5.333,10.8668,0.4907,0.5016,0.4731,8830,335,14.214
song,8053,2449,2.4946,5.0895,0.4901,0.4799,0.464,5167,332,8.317
between,3312,1008,1.026,2.0948,0.4896,0.4838,0.4881,2664,308,4.288
ever,20054,6113,6.2122,12.7039,0.489,0.4913,0.5006,11460,337,18.447
mess,2134,655,0.6611,1.3612,0.4854,0.4631,0.4779,1620,294,2.608
something,13909,4275,4.3086,8.8842,0.4849,0.4814,0.4553,8023,333,12.915
strange,1466,451,0.4541,0.9373,0.4842,0.4926,0.4887,1059,247,1.705
feel,38206,11783,11.8351,24.4872,0.4833,0.4701,0.4721,18237,337,29.356
realize,1359,421,0.421,0.8749,0.4808,0.4386,0.4422,1019,242,1.64
carry,2106,659,0.6524,1.3695,0.4761,0.381,0.5033,1585,292,2.551
perfect,3323,1041,1.0294,2.1634,0.4757,0.4553,0.4148,2124,306,3.419
well,15679,4926,4.8569,10.2371,0.4744,0.4807,0.4377,10059,336,16.192
place,8943,2811,2.7703,5.8418,0.4742,0.4603,0.4619,6132,333,9.871
fun,4079,1285,1.2636,2.6705,0.473,0.4547,0.4539,2598,317,4.182
road,5230,1655,1.6201,3.4394,0.4709,0.4659,0.4562,3583,324,5.768
almost,1885,597,0.5839,1.2407,0.4704,0.4366,0.4754,1441,285,2.32
queen,2276,721,0.705,1.4984,0.4703,0.468,0.5478,1584,286,2.55
believe,11488,3650,3.5587,7.5853,0.4691,0.4566,0.4562,7011,332,11.286
would,19582,6224,6.0659,12.9346,0.4689,0.474,0.4565,11067,338,17.815
bed,4564,1451,1.4138,3.0154,0.4687,0.4884,0.4575,3466,325,5.579
looked,1912,609,0.5923,1.2656,0.4677,0.4379,0.4382,1524,293,2.453
may,3510,1119,1.0873,2.3255,0.4674,0.4407,0.4504,2412,296,3.883
anyway,1862,595,0.5768,1.2365,0.4662,0.4717,0.4801,1295,286,2.085
lights,5635,1808,1.7456,3.7573,0.4645,0.4548,0.4684,3558,321,5.727
breath,2402,774,0.7441,1.6085,0.4624,0.4664,0.4704,1999,311,3.218
enough,9338,3011,2.8926,6.2574,0.4622,0.4793,0.4753,5976,333,9.62
our,15719,5081,4.8693,10.5592,0.4611,0.4465,0.4417,8746,337,14.079
hide,3383,1094,1.048,2.2735,0.4608,0.4237,0.4315,2486,318,4.002
lives,1714,555,0.5309,1.1534,0.4601,0.4405,0.4697,1274,268,2.051
won't,22197,7193,6.876,14.9483,0.46,0.4559,0.4434,12595,338,20.274
missing,1666,540,0.5161,1.1222,0.4596,0.3816,0.476,1256,267,2.022
inside,8990,2948,2.7848,6.1265,0.4545,0.4493,0.4336,6175,331,9.94
always,18618,6118,5.7673,12.7143,0.4536,0.4577,0.4549,10909,335,17.56
ohh,2613,861,0.8094,1.7893,0.4522,0.4197,0.3517,966,247,1.555
goes,6252,2070,1.9367,4.3018,0.4501,0.4368,0.4641,3731,321,6.006
alive,4057,1344,1.2567,2.7931,0.4498,0.4501,0.4857,2398,301,3.86
ahh,2291,760,0.7097,1.5794,0.4491,0.4711,0.505,1046,263,1.684
stone,1387,460,0.4297,0.956,0.4491,0.4471,0.4508,1139,273,1.833
empty,1755,588,0.5436,1.222,0.4446,0.4322,0.4624,1446,279,2.328
there,27357,9300,8.4744,19.3271,0.4385,0.4298,0.4204,14924,337,24.023
fall,9759,3324,3.0231,6.9079,0.4376,0.4385,0.4305,6085,334,9.795
save,3968,1356,1.2292,2.818,0.4361,0.4326,0.456,2677,316,4.309
above,2238,771,0.6933,1.6023,0.4325,0.4152,0.4331,1786,306,2.875
he's,7480,2579,2.3171,5.3596,0.4323,0.4309,0.4072,4292,330,6.909
nothing,14913,5150,4.6196,10.7026,0.4316,0.4208,0.4368,8558,335,13.776
waste,2089,726,0.6471,1.5088,0.4287,0.4188,0.4071,1417,286,2.281
meant,2111,736,0.6539,1.5295,0.4273,0.424,0.4305,1497,284,2.41
dream,6411,2237,1.9859,4.6489,0.4271,0.41,0.4276,4043,320,6.508
find,13245,4624,4.1029,9.6095,0.4269,0.4303,0.4294,8748,335,14.082
each,3230,1130,1.0006,2.3483,0.4259,0.4274,0.4158,2389,305,3.846
hurt,5484,1924,1.6988,3.9984,0.4248,0.4451,0.4229,3666,328,5.901
without,9320,3276,2.8871,6.8081,0.424,0.4195,0.4692,6322,331,10.177
myself,9616,3385,2.9788,7.0346,0.4234,0.4495,0.4001,5505,334,8.861
rain,5621,1981,1.7412,4.1169,0.4229,0.4085,0.4139,3141,324,5.056
ocean,1360,480,0.4213,0.9975,0.422,0.3841,0.3979,1003,253,1.615
holy,1332,471,0.4126,0.9788,0.4213,0.4289,0.4699,954,248,1.536
feeling,8210,2906,2.5432,6.0392,0.4211,0.4068,0.384,4897,320,7.883
anything,5029,1786,1.5578,3.7116,0.4196,0.4363,0.4022,3349,320,5.391
mm,2641,938,0.8181,1.9493,0.4195,0.6766,0.3081,779,203,1.254
touch,7563,2695,2.3428,5.6007,0.4183,0.4222,0.4222,4953,331,7.973
will,26604,9487,8.2412,19.7157,0.418,0.4064,0.4112,14409,337,23.194
clouds,1246,447,0.386,0.9289,0.4152,0.3796,0.3783,905,217,1.457
things,12602,4568,3.9037,9.4931,0.4112,0.4127,0.3681,7534,335,12.128
wings,1321,481,0.4092,0.9996,0.4091,0.3616,0.4318,1000,243,1.61
dreams,5014,1828,1.5532,3.7989,0.4088,0.3939,0.38,3230,316,5.199
forget,5463,1997,1.6923,4.1501,0.4077,0.3968,0.4138,3872,331,6.233
seem,2489,911,0.771,1.8932,0.4071,0.4025,0.3856,1896,289,3.052
sad,2109,777,0.6533,1.6147,0.4044,0.3957,0.3817,1423,283,2.291
share,1584,589,0.4907,1.224,0.4007,0.3924,0.4198,1245,264,2.004
upon,1378,513,0.4269,1.0661,0.4002,0.3853,0.3552,1140,257,1.835
breathe,2696,1006,0.8351,2.0906,0.3993,0.3881,0.3963,1665,285,2.68
sky,5601,2104,1.735,4.3725,0.3967,0.3732,0.3649,3280,317,5.28
i'll,32809,12340,10.1633,25.6447,0.3963,0.3944,0.3976,16302,337,26.241
losing,1341,505,0.4154,1.0495,0.3956,0.3728,0.3544,912,250,1.468
shame,1796,679,0.5563,1.4111,0.3941,0.3898,0.4287,1364,292,2.196
bum,1326,503,0.4108,1.0453,0.3927,0.403,0.9441,675,230,1.087
yourself,5390,2050,1.6697,4.2603,0.3919,0.3895,0.4248,3325,322,5.352
night,23000,8760,7.1247,18.2048,0.3914,0.3949,0.3781,11709,337,18.848
promise,3266,1246,1.0117,2.5894,0.3906,0.4115,0.4112,2136,288,3.438
again,16382,6279,5.0747,13.0489,0.3889,0.399,0.3832,7914,333,12.739
secret,1415,542,0.4383,1.1264,0.3889,0.3939,0.426,1116,263,1.796
sometimes,5689,2181,1.7623,4.5325,0.3888,0.3799,0.358,3317,315,5.339
eyes,12889,4942,3.9926,10.2704,0.3887,0.3812,0.3594,8568,336,13.792
standing,2467,949,0.7642,1.9722,0.3874,0.3615,0.372,1819,285,2.928
holding,2048,798,0.6344,1.6584,0.3824,0.3612,0.3655,1542,281,2.482
far,5977,2331,1.8515,4.8442,0.3822,0.3808,0.4093,4067,328,6.547
forever,6839,2670,2.1185,5.5487,0.3818,0.4129,0.3998,3546,322,5.708
blame,2420,951,0.7496,1.9763,0.3792,0.3966,0.4145,1704,280,2.743
stars,3353,1318,1.0387,2.739,0.3791,0.3718,0.3783,2368,305,3.812
faith,1588,625,0.4919,1.2989,0.3785,0.3544,0.3532,1073,243,1.727
seems,2584,1019,0.8004,2.1177,0.3779,0.374,0.3,1793,280,2.886
lips,2503,994,0.7754,2.0657,0.3752,0.3423,0.3902,2003,309,3.224
maybe,6931,2773,2.147,5.7628,0.3725,0.3762,0.3397,4152,317,6.684
remind,1335,534,0.4135,1.1097,0.3724,0.3955,0.4281,952,242,1.532
mary,1734,695,0.5371,1.4443,0.3717,0.3625,0.3561,891,248,1.434
walls,1338,538,0.4145,1.1181,0.3705,0.3799,0.3551,1049,263,1.689
moment,2283,926,0.7072,1.9244,0.3674,0.3379,0.3581,1594,267,2.566
everyone,1975,808,0.6118,1.6792,0.3642,0.3475,0.3178,1335,260,2.149
are,31329,12957,9.7048,26.9269,0.3604,0.3531,0.3651,15446,338,24.864
heaven,3407,1409,1.0554,2.9282,0.3604,0.3557,0.3757,2145,288,3.453
chance,3609,1504,1.118,3.1256,0.3576,0.3439,0.4318,2587,311,4.164
skin,2546,1064,0.7887,2.2112,0.3566,0.3101,0.4528,2062,311,3.319
gimme,3076,1292,0.9529,2.685,0.3548,0.3749,0.6979,1439,293,2.316
moon,2087,881,0.6465,1.8309,0.353,0.3276,0.3339,1385,270,2.229
they're,3984,1687,1.2341,3.5059,0.352,0.3535,0.3322,2637,319,4.245
hanging,1354,575,0.4194,1.195,0.3508,0.3344,0.3756,1077,258,1.734
comes,4910,2087,1.521,4.3372,0.3506,0.337,0.3424,3290,319,5.296
takes,2009,855,0.6223,1.7768,0.3501,0.3432,0.3461,1383,278,2.226
felt,2827,1206,0.8757,2.5063,0.3493,0.3483,0.3455,2119,302,3.411
alright,6473,2768,2.0051,5.7524,0.3485,0.3473,0.3143,2854,320,4.594
baby,58446,25046,18.1049,52.05,0.3478,0.3295,0.3398,19755,337,31.8
woman,3478,1491,1.0774,3.0986,0.3476,0.3587,0.3757,2167,288,3.488
nights,2467,1062,0.7642,2.207,0.3462,0.3436,0.3688,1800,277,2.897
wish,7217,3118,2.2356,6.4798,0.345,0.35,0.338,4279,329,6.888
bright,1955,846,0.6056,1.7581,0.3443,0.3243,0.4246,1462,270,2.353
control,3965,1727,1.2282,3.589,0.3422,0.3608,0.3767,2557,312,4.116
lies,2456,1070,0.7608,2.2237,0.342,0.3263,0.3585,1840,299,2.962
kind,3858,1682,1.1951,3.4955,0.3418,0.3419,0.3432,2850,314,4.588
together,5830,2561,1.806,5.3222,0.3393,0.3373,0.3781,3651,324,5.877
dear,1314,578,0.407,1.2012,0.3387,0.3382,0.3126,751,222,1.209
else,4777,2104,1.4798,4.3725,0.3384,0.3435,0.3257,3023,320,4.866
found,4930,2187,1.5272,4.545,0.336,0.3314,0.3335,3537,327,5.694
sorry,4284,1903,1.3271,3.9548,0.3355,0.3447,0.387,2617,302,4.213
oooh,1540,685,0.477,1.4236,0.335,0.2797,0.3015,580,204,0.934
breaking,1513,676,0.4687,1.4048,0.3335,0.3025,0.3856,1086,264,1.748
ba,1532,685,0.4746,1.4236,0.3332,0.3589,0.4782,368,178,0.592
dance,7024,3150,2.1758,6.5463,0.3323,0.3333,0.358,3320,330,5.344
does,3296,1478,1.021,3.0715,0.3323,0.3326,0.338,2204,288,3.548
closer,1370,617,0.4244,1.2822,0.3308,0.3294,0.3138,893,253,1.437
needs,1512,684,0.4684,1.4215,0.3294,0.3273,0.3122,1096,266,1.764
whoa,5138,2327,1.5916,4.8359,0.3291,0.2926,0.3142,1457,268,2.345
keeps,1911,870,0.592,1.808,0.3273,0.3295,0.3384,1273,278,2.049
nowhere,1947,889,0.6031,1.8475,0.3264,0.3219,0.2995,1210,273,1.948
such,2350,1074,0.728,2.232,0.3261,0.3138,0.3166,1665,264,2.68
has,4604,2157,1.4262,4.4826,0.3181,0.3182,0.318,3349,320,5.391
leaving,1658,778,0.5136,1.6168,0.3176,0.302,0.3276,1235,283,1.988
pretend,1275,605,0.395,1.2573,0.314,0.3352,0.2878,879,226,1.415
afraid,1743,847,0.5399,1.7602,0.3066,0.3072,0.2573,1080,255,1.738
looks,1538,748,0.4764,1.5545,0.3064,0.3051,0.2819,1177,273,1.895
gonna,23150,11273,7.1712,23.4273,0.3061,0.2968,0.3229,11281,336,18.159
sing,4147,2023,1.2846,4.2042,0.3055,0.2994,0.2769,2540,319,4.089
smile,3681,1801,1.1403,3.7428,0.3046,0.2957,0.2735,2523,305,4.061
along,2286,1119,0.7081,2.3255,0.3044,0.2834,0.2995,1562,286,2.514
says,1744,855,0.5402,1.7768,0.304,0.295,0.2617,1278,279,2.057
you'll,8011,3941,2.4816,8.1901,0.303,0.2953,0.3109,5402,332,8.696
ma,3517,1735,1.0895,3.6056,0.3021,0.3801,0.7841,1748,267,2.814
sun,4560,2311,1.4126,4.8027,0.2941,0.277,0.287,3078,320,4.955
tears,2781,1412,0.8615,2.9344,0.2935,0.2829,0.2817,2018,293,3.248
somewhere,1819,938,0.5635,1.9493,0.289,0.292,0.3034,1403,280,2.258
i'd,8332,4311,2.581,8.959,0.2881,0.2993,0.2757,5335,330,8.588
bye,2125,1106,0.6583,2.2985,0.2863,0.3227,0.3697,905,241,1.457
kiss,4962,2584,1.5371,5.37,0.2862,0.2698,0.3024,3326,332,5.354
wind,1939,1012,0.6006,2.1031,0.2855,0.2826,0.2673,1503,293,2.419
knows,3766,1977,1.1666,4.1086,0.2839,0.2782,0.2904,2362,311,3.802
we'll,4270,2262,1.3227,4.7008,0.2814,0.277,0.265,2668,320,4.295
sweet,4523,2422,1.4011,5.0333,0.2783,0.2936,0.2961,3005,327,4.837
happy,3540,1900,1.0966,3.9485,0.2777,0.2875,0.2934,2329,308,3.749
love,72554,38980,22.4751,81.0074,0.2774,0.2709,0.3061,24642,338,39.666
la,15315,8255,4.7441,17.1554,0.2765,0.2963,0.2725,2737,311,4.406
finally,2000,1117,0.6195,2.3213,0.2668,0.2876,0.2623,1474,263,2.373
there's,11594,6488,3.5915,13.4832,0.2664,0.2651,0.2583,7437,330,11.971
isn't,1410,789,0.4368,1.6397,0.2663,0.2803,0.2896,1101,220,1.772
angel,1263,714,0.3912,1.4838,0.2636,0.2556,0.2727,898,216,1.446
i've,15929,9062,4.9343,18.8324,0.262,0.2601,0.2383,8533,333,13.736
she's,7589,4571,2.3509,9.4994,0.2475,0.2407,0.2519,3767,324,6.064
alone,6915,4188,2.1421,8.7034,0.2461,0.2467,0.2344,3979,325,6.405
beautiful,2699,1651,0.8361,3.4311,0.2436,0.2309,0.2465,1510,264,2.431
away,14987,9178,4.6425,19.0735,0.2434,0.2433,0.243,7674,334,12.353
wants,2077,1284,0.6434,2.6684,0.2411,0.2918,0.2833,1344,271,2.163
doo,1947,1206,0.6031,2.5063,0.2406,0.2335,0.466,528,198,0.85
ooh,22613,14023,7.0049,29.1423,0.2404,0.2592,0.2151,4960,322,7.984
tonight,8415,5225,2.6067,10.8585,0.2401,0.2322,0.22,3581,325,5.764
cry,4609,2865,1.4277,5.954,0.2398,0.235,0.2335,2626,302,4.227
loves,1309,820,0.4055,1.7041,0.2379,0.2261,0.2228,739,224,1.19
waiting,3562,2241,1.1034,4.6572,0.2369,0.225,0.242,2250,301,3.622
ah,11994,7555,3.7154,15.7006,0.2366,0.2595,0.2655,3977,316,6.402
loved,1752,1113,0.5427,2.313,0.2346,0.2361,0.2317,1251,263,2.014
lovin,1962,1256,0.6078,2.6102,0.2328,0.2329,0.2523,1306,275,2.102
makes,3449,2221,1.0684,4.6156,0.2315,0.2371,0.2311,2341,300,3.768
apart,1344,870,0.4163,1.808,0.2302,0.2227,0.2233,1019,254,1.64
heart,12406,8251,3.843,17.147,0.2241,0.2193,0.2314,7758,333,12.488
dancing,1378,927,0.4269,1.9265,0.2215,0.2045,0.2193,815,247,1.312
you're,32084,21611,9.9387,44.9115,0.2213,0.2244,0.2191,13580,338,21.86
you'd,2057,1441,0.6372,2.9947,0.2128,0.2296,0.1948,1475,287,2.374
doesn't,1630,1148,0.5049,2.3857,0.2116,0.2174,0.2153,1160,234,1.867
were,6835,4889,2.1173,10.1602,0.2084,0.2084,0.1818,4212,320,6.78
feels,2962,2135,0.9175,4.4369,0.2068,0.2091,0.1832,1723,288,2.774
honey,2144,1576,0.6641,3.2752,0.2028,0.2169,0.2362,1506,291,2.424
mmm,2343,1758,0.7258,3.6534,0.1986,0.2212,0.1808,787,209,1.267
we're,7793,6083,2.414,12.6416,0.191,0.1834,0.1873,4128,327,6.645
lonely,2314,1839,0.7168,3.8218,0.1875,0.1989,0.1737,1211,264,1.949
we've,1469,1187,0.4551,2.4668,0.1845,0.1738,0.1559,905,249,1.457
broken,1567,1278,0.4854,2.6559,0.1828,0.1744,0.176,1241,262,1.998
na,6848,5641,2.1213,11.723,0.181,0.1899,0.1751,800,218,1.288
arms,1631,1395,0.5052,2.8991,0.1743,0.1657,0.1875,1265,264,2.036
oh,55722,49100,17.2611,102.0385,0.1692,0.1652,0.1564,15450,337,24.87
loving,1597,1433,0.4947,2.978,0.1661,0.1516,0.1634,908,249,1.462
hoo,1609,1493,0.4984,3.1027,0.1606,0.2024,0.1708,529,166,0.852
someone,3009,2809,0.9321,5.8376,0.1597,0.1624,0.1541,1891,286,3.044
christmas,1622,1577,0.5024,3.2773,0.1533,0.1468,0.1709,892,237,1.436
you've,3388,3335,1.0495,6.9307,0.1514,0.1499,0.135,2016,291,3.245
falling,1344,1378,0.4163,2.8637,0.1454,0.1406,0.1445,869,238,1.399
babe,1967,2277,0.6093,4.732,0.1288,0.1186,0.106,859,228,1.383
eh,1524,1983,0.4721,4.121,0.1146,0.1101,0.1645,543,209,0.874
