word,rap_count,other_count,rap_per_10k,other_per_10k,ratio,year_matched_ratio,unique_line_ratio,rap_songs,rap_artists,rap_song_pct
bitches,3439,0,8.6346,0.0,1191.5724,112.5615,752.6529,1582,131,23.992
tha,1267,0,3.1812,0.0,439.1098,41.47,261.6885,296,66,4.489
dogg,986,0,2.4756,0.0,341.7608,32.2727,202.3909,246,40,3.731
gat,796,0,1.9986,0.0,275.9376,26.0538,181.2849,567,117,8.599
pimp,774,0,1.9433,0.0,268.316,25.3337,174.7522,422,99,6.4
muthafuckin,735,0,1.8454,0.0,254.8049,24.0572,169.7269,281,59,4.261
niggas,18254,13,45.8318,0.1884,234.224,192.3935,147.16,3636,151,55.141
lyrics,668,0,1.6772,0.0,231.5936,21.8642,161.6866,486,117,7.37
nuts,626,0,1.5717,0.0,217.0432,20.4895,145.1033,461,103,6.991
ghetto,1862,1,4.6751,0.0145,215.0801,50.3794,113.8632,803,127,12.178
triple,574,0,1.4412,0.0,199.0285,18.7875,101.1326,294,93,4.459
dem,572,0,1.4362,0.0,198.3356,18.7221,99.1225,152,68,2.305
killa,520,0,1.3056,0.0,180.3208,17.0201,96.6099,240,66,3.64
snoop,508,0,1.2755,0.0,176.1636,16.6273,115.7058,193,35,2.927
rapper,504,0,1.2654,0.0,174.7778,16.4964,120.731,357,103,5.414
duck,463,0,1.1625,0.0,160.5739,15.1544,105.1528,339,99,5.141
po,460,0,1.155,0.0,159.5346,15.0562,106.1579,242,83,3.67
hoes,3029,3,7.6052,0.0435,149.9333,44.5361,135.1031,1352,132,20.503
motherfuckin,2135,2,5.3605,0.029,147.9635,49.7785,92.2882,911,111,13.816
blunts,394,0,0.9892,0.0,136.6697,12.896,86.057,282,88,4.277
aiyyo,388,0,0.9742,0.0,134.591,12.6996,91.0822,232,73,3.518
slick,384,0,0.9641,0.0,133.2053,12.5687,93.3435,322,106,4.883
muthafuckas,374,0,0.939,0.0,129.7409,12.2414,71.7351,171,55,2.593
mcs,370,0,0.929,0.0,128.3552,12.1104,86.3082,213,73,3.23
ugh,366,0,0.9189,0.0,126.9694,11.9795,65.9561,108,57,1.638
fiend,361,0,0.9064,0.0,125.2372,11.8159,85.3032,294,98,4.459
compton,358,0,0.8989,0.0,124.1979,11.7177,85.5544,183,42,2.775
thats,352,0,0.8838,0.0,122.1193,11.5213,85.8057,228,76,3.458
slugs,351,0,0.8813,0.0,121.7728,11.4885,81.5343,268,75,4.064
sippin,348,0,0.8738,0.0,120.7335,11.3904,76.7603,271,98,4.11
pimpin,347,0,0.8712,0.0,120.3871,11.3576,73.7452,186,59,2.821
raps,345,0,0.8662,0.0,119.6942,11.2922,84.5494,282,97,4.277
mane,341,0,0.8562,0.0,118.3085,11.1612,50.3779,83,23,1.259
cube,330,0,0.8286,0.0,114.4977,10.8012,73.4939,148,38,2.244
grill,324,0,0.8135,0.0,112.419,10.6048,75.504,258,97,3.913
stash,321,0,0.806,0.0,111.3797,10.5066,74.7502,271,89,4.11
strap,321,0,0.806,0.0,111.3797,10.5066,70.9813,236,75,3.579
pac,317,0,0.7959,0.0,109.994,10.3757,67.7149,201,70,3.048
slangin,312,0,0.7834,0.0,108.2618,10.212,71.7351,222,45,3.367
bringin,307,0,0.7708,0.0,106.5296,10.0484,74.7502,254,89,3.852
bonita,302,0,0.7583,0.0,104.7974,9.8847,22.9904,14,9,0.212
hort,300,0,0.7532,0.0,104.1045,9.8193,62.1871,83,20,1.259
ballin,298,0,0.7482,0.0,103.4117,9.7538,67.9662,217,64,3.291
pops,297,0,0.7457,0.0,103.0652,9.7211,69.9762,219,85,3.321
fiends,294,0,0.7382,0.0,102.0259,9.6229,73.4939,240,68,3.64
hatin,284,0,0.7131,0.0,98.5615,9.2956,63.1922,211,70,3.2
murda,279,0,0.7005,0.0,96.8293,9.1319,41.0812,63,23,0.955
rep,279,0,0.7005,0.0,96.8293,9.1319,58.9207,198,79,3.003
killers,274,0,0.688,0.0,95.0971,8.9683,63.946,199,66,3.018
git,271,0,0.6804,0.0,94.0578,8.8701,20.729,18,14,0.273
mafia,270,0,0.6779,0.0,93.7114,8.8373,47.3627,92,30,1.395
cali,267,0,0.6704,0.0,92.6721,8.7391,48.8703,166,79,2.517
buckin,265,0,0.6654,0.0,91.9792,8.6737,40.0762,104,39,1.577
chronic,265,0,0.6654,0.0,91.9792,8.6737,61.1821,198,64,3.003
area,263,0,0.6603,0.0,91.2863,8.6082,52.1367,161,72,2.442
crews,258,0,0.6478,0.0,89.5541,8.4446,60.9308,215,73,3.261
feds,256,0,0.6428,0.0,88.8613,8.3791,59.6745,211,73,3.2
bronx,255,0,0.6402,0.0,88.5148,8.3464,54.398,146,56,2.214
mines,253,0,0.6352,0.0,87.822,8.2809,54.6493,180,79,2.73
betta,251,0,0.6302,0.0,87.1291,8.2155,53.1417,145,68,2.199
beef,751,1,1.8856,0.0145,86.7826,20.7029,57.7482,544,123,8.25
eatin,250,0,0.6277,0.0,86.7826,8.1827,55.1518,198,90,3.003
krs,250,0,0.6277,0.0,86.7826,8.1827,56.4081,95,28,1.441
wig,250,0,0.6277,0.0,86.7826,8.1827,49.1216,174,68,2.639
glock,747,1,1.8756,0.0145,86.3207,17.3564,58.7532,546,111,8.28
tec,248,0,0.6227,0.0,86.0898,8.1173,55.9056,186,63,2.821
yall,248,0,0.6227,0.0,86.0898,8.1173,61.6846,115,47,1.744
fo,737,1,1.8504,0.0145,85.1659,21.2628,58.9207,422,97,6.4
clips,245,0,0.6151,0.0,85.0505,8.0191,58.6695,204,79,3.094
fam,245,0,0.6151,0.0,85.0505,8.0191,58.9207,172,69,2.608
mics,244,0,0.6126,0.0,84.704,7.9863,58.167,206,83,3.124
silkk,240,0,0.6026,0.0,83.3183,7.8554,53.8955,99,11,1.501
emcees,236,0,0.5925,0.0,81.9325,7.7245,51.3829,121,65,1.835
motherfucking,698,1,1.7525,0.0145,80.6622,19.447,54.063,346,94,5.247
thuggin,229,0,0.575,0.0,79.5074,7.4954,40.0762,119,34,1.805
slug,228,0,0.5725,0.0,79.161,7.4626,53.8955,188,77,2.851
rappers,681,1,1.7098,0.0145,78.6991,19.3888,55.6544,467,99,7.082
glocks,225,0,0.5649,0.0,78.1217,7.3645,51.6342,195,79,2.957
hella,218,0,0.5474,0.0,75.6966,7.1353,52.1367,159,40,2.411
hustler,218,0,0.5474,0.0,75.6966,7.1353,44.3476,141,59,2.138
tech,215,0,0.5398,0.0,74.6573,7.0371,53.1417,154,69,2.335
lex,214,0,0.5373,0.0,74.3109,7.0044,51.1317,181,77,2.745
gang,631,1,1.5843,0.0145,72.9251,17.2959,48.7865,447,102,6.779
label,206,0,0.5172,0.0,71.5394,6.7426,50.8804,184,88,2.79
proceed,206,0,0.5172,0.0,71.5394,6.7426,41.835,144,67,2.184
wack,616,1,1.5466,0.0145,71.1929,17.1624,48.8703,459,102,6.961
scandalous,204,0,0.5122,0.0,70.8465,6.6771,35.8047,117,58,1.774
soulja,202,0,0.5072,0.0,70.1536,6.6116,26.7593,30,7,0.455
bustas,199,0,0.4996,0.0,69.1143,6.5134,48.619,145,38,2.199
whassup,199,0,0.4996,0.0,69.1143,6.5134,44.5989,125,56,1.896
rap,2967,7,7.4495,0.1015,68.5369,45.7608,46.3577,1653,142,25.068
oakland,197,0,0.4946,0.0,68.4214,6.448,48.3678,128,32,1.941
homicide,194,0,0.4871,0.0,67.3821,6.3498,38.8199,144,66,2.184
dough,971,2,2.438,0.029,67.3128,24.4303,42.1868,646,125,9.797
servin,193,0,0.4846,0.0,67.0357,6.3171,43.5938,157,70,2.381
foes,192,0,0.4821,0.0,66.6893,6.2843,44.3476,164,76,2.487
deuce,190,0,0.477,0.0,65.9964,6.2189,46.609,137,57,2.078
suckas,189,0,0.4745,0.0,65.6499,6.1861,36.5585,113,42,1.714
hittin,567,1,1.4236,0.0145,65.5345,17.0844,43.5101,449,110,6.809
puffin,186,0,0.467,0.0,64.6106,6.0879,38.3173,139,61,2.108
plot,184,0,0.462,0.0,63.9178,6.0225,45.3526,169,83,2.563
casket,183,0,0.4595,0.0,63.5713,5.9898,41.5837,158,72,2.396
homey,182,0,0.457,0.0,63.2249,5.957,45.8552,134,50,2.032
hustlers,182,0,0.457,0.0,63.2249,5.957,39.8249,133,54,2.017
ruff,182,0,0.457,0.0,63.2249,5.957,34.2972,85,41,1.289
juvenile,181,0,0.4545,0.0,62.8784,5.9243,28.5181,87,38,1.319
warren,180,0,0.4519,0.0,62.532,5.8916,37.5635,68,15,1.031
slang,540,1,1.3558,0.0145,62.4165,13.3008,36.1397,369,100,5.596
blunt,537,1,1.3483,0.0145,62.0701,14.5294,38.4848,341,93,5.171
trife,178,0,0.4469,0.0,61.8391,5.8261,36.056,128,52,1.941
weed,1238,3,3.1083,0.0435,61.2947,24.3415,38.0302,788,120,11.95
mobb,176,0,0.4419,0.0,61.1463,5.7606,41.3325,94,28,1.426
dump,175,0,0.4394,0.0,60.7998,5.7279,36.3072,123,59,1.865
squad,524,1,1.3157,0.0145,60.5689,14.9188,40.5787,326,81,4.944
playas,174,0,0.4369,0.0,60.4534,5.6952,37.061,113,46,1.714
snitch,174,0,0.4369,0.0,60.4534,5.6952,42.5888,148,59,2.244
nigga,18575,53,46.6378,0.7682,60.1426,57.675,42.2883,3666,149,55.596
killas,173,0,0.4344,0.0,60.1069,5.6624,37.8148,114,36,1.729
dane,172,0,0.4319,0.0,59.7605,5.6297,29.2719,24,13,0.364
illegal,171,0,0.4293,0.0,59.4141,5.597,33.2921,91,54,1.38
jersey,170,0,0.4268,0.0,59.0676,5.5643,39.3224,129,53,1.956
biggie,510,1,1.2805,0.0145,58.9521,11.8498,23.9117,123,46,1.865
ave,169,0,0.4243,0.0,58.7212,5.5315,39.0711,131,67,1.987
hon,169,0,0.4243,0.0,58.7212,5.5315,24.7492,67,33,1.016
poppa,167,0,0.4193,0.0,58.0283,5.4661,32.5383,95,50,1.441
redman,167,0,0.4193,0.0,58.0283,5.4661,36.056,87,26,1.319
scarface,167,0,0.4193,0.0,58.0283,5.4661,34.5484,92,37,1.395
hennessy,166,0,0.4168,0.0,57.6819,5.4333,34.0459,125,53,1.896
rag,166,0,0.4168,0.0,57.6819,5.4333,28.5181,96,43,1.456
gangstas,165,0,0.4143,0.0,57.3354,5.4006,33.7946,101,41,1.532
rhymin,164,0,0.4118,0.0,56.989,5.3679,39.0711,148,76,2.244
ward,163,0,0.4093,0.0,56.6426,5.3351,34.2972,112,27,1.699
sport,161,0,0.4042,0.0,55.9497,5.2697,39.5736,144,79,2.184
kris,160,0,0.4017,0.0,55.6032,5.2369,33.5434,74,22,1.122
snitches,160,0,0.4017,0.0,55.6032,5.2369,30.7795,99,47,1.501
thug,1759,5,4.4165,0.0725,55.4143,30.5191,30.1628,619,102,9.387
claimin,159,0,0.3992,0.0,55.2568,5.2042,32.0358,112,63,1.699
blam,158,0,0.3967,0.0,54.9104,5.1715,17.4627,31,27,0.47
dank,157,0,0.3942,0.0,54.5639,5.1388,34.0459,106,32,1.608
murderer,155,0,0.3892,0.0,53.8711,5.0733,20.729,58,35,0.88
blacks,154,0,0.3867,0.0,53.5246,5.0406,37.8148,122,51,1.85
mil,153,0,0.3841,0.0,53.1782,5.0078,33.5434,118,60,1.79
queens,433,1,1.0872,0.0145,50.0602,11.8687,31.952,286,76,4.337
thugs,972,3,2.4405,0.0435,48.1301,18.2366,27.6567,480,104,7.279
wu,677,2,1.6998,0.029,46.9423,16.419,41.2487,191,36,2.897
joint,405,1,1.0169,0.0145,46.8268,9.4101,31.952,310,107,4.701
punk,1214,4,3.0481,0.058,46.7498,18.5159,30.1932,738,117,11.192
bullets,401,1,1.0068,0.0145,46.3649,11.1723,33.1246,330,105,5.005
soldiers,397,1,0.9968,0.0145,45.903,11.4536,28.9369,249,69,3.776
strapped,391,1,0.9817,0.0145,45.2101,10.8937,29.8582,326,93,4.944
pussy,1434,5,3.6005,0.0725,45.1786,26.2785,29.0664,697,117,10.57
dope,1694,6,4.2533,0.087,45.1568,24.2418,29.8711,1024,134,15.529
smokin,910,3,2.2848,0.0435,45.0616,16.6194,27.9438,617,121,9.357
doggy,378,1,0.9491,0.0145,43.7089,10.9055,24.163,106,27,1.608
players,377,1,0.9466,0.0145,43.5934,11.3595,26.2568,224,81,3.397
gats,372,1,0.934,0.0145,43.016,10.5912,28.6019,303,91,4.595
cops,857,3,2.1517,0.0435,42.4386,14.405,27.9797,612,118,9.281
flex,363,1,0.9114,0.0145,41.9767,9.8215,27.5969,282,101,4.277
drama,602,2,1.5115,0.029,41.7457,12.7683,28.3674,453,98,6.87
buck,1324,5,3.3243,0.0725,41.7142,24.2435,23.5158,583,130,8.841
legit,357,1,0.8963,0.0145,41.2838,10.1642,19.9753,141,62,2.138
blaze,355,1,0.8913,0.0145,41.0529,9.6051,26.2568,275,94,4.17
mac,590,2,1.4814,0.029,40.9143,13.9481,27.1613,318,88,4.823
super,351,1,0.8813,0.0145,40.5909,10.5761,26.5081,241,94,3.655
projects,349,1,0.8763,0.0145,40.36,9.9364,27.9319,286,79,4.337
thangs,340,1,0.8537,0.0145,39.3207,9.6802,27.0106,254,59,3.852
shots,786,3,1.9735,0.0435,38.9247,16.4596,25.18,571,127,8.659
pound,783,3,1.9659,0.0435,38.7763,18.2602,23.9954,449,117,6.809
bustin,549,2,1.3784,0.029,38.0735,14.0342,26.2065,443,118,6.718
benz,534,2,1.3408,0.029,37.0342,12.6242,25.9553,434,112,6.582
styles,520,2,1.3056,0.029,36.0642,13.1328,23.2919,366,101,5.551
bud,302,1,0.7583,0.0145,34.9325,7.0169,18.0489,158,60,2.396
biz,299,1,0.7507,0.0145,34.586,8.0899,22.2366,197,84,2.988
blocks,299,1,0.7507,0.0145,34.586,6.9472,22.5716,232,93,3.518
lyrical,489,2,1.2278,0.029,33.9162,12.3191,23.9452,332,90,5.035
click,680,3,1.7073,0.0435,33.6787,13.1479,22.3084,447,105,6.779
cheese,481,2,1.2077,0.029,33.3619,9.9423,21.5331,375,105,5.687
skills,471,2,1.1826,0.029,32.6691,12.4737,20.3773,317,102,4.807
motherfuckers,1759,9,4.4165,0.1305,32.082,21.4238,42.505,900,116,13.649
shootin,273,1,0.6854,0.0145,31.5836,7.7726,22.3204,248,89,3.761
rappin,449,2,1.1273,0.029,31.1447,9.5232,20.4275,347,100,5.262
dawg,269,1,0.6754,0.0145,31.1217,7.4946,20.8128,140,45,2.123
snatch,265,1,0.6654,0.0145,30.6597,7.9848,21.1478,236,91,3.579
range,260,1,0.6528,0.0145,30.0823,7.5569,20.394,226,101,3.427
chrome,431,2,1.0821,0.029,29.8976,10.8851,21.0808,373,100,5.657
homeboy,258,1,0.6478,0.0145,29.8514,6.9806,17.0439,163,55,2.472
nut,430,2,1.0796,0.029,29.8283,11.5289,17.9149,275,82,4.17
mc's,926,5,2.325,0.0725,29.1795,14.0871,18.9017,498,93,7.552
knockin,252,1,0.6327,0.0145,29.1585,7.021,18.2164,194,80,2.942
doe,251,1,0.6302,0.0145,29.043,7.1462,18.3839,160,72,2.426
nigga's,418,2,1.0495,0.029,28.9968,10.7813,19.2215,282,91,4.277
hustlin,245,1,0.6151,0.0145,28.3502,7.3821,19.2215,198,60,3.003
cocked,240,1,0.6026,0.0145,27.7728,6.6867,19.2215,208,73,3.154
bro,238,1,0.5976,0.0145,27.5418,5.8622,19.724,203,77,3.079
pro,237,1,0.5951,0.0145,27.4263,6.8376,18.8865,204,89,3.094
cats,868,5,2.1794,0.0725,27.3528,15.3575,27.9079,531,111,8.053
g's,866,5,2.1743,0.0725,27.2898,10.4053,18.1708,568,106,8.614
mic,1967,12,4.9387,0.1739,27.2646,22.2084,18.1762,1086,132,16.47
dome,381,2,0.9566,0.029,26.4332,9.5246,17.2616,294,93,4.459
blast,991,6,2.4882,0.087,26.4225,16.2312,20.7519,736,128,11.162
cap,379,2,0.9516,0.029,26.2946,7.4833,18.3169,331,97,5.02
fuck,11003,72,27.6261,1.0436,26.2898,20.9016,27.5018,3358,149,50.925
hoe,527,3,1.3232,0.0435,26.1066,11.3156,17.4268,263,79,3.988
sucka,225,1,0.5649,0.0145,26.0406,6.0877,16.7089,150,68,2.275
crew,2157,14,5.4158,0.2029,25.7738,19.7449,18.2071,1300,141,19.715
rhymes,1557,10,3.9093,0.1449,25.6941,20.8995,17.4985,962,132,14.589
mo,1407,9,3.5327,0.1305,25.6637,17.4995,14.3285,633,114,9.6
smack,361,2,0.9064,0.029,25.0474,8.4169,17.3621,304,104,4.61
ass,7869,54,19.7573,0.7827,25.0118,20.9749,18.5454,3080,149,46.709
drawers,215,1,0.5398,0.0145,24.8858,6.1213,17.7977,197,82,2.988
representin,212,1,0.5323,0.0145,24.5393,6.0359,16.7089,165,66,2.502
slim,349,2,0.8763,0.029,24.216,8.5978,13.5932,201,69,3.048
happenin,206,1,0.5172,0.0145,23.8465,6.207,15.8713,149,67,2.26
bodies,341,2,0.8562,0.029,23.6617,7.3287,16.1561,271,90,4.11
loot,475,3,1.1926,0.0435,23.533,10.7307,20.4275,335,93,5.08
x,2491,18,6.2544,0.2609,23.3284,18.1056,13.6507,1195,138,18.123
nappy,199,1,0.4996,0.0145,23.0381,5.6657,13.61,110,49,1.668
stacks,199,1,0.4996,0.0145,23.0381,5.5444,15.6201,168,78,2.548
tang,458,3,1.1499,0.0435,22.6917,8.9314,15.9048,150,42,2.275
kane,194,1,0.4871,0.0145,22.4607,5.249,14.95,113,34,1.714
bullshit,709,5,1.7801,0.0725,22.3452,10.3299,14.7445,542,114,8.22
pimps,189,1,0.4745,0.0145,21.8833,5.1137,13.6937,141,59,2.138
cock,566,4,1.4211,0.058,21.8063,11.3688,14.4196,441,113,6.688
jewels,314,2,0.7884,0.029,21.7909,8.0989,24.9167,276,85,4.186
clan,188,1,0.472,0.0145,21.7678,4.6306,13.4425,134,60,2.032
raw,814,6,2.0438,0.087,21.7057,13.1448,14.2349,578,123,8.766
checks,187,1,0.4695,0.0145,21.6524,5.4352,13.6937,151,69,2.29
quest,187,1,0.4695,0.0145,21.6524,5.0596,14.7825,141,58,2.138
frontin,436,3,1.0947,0.0435,21.6029,9.2797,14.3757,342,105,5.187
homie,555,4,1.3935,0.058,21.3829,10.3029,14.5871,370,70,5.611
eazy,184,1,0.462,0.0145,21.3059,4.2752,13.4425,92,30,1.395
laws,184,1,0.462,0.0145,21.3059,5.3085,13.275,145,75,2.199
tapes,184,1,0.462,0.0145,21.3059,5.0435,15.1175,158,66,2.396
master,673,5,1.6898,0.0725,21.2114,12.2484,16.5693,417,112,6.324
dash,183,1,0.4595,0.0145,21.1904,5.514,14.0287,162,74,2.457
vest,304,2,0.7633,0.029,21.0981,7.01,24.7492,274,91,4.155
prince,182,1,0.457,0.0145,21.075,5.2508,14.8663,138,61,2.093
wassup,182,1,0.457,0.0145,21.075,5.1817,12.7724,104,55,1.577
catchin,179,1,0.4494,0.0145,20.7285,5.3935,14.4475,162,72,2.457
corners,179,1,0.4494,0.0145,20.7285,4.9871,12.6049,136,62,2.062
gots,777,6,1.9509,0.087,20.7196,12.8741,15.4526,496,97,7.522
bounce,656,5,1.6471,0.0725,20.676,11.6066,12.643,315,113,4.777
stack,417,3,1.047,0.0435,20.6625,8.9537,13.5502,345,108,5.232
chicks,296,2,0.7432,0.029,20.5438,7.1273,14.1963,232,72,3.518
herb,177,1,0.4444,0.0145,20.4976,4.789,14.615,147,72,2.229
illest,176,1,0.4419,0.0145,20.3821,4.3351,12.5212,123,52,1.865
microphone,644,5,1.6169,0.0725,20.2981,12.9772,13.511,425,100,6.445
el,175,1,0.4394,0.0145,20.2666,5.273,11.6836,108,54,1.638
floss,175,1,0.4394,0.0145,20.2666,4.7349,14.5313,156,71,2.366
mothafuckin,175,1,0.4394,0.0145,20.2666,5.0488,14.3638,86,42,1.304
nuthin,289,2,0.7256,0.029,20.0587,7.2247,12.7389,154,66,2.335
jock,172,1,0.4319,0.0145,19.9202,5.1826,13.1912,141,64,2.138
plus,1194,10,2.9979,0.1449,19.7057,14.7103,13.7296,931,131,14.119
cat,620,5,1.5567,0.0725,19.5422,10.4731,15.4805,423,115,6.415
rich,842,7,2.1141,0.1015,19.4583,12.4772,12.3537,568,123,8.614
fifth,278,2,0.698,0.029,19.2966,7.1325,13.2917,215,78,3.261
platinum,389,3,0.9767,0.0435,19.2768,7.2828,17.5632,314,100,4.762
fakin,165,1,0.4143,0.0145,19.1118,4.5227,12.7724,150,76,2.275
gangster,274,2,0.688,0.029,19.0194,6.7501,8.6685,109,53,1.653
ak,164,1,0.4118,0.0145,18.9963,3.8105,13.1912,142,50,2.153
maintain,273,2,0.6854,0.029,18.9501,5.9426,12.6887,233,92,3.534
beam,163,1,0.4093,0.0145,18.8809,4.6408,13.5262,147,66,2.229
g,3542,32,8.8932,0.4638,18.8809,18.9049,11.8512,1647,143,24.977
knot,160,1,0.4017,0.0145,18.5344,4.5554,11.5161,114,70,1.729
rocked,159,1,0.3992,0.0145,18.4189,4.4299,12.1024,132,68,2.002
rowdy,264,2,0.6628,0.029,18.3266,5.545,11.2314,124,45,1.88
props,367,3,0.9215,0.0435,18.188,7.8801,12.1862,283,91,4.292
verse,1100,10,2.7619,0.1449,18.155,13.0548,12.6408,541,120,8.204
flippin,259,2,0.6503,0.029,17.9801,5.9905,12.6384,234,92,3.549
hardcore,466,4,1.17,0.058,17.957,8.4551,19.9753,310,86,4.701
hook,673,6,1.6898,0.087,17.9481,8.1418,9.7702,380,113,5.763
sip,256,2,0.6428,0.029,17.7723,6.5252,11.4826,202,91,3.063
sucker,459,4,1.1524,0.058,17.6876,8.8859,11.9907,321,94,4.868
rhyme,1684,16,4.2282,0.2319,17.6841,16.6688,14.2521,1084,137,16.439
murder,1375,13,3.4523,0.1884,17.6491,14.2733,14.418,598,107,9.069
motherfucker,2079,20,5.2199,0.2899,17.5712,16.8273,21.7461,1052,119,15.954
butter,253,2,0.6352,0.029,17.5644,5.9945,12.0857,197,80,2.988
dude,253,2,0.6352,0.029,17.5644,6.3896,12.5379,195,78,2.957
uhh,1358,13,3.4096,0.1884,17.4309,15.4923,12.8089,483,103,7.325
cream,650,6,1.632,0.087,17.3352,11.6944,12.9628,425,113,6.445
bond,346,3,0.8687,0.0435,17.1487,6.7083,11.6478,240,78,3.64
hop,1335,13,3.3519,0.1884,17.1358,13.3385,10.7344,752,131,11.404
hustle,535,5,1.3433,0.0725,16.8652,9.0086,10.473,350,105,5.308
bomb,915,9,2.2974,0.1305,16.6928,9.2904,10.1761,510,125,7.734
westside,240,2,0.6026,0.029,16.6637,4.7388,10.2766,136,39,2.062
block,1865,19,4.6826,0.2754,16.5713,11.8309,11.9205,1189,144,18.032
aim,236,2,0.5925,0.029,16.3865,4.9569,11.0304,208,95,3.154
funk,1730,18,4.3437,0.2609,16.203,12.5761,12.0822,651,99,9.873
haters,420,4,1.0545,0.058,16.1863,7.2835,10.539,302,82,4.58
shit's,230,2,0.5775,0.029,15.9708,5.9323,11.1309,198,81,3.003
coke,412,4,1.0344,0.058,15.8784,7.5693,10.8461,320,97,4.853
team,594,6,1.4914,0.087,15.8429,7.8219,10.5047,472,119,7.158
caps,227,2,0.5699,0.029,15.7629,5.733,11.0806,204,78,3.094
freaks,226,2,0.5674,0.029,15.6936,6.0594,9.9751,172,75,2.608
fresh,674,7,1.6923,0.1015,15.5781,8.4,10.7289,496,114,7.522
disrespect,223,2,0.5599,0.029,15.4858,5.1422,10.5781,193,86,2.927
terror,222,2,0.5574,0.029,15.4165,5.4972,9.6233,161,69,2.442
bust,2265,25,5.6869,0.3624,15.3893,13.4689,11.572,1514,145,22.96
i'mma,1196,13,3.0029,0.1884,15.3523,12.101,16.4724,689,132,10.449
suckers,486,5,1.2202,0.0725,15.322,8.9094,23.3422,356,93,5.399
shit,15246,172,38.2794,2.4931,15.31,16.6959,14.06,4152,150,62.966
enemies,483,5,1.2127,0.0725,15.2275,8.1876,7.5721,276,79,4.186
jigga,217,2,0.5448,0.029,15.07,5.0038,8.2665,88,27,1.335
zone,391,4,0.9817,0.058,15.07,7.0801,9.3944,293,102,4.443
fat,1433,16,3.598,0.2319,15.049,11.4481,11.3197,932,134,14.134
hip,1432,16,3.5954,0.2319,15.0385,13.606,11.7209,807,135,12.238
wax,215,2,0.5398,0.029,14.9315,5.7645,10.0253,174,80,2.639
im,296,3,0.7432,0.0435,14.6741,5.9626,10.4632,114,62,1.729
drugs,462,5,1.16,0.0725,14.5661,7.0351,9.2167,349,99,5.293
cash,1630,19,4.0926,0.2754,14.4838,11.4757,8.9605,950,140,14.407
flip,873,10,2.1919,0.1449,14.4102,9.8988,10.1163,702,133,10.646
pump,870,10,2.1844,0.1449,14.3607,12.2129,8.4292,441,119,6.688
muthafucka,453,5,1.1374,0.0725,14.2827,4.8717,8.4629,219,65,3.321
named,452,5,1.1349,0.0725,14.2512,6.8733,9.9705,339,102,5.141
gauge,205,2,0.5147,0.029,14.2386,4.9934,10.1761,161,51,2.442
brooklyn,610,7,1.5316,0.1015,14.1,8.3441,11.4781,333,78,5.05
hood,1581,19,3.9695,0.2754,14.0485,10.4587,10.6543,883,127,13.391
playa,764,9,1.9182,0.1305,13.9396,8.1468,8.5892,430,91,6.521
lil,922,11,2.3149,0.1594,13.8952,10.7915,9.5752,522,98,7.916
tru,198,2,0.4971,0.029,13.7536,4.9881,9.4223,99,13,1.501
nine,1463,18,3.6733,0.2609,13.703,9.4245,8.7093,932,139,14.134
dre,355,4,0.8913,0.058,13.6843,8.6383,8.6127,171,43,2.593
neighborhood,354,4,0.8888,0.058,13.6458,6.6238,25.503,270,90,4.095
lexus,196,2,0.4921,0.029,13.615,4.7194,9.7741,172,73,2.608
pistol,431,5,1.0821,0.0725,13.5898,6.05,11.3765,354,96,5.369
figures,195,2,0.4896,0.029,13.5457,4.4965,15.1175,161,76,2.442
chorus,1832,23,4.5998,0.3334,13.5074,11.2955,9.1786,677,122,10.267
kid,1907,24,4.7881,0.3479,13.4863,10.4046,10.4098,1154,134,17.501
y'know,194,2,0.4871,0.029,13.4764,3.6545,9.4223,124,56,1.88
layin,269,3,0.6754,0.0435,13.3379,6.309,9.2428,238,97,3.609
don,499,6,1.2529,0.087,13.3112,7.0178,9.0357,333,99,5.05
dip,419,5,1.052,0.0725,13.2119,8.289,8.2345,245,95,3.715
hammer,265,3,0.6654,0.0435,13.1399,5.9866,10.9801,148,68,2.244
bumpin,264,3,0.6628,0.0435,13.0904,4.3929,8.8121,223,76,3.382
slam,264,3,0.6628,0.0435,13.0904,5.0433,8.0942,196,82,2.972
industry,187,2,0.4695,0.029,12.9914,3.6923,8.166,141,79,2.138
mc,936,12,2.3501,0.1739,12.9776,9.8983,8.5781,548,102,8.311
cos,336,4,0.8436,0.058,12.9529,6.2517,11.7195,134,45,2.032
jack,844,11,2.1191,0.1594,12.7203,8.2333,10.3215,594,119,9.008
phat,256,3,0.6428,0.0435,12.6945,5.1949,8.0942,169,77,2.563
rebel,182,2,0.457,0.029,12.645,4.3517,6.1559,101,54,1.532
skins,181,2,0.4545,0.029,12.5757,5.0524,8.4675,135,55,2.047
cousin,253,3,0.6352,0.0435,12.546,5.9002,8.2019,200,81,3.033
react,180,2,0.4519,0.029,12.5064,4.2553,7.7137,139,61,2.108
rick,180,2,0.4519,0.029,12.5064,3.8685,8.166,85,43,1.289
homies,899,12,2.2572,0.1739,12.4648,11.2567,7.774,521,71,7.901
bam,179,2,0.4494,0.029,12.4371,4.7405,7.6635,98,52,1.486
chi,179,2,0.4494,0.029,12.4371,4.3412,8.0152,112,47,1.699
puttin,533,7,1.3382,0.1015,12.3216,7.1701,11.1811,420,100,6.369
blastin,177,2,0.4444,0.029,12.2985,4.4591,8.6183,157,65,2.381
fore,248,3,0.6227,0.0435,12.2985,5.2237,11.4826,212,82,3.215
tape,532,7,1.3357,0.1015,12.2985,8.3132,11.5923,433,116,6.567
nas,247,3,0.6202,0.0435,12.249,5.3035,6.4431,86,32,1.304
dj,600,8,1.5065,0.116,12.2374,8.9522,12.2319,355,102,5.384
foul,317,4,0.7959,0.058,12.2216,6.5968,8.166,258,91,3.913
slippin,314,4,0.7884,0.058,12.1061,6.8775,7.2726,227,80,3.443
rip,733,10,1.8404,0.1449,12.1006,5.3727,18.0768,521,117,7.901
fold,174,2,0.4369,0.029,12.0907,4.1135,7.7137,147,82,2.229
york,782,11,1.9634,0.1594,11.7864,9.2185,7.9985,501,109,7.598
suckin,235,3,0.59,0.0435,11.6552,5.0459,7.6994,155,71,2.351
dedicated,167,2,0.4193,0.029,11.6057,3.3774,7.8142,126,67,1.911
main,300,4,0.7532,0.058,11.5672,5.6801,7.6635,239,97,3.625
vibe,233,3,0.585,0.0435,11.5562,5.4977,6.4431,151,74,2.29
major,298,4,0.7482,0.058,11.4902,5.7076,7.5239,240,83,3.64
spittin,298,4,0.7482,0.058,11.4902,6.3537,14.1963,254,84,3.852
bangin,296,4,0.7432,0.058,11.4132,5.8875,7.6635,208,82,3.154
rob,359,5,0.9014,0.0725,11.3222,6.7838,7.6863,290,95,4.398
fuckin,3919,60,9.8398,0.8697,11.222,12.0818,26.0773,1768,132,26.812
ya'll,609,9,1.5291,0.1305,11.1134,7.5848,7.5157,251,95,3.806
quick,1552,24,3.8967,0.3479,10.9764,10.1705,7.8933,1182,145,17.925
phony,157,2,0.3942,0.029,10.9128,4.0018,7.563,135,72,2.047
ridin,596,9,1.4964,0.1305,10.8763,7.8176,6.0766,314,91,4.762
island,282,4,0.708,0.058,10.8743,5.0224,6.8259,178,71,2.699
grabbed,219,3,0.5499,0.0435,10.8633,4.2344,7.8788,182,78,2.76
trick,655,10,1.6446,0.1449,10.8138,7.874,10.0756,460,107,6.976
bee,155,2,0.3892,0.029,10.7742,3.8306,7.362,125,63,1.896
snap,217,3,0.5448,0.0435,10.7643,4.6186,6.9456,171,81,2.593
aight,402,6,1.0093,0.087,10.7262,6.9933,7.0836,255,91,3.867
rippin,216,3,0.5423,0.0435,10.7148,5.1027,7.6276,184,74,2.79
spot,1200,19,3.0129,0.2754,10.6641,7.2719,8.0152,925,142,14.028
gettin,3285,53,8.2479,0.7682,10.6376,10.2887,8.0445,1837,145,27.859
juice,460,7,1.155,0.1015,10.6356,7.3706,7.3156,326,97,4.944
guns,947,15,2.3777,0.2174,10.5887,9.1614,13.7775,648,125,9.827
ta,639,10,1.6044,0.1449,10.5499,8.9944,6.5986,271,86,4.11
chop,272,4,0.6829,0.058,10.4894,5.0667,7.0772,191,82,2.897
represent,695,11,1.745,0.1594,10.476,5.7008,9.2045,420,104,6.369
plate,211,3,0.5298,0.0435,10.4674,4.4215,9.9751,187,91,2.836
packin,210,3,0.5273,0.0435,10.4179,3.8352,10.3771,195,75,2.957
gangsta,1283,21,3.2213,0.3044,10.3408,7.7707,11.6238,540,92,8.189
spray,267,4,0.6704,0.058,10.2969,5.0685,6.6026,211,76,3.2
pen,443,7,1.1123,0.1015,10.243,7.5298,11.8791,364,101,5.52
lick,615,10,1.5441,0.1449,10.1539,6.3954,6.6106,406,114,6.157
peep,554,9,1.391,0.1305,10.1105,7.5399,8.033,483,119,7.325
shakin,262,4,0.6578,0.058,10.1044,4.7952,7.6276,177,79,2.684
pockets,375,6,0.9415,0.087,10.0067,6.5198,8.1888,320,108,4.853
def,432,7,1.0847,0.1015,9.989,5.6194,6.5747,269,77,4.079
d,2385,41,5.9882,0.5943,9.957,9.0109,6.6044,1242,142,18.835
original,258,4,0.6478,0.058,9.9505,3.9708,6.8538,218,86,3.306
flavor,545,9,1.3684,0.1305,9.9464,6.886,7.5797,321,82,4.868
trigger,487,8,1.2228,0.116,9.9346,6.9807,8.7845,395,96,5.99
bricks,257,4,0.6453,0.058,9.912,4.7551,6.6026,191,75,2.897
sellin,427,7,1.0721,0.1015,9.8735,7.1986,6.5914,333,101,5.05
ice,1608,28,4.0373,0.4059,9.7762,7.7345,6.7668,799,124,12.117
philly,253,4,0.6352,0.058,9.758,5.5585,5.6813,155,75,2.351
shorty,591,10,1.4839,0.1449,9.758,5.5764,6.5268,367,91,5.566
stress,422,7,1.0596,0.1015,9.758,6.2831,8.8741,346,106,5.247
wit,3308,59,8.3057,0.8552,9.6318,10.4771,7.2779,1073,142,16.272
ayo,689,12,1.7299,0.1739,9.5548,6.4176,5.5428,339,81,5.141
lit,191,3,0.4796,0.0435,9.4775,4.075,6.6584,173,89,2.624
level,354,6,0.8888,0.087,9.4471,3.8955,5.9626,270,94,4.095
chief,190,3,0.477,0.0435,9.4281,3.9302,5.5098,122,67,1.85
rugged,190,3,0.477,0.0435,9.4281,4.5731,6.7661,166,60,2.517
whoever,190,3,0.477,0.0435,9.4281,3.6412,8.8193,152,88,2.305
jet,242,4,0.6076,0.058,9.3346,4.2942,6.4909,216,96,3.276
q,188,3,0.472,0.0435,9.3291,3.4997,6.0841,133,57,2.017
coast,726,13,1.8228,0.1884,9.3217,4.4901,10.0923,369,100,5.596
pipe,187,3,0.4695,0.0435,9.2796,4.234,5.9764,148,77,2.244
cop,665,12,1.6697,0.1739,9.2222,6.5503,6.8499,412,110,6.248
streets,1729,32,4.3411,0.4638,9.2179,8.0693,7.6043,1154,134,17.501
peoples,292,5,0.7331,0.0725,9.2121,5.7144,5.7219,197,69,2.988
actin,502,9,1.2604,0.1305,9.1624,6.001,5.984,374,113,5.672
weapon,183,3,0.4595,0.0435,9.0816,3.6759,6.2995,166,81,2.517
bail,234,4,0.5875,0.058,9.0266,4.6405,6.4072,192,80,2.912
riches,285,5,0.7156,0.0725,8.9916,3.3269,5.128,196,75,2.972
pow,181,3,0.4545,0.0435,8.9826,3.4503,6.0123,113,60,1.714
st,284,5,0.7131,0.0725,8.9601,4.3149,6.1559,203,85,3.079
dont,335,6,0.8411,0.087,8.9408,3.7124,5.6727,132,58,2.002
al,180,3,0.4519,0.0435,8.9331,4.004,5.9764,150,69,2.275
grab,950,18,2.3852,0.2609,8.8997,5.3888,9.9139,753,134,11.419
ounce,282,5,0.708,0.0725,8.8971,5.1914,6.0188,219,79,3.321
pushin,179,3,0.4494,0.0435,8.8837,3.6464,6.1918,161,77,2.442
boo,483,9,1.2127,0.1305,8.8159,5.8102,6.8062,326,107,4.944
rockin,581,11,1.4588,0.1594,8.7588,6.3161,6.3146,363,103,5.505
struggle,227,4,0.5699,0.058,8.7572,3.4936,5.458,177,73,2.684
i'ma,1685,33,4.2307,0.4783,8.7152,7.7958,5.8927,922,126,13.982
dollar,728,14,1.8278,0.2029,8.7028,6.0745,6.1458,478,121,7.249
brew,223,4,0.5599,0.058,8.6032,4.7176,10.5781,166,63,2.517
also,272,5,0.6829,0.0725,8.5822,4.4212,5.1737,195,87,2.957
tone,222,4,0.5574,0.058,8.5647,4.3151,6.0721,197,88,2.988
stomp,270,5,0.6779,0.0725,8.5192,4.306,3.6204,134,66,2.032
fella,171,3,0.4293,0.0435,8.4877,3.2579,5.7252,114,43,1.729
booty,316,6,0.7934,0.087,8.4344,4.4855,5.3635,228,75,3.458
jumped,267,5,0.6704,0.0725,8.4247,3.8648,6.0188,227,86,3.443
type,1132,23,2.8422,0.3334,8.3477,6.4752,6.1968,825,134,12.511
uptown,409,8,1.0269,0.116,8.3451,3.9485,7.9604,252,69,3.822
trunk,456,9,1.1449,0.1305,8.3236,6.2815,8.7827,308,100,4.671
yo,14034,292,35.2363,4.2325,8.3112,9.8213,6.0583,3688,156,55.93
sack,359,7,0.9014,0.1015,8.303,5.021,5.6031,264,84,4.004
frame,215,4,0.5398,0.058,8.2953,3.9901,7.6994,196,90,2.972
yay,165,3,0.4143,0.0435,8.1908,3.4278,6.6082,81,35,1.228
poppin,354,7,0.8888,0.1015,8.1875,5.1648,5.8041,302,102,4.58
tryna,590,12,1.4814,0.1739,8.1829,6.3418,5.5769,337,94,5.111
smoke,1957,41,4.9136,0.5943,8.1705,7.1069,6.0175,1154,135,17.501
puff,398,8,0.9993,0.116,8.1209,6.1893,5.5795,291,96,4.413
tryin,2408,51,6.046,0.7392,8.1009,7.6058,6.4552,1470,141,22.293
tribe,163,3,0.4093,0.0435,8.0918,3.743,5.6893,107,42,1.623
holler,209,4,0.5248,0.058,8.0643,4.1245,5.5816,137,64,2.078
jealous,395,8,0.9918,0.116,8.0598,5.0942,4.737,276,91,4.186
puba,162,3,0.4067,0.0435,8.0423,4.2121,5.438,55,10,0.834
dick,2433,52,6.1087,0.7537,8.0291,9.7832,5.6845,1201,132,18.214
bent,208,4,0.5222,0.058,8.0258,4.2672,5.458,174,77,2.639
nuff,208,4,0.5222,0.058,8.0258,3.3408,5.3463,153,68,2.32
static,208,4,0.5222,0.058,8.0258,3.7568,10.1258,171,76,2.593
drinkin,346,7,0.8687,0.1015,8.0027,4.9843,5.4189,279,93,4.231
east,808,17,2.0287,0.2464,8.0027,5.1178,6.3234,547,123,8.295
c,1685,36,4.2307,0.5218,7.9989,7.0465,6.8612,1009,134,15.302
dub,160,3,0.4017,0.0435,7.9433,3.1202,5.6175,129,65,1.956
popped,160,3,0.4017,0.0435,7.9433,3.5069,5.7252,151,74,2.29
bag,664,14,1.6672,0.2029,7.9382,6.4575,5.2532,444,125,6.733
non,251,5,0.6302,0.0725,7.9208,3.3149,4.3971,175,87,2.654
proper,205,4,0.5147,0.058,7.9103,3.5847,6.6584,163,83,2.472
dollars,433,9,1.0872,0.1305,7.9042,5.5467,5.1112,324,105,4.914
chips,296,6,0.7432,0.087,7.9014,3.7473,4.7643,222,78,3.367
jay,296,6,0.7432,0.087,7.9014,4.2901,5.0542,134,55,2.032
twelve,250,5,0.6277,0.0725,7.8893,4.3442,5.425,203,91,3.079
peeps,248,5,0.6227,0.0725,7.8263,3.2951,5.3336,199,73,3.018
shoot,1188,26,2.9828,0.3769,7.7687,7.5726,6.201,764,138,11.586
prepared,156,3,0.3917,0.0435,7.7454,3.2028,5.438,146,74,2.214
bitch,8232,184,20.6688,2.6671,7.7291,9.7958,23.1272,2479,140,37.595
style,2339,52,5.8727,0.7537,7.719,7.0632,6.5161,1388,143,21.049
butt,467,10,1.1725,0.1449,7.7124,5.4875,5.5344,334,100,5.065
bang,1089,24,2.7342,0.3479,7.7029,5.7371,4.9054,486,114,7.37
paper,774,17,1.9433,0.2464,7.6662,5.567,4.9355,542,115,8.22
z,331,7,0.8311,0.1015,7.6563,5.6888,5.692,202,73,3.063
action,375,8,0.9415,0.116,7.6522,4.8297,7.3894,285,104,4.322
underground,463,10,1.1625,0.1449,7.6464,5.2706,4.688,261,88,3.958
fucking,1301,29,3.2665,0.4204,7.6422,5.949,6.4553,669,117,10.146
strictly,327,7,0.821,0.1015,7.5639,4.4464,4.513,202,84,3.063
that'll,545,12,1.3684,0.1739,7.5593,4.953,5.2601,402,114,6.096
bloody,283,6,0.7106,0.087,7.555,4.2702,5.0156,210,72,3.185
stoppin,239,5,0.6001,0.0725,7.5429,4.0653,4.6712,160,74,2.426
gin,238,5,0.5976,0.0725,7.5114,4.7761,4.3971,163,63,2.472
drug,540,12,1.3558,0.1739,7.49,6.5127,5.797,407,103,6.172
em,9528,220,23.9227,3.1889,7.4853,8.1779,7.6365,2973,155,45.086
chest,751,17,1.8856,0.2464,7.4385,5.9264,6.5561,615,130,9.327
moms,362,8,0.9089,0.116,7.3873,5.1478,5.9046,282,95,4.277
focus,190,4,0.477,0.058,7.3329,3.7201,4.6483,148,68,2.244
lettin,231,5,0.58,0.0725,7.2909,3.5541,4.9453,197,89,2.988
clip,483,11,1.2127,0.1594,7.2827,5.911,10.7243,401,108,6.081
club,1026,24,2.5761,0.3479,7.2575,6.289,6.2772,513,127,7.78
president,187,4,0.4695,0.058,7.2175,3.1828,4.1737,113,59,1.714
funky,1645,39,4.1302,0.5653,7.216,8.332,4.7066,623,98,9.448
whip,311,7,0.7809,0.1015,7.1944,4.5339,6.7726,263,106,3.988
jeep,185,4,0.4645,0.058,7.1405,3.2598,4.7879,151,76,2.29
south,1001,24,2.5133,0.3479,7.0808,4.7132,5.6965,557,117,8.447
records,386,9,0.9692,0.1305,7.0473,5.0975,5.3578,321,101,4.868
spots,223,5,0.5599,0.0725,7.039,4.0096,4.8768,195,80,2.957
fucked,1315,32,3.3017,0.4638,7.0114,5.8927,5.8061,857,123,12.997
intro,181,4,0.4545,0.058,6.9865,2.7253,5.0671,176,71,2.669
deadly,218,5,0.5474,0.0725,6.8815,3.6664,4.7397,172,67,2.608
goddamn,337,8,0.8461,0.116,6.8778,5.2088,4.1458,211,73,3.2
broad,177,4,0.4444,0.058,6.8325,3.233,6.2277,143,76,2.169
blowin,374,9,0.939,0.1305,6.8285,3.7624,4.7666,280,107,4.246
thru,176,4,0.4419,0.058,6.794,3.1345,4.8717,120,51,1.82
jump,1155,29,2.9,0.4204,6.7849,6.4317,4.1852,589,129,8.932
umm,175,4,0.4394,0.058,6.7555,3.7312,4.7042,110,52,1.668
rule,330,8,0.8286,0.116,6.7352,4.6564,5.2179,239,92,3.625
chick,368,9,0.924,0.1305,6.7191,3.4568,7.6178,246,82,3.731
mission,403,10,1.0118,0.1449,6.6566,3.7818,5.2038,357,107,5.414
dice,287,7,0.7206,0.1015,6.6401,4.5243,5.2088,232,93,3.518
lyte,172,4,0.4319,0.058,6.6401,3.6604,4.9714,52,10,0.789
killin,593,15,1.4889,0.2174,6.6326,5.0342,6.7302,406,101,6.157
weight,400,10,1.0043,0.1449,6.6071,5.0773,6.1056,315,102,4.777
court,284,7,0.7131,0.1015,6.5708,4.1093,6.2701,247,93,3.746
p,2098,55,5.2676,0.7972,6.5495,7.51,8.4538,989,138,14.998
scratch,283,7,0.7106,0.1015,6.5477,4.7341,4.5311,212,76,3.215
pullin,244,6,0.6126,0.087,6.5157,4.0559,5.5392,221,82,3.352
group,205,5,0.5147,0.0725,6.4721,3.4273,5.4859,179,78,2.715
gain,353,9,0.8863,0.1305,6.4456,4.7675,2.4399,163,78,2.472
sho,315,8,0.7909,0.116,6.4295,4.1583,4.0571,223,77,3.382
catch,1679,45,4.2156,0.6523,6.3939,6.2368,5.0205,1250,144,18.957
beats,786,21,1.9735,0.3044,6.3366,5.0289,4.6483,582,125,8.826
punks,273,7,0.6854,0.1015,6.3167,3.8662,4.3301,219,69,3.321
swift,200,5,0.5022,0.0725,6.3146,2.8022,4.557,173,71,2.624
joe,381,10,0.9566,0.1449,6.2936,4.8195,5.0326,233,81,3.534
average,199,5,0.4996,0.0725,6.2831,4.2854,7.0174,174,87,2.639
y'all,7033,195,17.6583,2.8265,6.2319,4.1941,4.3739,2279,152,34.562
figure,521,14,1.3081,0.2029,6.2299,3.9161,5.0503,451,118,6.84
v,485,13,1.2177,0.1884,6.2295,4.9593,5.3492,316,104,4.792
split,592,16,1.4864,0.2319,6.2201,5.7949,5.6643,444,115,6.733
degrees,161,4,0.4042,0.058,6.2166,3.148,4.2854,141,61,2.138
buddy,160,4,0.4017,0.058,6.1781,3.1072,3.2524,89,42,1.35
bo,266,7,0.6679,0.1015,6.155,3.7621,3.7013,115,62,1.744
thick,407,11,1.0219,0.1594,6.138,4.069,5.6977,341,107,5.171
bullet,405,11,1.0169,0.1594,6.1078,4.3946,5.21,302,99,4.58
mark,261,7,0.6553,0.1015,6.0396,4.4585,4.7836,222,95,3.367
heh,156,4,0.3917,0.058,6.0242,2.95,4.3133,85,47,1.289
cuz,1545,44,3.8792,0.6378,6.0159,6.0007,6.0665,625,121,9.478
hits,572,16,1.4362,0.2319,6.0102,4.7204,4.2025,454,118,6.885
plenty,329,9,0.826,0.1305,6.008,4.7336,5.2514,259,93,3.928
ill,849,24,2.1317,0.3479,6.0061,3.8567,4.8077,598,118,9.069
jumpin,190,5,0.477,0.0725,5.9997,2.9528,4.123,169,80,2.563
cocaine,224,6,0.5624,0.087,5.9827,3.0604,3.8945,180,73,2.73
grand,431,12,1.0821,0.1739,5.9795,4.9381,4.0654,283,92,4.292
grave,258,7,0.6478,0.1015,5.9703,3.9748,4.7854,185,74,2.806
album,395,11,0.9918,0.1594,5.9572,4.4773,4.266,322,104,4.883
toast,223,6,0.5599,0.087,5.9561,2.2592,9.2213,168,76,2.548
swingin,154,4,0.3867,0.058,5.9472,3.0158,4.2296,140,63,2.123
violent,154,4,0.3867,0.058,5.9472,3.1534,6.7087,111,60,1.683
north,392,11,0.9842,0.1594,5.912,3.7657,3.5122,284,101,4.307
crib,460,13,1.155,0.1884,5.9087,3.9555,4.4473,386,112,5.854
rollin,1173,34,2.9451,0.4928,5.892,5.6832,4.9584,655,120,9.933
mail,220,6,0.5524,0.087,5.8761,3.5147,4.0105,165,57,2.502
blown,219,6,0.5499,0.087,5.8495,3.2934,3.8945,195,85,2.957
lickin,219,6,0.5499,0.087,5.8495,3.2239,3.1794,128,76,1.941
strip,218,6,0.5474,0.087,5.8228,3.5094,3.6819,173,77,2.624
k,923,27,2.3175,0.3914,5.817,3.9236,6.7071,554,124,8.402
connect,183,5,0.4595,0.0725,5.7792,3.0158,6.0123,144,69,2.184
enter,183,5,0.4595,0.0725,5.7792,2.4895,4.1001,164,76,2.487
posse,316,9,0.7934,0.1305,5.7709,4.6472,3.4581,192,74,2.912
hundred,641,19,1.6094,0.2754,5.6985,4.8276,5.005,518,121,7.856
tank,213,6,0.5348,0.087,5.6896,2.9287,4.694,158,66,2.396
picked,180,5,0.4519,0.0725,5.6847,3.2866,4.1001,166,82,2.517
paid,1000,30,2.5108,0.4348,5.6821,4.2744,5.2569,767,131,11.632
bastard,212,6,0.5323,0.087,5.6629,2.7643,3.9719,168,65,2.548
map,179,5,0.4494,0.0725,5.6532,3.1618,3.9174,161,77,2.442
ninety,342,10,0.8587,0.1449,5.6502,3.7254,3.739,238,82,3.609
cake,244,7,0.6126,0.1015,5.6469,2.753,3.6768,173,88,2.624
shady,276,8,0.693,0.116,5.6347,3.1007,2.9486,141,61,2.138
jail,536,16,1.3458,0.2319,5.6322,4.5158,6.0961,436,106,6.612
dr,275,8,0.6905,0.116,5.6143,3.5579,3.6285,164,60,2.487
bunch,242,7,0.6076,0.1015,5.6007,3.3698,3.8443,211,84,3.2
roots,242,7,0.6076,0.1015,5.6007,3.8443,3.794,111,44,1.683
boogie,532,16,1.3357,0.2319,5.5902,5.7009,4.3731,230,79,3.488
sweat,467,14,1.1725,0.2029,5.5848,4.1803,4.1551,401,113,6.081
bone,1043,32,2.6187,0.4638,5.5617,4.9906,4.1817,446,113,6.764
harlem,176,5,0.4419,0.0725,5.5588,3.0741,5.3662,104,44,1.577
video,176,5,0.4419,0.0725,5.5588,3.0739,3.7347,147,79,2.229
mix,528,16,1.3257,0.2319,5.5483,4.1518,3.7423,402,113,6.096
smith,239,7,0.6001,0.1015,5.5315,3.3847,3.057,137,59,2.078
diggy,206,6,0.5172,0.087,5.503,3.1309,1.9811,62,26,0.94
shop,332,10,0.8336,0.1449,5.4853,4.3236,4.5597,277,99,4.201
balls,268,8,0.6729,0.116,5.4717,3.8466,3.8059,229,85,3.473
bass,425,13,1.0671,0.1884,5.4596,4.0031,4.3424,311,90,4.716
makin,1335,42,3.3519,0.6088,5.4431,4.9376,4.1164,968,139,14.68
large,298,9,0.7482,0.1305,5.4427,4.2169,4.131,256,89,3.882
knocked,235,7,0.59,0.1015,5.4391,3.2291,4.2038,193,93,2.927
wrist,172,5,0.4319,0.0725,5.4328,2.6285,3.689,145,68,2.199
busta,327,10,0.821,0.1449,5.4028,4.2029,3.6672,209,59,3.17
forty,389,12,0.9767,0.1739,5.3975,4.3827,4.4689,311,97,4.716
crack,1135,36,2.8497,0.5218,5.3888,5.8366,5.9716,850,136,12.891
hype,388,12,0.9742,0.1739,5.3836,3.9299,4.6483,276,93,4.186
course,294,9,0.7382,0.1305,5.3698,3.6789,3.8549,266,99,4.034
chillin,386,12,0.9692,0.1739,5.3559,4.4501,3.9601,310,106,4.701
buggin,231,7,0.58,0.1015,5.3467,3.6399,2.6717,136,66,2.062
spit,755,24,1.8956,0.3479,5.3415,5.3158,3.8411,573,132,8.69
laced,168,5,0.4218,0.0725,5.3068,2.4852,4.5367,156,69,2.366
order,290,9,0.7281,0.1305,5.2968,3.3827,5.2088,229,97,3.473
metal,167,5,0.4193,0.0725,5.2753,3.1562,5.5816,139,74,2.108
j,714,23,1.7927,0.3334,5.2666,4.4032,4.1587,469,115,7.113
wicked,469,15,1.1776,0.2174,5.2469,4.4477,5.8455,285,101,4.322
double,944,31,2.3702,0.4493,5.1938,4.6464,4.4119,717,130,10.874
broke,1233,41,3.0958,0.5943,5.1486,4.7996,3.6083,925,139,14.028
shut,697,23,1.75,0.3334,5.1413,4.284,3.4803,368,102,5.581
ho,2541,86,6.3799,1.2466,5.0894,5.3639,3.6503,1016,132,15.408
neck,601,20,1.509,0.2899,5.0825,3.6348,3.4227,491,128,7.446
cell,278,9,0.698,0.1305,5.078,2.9028,3.511,236,96,3.579
lyin,190,6,0.477,0.087,5.0766,3.2113,3.1021,145,73,2.199
peel,160,5,0.4017,0.0725,5.0548,2.7579,3.3235,135,61,2.047
toss,160,5,0.4017,0.0725,5.0548,3.1277,5.1867,120,69,1.82
corner,743,25,1.8655,0.3624,5.0505,4.4161,3.5459,610,124,9.251
mr,1209,41,3.0355,0.5943,5.0484,5.3498,4.9897,597,123,9.054
guts,218,7,0.5474,0.1015,5.0464,3.2217,4.0088,148,70,2.244
crooked,217,7,0.5448,0.1015,5.0233,2.4718,3.8559,167,67,2.533
nowadays,159,5,0.3992,0.0725,5.0233,2.8885,4.0341,136,68,2.062
flight,187,6,0.4695,0.087,4.9967,2.8303,5.1509,165,88,2.502
spark,302,10,0.7583,0.1449,4.9904,3.2835,4.1162,248,80,3.761
cuts,215,7,0.5398,0.1015,4.9772,3.7391,3.057,155,77,2.351
liquor,329,11,0.826,0.1594,4.9631,4.2481,3.4794,285,89,4.322
pounds,157,5,0.3942,0.0725,4.9604,2.6397,3.5062,145,74,2.199
dis,271,9,0.6804,0.1305,4.9504,4.0184,3.3788,177,77,2.684
slap,271,9,0.6804,0.1305,4.9504,3.5206,4.1793,211,90,3.2
knowledge,328,11,0.8235,0.1594,4.948,3.5424,3.8347,257,82,3.897
droppin,356,12,0.8938,0.1739,4.9402,3.7815,3.4322,320,97,4.853
showin,213,7,0.5348,0.1015,4.931,2.4252,5.6813,185,80,2.806
money,5761,202,14.4646,2.928,4.9284,4.9703,4.2546,2214,150,33.576
freeze,212,7,0.5323,0.1015,4.9079,3.041,3.5093,197,86,2.988
partner,212,7,0.5323,0.1015,4.9079,2.9015,3.2748,162,68,2.457
heads,578,20,1.4512,0.2899,4.8882,4.1378,3.2438,426,117,6.46
project,267,9,0.6704,0.1305,4.8775,3.5172,2.9953,180,60,2.73
minutes,238,8,0.5976,0.116,4.8603,2.7973,3.4423,164,90,2.487
calm,266,9,0.6679,0.1305,4.8592,2.7939,3.3788,238,94,3.609
mental,294,10,0.7382,0.1449,4.8584,3.4538,4.338,258,92,3.913
rocks,628,22,1.5768,0.3189,4.8386,3.1022,3.6111,483,117,7.325
aww,153,5,0.3841,0.0725,4.8344,2.412,4.1179,97,58,1.471
e,2413,86,6.0585,1.2466,4.8331,4.8395,4.9874,1055,143,15.999
keys,404,14,1.0144,0.2029,4.8322,3.4945,5.336,353,104,5.353
player,650,23,1.632,0.3334,4.7948,4.1001,3.684,397,95,6.021
sold,428,15,1.0746,0.2174,4.7887,4.2547,3.848,370,116,5.611
james,179,6,0.4494,0.087,4.7835,2.6151,4.4529,137,62,2.078
askin,233,8,0.585,0.116,4.7584,2.9519,5.9326,197,83,2.988
game,4063,148,10.2013,2.1452,4.7399,4.4212,4.3613,2139,151,32.439
kicks,204,7,0.5122,0.1015,4.7231,2.7143,3.3418,178,89,2.699
attack,422,15,1.0596,0.2174,4.7216,4.0715,3.784,316,99,4.792
knock,1018,37,2.556,0.5363,4.7046,4.3487,3.0386,548,127,8.311
cook,176,6,0.4419,0.087,4.7036,2.6045,3.2374,152,86,2.305
hitting,176,6,0.4419,0.087,4.7036,2.7757,3.3147,146,71,2.214
straight,2538,93,6.3724,1.348,4.7028,4.016,4.5178,1662,144,25.205
beware,175,6,0.4394,0.087,4.6769,2.6797,7.8142,135,66,2.047
record,634,23,1.5918,0.3334,4.6769,4.7235,6.4618,475,123,7.204
whether,310,11,0.7783,0.1594,4.6769,3.8869,3.6962,247,104,3.746
yah,202,7,0.5072,0.1015,4.6769,2.7683,2.6839,62,30,0.94
grip,525,19,1.3182,0.2754,4.668,3.872,4.1805,410,102,6.218
selling,228,8,0.5725,0.116,4.6565,3.3635,3.9912,172,80,2.608
ding,174,6,0.4369,0.087,4.6503,2.5729,3.4479,68,43,1.031
eh,174,6,0.4369,0.087,4.6503,2.631,2.9475,68,49,1.031
mike,307,11,0.7708,0.1594,4.6317,3.7114,3.5835,221,80,3.352
solo,200,7,0.5022,0.1015,4.6307,3.2824,4.3742,178,78,2.699
fifty,333,12,0.8361,0.1739,4.6215,2.6634,4.5005,254,94,3.852
ya,11606,436,29.1401,6.3198,4.6059,4.6285,3.9647,3007,154,45.602
twist,305,11,0.7658,0.1594,4.6016,3.1484,3.8549,264,98,4.004
party,1843,69,4.6274,1.0001,4.5947,3.6757,2.7109,753,133,11.419
cum,171,6,0.4293,0.087,4.5703,2.6653,2.4643,103,53,1.562
jones,171,6,0.4293,0.087,4.5703,2.3592,3.4149,109,65,1.653
rounds,171,6,0.4293,0.087,4.5703,2.1285,5.5098,144,72,2.184
boss,355,13,0.8913,0.1884,4.5614,3.7787,3.0756,267,99,4.049
squeeze,275,10,0.6905,0.1449,4.5449,3.0772,3.7024,222,88,3.367
bay,169,6,0.4243,0.087,4.517,2.4232,3.0248,122,50,1.85
indo,221,8,0.5549,0.116,4.5139,3.3625,3.124,158,59,2.396
kickin,528,20,1.3257,0.2899,4.4657,3.9543,3.7423,400,104,6.066
dippin,167,6,0.4193,0.087,4.4637,2.4765,3.9225,101,45,1.532
worst,269,10,0.6754,0.1449,4.446,3.0457,3.1408,214,94,3.245
chicken,291,11,0.7306,0.1594,4.3907,3.5705,4.1015,229,88,3.473
twenty,591,23,1.4839,0.3334,4.36,3.5585,3.3219,482,115,7.31
extra,287,11,0.7206,0.1594,4.3305,2.8714,3.2843,227,91,3.443
steel,437,17,1.0972,0.2464,4.3305,3.301,3.1651,351,113,5.323
wearin,162,6,0.4067,0.087,4.3305,2.6771,4.5367,150,77,2.275
flowin,161,6,0.4042,0.087,4.3038,2.6412,3.1214,140,70,2.123
chill,947,38,2.3777,0.5508,4.263,4.068,3.3641,625,130,9.478
thang,943,38,2.3677,0.5508,4.245,4.5672,3.176,503,97,7.628
flipped,158,6,0.3967,0.087,4.2239,2.763,3.4149,139,74,2.108
hahaha,158,6,0.3967,0.087,4.2239,2.4053,3.0248,126,53,1.911
ball,740,30,1.858,0.4348,4.2055,2.9087,3.3653,496,125,7.522
heavy,351,14,0.8813,0.2029,4.1991,2.7795,3.0477,298,112,4.519
papers,181,7,0.4545,0.1015,4.1919,2.4323,2.856,152,75,2.305
pop,1626,67,4.0825,0.9712,4.1739,3.9364,3.7316,904,138,13.709
speakin,180,7,0.4519,0.1015,4.1688,2.8252,2.9063,158,82,2.396
pot,155,6,0.3892,0.087,4.1439,2.6606,2.7349,130,74,1.971
joke,369,15,0.9265,0.2174,4.1293,2.9657,3.0477,306,102,4.641
kick,1966,82,4.9362,1.1886,4.1289,3.9438,3.7198,1203,138,18.244
code,202,8,0.5072,0.116,4.1267,2.7188,2.5643,148,76,2.244
press,178,7,0.4469,0.1015,4.1226,2.7895,3.2374,150,83,2.275
tick,178,7,0.4469,0.1015,4.1226,3.0078,2.387,89,51,1.35
singin,154,6,0.3867,0.087,4.1173,2.211,2.7156,133,72,2.017
sittin,486,20,1.2202,0.2899,4.1108,3.4161,2.7179,379,111,5.748
hit,5374,226,13.4929,3.2758,4.1102,4.1994,3.726,2807,155,42.569
mask,248,10,0.6227,0.1449,4.0995,2.2258,2.4109,165,73,2.502
building,153,6,0.3841,0.087,4.0906,2.4033,2.9088,137,65,2.078
either,460,19,1.155,0.2754,4.0906,3.6702,2.5738,345,119,5.232
claim,317,13,0.7959,0.1884,4.0739,2.8204,3.5715,264,102,4.004
takin,902,38,2.2647,0.5508,4.0605,3.5018,3.8306,692,125,10.494
o,2458,105,6.1715,1.522,4.0366,3.8604,4.0583,1260,140,19.108
snake,197,8,0.4946,0.116,4.0248,2.5568,2.5348,155,77,2.351
bus,359,15,0.9014,0.2174,4.0176,3.0788,2.387,188,84,2.851
momma,567,24,1.4236,0.3479,4.0123,3.3844,3.2696,331,95,5.02
steppin,312,13,0.7834,0.1884,4.0097,2.8006,6.3386,249,89,3.776
playin,797,34,2.0011,0.4928,4.0041,3.7481,3.009,573,130,8.69
quarter,219,9,0.5499,0.1305,4.0023,2.2094,2.8763,197,85,2.988
shook,334,14,0.8386,0.2029,3.996,3.2069,2.2102,191,91,2.897
none,747,32,1.8756,0.4638,3.984,3.6872,3.0768,565,129,8.568
stickin,171,7,0.4293,0.1015,3.9609,2.3728,14.0287,155,73,2.351
mad,1973,86,4.9538,1.2466,3.952,3.4715,3.585,1270,143,19.26
toe,239,10,0.6001,0.1449,3.951,3.3789,2.7579,175,84,2.654
tricks,352,15,0.8838,0.2174,3.9393,3.1189,3.1609,274,92,4.155
mob,328,14,0.8235,0.2029,3.9243,3.7238,8.8639,235,77,3.564
daily,237,10,0.5951,0.1449,3.918,1.6815,7.5199,189,78,2.866
b,2340,103,5.8752,1.493,3.9171,3.8304,3.5684,1189,143,18.032
match,168,7,0.4218,0.1015,3.8917,2.4945,3.1987,158,84,2.396
five,1354,60,3.3996,0.8697,3.8781,3.58,2.785,965,139,14.635
killed,480,21,1.2052,0.3044,3.8712,3.4317,4.5478,392,100,5.945
boom,1301,58,3.2665,0.8407,3.8537,4.1362,2.9733,423,109,6.415
rolled,254,11,0.6377,0.1594,3.8334,2.3225,3.273,213,87,3.23
west,871,39,2.1869,0.5653,3.8218,3.0025,3.5199,577,125,8.75
hah,584,26,1.4663,0.3769,3.8206,3.398,2.1879,229,75,3.473
trippin,514,23,1.2905,0.3334,3.7924,3.0953,4.0852,393,89,5.96
throat,273,12,0.6854,0.1739,3.79,2.7367,2.9769,253,99,3.837
street,2116,97,5.3128,1.406,3.7602,3.3371,2.7847,1316,148,19.958
sheep,184,8,0.462,0.116,3.7599,2.6648,2.856,73,32,1.107
war,1174,54,2.9477,0.7827,3.7329,3.6221,2.67,622,119,9.433
dealin,161,7,0.4042,0.1015,3.73,2.6154,3.4377,142,69,2.153
kids,1212,56,3.0431,0.8117,3.7173,3.5021,2.7579,877,142,13.3
nasty,438,20,1.0997,0.2899,3.7052,3.1287,2.4301,249,94,3.776
unless,245,11,0.6151,0.1594,3.6978,2.9744,3.3477,219,96,3.321
front,1479,69,3.7134,1.0001,3.6874,3.2848,2.438,1035,142,15.696
smoking,329,15,0.826,0.2174,3.6823,3.3081,2.6816,240,88,3.64
camp,180,8,0.4519,0.116,3.6784,2.5233,1.8253,102,48,1.547
fools,664,31,1.6672,0.4493,3.6541,3.5832,2.9683,489,104,7.416
passed,263,12,0.6603,0.1739,3.6515,2.4867,2.5377,213,94,3.23
dig,704,33,1.7676,0.4783,3.6428,3.8009,2.2474,420,120,6.369
police,851,40,2.1367,0.5798,3.6419,3.0154,4.4263,524,107,7.947
brand,535,25,1.3433,0.3624,3.6376,2.8251,2.3408,356,110,5.399
month,157,7,0.3942,0.1015,3.6376,1.8032,2.186,119,63,1.805
u,1055,50,2.6489,0.7247,3.6204,3.1264,4.2296,512,115,7.765
cut,1368,65,3.4348,0.9422,3.6191,3.8162,3.5577,1028,147,15.59
flows,386,18,0.9692,0.2609,3.6189,2.8222,3.0108,305,96,4.625
half,1075,51,2.6991,0.7392,3.6174,3.4975,3.4758,819,137,12.42
lip,156,7,0.3917,0.1015,3.6145,2.3128,4.3692,149,82,2.26
hopin,197,9,0.4946,0.1305,3.6011,2.4691,3.3147,146,73,2.214
biggest,176,8,0.4419,0.116,3.5968,2.1857,2.3426,140,64,2.123
books,155,7,0.3892,0.1015,3.5914,1.8943,2.454,121,58,1.835
concrete,155,7,0.3892,0.1015,3.5914,2.173,2.4372,137,73,2.078
you's,300,14,0.7532,0.2029,3.5898,3.3963,4.6483,198,84,3.003
runnin,1169,56,2.9351,0.8117,3.5855,3.2744,4.4094,801,134,12.147
nickel,196,9,0.4921,0.1305,3.5829,2.4417,5.8687,130,64,1.971
jaw,154,7,0.3867,0.1015,3.5683,1.9182,2.5712,139,75,2.108
dogs,442,21,1.1098,0.3044,3.5651,2.9461,2.5287,324,110,4.914
fed,236,11,0.5925,0.1594,3.5623,2.6452,2.4744,206,90,3.124
word,2598,126,6.523,1.8264,3.5582,3.0956,2.924,1411,142,21.398
locked,646,31,1.622,0.4493,3.5551,2.9955,2.9203,474,118,7.188
lookin,1481,72,3.7185,1.0436,3.5396,3.1325,3.054,1036,141,15.711
size,214,10,0.5373,0.1449,3.5386,2.182,2.7969,192,89,2.912
check,4136,202,10.3846,2.928,3.5384,3.8404,3.2957,2066,149,31.332
brains,274,13,0.688,0.1884,3.5221,2.2465,2.7186,253,83,3.837
bout,2904,143,7.2913,2.0728,3.506,3.6031,3.4691,1493,149,22.642
death,1406,69,3.5302,1.0001,3.5055,2.8201,2.7472,890,133,13.497
kill,2150,106,5.3982,1.5365,3.4977,3.2971,2.6048,1265,143,19.184
freaky,272,13,0.6829,0.1884,3.4965,2.1856,2.4521,175,64,2.654
army,190,9,0.477,0.1305,3.4735,2.3313,3.826,145,71,2.199
everytime,210,10,0.5273,0.1449,3.4726,2.2714,2.2434,166,75,2.517
ok,210,10,0.5273,0.1449,3.4726,1.9567,2.3989,146,76,2.214
bread,230,11,0.5775,0.1594,3.4719,1.988,2.6143,202,87,3.063
wrote,290,14,0.7281,0.2029,3.4703,2.6776,2.2743,244,98,3.7
bite,410,20,1.0294,0.2899,3.4686,2.9433,2.8057,327,105,4.959
these,5323,267,13.3649,3.8701,3.4472,3.0249,2.9607,2511,156,38.08
bank,465,23,1.1675,0.3334,3.4312,2.9073,2.9153,364,105,5.52
planet,326,16,0.8185,0.2319,3.4276,3.3216,2.387,183,77,2.775
damage,167,8,0.4193,0.116,3.4134,2.1664,3.1601,131,55,1.987
bubble,206,10,0.5172,0.1449,3.4066,2.3648,3.191,175,83,2.654
screamin,324,16,0.8135,0.2319,3.4066,2.6554,2.7162,287,91,4.352
drop,2250,114,5.6493,1.6524,3.4046,3.1551,3.3054,1417,151,21.489
de,481,24,1.2077,0.3479,3.4043,2.8247,2.1678,194,80,2.942
cost,186,9,0.467,0.1305,3.4006,2.4801,3.3147,163,88,2.472
missin,186,9,0.467,0.1305,3.4006,1.9895,2.2283,150,73,2.275
competition,244,12,0.6126,0.1739,3.3882,2.8569,5.8767,175,70,2.654
callin,339,17,0.8512,0.2464,3.3604,2.65,2.8722,291,104,4.413
c'mon,1246,64,3.1284,0.9277,3.3476,3.253,2.7162,422,112,6.4
tour,183,9,0.4595,0.1305,3.3459,1.9096,2.5052,162,76,2.457
holla,376,19,0.9441,0.2754,3.3445,2.4689,4.9163,213,68,3.23
square,202,10,0.5072,0.1449,3.3406,2.2279,2.2434,165,70,2.502
bless,356,18,0.8938,0.2609,3.338,2.604,2.1662,234,91,3.549
ashes,163,8,0.4093,0.116,3.3319,2.0773,2.4063,80,47,1.213
send,663,34,1.6646,0.4928,3.3313,3.5155,2.6808,538,132,8.159
t,1547,80,3.8842,1.1596,3.3299,3.5904,2.5701,806,126,12.223
box,393,20,0.9867,0.2899,3.325,1.9333,2.4006,325,111,4.929
havin,527,27,1.3232,0.3914,3.3227,3.3812,2.2495,397,109,6.021
suck,603,31,1.514,0.4493,3.3187,2.9025,2.975,395,107,5.99
public,162,8,0.4067,0.116,3.3115,2.4268,2.5377,136,70,2.062
pocket,390,20,0.9792,0.2899,3.2996,2.4223,2.4481,318,104,4.823
keepin,427,22,1.0721,0.3189,3.2912,2.6484,7.4807,274,100,4.155
trapped,313,16,0.7859,0.2319,3.2912,2.9106,2.3498,192,76,2.912
stepped,217,11,0.5448,0.1594,3.2761,2.0508,3.0077,183,77,2.775
threat,160,8,0.4017,0.116,3.2708,2.8127,2.6189,124,76,1.88
diss,386,20,0.9692,0.2899,3.2658,3.0589,2.4888,308,100,4.671
act,1136,60,2.8522,0.8697,3.2539,2.8982,3.1284,859,143,13.027
john,253,13,0.6352,0.1884,3.2527,2.0973,2.2563,193,89,2.927
wha,234,12,0.5875,0.1739,3.2496,2.1845,1.6332,64,41,0.971
steps,196,10,0.4921,0.1449,3.2417,1.9643,2.3032,178,78,2.699
diamond,308,16,0.7733,0.2319,3.2387,2.1876,2.0367,237,97,3.594
criminal,233,12,0.585,0.1739,3.2357,2.7951,2.5306,171,74,2.593
flow,2063,110,5.1797,1.5944,3.2347,3.8436,3.0213,1155,144,17.516
witness,270,14,0.6779,0.2029,3.2314,2.8399,2.6684,239,92,3.625
gear,195,10,0.4896,0.1449,3.2252,2.9657,2.4002,160,79,2.426
top,1852,99,4.65,1.435,3.225,2.9077,3.0436,1265,148,19.184
shot,1569,84,3.9394,1.2176,3.2174,3.1828,3.9051,1086,143,16.47
test,676,36,1.6973,0.5218,3.2105,2.5728,3.3766,568,132,8.614
blow,1728,93,4.3386,1.348,3.2022,2.9202,3.5595,1180,141,17.895
full,1506,81,3.7812,1.1741,3.2019,2.998,2.5649,1106,143,16.773
fallin,248,13,0.6227,0.1884,3.1885,2.4106,2.2777,178,75,2.699
leavin,395,21,0.9918,0.3044,3.1864,2.2284,2.2968,311,102,4.716
checkin,192,10,0.4821,0.1449,3.1757,2.5212,2.4663,164,76,2.487
facts,192,10,0.4821,0.1449,3.1757,2.5822,3.6046,175,77,2.654
pull,1434,78,3.6005,1.1306,3.1654,2.1103,3.4283,1063,143,16.121
state,665,36,1.6697,0.5218,3.1583,3.0,2.744,504,121,7.643
livin,1605,88,4.0298,1.2755,3.1424,3.4505,2.8388,879,135,13.33
quit,570,31,1.4311,0.4493,3.1372,2.6776,1.9313,378,106,5.732
creepin,207,11,0.5197,0.1594,3.1255,2.0239,3.0077,175,67,2.654
protect,207,11,0.5197,0.1594,3.1255,2.0814,2.0156,156,77,2.366
kicked,261,14,0.6553,0.2029,3.1239,2.589,2.3405,229,92,3.473
mouth,1252,69,3.1435,1.0001,3.1217,2.9613,2.871,852,139,12.921
doors,260,14,0.6528,0.2029,3.112,2.7736,1.9798,212,98,3.215
city,1194,66,2.9979,0.9567,3.1114,2.8418,2.41,796,139,12.072
off,8169,455,20.5106,6.5952,3.1067,3.0508,2.747,3602,156,54.625
track,706,39,1.7726,0.5653,3.0982,2.6579,2.7938,583,128,8.841
position,223,12,0.5599,0.1739,3.0972,2.0561,3.4088,188,93,2.851
swing,504,28,1.2654,0.4059,3.0663,2.71,2.1604,339,101,5.141
crash,203,11,0.5097,0.1594,3.0652,1.3566,2.789,143,74,2.169
rock,3510,198,8.8128,2.87,3.0634,3.1379,2.6841,1550,146,23.506
trip,645,36,1.6195,0.5218,3.0634,2.6632,3.4032,524,107,7.947
caught,1457,82,3.6582,1.1886,3.0602,2.7637,2.9485,1100,142,16.682
studio,238,13,0.5976,0.1884,3.0602,2.809,2.1357,195,84,2.957
ease,325,18,0.816,0.2609,3.0477,2.7401,2.0711,243,94,3.685
memphis,201,11,0.5047,0.1594,3.0351,2.6933,2.5223,65,21,0.986
black,4326,247,10.8616,3.5802,3.028,3.4742,3.9363,2143,147,32.499
form,235,13,0.59,0.1884,3.0217,2.518,2.0892,207,91,3.139
n,1416,81,3.5553,1.1741,3.0106,3.4503,2.8919,721,133,10.934
tip,545,31,1.3684,0.4493,2.9997,3.4289,2.4107,404,113,6.127
grind,198,11,0.4971,0.1594,2.9899,2.5152,1.9937,160,58,2.426
third,334,19,0.8386,0.2754,2.9714,2.5049,2.6058,290,106,4.398
tracks,419,24,1.052,0.3479,2.9659,2.9777,2.548,358,112,5.429
infamous,162,9,0.4067,0.1305,2.963,1.1334,1.9241,100,21,1.517
smoked,418,24,1.0495,0.3479,2.9589,2.5036,7.2523,275,99,4.17
seein,213,12,0.5348,0.1739,2.9586,1.7701,2.5186,188,87,2.851
violence,213,12,0.5348,0.1739,2.9586,2.0612,2.0046,150,63,2.275
dog,1371,80,3.4423,1.1596,2.9512,2.4805,3.0786,696,126,10.555
pants,280,16,0.703,0.2319,2.9447,2.5084,3.6036,258,103,3.913
chain,296,17,0.7432,0.2464,2.9348,2.3266,2.6819,206,93,3.124
gun,1736,102,4.3587,1.4785,2.9346,3.5051,3.6785,1080,143,16.379
definitely,177,10,0.4444,0.1449,2.9282,1.7656,2.0879,140,64,2.123
bought,462,27,1.16,0.3914,2.9132,2.2695,2.1209,371,110,5.626
continue,209,12,0.5248,0.1739,2.9031,2.1511,2.1477,158,79,2.396
lo,240,14,0.6026,0.2029,2.873,1.4772,1.6419,118,55,1.79
chevy,157,9,0.3942,0.1305,2.8718,2.0644,1.8845,70,36,1.062
gold,1017,61,2.5535,0.8842,2.8659,2.6642,2.7109,740,136,11.222
them,7317,442,18.3714,6.4067,2.8645,2.8304,2.3427,3015,155,45.723
die,3381,204,8.489,2.957,2.8643,2.5878,2.1696,1447,142,21.944
rough,569,34,1.4286,0.4928,2.8594,2.7326,2.0822,412,113,6.248
bump,486,29,1.2202,0.4204,2.8566,2.5385,1.4276,226,89,3.427
raise,387,23,0.9717,0.3334,2.8563,2.4208,2.1679,278,102,4.216
dropped,354,21,0.8888,0.3044,2.8561,2.7002,2.258,301,101,4.565
hot,2728,165,6.8494,2.3917,2.8558,2.7544,2.1079,1375,150,20.852
six,1277,77,3.2063,1.1161,2.8553,2.8533,2.854,848,138,12.86
house,2757,167,6.9222,2.4206,2.8516,2.6541,2.4357,1470,144,22.293
son,1735,105,4.3562,1.522,2.8495,3.3203,3.1466,1018,134,15.438
knowin,353,21,0.8863,0.3044,2.848,1.8278,2.7855,284,90,4.307
stick,1026,62,2.5761,0.8987,2.8449,2.8962,2.8078,745,140,11.298
women,516,31,1.2956,0.4493,2.8402,2.6681,2.4067,379,121,5.748
recognize,368,22,0.924,0.3189,2.8369,2.8557,1.9195,281,102,4.261
soldier,564,34,1.4161,0.4928,2.8343,2.7192,2.5708,282,81,4.277
arm,220,13,0.5524,0.1884,2.8292,2.0635,1.9589,189,82,2.866
evil,365,22,0.9164,0.3189,2.8138,2.539,2.2444,258,100,3.913
lock,511,31,1.283,0.4493,2.8127,2.2004,2.1255,365,126,5.535
bars,186,11,0.467,0.1594,2.8092,2.0946,1.6878,143,77,2.169
loaded,153,9,0.3841,0.1305,2.7989,1.7855,2.6576,125,66,1.896
fake,919,57,2.3074,0.8262,2.77,2.9327,2.7427,668,133,10.13
repeat,615,38,1.5441,0.5508,2.7693,2.5796,1.8765,362,110,5.49
psycho,359,22,0.9014,0.3189,2.7677,2.2804,1.0755,126,50,1.911
shoulda,231,14,0.58,0.2029,2.7655,1.9149,2.2664,202,74,3.063
bury,215,13,0.5398,0.1884,2.7651,2.0381,2.52,149,64,2.26
thanks,167,10,0.4193,0.1449,2.7633,1.2031,2.4165,142,72,2.153
yea,342,21,0.8587,0.3044,2.7594,1.9831,2.9733,168,72,2.548
ten,788,49,1.9785,0.7102,2.7593,2.4713,2.3622,651,140,9.873
brain,928,58,2.33,0.8407,2.7493,2.3673,2.4999,741,133,11.237
doin,1656,104,4.1579,1.5075,2.7458,2.5685,2.2318,971,137,14.726
roof,213,13,0.5348,0.1884,2.7394,1.8375,1.9448,170,79,2.578
twisted,180,11,0.4519,0.1594,2.7188,1.5218,1.7971,158,67,2.396
flash,210,13,0.5273,0.1884,2.7009,2.0904,3.5093,199,93,3.018
its,1123,72,2.8196,1.0436,2.6843,2.3898,2.1648,559,130,8.477
green,791,51,1.986,0.7392,2.6622,2.7635,2.7938,582,128,8.826
horse,176,11,0.4419,0.1594,2.6585,1.5178,1.6332,113,70,1.714
park,498,32,1.2504,0.4638,2.6569,2.8001,1.6371,360,118,5.46
outta,937,61,2.3526,0.8842,2.6405,2.4168,2.6746,663,129,10.055
due,220,14,0.5524,0.2029,2.6341,1.8403,2.744,182,82,2.76
big,4146,275,10.4097,3.9861,2.6071,2.7615,2.6482,2141,149,32.469
especially,157,10,0.3942,0.1449,2.5983,2.1851,1.7768,139,71,2.108
hi,307,20,0.7708,0.2899,2.5983,1.8972,1.705,178,80,2.699
survive,397,26,0.9968,0.3769,2.5983,2.0446,2.4251,263,89,3.988
pass,1248,83,3.1335,1.2031,2.59,2.4028,2.2297,795,139,12.056
dat,620,41,1.5567,0.5943,2.5899,4.1053,4.4404,270,104,4.095
law,455,30,1.1424,0.4348,2.5869,2.0933,4.2296,307,96,4.656
shirt,186,12,0.467,0.1739,2.5844,1.6749,2.1836,167,73,2.533
travel,156,10,0.3917,0.1449,2.5818,1.8414,1.9241,133,73,2.017
freak,945,63,2.3727,0.9132,2.5792,2.1528,2.2075,505,118,7.658
charge,185,12,0.4645,0.1739,2.5706,2.0009,2.096,144,74,2.184
brothers,1341,90,3.367,1.3045,2.5677,3.5385,2.266,837,113,12.693
three,1904,128,4.7805,1.8553,2.5673,2.6259,1.9254,1294,146,19.624
talkin,1503,101,3.7737,1.464,2.5659,2.5708,2.8221,984,131,14.923
school,1057,71,2.6539,1.0291,2.5619,2.7344,2.6193,735,130,11.146
w,332,22,0.8336,0.3189,2.5598,2.529,1.8437,191,80,2.897
wet,862,58,2.1643,0.8407,2.5539,2.9705,1.6617,494,121,7.492
man's,374,25,0.939,0.3624,2.5439,2.3487,2.2721,257,90,3.897
list,168,11,0.4218,0.1594,2.538,1.4757,2.3279,152,85,2.305
wreck,519,35,1.3031,0.5073,2.5349,2.6259,3.349,366,100,5.551
workin,255,17,0.6402,0.2464,2.529,2.1605,2.397,206,93,3.124
gon,2634,180,6.6134,2.6091,2.5282,1.4646,2.705,1212,134,18.38
bill,327,22,0.821,0.3189,2.5213,2.0646,2.4275,236,95,3.579
breakin,326,22,0.8185,0.3189,2.5136,2.1633,4.1723,272,92,4.125
diamonds,326,22,0.8185,0.3189,2.5136,1.8781,1.717,215,80,3.261
handle,569,39,1.4286,0.5653,2.4974,2.4737,2.2415,444,118,6.733
ready,2479,172,6.2242,2.4931,2.4898,2.1378,2.3239,1347,148,20.428
art,179,12,0.4494,0.1739,2.4874,1.45,1.6935,158,77,2.396
iron,193,13,0.4846,0.1884,2.4828,1.865,2.1622,139,61,2.108
waitin,365,25,0.9164,0.3624,2.4828,1.9812,1.7508,293,99,4.443
wow,236,16,0.5925,0.2319,2.4828,1.8986,1.4387,81,46,1.228
date,221,15,0.5549,0.2174,2.4754,2.0117,1.7142,188,89,2.851
uncle,221,15,0.5549,0.2174,2.4754,2.0253,3.4758,161,75,2.442
closed,219,15,0.5499,0.2174,2.453,1.878,2.744,191,80,2.897
serve,318,22,0.7984,0.3189,2.452,1.976,4.604,274,89,4.155
clown,317,22,0.7959,0.3189,2.4443,2.3924,2.0004,290,91,4.398
fingers,218,15,0.5474,0.2174,2.4418,2.0752,1.8238,194,87,2.942
bein,453,32,1.1374,0.4638,2.4171,2.3545,1.9027,352,101,5.338
jungle,201,14,0.5047,0.2029,2.4071,2.615,1.4936,139,69,2.108
slide,476,34,1.1951,0.4928,2.3924,2.3143,2.9398,321,110,4.868
sayin,1705,123,4.2809,1.7829,2.3921,2.0046,2.5166,995,138,15.089
stage,420,30,1.0545,0.4348,2.3881,2.1227,1.6703,350,110,5.308
job,488,35,1.2253,0.5073,2.3836,1.9562,1.7927,379,107,5.748
dime,363,26,0.9114,0.3769,2.376,1.6727,2.1937,308,112,4.671
started,1076,78,2.7016,1.1306,2.3754,2.1294,2.011,786,134,11.92
zero,157,11,0.3942,0.1594,2.3723,1.6907,2.387,108,60,1.638
nuttin,457,33,1.1474,0.4783,2.3656,2.0829,8.737,291,101,4.413
folks,402,29,1.0093,0.4204,2.3634,1.749,1.8228,322,91,4.883
fans,170,12,0.4268,0.1739,2.3627,1.6879,2.0161,156,74,2.366
everyday,591,43,1.4839,0.6233,2.3554,2.6378,1.9243,389,116,5.899
ladies,927,68,2.3275,0.9857,2.3454,1.3892,1.8352,479,118,7.264
cool,1335,99,3.3519,1.435,2.325,2.206,1.7776,907,133,13.755
couple,328,24,0.8235,0.3479,2.3225,1.5587,1.7241,282,98,4.277
bum,167,12,0.4193,0.1739,2.3211,2.5641,1.6878,125,67,1.896
packed,207,15,0.5197,0.2174,2.3189,1.8629,2.245,190,86,2.881
moves,393,29,0.9867,0.4204,2.3106,1.5894,2.7355,293,107,4.443
million,739,55,1.8555,0.7972,2.308,2.0186,2.0985,530,124,8.038
tune,179,13,0.4494,0.1884,2.3032,1.7144,1.6691,120,60,1.82
mom,272,20,0.6829,0.2899,2.3025,2.0181,1.9275,211,87,3.2
whole,2530,190,6.3523,2.754,2.3009,1.7927,2.1899,1687,147,25.584
tear,681,51,1.7098,0.7392,2.2922,1.8628,1.1942,313,118,4.747
foot,257,19,0.6453,0.2754,2.2874,1.7209,2.1916,218,99,3.306
where's,270,20,0.6779,0.2899,2.2856,1.8788,2.2102,192,84,2.912
teeth,283,21,0.7106,0.3044,2.2841,1.8861,1.6577,248,95,3.761
proof,203,15,0.5097,0.2174,2.2742,1.8504,1.8007,178,90,2.699
damn,2471,188,6.2041,2.725,2.2711,2.5454,2.1968,1547,144,23.461
ha,2460,188,6.1765,2.725,2.261,2.0781,2.0232,672,134,10.191
hell,1772,136,4.4491,1.9713,2.2493,2.2777,2.0638,1268,145,19.23
harder,291,22,0.7306,0.3189,2.2441,1.5977,1.9204,224,84,3.397
laid,407,31,1.0219,0.4493,2.2408,1.7317,1.7958,335,102,5.08
inch,200,15,0.5022,0.2174,2.2407,1.7156,1.4005,137,69,2.078
up,30538,2362,76.6743,34.2369,2.2391,2.2102,2.0913,5808,158,88.08
rings,289,22,0.7256,0.3189,2.2287,1.7052,1.4345,222,96,3.367
threw,237,18,0.5951,0.2609,2.2238,1.909,1.6906,208,90,3.154
ride,2662,208,6.6837,3.0149,2.212,1.973,2.0752,1214,147,18.411
bound,336,26,0.8436,0.3769,2.1996,1.9314,1.5925,213,100,3.23
short,640,50,1.6069,0.7247,2.197,2.3057,2.0687,452,120,6.855
smash,196,15,0.4921,0.2174,2.196,1.93,1.784,161,77,2.442
question,410,32,1.0294,0.4638,2.1879,1.8507,1.5095,332,107,5.035
man,11214,890,28.1559,12.9004,2.1814,2.1583,2.0219,3790,154,57.476
crush,207,16,0.5197,0.2319,2.1784,1.6089,1.4352,165,82,2.502
crowd,483,38,1.2127,0.5508,2.1754,1.9326,1.8845,386,114,5.854
ugly,169,13,0.4243,0.1884,2.1749,1.829,1.6131,133,70,2.017
eat,1060,84,2.6614,1.2176,2.1739,2.2351,1.8271,715,137,10.843
nose,332,26,0.8336,0.3769,2.1734,1.6997,1.9703,278,101,4.216
choke,219,17,0.5499,0.2464,2.1727,1.8632,2.1357,197,81,2.988
twice,341,27,0.8562,0.3914,2.1511,2.0013,1.6383,296,115,4.489
swallow,167,13,0.4193,0.1884,2.1492,1.5533,2.1357,149,84,2.26
l,1792,144,4.4993,2.0873,2.1488,1.8149,1.7874,840,139,12.739
um,390,31,0.9792,0.4493,2.1474,1.7195,1.5383,176,79,2.669
watchin,340,27,0.8537,0.3914,2.1448,1.6416,2.7335,280,103,4.246
pack,730,59,1.8329,0.8552,2.1267,1.9313,2.5508,613,125,9.296
next,1955,159,4.9086,2.3047,2.1237,2.0967,1.8068,1407,149,21.338
mama,1205,98,3.0255,1.4205,2.12,2.9438,1.5777,500,112,7.583
finger,446,36,1.1198,0.5218,2.119,1.8283,1.8039,327,104,4.959
raised,311,25,0.7809,0.3624,2.116,1.762,1.5159,245,83,3.715
soft,419,34,1.052,0.4928,2.1062,1.8343,1.6991,369,110,5.596
dead,1950,160,4.896,2.3192,2.1051,2.0656,1.8813,1291,140,19.578
haha,320,26,0.8035,0.3769,2.095,1.8665,1.4199,215,83,3.261
clothes,561,46,1.4085,0.6668,2.0917,1.6794,1.8738,469,123,7.113
drivin,174,14,0.4369,0.2029,2.0846,1.3879,1.5122,151,83,2.29
salt,174,14,0.4369,0.2029,2.0846,1.6755,1.9204,103,49,1.562
screaming,174,14,0.4369,0.2029,2.0846,1.6165,1.4599,145,69,2.199
flat,198,16,0.4971,0.2319,2.0839,1.5597,1.5899,169,83,2.563
guard,198,16,0.4971,0.2319,2.0839,1.8359,1.8141,154,84,2.335
push,619,51,1.5542,0.7392,2.0837,1.5038,1.7606,421,120,6.385
noise,294,24,0.7382,0.3479,2.0822,1.2243,2.7912,215,91,3.261
worse,294,24,0.7382,0.3479,2.0822,1.4576,1.4942,255,98,3.867
crime,581,48,1.4588,0.6958,2.0768,1.9721,1.8982,480,115,7.279
store,377,31,0.9466,0.4493,2.0759,2.1123,1.8947,323,106,4.898
piece,615,51,1.5441,0.7392,2.0702,1.7243,2.0265,484,124,7.34
clean,471,39,1.1826,0.5653,2.0677,2.2917,1.6796,372,109,5.641
mister,232,19,0.5825,0.2754,2.0653,1.7861,1.6484,153,71,2.32
shows,315,26,0.7909,0.3769,2.0623,1.5839,1.7033,270,101,4.095
chocolate,172,14,0.4319,0.2029,2.0607,1.8284,1.4378,126,64,1.911
cross,445,37,1.1173,0.5363,2.0578,1.7801,1.5019,355,110,5.384
sell,690,58,1.7324,0.8407,2.0446,2.1381,3.0083,542,124,8.22
later,489,41,1.2278,0.5943,2.0431,2.3706,1.5647,412,116,6.248
quiet,241,20,0.6051,0.2899,2.0406,1.2092,1.6737,186,89,2.821
meet,722,61,1.8128,0.8842,2.035,1.8331,1.9018,562,130,8.523
against,709,60,1.7801,0.8697,2.0314,1.9678,1.3289,468,120,7.097
buddha,157,13,0.3942,0.1884,2.0209,2.3682,1.4005,125,48,1.896
here's,767,66,1.9258,0.9567,1.9992,1.8164,1.6722,560,121,8.493
thirty,236,20,0.5925,0.2899,1.9984,1.4332,1.5108,202,88,3.063
hollow,189,16,0.4745,0.2319,1.9894,1.3865,1.9282,168,77,2.548
case,625,54,1.5692,0.7827,1.988,1.9178,2.2231,536,128,8.129
run,3423,298,8.5944,4.3195,1.9866,1.9613,1.6973,1944,151,29.481
toes,188,16,0.472,0.2319,1.9789,1.4228,1.4124,177,83,2.684
busy,358,31,0.8989,0.4493,1.9714,1.4474,1.7401,277,100,4.201
deck,210,18,0.5273,0.2609,1.9709,1.749,1.4657,177,82,2.684
week,437,38,1.0972,0.5508,1.9684,1.7511,1.524,364,115,5.52
table,221,19,0.5549,0.2754,1.9676,1.4948,1.4974,196,90,2.972
dust,380,33,0.9541,0.4783,1.9675,1.8288,1.4789,265,97,4.019
able,175,15,0.4394,0.2174,1.9613,1.5403,1.5206,162,83,2.457
drunk,513,45,1.288,0.6523,1.9549,1.855,2.5447,350,109,5.308
plan,678,60,1.7023,0.8697,1.9426,2.2307,1.5287,527,126,7.992
called,891,79,2.2371,1.1451,1.9424,1.7523,1.4616,701,131,10.631
dirt,519,46,1.3031,0.6668,1.9352,1.7275,1.7927,375,105,5.687
fish,195,17,0.4896,0.2464,1.9351,1.7012,1.4378,138,71,2.093
four,1323,118,3.3218,1.7104,1.9346,1.8254,2.2879,970,142,14.71
wine,273,24,0.6854,0.3479,1.9337,1.3345,1.3452,192,81,2.912
heard,1874,168,4.7052,2.4351,1.927,1.6959,1.5635,1339,146,20.306
problem,361,32,0.9064,0.4638,1.9267,1.9076,1.3861,279,112,4.231
speed,294,26,0.7382,0.3769,1.925,1.3433,1.7105,236,94,3.579
loose,537,48,1.3483,0.6958,1.9197,1.4093,1.8517,404,118,6.127
most,1057,95,2.6539,1.377,1.9181,1.9431,1.8945,772,135,11.708
beach,237,21,0.5951,0.3044,1.9135,1.673,1.5245,182,76,2.76
scene,568,51,1.4261,0.7392,1.9121,2.0157,1.8242,493,117,7.476
automatic,236,21,0.5925,0.3044,1.9054,1.5694,2.4827,190,85,2.881
crown,170,15,0.4268,0.2174,1.9054,1.6098,1.4724,137,70,2.078
heat,961,87,2.4129,1.2611,1.9034,1.5087,2.2733,710,128,10.767
bar,323,29,0.811,0.4204,1.8995,1.5617,1.325,251,114,3.806
babies,213,19,0.5348,0.2754,1.8965,1.3805,1.4394,164,71,2.487
cars,585,53,1.4688,0.7682,1.8957,2.0977,2.24,395,105,5.99
year,846,77,2.1241,1.1161,1.892,1.7634,1.7984,644,134,9.766
probably,528,48,1.3257,0.6958,1.8875,1.2055,2.2415,436,113,6.612
second,526,48,1.3207,0.6958,1.8804,1.6383,1.4765,454,124,6.885
pulled,361,33,0.9064,0.4783,1.8692,1.603,1.4671,301,98,4.565
bills,274,25,0.688,0.3624,1.8646,1.6212,1.7147,208,93,3.154
fist,230,21,0.5775,0.3044,1.8571,1.3715,1.8845,199,80,3.018
sex,839,78,2.1065,1.1306,1.8524,1.9122,2.8536,523,125,7.931
givin,666,62,1.6722,0.8987,1.8472,1.3598,1.9595,488,121,7.401
excuse,186,17,0.467,0.2464,1.846,1.5559,1.4339,148,81,2.244
survival,154,14,0.3867,0.2029,1.8457,1.6368,2.9809,122,70,1.85
while,2948,277,7.4018,4.0151,1.8405,1.8561,1.8279,2017,149,30.588
went,1471,138,3.6934,2.0003,1.8404,1.6208,1.46,1042,141,15.802
tough,366,34,0.9189,0.4928,1.8401,1.7768,1.3905,279,103,4.231
they,18875,1778,47.391,25.7719,1.8384,1.8718,1.8179,4771,159,72.354
aw,206,19,0.5172,0.2754,1.8343,1.3119,1.3004,153,77,2.32
tellin,523,49,1.3131,0.7102,1.8319,1.8435,1.4395,414,114,6.278
system,341,32,0.8562,0.4638,1.8201,2.2648,1.2378,269,97,4.079
standin,267,25,0.6704,0.3624,1.8171,1.6683,1.421,235,87,3.564
r,980,93,2.4606,1.348,1.8165,1.8555,1.9289,610,128,9.251
window,445,42,1.1173,0.6088,1.8157,1.4295,1.389,322,106,4.883
stuck,727,69,1.8253,1.0001,1.8132,1.5982,2.2463,594,133,9.008
fame,443,42,1.1123,0.6088,1.8076,1.3671,1.9301,357,113,5.414
hotter,161,15,0.4042,0.2174,1.8048,1.2838,1.3518,128,69,1.941
doing,826,79,2.0739,1.1451,1.8008,1.6753,1.3915,551,127,8.356
cover,254,24,0.6377,0.3479,1.7994,1.762,1.7193,221,97,3.352
goin,2082,200,5.2274,2.899,1.7991,1.7459,1.5759,1239,136,18.79
captain,181,17,0.4545,0.2464,1.7965,1.1834,1.1145,91,54,1.38
gas,253,24,0.6352,0.3479,1.7923,1.1448,2.0547,229,106,3.473
prepare,211,20,0.5298,0.2899,1.7871,1.4218,3.0068,162,74,2.457
clap,283,27,0.7106,0.3914,1.7857,1.4809,3.8443,155,79,2.351
load,252,24,0.6327,0.3479,1.7852,1.4609,1.4753,194,78,2.942
dirty,972,94,2.4405,1.3625,1.7826,1.6847,1.3836,568,121,8.614
gets,1355,132,3.4021,1.9133,1.7721,1.7486,1.6398,987,135,14.968
fast,1058,103,2.6564,1.493,1.7715,1.6412,1.5005,804,145,12.193
church,158,15,0.3967,0.2174,1.7713,1.2035,1.2847,137,77,2.078
fan,158,15,0.3967,0.2174,1.7713,1.836,1.2433,124,69,1.88
respect,995,97,2.4982,1.406,1.7686,1.7035,2.8259,684,134,10.373
flesh,219,21,0.5499,0.3044,1.7684,1.1077,1.8565,172,78,2.608
sound,1321,129,3.3167,1.8698,1.7676,1.5964,1.5385,891,141,13.512
two,3922,385,9.8473,5.5805,1.7625,1.6974,1.4422,2167,152,32.863
pumpin,238,23,0.5976,0.3334,1.758,1.4345,3.7605,186,82,2.821
grew,187,18,0.4695,0.2609,1.7556,1.3152,1.3286,164,79,2.487
some,8857,874,22.238,12.6685,1.7545,1.8497,1.8875,3839,154,58.22
brother,1622,160,4.0725,2.3192,1.7511,2.1991,1.7549,1030,131,15.62
class,348,34,0.8738,0.4928,1.7498,1.4133,1.6048,302,112,4.58
card,176,17,0.4419,0.2464,1.747,1.2409,1.2685,147,82,2.229
jazz,186,18,0.467,0.2609,1.7462,1.6484,2.7296,70,31,1.062
seat,336,33,0.8436,0.4783,1.7399,1.7042,1.6178,283,103,4.292
role,164,16,0.4118,0.2319,1.7269,1.5588,1.2068,151,80,2.29
o'clock,154,15,0.3867,0.2174,1.7266,1.2853,1.236,143,62,2.169
blew,233,23,0.585,0.3334,1.7211,1.3749,1.4206,202,90,3.063
real,5757,581,14.4546,8.4215,1.7151,1.8702,1.7501,2730,152,41.401
comin,2390,241,6.0008,3.4933,1.7146,1.887,3.0452,1356,140,20.564
remain,230,23,0.5775,0.3334,1.699,1.1341,1.6408,196,92,2.972
seven,573,58,1.4387,0.8407,1.6981,1.6074,1.5203,467,118,7.082
lot,1395,142,3.5025,2.0583,1.6963,1.873,1.6097,950,137,14.407
roll,1990,203,4.9965,2.9425,1.6943,1.2948,2.9026,1266,141,19.199
teach,288,29,0.7231,0.4204,1.694,2.0818,1.6098,229,92,3.473
wasn't,972,99,2.4405,1.435,1.693,1.4922,1.5052,758,136,11.495
like,32538,3329,81.6958,48.2534,1.6928,1.6959,1.8074,5908,160,89.597
from,13580,1390,34.0964,20.1479,1.6918,1.6885,1.7379,4881,159,74.022
glass,307,31,0.7708,0.4493,1.6909,1.2232,1.3088,254,102,3.852
point,735,75,1.8454,1.0871,1.6874,1.5463,1.5065,587,133,8.902
business,715,73,1.7952,1.0581,1.6862,1.4298,1.5368,495,118,7.507
indeed,189,19,0.4745,0.2754,1.6833,1.0489,1.6633,145,76,2.199
nah,905,93,2.2723,1.348,1.6775,0.7684,5.0443,399,112,6.051
write,517,53,1.2981,0.7682,1.6755,1.4062,1.6566,425,126,6.445
bird,236,24,0.5925,0.3479,1.6721,1.3059,1.3881,179,83,2.715
legs,226,23,0.5674,0.3334,1.6695,1.4676,1.2479,200,87,3.033
shine,754,78,1.8931,1.1306,1.6649,1.5117,1.2118,481,123,7.295
naked,254,26,0.6377,0.3769,1.6636,1.6144,1.3338,231,97,3.503
air,827,86,2.0764,1.2466,1.6571,1.6586,1.0914,517,124,7.84
strike,253,26,0.6352,0.3769,1.657,1.7617,1.5301,209,84,3.17
rest,1122,117,2.8171,1.6959,1.6548,1.5648,1.3468,837,139,12.693
bigger,490,51,1.2303,0.7392,1.6498,0.995,1.6261,391,114,5.93
follow,670,70,1.6822,1.0146,1.6474,1.4286,1.3966,456,116,6.915
rise,402,42,1.0093,0.6088,1.6405,1.3325,0.9969,259,102,3.928
limit,525,55,1.3182,0.7972,1.6401,1.2393,2.7259,250,60,3.791
uh,5645,596,14.1734,8.6389,1.6394,1.7143,1.4598,1492,149,22.627
or,8360,885,20.9901,12.828,1.6355,1.6809,1.5528,3787,157,57.431
thinkin,1003,106,2.5183,1.5365,1.6322,1.5716,1.8661,739,127,11.207
movie,183,19,0.4595,0.2754,1.63,1.3013,1.1822,167,83,2.533
car,1169,124,2.9351,1.7974,1.6271,1.3597,1.3469,819,142,12.42
play,3258,347,8.1801,5.0297,1.6243,1.6077,1.8067,1942,150,29.451
drink,790,84,1.9835,1.2176,1.6205,1.2274,1.5087,518,126,7.856
row,266,28,0.6679,0.4059,1.6197,1.2044,1.5597,180,59,2.73
m,1238,132,3.1083,1.9133,1.6191,1.7074,2.1911,731,136,11.086
ones,705,75,1.7701,1.0871,1.6186,1.5528,1.4226,442,119,6.703
put,5203,557,13.0636,8.0736,1.6168,1.7457,1.8668,2866,157,43.464
father,424,45,1.0646,0.6523,1.6161,1.9811,1.1529,286,100,4.337
hill,405,43,1.0169,0.6233,1.6147,1.4937,1.203,260,85,3.943
what's,3151,338,7.9115,4.8993,1.6127,1.5433,1.5507,1741,149,26.403
leather,171,18,0.4293,0.2609,1.6058,1.3209,1.9921,158,79,2.396
rat,347,37,0.8712,0.5363,1.6052,1.7618,3.1937,197,80,2.988
tongue,383,41,0.9616,0.5943,1.6007,1.445,1.2513,307,103,4.656
mother,854,92,2.1442,1.3335,1.6002,1.5528,1.1384,555,125,8.417
wood,170,18,0.4268,0.2609,1.5964,1.3599,1.4378,135,72,2.047
set,1569,170,3.9394,2.4641,1.5945,1.6252,1.6184,1137,142,17.243
dressed,206,22,0.5172,0.3189,1.5898,1.0485,1.2042,178,86,2.699
shake,954,104,2.3953,1.5075,1.5822,1.502,1.4875,512,126,7.765
fault,205,22,0.5147,0.3189,1.5821,1.4661,1.1459,115,63,1.744
get,27875,3076,69.9881,44.5862,1.5695,1.6351,1.6506,5750,160,87.2
mess,366,40,0.9189,0.5798,1.5675,1.3872,1.2394,303,106,4.595
bend,203,22,0.5097,0.3189,1.5667,1.141,1.2461,163,84,2.472
book,230,25,0.5775,0.3624,1.5658,1.4786,1.4702,201,92,3.048
somethin,1412,156,3.5452,2.2612,1.5634,2.059,1.8388,876,136,13.285
sick,751,83,1.8856,1.2031,1.559,1.487,1.3006,592,130,8.978
peace,1397,155,3.5076,2.2467,1.5567,1.646,1.2577,896,128,13.588
even,3632,404,9.1192,5.8559,1.5555,1.5543,1.6059,2242,152,34.001
that's,9485,1056,23.8148,15.3066,1.5552,1.5448,1.4646,3997,154,60.616
america,165,18,0.4143,0.2609,1.5496,1.3271,1.5729,125,59,1.896
enemy,308,34,0.7733,0.4928,1.5489,1.8332,1.67,218,86,3.306
doubt,817,91,2.0513,1.319,1.5476,1.5494,1.4744,574,127,8.705
slave,173,19,0.4344,0.2754,1.5412,1.2831,2.096,140,67,2.123
hours,164,18,0.4118,0.2609,1.5402,1.2242,0.9225,110,69,1.668
seed,155,17,0.3892,0.2464,1.5392,1.3606,2.2687,144,71,2.184
faces,208,23,0.5222,0.3334,1.5369,1.1984,1.4322,177,84,2.684
listen,1379,155,3.4624,2.2467,1.5367,1.6071,1.301,934,140,14.164
wife,394,44,0.9892,0.6378,1.5356,1.2553,1.1428,317,108,4.807
kinda,651,73,1.6345,1.0581,1.5354,1.8342,2.0574,533,114,8.083
others,314,35,0.7884,0.5073,1.5346,1.4811,1.2184,284,97,4.307
throwin,225,25,0.5649,0.3624,1.5318,1.531,2.3542,195,86,2.957
victim,225,25,0.5649,0.3624,1.5318,1.1934,1.0486,171,75,2.593
done,2461,278,6.179,4.0296,1.531,1.519,1.3577,1559,146,23.643
girls,1220,138,3.0632,2.0003,1.5265,1.521,1.6406,735,135,11.146
first,2262,257,5.6794,3.7252,1.522,1.5905,1.3093,1565,148,23.734
family,976,111,2.4505,1.6089,1.517,1.6414,1.6044,611,130,9.266
acting,179,20,0.4494,0.2899,1.5167,1.1883,1.4225,157,82,2.381
god,2595,296,6.5155,4.2905,1.5163,1.5493,1.2233,1363,145,20.67
died,326,37,0.8185,0.5363,1.5082,1.3705,1.279,256,86,3.882
motion,160,18,0.4017,0.2609,1.5028,1.0265,1.354,137,74,2.078
with,32531,3756,81.6783,54.4428,1.5001,1.5679,1.5794,5915,159,89.703
holdin,471,54,1.1826,0.7827,1.4986,1.2532,1.4255,370,108,5.611
killer,434,50,1.0897,0.7247,1.4904,1.6783,2.8362,311,95,4.716
steady,432,50,1.0847,0.7247,1.4835,0.998,2.8823,331,102,5.02
s,1852,216,4.65,3.1309,1.4822,1.7674,2.2138,1107,144,16.788
safe,336,39,0.8436,0.5653,1.4756,1.392,1.0797,252,98,3.822
hate,1247,146,3.1309,2.1163,1.475,1.4905,1.3329,793,137,12.026
boys,981,115,2.4631,1.6669,1.472,1.3551,1.6351,626,134,9.493
battle,505,59,1.2679,0.8552,1.4716,1.2532,3.3649,383,105,5.808
walkin,420,49,1.0545,0.7102,1.4715,1.3575,1.3372,359,105,5.444
weak,547,64,1.3734,0.9277,1.4703,1.3405,1.2223,444,120,6.733
burnin,165,19,0.4143,0.2754,1.4701,1.1869,1.3075,128,72,1.941
ear,317,37,0.7959,0.5363,1.4666,1.0439,1.6975,245,98,3.715
pour,173,20,0.4344,0.2899,1.466,1.0043,1.8127,137,67,2.078
radio,308,36,0.7733,0.5218,1.4641,1.3868,1.2761,239,101,3.625
vision,181,21,0.4545,0.3044,1.4623,1.3427,1.5466,168,81,2.548
the,179676,21320,451.1274,309.0307,1.4598,1.4688,1.4287,6549,160,99.318
season,189,22,0.4745,0.3189,1.4589,1.1559,1.0763,128,69,1.941
search,172,20,0.4319,0.2899,1.4576,1.1869,1.402,109,62,1.653
funny,500,59,1.2554,0.8552,1.4571,1.2748,1.2788,429,125,6.506
since,1324,157,3.3243,2.2757,1.4567,1.2262,1.2777,1079,142,16.363
bring,2501,297,6.2795,4.305,1.4565,1.4957,1.3623,1487,149,22.551
hooked,205,24,0.5147,0.3479,1.4529,1.3257,1.2733,142,70,2.153
beat,1998,238,5.0165,3.4498,1.4515,1.3142,2.4411,1273,147,19.305
ay,379,45,0.9516,0.6523,1.4448,1.3282,1.0798,196,80,2.972
ahead,278,33,0.698,0.4783,1.44,1.0238,1.0607,230,102,3.488
mornin,178,21,0.4469,0.3044,1.4381,1.1764,1.1953,143,72,2.169
white,1255,151,3.151,2.1887,1.4355,1.5159,1.389,829,128,12.572
huh,2776,335,6.9699,4.8558,1.4335,1.601,1.7816,1183,142,17.941
watch,2764,334,6.9398,4.8413,1.4316,1.37,1.7412,1757,152,26.645
names,177,21,0.4444,0.3044,1.4301,0.9996,1.2928,152,78,2.305
cause,16333,1978,41.0086,28.6709,1.43,1.4803,1.4355,4630,155,70.215
yellow,160,19,0.4017,0.2754,1.4257,1.0655,0.9677,129,71,1.956
move,1928,234,4.8408,3.3918,1.4245,1.6004,1.1611,1193,147,18.092
yet,686,83,1.7224,1.2031,1.4241,1.0044,1.2055,547,122,8.295
pure,184,22,0.462,0.3189,1.4204,1.1226,1.0372,164,72,2.487
dumb,519,63,1.3031,0.9132,1.4171,1.4386,1.8922,397,120,6.021
thousand,404,49,1.0144,0.7102,1.4155,1.1377,1.0267,294,103,4.459
red,935,114,2.3476,1.6524,1.4153,1.2858,1.3241,724,134,10.98
out,18961,2321,47.6069,33.6426,1.4148,1.3621,1.366,5375,158,81.513
finish,224,27,0.5624,0.3914,1.4141,1.112,1.425,185,84,2.806
food,327,40,0.821,0.5798,1.4007,1.1991,1.2423,265,106,4.019
hangin,343,42,0.8612,0.6088,1.4,1.1676,1.579,289,95,4.383
switch,359,44,0.9014,0.6378,1.3994,1.044,2.6687,328,109,4.974
breath,423,52,1.0621,0.7537,1.3973,1.1759,1.1561,367,122,5.566
then,7473,926,18.7631,13.4223,1.3972,1.4541,1.246,3621,152,54.914
single,310,38,0.7783,0.5508,1.397,1.3157,1.0369,245,98,3.715
after,1503,186,3.7737,2.696,1.3964,1.2634,1.2895,1063,147,16.121
ain't,15391,1918,38.6435,27.8012,1.3897,1.5509,1.783,4595,159,69.685
few,500,62,1.2554,0.8987,1.3871,1.3146,1.1261,439,116,6.658
small,371,46,0.9315,0.6668,1.3839,1.1442,1.0562,300,106,4.55
hungry,211,26,0.5298,0.3769,1.3825,1.1969,1.0384,178,79,2.699
bags,203,25,0.5097,0.3624,1.3824,1.0914,2.3032,163,76,2.472
young,1647,206,4.1353,2.9859,1.382,1.4627,1.5762,1116,137,16.924
less,370,46,0.929,0.6668,1.3802,1.2338,1.2873,323,112,4.898
picture,624,78,1.5667,1.1306,1.378,1.2045,1.253,452,124,6.855
shoes,409,51,1.0269,0.7392,1.3773,1.1452,1.207,343,113,5.202
kept,512,64,1.2855,0.9277,1.3764,1.0817,1.4913,436,113,6.612
daughter,218,27,0.5474,0.3914,1.3763,1.0059,1.6818,189,77,2.866
chose,178,22,0.4469,0.3189,1.3742,0.7738,1.2449,153,80,2.32
minds,256,32,0.6428,0.4638,1.3671,1.2105,1.0153,216,82,3.276
rhythm,477,60,1.1976,0.8697,1.3671,1.4716,1.6139,282,79,4.277
y,469,59,1.1776,0.8552,1.3668,1.2711,1.3551,292,108,4.428
work,1409,179,3.5377,2.5946,1.3602,1.5412,1.1163,931,136,14.119
at,10183,1298,25.5673,18.8143,1.3585,1.3448,1.2136,4200,159,63.694
h,511,65,1.283,0.9422,1.3527,1.2396,1.2696,301,100,4.565
riding,222,28,0.5574,0.4059,1.3523,1.2836,1.2778,175,80,2.654
we,27800,3567,69.7998,51.7032,1.3498,1.3857,1.2509,5113,158,77.54
hmm,198,25,0.4971,0.3624,1.3484,1.1595,0.9102,138,67,2.093
wise,229,29,0.575,0.4204,1.3476,1.1144,1.3819,199,86,3.018
feelin,741,95,1.8605,1.377,1.3449,1.2313,1.1549,520,119,7.886
scared,702,90,1.7626,1.3045,1.3446,1.3564,1.4566,527,121,7.992
hat,267,34,0.6704,0.4928,1.3431,1.2442,1.3873,229,102,3.473
sounds,435,56,1.0922,0.8117,1.3352,1.4118,1.1395,339,108,5.141
showed,165,21,0.4143,0.3044,1.3334,1.11,0.9468,142,77,2.153
mean,1581,205,3.9695,2.9714,1.3331,1.3939,1.1451,1111,149,16.849
grown,280,36,0.703,0.5218,1.3312,1.1821,1.2095,223,96,3.382
body,1752,228,4.3989,3.3048,1.3285,1.7229,1.4643,999,143,15.15
hang,760,99,1.9082,1.435,1.3239,1.2365,1.2121,574,123,8.705
who,7801,1022,19.5866,14.8138,1.3216,1.3043,1.3457,3536,157,53.625
happened,285,37,0.7156,0.5363,1.3188,1.2256,1.0572,231,97,3.503
common,163,21,0.4093,0.3044,1.3173,1.1186,0.9039,93,49,1.41
chase,277,36,0.6955,0.5218,1.3169,1.1378,1.3358,238,97,3.609
new,3392,449,8.5166,6.5082,1.3073,1.2642,1.3297,1967,147,29.83
situation,282,37,0.708,0.5363,1.3049,1.0078,0.9844,242,99,3.67
many,2067,274,5.1898,3.9716,1.3047,1.2055,0.9859,1220,143,18.502
til,1984,263,4.9814,3.8122,1.3046,1.3919,1.2721,1137,143,17.243
high,2847,378,7.1482,5.4791,1.3031,1.1952,1.2834,1516,143,22.991
sister,326,43,0.8185,0.6233,1.3001,1.4314,1.2019,259,86,3.928
owe,220,29,0.5524,0.4204,1.2947,1.2926,1.4035,150,68,2.275
seeing,175,23,0.4394,0.3334,1.2936,1.0378,1.0899,145,74,2.199
taught,257,34,0.6453,0.4928,1.2929,0.9519,1.0359,229,101,3.473
stopped,234,31,0.5875,0.4493,1.2895,1.0686,1.287,195,85,2.957
everybody,1963,264,4.9287,3.8266,1.2859,1.2642,1.2112,1093,146,16.576
count,322,43,0.8085,0.6233,1.2842,1.2738,1.329,256,95,3.882
fight,869,117,2.1819,1.6959,1.2818,1.1806,0.9991,625,127,9.478
clock,321,43,0.806,0.6233,1.2802,1.0536,1.1655,274,107,4.155
nothin,1993,270,5.004,3.9136,1.2766,1.2796,1.4006,1077,142,16.333
buy,635,86,1.5943,1.2466,1.2726,1.187,1.3548,509,127,7.719
gotta,5801,790,14.565,11.451,1.2713,1.2247,1.3736,2424,152,36.761
texas,157,21,0.3942,0.3044,1.2689,1.1679,1.0696,139,57,2.108
games,296,40,0.7432,0.5798,1.2681,1.1156,0.8932,216,99,3.276
ask,1371,187,3.4423,2.7105,1.267,1.2828,1.1333,1060,145,16.075
relax,325,44,0.816,0.6378,1.267,1.2795,0.8762,241,94,3.655
stupid,420,57,1.0545,0.8262,1.2668,1.0692,1.3297,348,110,5.278
burn,617,84,1.5492,1.2176,1.2658,1.1382,1.0367,442,126,6.703
tie,207,28,0.5197,0.4059,1.2612,1.1163,0.9284,125,66,1.896
got,23234,3193,58.3355,46.2821,1.2603,1.2779,1.3657,5559,159,84.304
th,425,58,1.0671,0.8407,1.2599,1.1179,0.9358,309,104,4.686
head,3293,453,8.268,6.5662,1.258,1.2878,1.1413,2037,150,30.892
people,2824,389,7.0904,5.6385,1.2561,1.3146,1.2504,1522,145,23.082
any,1388,191,3.485,2.7685,1.2559,1.1677,1.1548,1020,144,15.469
daddy,944,130,2.3702,1.8843,1.2537,1.4975,1.0815,524,114,7.947
woke,155,21,0.3892,0.3044,1.2528,1.0591,0.8794,119,68,1.805
loud,449,62,1.1273,0.8987,1.2458,1.2283,0.7941,300,105,4.55
danger,240,33,0.6026,0.4783,1.2436,0.8748,1.154,169,77,2.563
natural,161,22,0.4042,0.3189,1.2433,0.8115,1.4724,130,64,1.971
smart,161,22,0.4042,0.3189,1.2433,0.9577,1.0302,133,68,2.017
seen,1506,210,3.7812,3.0439,1.2397,1.1752,1.0751,1064,142,16.136
pressure,239,33,0.6001,0.4783,1.2384,1.1024,1.1102,194,95,2.942
steal,289,40,0.7256,0.5798,1.2382,1.0009,1.1946,243,99,3.685
an,3655,513,9.1769,7.4359,1.2331,1.198,1.1504,2028,151,30.755
this,22147,3115,55.6063,45.1515,1.2314,1.2177,1.213,5573,157,84.516
getting,1370,193,3.4398,2.7975,1.2269,1.1014,1.264,845,142,12.815
a,85851,12129,215.5532,175.8083,1.226,1.2314,1.2197,6448,160,97.786
feed,272,38,0.6829,0.5508,1.226,1.1193,1.0854,245,99,3.715
throw,1591,225,3.9947,3.2613,1.2225,1.2207,1.2689,922,139,13.982
him,4385,625,11.0098,9.0593,1.2145,1.1208,1.0171,1848,146,28.025
gift,178,25,0.4469,0.3624,1.2125,0.9557,0.9051,162,80,2.457
train,367,52,0.9215,0.7537,1.2125,1.1457,0.9457,257,105,3.897
having,296,42,0.7432,0.6088,1.2085,1.1223,0.8921,234,98,3.549
his,5610,806,14.0855,11.6829,1.205,1.1758,1.0127,2362,152,35.82
changed,489,70,1.2278,1.0146,1.2027,0.9956,0.7449,324,105,4.914
line,1058,152,2.6564,2.2032,1.2023,1.1416,1.0248,765,145,11.601
stole,204,29,0.5122,0.4204,1.2008,1.2171,1.3684,177,88,2.684
sleepin,169,24,0.4243,0.3479,1.1984,0.7416,1.6533,141,69,2.138
candy,238,34,0.5976,0.4928,1.1975,0.6553,1.0398,164,70,2.487
fellas,251,36,0.6302,0.5218,1.1935,0.8488,1.1467,177,84,2.684
lines,230,33,0.5775,0.4783,1.1918,1.0839,0.8269,201,92,3.048
least,264,38,0.6628,0.5508,1.19,1.153,1.031,231,92,3.503
lay,1136,165,2.8522,2.3917,1.1895,1.0597,1.1669,827,136,12.542
lets,243,35,0.6101,0.5073,1.1881,0.9184,1.3513,167,76,2.533
curse,174,25,0.4369,0.3624,1.1854,0.6708,2.0914,113,63,1.714
suit,174,25,0.4369,0.3624,1.1854,0.8604,1.3576,157,83,2.381
back,11127,1632,27.9375,23.6556,1.1807,1.156,1.2751,4370,157,66.272
used,1889,277,4.7429,4.0151,1.1794,1.268,1.0791,1171,143,17.759
f,520,76,1.3056,1.1016,1.1786,1.1445,3.5519,298,104,4.519
doctor,200,29,0.5022,0.4204,1.1773,1.1461,1.1245,168,76,2.548
deal,831,122,2.0865,1.7684,1.1758,1.4334,1.6869,667,134,10.115
us,4647,687,11.6676,9.958,1.171,1.0705,1.1774,2012,148,30.513
boots,273,40,0.6854,0.5798,1.1698,1.1914,1.1581,229,90,3.473
wear,516,76,1.2956,1.1016,1.1695,0.9651,1.3576,423,126,6.415
than,4105,618,10.3068,8.9578,1.1498,1.0153,1.3165,2378,150,36.063
talk,1920,290,4.8207,4.2035,1.1452,1.3192,0.97,1201,142,18.214
build,234,35,0.5875,0.5073,1.1442,0.8939,1.1521,188,84,2.851
release,207,31,0.5197,0.4493,1.141,0.9896,0.9139,166,78,2.517
hard,3006,456,7.5474,6.6097,1.1408,1.1724,1.0472,1888,150,28.632
eight,450,68,1.1299,0.9857,1.1392,1.0027,1.8889,378,112,5.732
king,692,105,1.7375,1.522,1.137,1.1102,1.1067,505,122,7.658
speak,657,100,1.6496,1.4495,1.1332,1.1546,1.2714,545,130,8.265
start,1962,301,4.9262,4.363,1.1275,1.208,1.2526,1372,148,20.807
fool,1460,224,3.6657,3.2469,1.1269,1.0207,0.9536,965,127,14.635
in,49644,7645,124.6453,110.8133,1.1248,1.1421,1.1126,6357,160,96.406
imagine,165,25,0.4143,0.3624,1.1242,0.8628,0.9145,121,72,1.835
bell,171,26,0.4293,0.3769,1.121,0.8838,0.9145,117,63,1.774
crazy,1713,265,4.301,3.8411,1.1179,1.0065,1.0176,1086,139,16.47
land,609,94,1.5291,1.3625,1.1172,0.9242,0.9566,479,120,7.264
ways,587,91,1.4738,1.319,1.1122,1.1134,1.164,414,118,6.278
color,176,27,0.4419,0.3914,1.1118,0.9402,1.1918,152,77,2.305
where,5809,905,14.5851,13.1179,1.1113,1.0582,1.0146,2644,155,40.097
beer,188,29,0.472,0.4204,1.1068,1.0516,1.2906,144,64,2.184
played,552,86,1.386,1.2466,1.1064,0.7474,1.006,473,121,7.173
tight,1209,189,3.0355,2.7395,1.1056,0.9541,1.1672,823,136,12.481
california,194,30,0.4871,0.4348,1.1046,0.8366,1.3604,156,44,2.366
as,7808,1225,19.6042,17.7562,1.1037,1.0653,0.9356,3406,154,51.653
wide,263,41,0.6603,0.5943,1.0998,0.7598,0.8714,200,90,3.033
means,459,72,1.1524,1.0436,1.0978,1.1291,1.0875,374,111,5.672
smell,332,52,0.8336,0.7537,1.0971,0.9595,0.9001,267,102,4.049
skin,382,60,0.9591,0.8697,1.0951,0.8097,1.0716,310,107,4.701
pick,719,114,1.8053,1.6524,1.0885,1.1272,1.2256,564,134,8.553
through,4751,757,11.9287,10.9726,1.0865,1.0065,0.9434,2687,151,40.749
years,999,159,2.5083,2.3047,1.0855,0.9203,0.8803,766,137,11.617
great,366,58,0.9189,0.8407,1.0852,1.0115,0.9234,282,95,4.277
dyin,203,32,0.5097,0.4638,1.0846,0.8962,1.0398,170,73,2.578
gimme,678,108,1.7023,1.5654,1.0832,0.9583,3.8079,293,103,4.443
they'll,334,53,0.8386,0.7682,1.083,1.0569,0.808,275,96,4.17
ends,370,59,0.929,0.8552,1.0786,1.0153,1.2439,308,108,4.671
guys,351,56,0.8813,0.8117,1.0776,0.8861,1.023,250,104,3.791
came,1819,292,4.5671,4.2325,1.0775,0.9779,0.8891,1280,147,19.412
step,1871,301,4.6977,4.363,1.0752,0.9933,0.9379,1128,141,17.106
power,809,130,2.0312,1.8843,1.0745,0.8853,1.2237,478,123,7.249
wall,480,77,1.2052,1.1161,1.074,1.071,0.7944,360,110,5.46
poor,237,38,0.5951,0.5508,1.0686,0.8444,1.0596,188,79,2.851
sit,779,126,1.9559,1.8264,1.0674,1.0798,0.9426,633,133,9.6
rocking,186,30,0.467,0.4348,1.0592,0.9476,0.9541,122,58,1.85
ears,204,33,0.5122,0.4783,1.0574,1.1591,0.9756,169,78,2.563
but,21549,3532,54.1049,51.1959,1.0567,1.039,0.9507,5499,157,83.394
which,490,80,1.2303,1.1596,1.0555,1.0109,0.8627,393,113,5.96
sense,319,52,0.8009,0.7537,1.0542,0.9973,0.8794,231,100,3.503
breeze,166,27,0.4168,0.3914,1.0488,0.8486,0.8281,141,72,2.138
was,12311,2033,30.9102,29.4681,1.0487,0.9738,0.9538,3938,152,59.721
plans,190,31,0.477,0.4493,1.0476,0.8618,0.8699,166,81,2.517
ring,498,82,1.2504,1.1886,1.0467,0.9245,0.8947,320,107,4.853
now,15649,2591,39.2912,37.5562,1.046,1.0363,1.0613,5024,156,76.19
feet,738,122,1.853,1.7684,1.0443,0.9231,0.9076,590,130,8.948
eye,802,133,2.0136,1.9278,1.0413,1.0605,0.837,574,128,8.705
sight,267,44,0.6704,0.6378,1.0413,0.8763,0.7119,217,94,3.291
other,1975,329,4.9588,4.7688,1.0385,1.0602,1.0584,1380,140,20.928
use,831,139,2.0865,2.0148,1.0325,1.1771,0.8896,654,130,9.918
best,1784,299,4.4792,4.334,1.0321,1.0049,0.9361,1283,143,19.457
on,40916,6884,102.7312,99.7827,1.0295,1.0135,1.1204,6210,160,94.177
missed,156,26,0.3917,0.3769,1.023,0.754,1.022,142,72,2.153
early,244,41,0.6126,0.5943,1.0205,0.8526,0.9142,219,91,3.321
try,3087,524,7.7508,7.5953,1.0197,1.0559,0.9247,1990,151,30.179
hour,267,45,0.6704,0.6523,1.0184,0.9466,0.8057,218,98,3.306
sir,167,28,0.4193,0.4059,1.018,0.8778,0.7087,92,41,1.395
phone,713,121,1.7902,1.7539,1.0172,1.0056,0.8668,554,127,8.402
playing,378,64,0.9491,0.9277,1.0165,0.9359,0.7398,292,109,4.428
questions,160,27,0.4017,0.3914,1.011,0.7948,0.858,135,68,2.047
face,2409,414,6.0485,6.0009,1.0069,0.934,0.8626,1629,150,24.704
talking,765,132,1.9207,1.9133,1.0007,0.8743,1.0742,543,131,8.235
couldn't,1301,226,3.2665,3.2758,0.9953,1.0263,1.0167,985,138,14.938
headed,301,52,0.7557,0.7537,0.9948,0.7177,1.3918,261,96,3.958
older,163,28,0.4093,0.4059,0.9937,0.8995,0.9407,141,72,2.138
sure,1092,190,2.7418,2.754,0.9934,0.9355,0.8503,826,134,12.527
di,283,49,0.7106,0.7102,0.9921,0.9184,1.2647,81,51,1.228
pieces,157,27,0.3942,0.3914,0.9921,0.8608,0.8917,136,81,2.062
their,1444,252,3.6256,3.6527,0.9909,0.9847,0.8521,993,138,15.059
begin,242,42,0.6076,0.6088,0.9884,0.8334,0.7452,196,88,2.972
complete,156,27,0.3917,0.3914,0.9858,0.8744,0.7566,121,66,1.835
fate,156,27,0.3917,0.3914,0.9858,0.8074,1.1383,143,69,2.169
and,86896,15284,218.177,221.5397,0.9848,0.9856,0.9418,6448,160,97.786
might,1702,299,4.2734,4.334,0.9847,0.9915,0.9536,1250,144,18.957
brown,633,111,1.5893,1.6089,0.9842,1.2843,1.8245,374,108,5.672
pray,507,89,1.273,1.29,0.9822,0.9955,0.6738,269,100,4.079
water,507,89,1.273,1.29,0.9822,0.9764,0.8378,396,118,6.005
fact,643,113,1.6144,1.6379,0.9821,0.8603,1.4923,573,128,8.69
clear,484,85,1.2152,1.2321,0.9816,0.8679,0.8035,403,122,6.112
stay,2537,450,6.3699,6.5227,0.9757,0.9905,0.9055,1649,149,25.008
effect,205,36,0.5147,0.5218,0.9752,1.1532,2.9782,179,73,2.715
minute,509,90,1.278,1.3045,0.9752,0.9068,1.1833,406,118,6.157
fit,277,49,0.6955,0.7102,0.9711,0.8149,0.9668,245,97,3.715
lead,400,71,1.0043,1.0291,0.9703,0.8988,0.851,344,114,5.217
yours,708,126,1.7776,1.8264,0.9702,0.977,0.954,454,125,6.885
born,848,151,2.1291,2.1887,0.9701,1.0137,1.0238,593,124,8.993
for,27537,4918,69.1394,71.2858,0.9698,0.9921,0.9754,5937,158,90.036
read,416,74,1.0445,1.0726,0.9684,1.0795,0.8601,348,103,5.278
what,20357,3650,51.112,52.9063,0.966,0.9288,0.8495,5261,157,79.785
to,84507,15196,212.1787,220.2641,0.9633,0.9689,0.9368,6487,160,98.377
smooth,572,103,1.4362,1.493,0.9581,1.1473,1.387,444,105,6.733
almost,229,41,0.575,0.5943,0.9579,0.7038,0.8292,179,86,2.715
bad,2185,395,5.4861,5.7255,0.9572,1.0232,0.9491,1312,142,19.897
filled,256,46,0.6428,0.6668,0.9555,0.8515,0.9319,240,95,3.64
ran,498,90,1.2504,1.3045,0.9541,0.8483,1.1307,420,124,6.369
truck,294,53,0.7382,0.7682,0.9535,0.9425,0.8351,257,97,3.897
instead,393,71,0.9867,1.0291,0.9533,0.6391,1.0117,331,106,5.02
self,470,85,1.1801,1.2321,0.9532,1.0049,0.7393,355,116,5.384
till,901,164,2.2622,2.3772,0.9493,0.899,0.8699,620,134,9.402
side,1690,308,4.2432,4.4644,0.9492,0.7877,0.8042,968,143,14.68
i'm,36751,6712,92.2738,97.2896,0.9484,0.9428,1.0697,5866,160,88.96
low,1152,210,2.8924,3.0439,0.9484,1.1104,1.3219,853,140,12.936
dawn,380,69,0.9541,1.0001,0.9483,1.1056,0.6379,182,87,2.76
different,478,87,1.2002,1.2611,0.9473,0.8365,0.9236,398,112,6.036
that,36042,6591,90.4936,95.5357,0.9472,0.9127,0.8981,6129,160,92.948
tried,1145,209,2.8748,3.0294,0.9471,1.0482,0.8883,856,135,12.981
saying,658,120,1.6521,1.7394,0.9466,0.6686,1.2074,440,121,6.673
nice,849,155,2.1317,2.2467,0.9463,0.8547,1.0469,655,134,9.933
late,667,122,1.6747,1.7684,0.9439,0.9251,0.6837,492,120,7.461
my,56246,10333,141.2215,149.7755,0.9429,0.9356,0.9591,6178,160,93.691
insane,307,56,0.7708,0.8117,0.9427,0.8668,0.6561,240,86,3.64
blowing,176,32,0.4419,0.4638,0.9407,0.6638,0.723,137,65,2.078
fun,572,105,1.4362,1.522,0.94,0.8802,0.734,389,118,5.899
dark,599,110,1.504,1.5944,0.9398,0.9322,0.8397,511,128,7.749
when,15981,2962,40.1248,42.9338,0.9344,0.9087,0.9118,5086,156,77.131
lane,164,30,0.4118,0.4348,0.9342,0.8491,1.174,114,63,1.729
is,27676,5133,69.4884,74.4022,0.9339,0.9218,0.9768,5843,160,88.611
luck,277,51,0.6955,0.7392,0.9334,0.9852,0.9777,245,100,3.715
welcome,250,46,0.6277,0.6668,0.9331,0.7743,0.9588,185,85,2.806
pay,1110,206,2.787,2.9859,0.9315,0.8719,1.175,834,138,12.648
show,2507,466,6.2945,6.7546,0.9311,0.9228,1.0007,1625,149,24.644
room,749,139,1.8806,2.0148,0.9307,0.8729,0.818,609,134,9.236
silly,265,49,0.6654,0.7102,0.9291,0.9003,0.7584,225,93,3.412
see,10544,1972,26.4737,28.5839,0.926,0.9157,0.8358,4284,157,64.968
trust,777,145,1.9509,2.1018,0.9256,0.8582,0.7209,499,123,7.567
stop,4549,852,11.4215,12.3496,0.9244,1.082,1.1643,2123,151,32.196
attitude,242,45,0.6076,0.6523,0.9232,1.0731,1.4634,199,81,3.018
down,12711,2392,31.9146,34.6717,0.9203,0.9197,0.9513,4438,156,67.304
live,3437,649,8.6296,9.4072,0.9168,0.8524,0.838,1805,148,27.373
price,240,45,0.6026,0.6523,0.9156,0.8067,1.2591,207,87,3.139
walk,1333,252,3.3469,3.6527,0.9148,0.8792,0.8171,983,146,14.907
still,4591,871,11.527,12.625,0.9126,0.8555,0.8784,2604,151,39.49
dad,160,30,0.4017,0.4348,0.9115,0.7948,0.7464,122,63,1.85
took,1412,268,3.5452,3.8846,0.9113,0.9105,0.8807,1084,149,16.439
news,286,54,0.7181,0.7827,0.9106,0.7948,1.034,245,93,3.715
slow,1126,214,2.8271,3.1019,0.9097,0.8332,0.8353,755,140,11.45
reality,275,52,0.6905,0.7537,0.909,0.7356,0.9153,195,87,2.957
bow,280,53,0.703,0.7682,0.9082,0.6345,0.7341,180,80,2.73
creep,504,96,1.2654,1.3915,0.9056,1.028,1.1125,373,101,5.657
fair,206,39,0.5172,0.5653,0.9056,0.8246,0.6464,139,67,2.108
your,31809,6094,79.8655,88.3318,0.9041,0.8951,0.9434,5486,160,83.197
bones,174,33,0.4369,0.4783,0.9023,0.7761,0.7648,159,78,2.411
tall,184,35,0.462,0.5073,0.9003,0.8872,1.1375,163,82,2.472
didn't,1840,354,4.6198,5.1312,0.8993,0.9601,0.8576,1281,142,19.427
hurry,189,36,0.4745,0.5218,0.8993,0.7457,0.7514,142,74,2.153
holes,194,37,0.4871,0.5363,0.8984,0.9124,1.1368,170,73,2.578
here,6513,1256,16.3527,18.2056,0.8979,0.8364,0.8071,3042,149,46.133
rolling,297,57,0.7457,0.8262,0.8962,0.7075,1.1224,228,91,3.458
lucky,167,32,0.4193,0.4638,0.8927,0.6788,0.7135,133,74,2.017
world's,167,32,0.4193,0.4638,0.8927,0.6224,0.6337,95,48,1.441
once,1323,257,3.3218,3.7252,0.8903,0.8557,0.7123,911,142,13.816
starts,233,45,0.585,0.6523,0.8889,0.8537,0.9816,208,94,3.154
nation,361,70,0.9064,1.0146,0.8882,1.1243,1.0607,279,90,4.231
more,5037,983,12.6468,14.2485,0.8872,0.8286,0.9016,2610,153,39.581
told,1819,355,4.5671,5.1457,0.8866,0.7563,0.8121,1281,145,19.427
trouble,350,68,0.8788,0.9857,0.8863,0.7086,0.8345,273,98,4.14
music,887,173,2.2271,2.5076,0.8861,0.9514,0.8726,558,120,8.462
problems,268,52,0.6729,0.7537,0.8859,1.1446,0.652,185,83,2.806
bet,716,140,1.7977,2.0293,0.8834,0.9837,1.1515,553,135,8.386
under,944,185,2.3702,2.6816,0.882,0.9972,1.1865,755,136,11.45
open,1080,212,2.7116,3.0729,0.8808,0.7947,0.8081,860,144,13.042
before,2653,522,6.6611,7.5663,0.8797,0.897,0.7862,1863,152,28.253
town,1123,221,2.8196,3.2034,0.8786,0.8606,0.7219,804,134,12.193
bleed,245,48,0.6151,0.6958,0.8768,0.8363,0.9891,186,77,2.821
who's,1190,235,2.9878,3.4063,0.8757,0.8626,0.9132,796,133,12.072
stand,1441,285,3.618,4.131,0.8746,0.7693,0.7285,870,137,13.194
slip,405,80,1.0169,1.1596,0.8725,0.9287,0.8818,339,102,5.141
paint,153,30,0.3841,0.4348,0.8718,0.7927,0.7119,136,66,2.062
of,32055,6375,80.4831,92.4048,0.8709,0.8642,0.8609,6082,158,92.235
age,288,57,0.7231,0.8262,0.8691,1.0186,0.8072,243,94,3.685
wake,683,136,1.7149,1.9713,0.8674,0.7403,0.724,386,114,5.854
friday,157,31,0.3942,0.4493,0.8661,0.6516,1.0015,104,66,1.577
tell,4721,948,11.8534,13.7411,0.8623,0.8346,0.7067,2458,154,37.276
number,737,148,1.8504,2.1452,0.8603,0.9002,0.8939,543,126,8.235
those,1311,264,3.2916,3.8266,0.8589,0.7914,0.7577,986,143,14.953
blessed,210,42,0.5273,0.6088,0.8579,0.7829,0.7364,174,79,2.639
though,1529,309,3.839,4.4789,0.856,0.9062,0.8059,1078,144,16.348
one,11401,2307,28.6254,33.4397,0.8559,0.8271,0.7672,4263,157,64.65
ol,392,79,0.9842,1.1451,0.8552,0.7067,1.2982,269,84,4.079
key,372,75,0.934,1.0871,0.8546,0.6488,0.8956,286,103,4.337
call,3256,660,8.1751,9.5666,0.854,0.8381,0.877,1953,153,29.618
fly,1563,317,3.9244,4.5949,0.853,0.8054,0.859,1037,140,15.726
settle,189,38,0.4745,0.5508,0.8526,0.671,0.6329,120,70,1.82
make,9958,2028,25.0024,29.3956,0.8504,0.8656,0.9123,4059,153,61.556
guy,482,98,1.2102,1.4205,0.8485,0.8239,0.9005,312,113,4.732
devil,457,93,1.1474,1.348,0.8476,0.8466,1.2664,315,97,4.777
another,2515,514,6.3146,7.4504,0.8469,0.8013,0.8225,1517,144,23.006
soon,661,135,1.6596,1.9568,0.8456,0.7919,0.725,513,129,7.78
putting,163,33,0.4093,0.4783,0.8454,0.6179,1.1103,145,67,2.199
star,582,119,1.4613,1.7249,0.8444,0.7581,0.7575,415,112,6.294
forgive,167,34,0.4193,0.4928,0.841,0.6643,0.6002,125,53,1.896
better,3625,747,9.1016,10.8277,0.8401,0.8551,0.9514,2173,151,32.954
fill,249,51,0.6252,0.7392,0.8392,0.8101,0.8091,213,91,3.23
walked,273,56,0.6854,0.8117,0.8385,0.7612,0.6481,229,91,3.473
so,20775,4302,52.1615,62.357,0.8364,0.8372,0.7839,5460,158,82.803
how,8069,1673,20.2595,24.2499,0.8352,0.8157,0.8089,3653,157,55.399
empty,209,43,0.5248,0.6233,0.8342,0.5965,0.7673,182,80,2.76
scheme,156,32,0.3917,0.4638,0.8341,0.8906,1.1231,139,67,2.108
choose,329,68,0.826,0.9857,0.8332,0.8331,0.6544,267,109,4.049
lesson,208,43,0.5222,0.6233,0.8303,0.5611,0.8547,194,90,2.942
wild,940,196,2.3601,2.841,0.8291,0.6768,1.5281,684,124,10.373
across,451,94,1.1324,1.3625,0.8276,0.7579,0.7142,389,124,5.899
wouldn't,741,155,1.8605,2.2467,0.826,0.6496,0.7065,555,128,8.417
one's,182,38,0.457,0.5508,0.8211,0.6739,0.5941,126,74,1.911
thoughts,433,91,1.0872,1.319,0.8207,0.7848,0.8919,373,101,5.657
ground,627,132,1.5743,1.9133,0.8203,0.781,0.7518,477,120,7.234
bottom,267,56,0.6704,0.8117,0.8201,0.7685,1.0337,209,87,3.17
grow,385,81,0.9667,1.1741,0.8193,0.747,0.7571,298,98,4.519
already,418,88,1.0495,1.2755,0.8191,0.8429,0.9908,347,118,5.262
look,3292,697,8.2655,10.1029,0.8177,0.744,0.7739,2017,148,30.588
last,1878,399,4.7152,5.7835,0.8145,0.7971,0.7223,1345,151,20.397
made,2355,501,5.9129,7.2619,0.8136,0.7175,0.7203,1559,150,23.643
cha,408,87,1.0244,1.2611,0.8087,0.5531,1.7882,164,76,2.487
life,5574,1194,13.9951,17.3069,0.8084,0.7738,0.7085,2345,150,35.563
understand,1235,265,3.1008,3.8411,0.8061,0.829,0.6341,823,138,12.481
life's,206,44,0.5172,0.6378,0.8038,0.7931,0.5569,133,71,2.017
sexy,261,56,0.6553,0.8117,0.8017,0.6735,0.5702,154,81,2.335
trying,1168,252,2.9326,3.6527,0.8016,0.6548,0.7947,748,131,11.344
goes,1487,321,3.7335,4.6529,0.8014,0.6872,0.7897,862,132,13.072
anybody,251,54,0.6302,0.7827,0.7993,0.7952,0.8648,209,92,3.17
path,191,41,0.4796,0.5943,0.7993,0.7503,0.9256,165,83,2.502
reach,398,86,0.9993,1.2466,0.798,0.7392,0.7444,317,110,4.807
come,9168,1990,23.0189,28.8448,0.7979,0.7851,0.8447,3668,155,55.626
if,13515,2940,33.9332,42.6149,0.7962,0.7838,0.7518,4529,157,68.684
name,2773,603,6.9624,8.7404,0.7961,0.753,0.9105,1715,152,26.008
blows,190,41,0.477,0.5943,0.7951,0.6197,0.8089,164,80,2.487
it's,19225,4194,48.2698,60.7915,0.7939,0.7977,0.788,5143,158,77.995
same,2165,474,5.4358,6.8706,0.7905,0.8261,0.7513,1320,144,20.018
rolls,169,37,0.4243,0.5363,0.7829,0.534,1.1522,148,71,2.244
rather,551,122,1.3834,1.7684,0.7798,0.7185,0.8312,412,115,6.248
coming,1255,279,3.151,4.0441,0.7781,0.7543,0.7273,782,139,11.859
touched,185,41,0.4645,0.5943,0.7743,0.6408,0.6452,135,69,2.047
serious,256,57,0.6428,0.8262,0.7727,0.9937,1.8235,205,88,3.109
guess,996,223,2.5007,3.2324,0.7723,0.7768,0.726,795,127,12.056
cold,1079,242,2.7091,3.5078,0.7711,0.7152,0.6871,763,131,11.571
nobody,1270,285,3.1887,4.131,0.7708,0.7563,0.6967,767,128,11.632
thank,454,102,1.1399,1.4785,0.7681,0.6308,0.5501,294,104,4.459
wonder,767,173,1.9258,2.5076,0.7663,0.6936,0.6583,517,124,7.84
yes,2156,488,5.4132,7.0735,0.7647,0.7394,0.5491,917,135,13.907
it,50248,11390,126.1618,165.0966,0.7641,0.8409,0.8395,6230,160,94.48
keep,6420,1459,16.1192,21.148,0.762,0.8157,0.8813,2899,152,43.964
race,230,52,0.5775,0.7537,0.7605,0.78,0.6568,182,83,2.76
times,1169,266,2.9351,3.8556,0.7601,0.7539,0.6729,845,135,12.815
laugh,326,74,0.8185,1.0726,0.7591,0.6924,0.6551,296,113,4.489
song,1040,237,2.6112,3.4353,0.7589,0.7513,0.5638,656,133,9.948
songs,212,48,0.5323,0.6958,0.7589,0.8411,0.7301,171,81,2.593
happen,431,98,1.0821,1.4205,0.7588,0.698,0.7924,342,118,5.187
turn,1709,390,4.2909,5.653,0.7583,0.7416,0.6915,1163,147,17.637
fear,579,132,1.4537,1.9133,0.7576,0.76,0.6512,455,122,6.9
known,819,187,2.0563,2.7105,0.7571,0.7138,0.8564,652,137,9.888
judge,233,53,0.585,0.7682,0.756,1.1685,0.9977,170,79,2.578
because,2281,523,5.7271,7.5808,0.7549,0.7611,0.7855,1445,143,21.914
dum,202,46,0.5072,0.6668,0.7543,0.509,1.1154,69,43,1.046
middle,431,99,1.0821,1.435,0.7512,0.7557,0.9172,306,99,4.641
stare,162,37,0.4067,0.5363,0.7506,0.7349,0.5408,140,75,2.123
surprise,162,37,0.4067,0.5363,0.7506,0.6644,0.5007,119,71,1.805
da,2366,546,5.9405,7.9142,0.7501,0.7613,0.5338,447,120,6.779
dress,205,47,0.5147,0.6813,0.7494,0.6909,0.6313,177,90,2.684
men,676,156,1.6973,2.2612,0.7488,0.9328,1.2027,501,127,7.598
i,107454,24864,269.7936,360.4006,0.7486,0.7266,0.7329,6437,160,97.619
dee,157,36,0.3942,0.5218,0.7475,0.6928,1.717,91,48,1.38
old,1710,396,4.2934,5.74,0.7473,0.7468,0.6698,1174,144,17.804
trees,286,66,0.7181,0.9567,0.7463,0.6287,0.9915,241,98,3.655
win,477,111,1.1976,1.6089,0.7418,0.5933,0.9013,355,115,5.384
message,177,41,0.4444,0.5943,0.7409,0.7248,0.7516,150,76,2.275
score,164,38,0.4118,0.5508,0.7401,0.8496,1.3126,142,71,2.153
simple,258,60,0.6478,0.8697,0.7401,0.7206,0.6467,230,99,3.488
fine,569,133,1.4286,1.9278,0.7389,0.7122,0.5942,406,122,6.157
earth,516,121,1.2956,1.7539,0.7364,0.6655,0.6335,391,113,5.93
left,1961,461,4.9236,6.6821,0.7362,0.6708,0.6423,1230,149,18.653
expect,163,38,0.4093,0.5508,0.7356,0.7966,0.8978,137,80,2.078
blind,392,92,0.9842,1.3335,0.735,0.8029,0.6353,318,108,4.823
her,6411,1511,16.0966,21.9018,0.7348,0.7553,0.6353,1848,148,28.025
sin,184,43,0.462,0.6233,0.7347,0.7003,0.5196,146,75,2.214
shed,167,39,0.4193,0.5653,0.7345,0.4506,0.5444,108,53,1.638
sleep,856,202,2.1492,2.928,0.7327,0.597,0.6742,665,123,10.085
killing,280,66,0.703,0.9567,0.7306,0.5718,0.6888,194,88,2.942
behind,928,220,2.33,3.1889,0.7294,0.6819,0.696,735,136,11.146
lips,393,93,0.9867,1.348,0.729,0.7028,0.6754,325,112,4.929
days,1125,268,2.8246,3.8846,0.7261,0.6182,0.6888,808,134,12.254
bed,517,123,1.2981,1.7829,0.7258,0.7344,0.6413,440,121,6.673
save,521,124,1.3081,1.7974,0.7256,0.7576,0.6144,380,114,5.763
naughty,173,41,0.4344,0.5943,0.7242,0.6043,0.9652,99,46,1.501
spend,423,101,1.0621,1.464,0.7227,0.6717,0.6299,323,108,4.898
supposed,360,86,0.9039,1.2466,0.7219,0.699,0.8406,298,101,4.519
door,1217,292,3.0556,4.2325,0.721,0.7388,0.5982,835,143,12.663
spread,305,73,0.7658,1.0581,0.72,0.5716,0.7957,259,100,3.928
grass,167,40,0.4193,0.5798,0.7164,0.671,0.6921,143,70,2.169
can't,8761,2122,21.997,30.7581,0.715,0.7063,0.6689,3708,157,56.233
realize,319,77,0.8009,1.1161,0.7141,0.6236,0.5163,250,86,3.791
longer,219,53,0.5499,0.7682,0.7107,0.6613,0.6056,201,87,3.048
rush,395,96,0.9918,1.3915,0.7099,0.5062,0.9443,313,110,4.747
story,526,128,1.3207,1.8553,0.7097,0.8138,0.7016,373,113,5.657
fire,783,191,1.9659,2.7685,0.7087,0.6417,0.6507,547,128,8.295
said,4447,1087,11.1655,15.7559,0.7084,0.6864,0.6046,2014,151,30.543
needed,165,40,0.4143,0.5798,0.7078,0.6432,0.4698,128,66,1.941
forgot,185,45,0.4645,0.6523,0.7062,0.5831,0.5913,164,74,2.487
quicker,193,47,0.4846,0.6813,0.7056,0.355,0.8273,158,80,2.396
searchin,197,48,0.4946,0.6958,0.7054,0.71,1.1307,74,44,1.122
youth,168,41,0.4218,0.5943,0.7033,0.7556,1.1091,130,59,1.971
know,18058,4467,45.3397,64.7486,0.7002,0.7068,0.6716,5170,158,78.405
why,4800,1187,12.0518,17.2054,0.7002,0.6696,0.6809,2439,150,36.988
did,2307,572,5.7924,8.2911,0.6982,0.6799,0.7119,1569,147,23.794
world,3569,886,8.961,12.8425,0.6975,0.6456,0.5597,1595,149,24.189
deep,1411,351,3.5427,5.0877,0.6956,0.7024,0.7703,1056,139,16.015
part,636,158,1.5969,2.2902,0.6956,0.5903,0.6078,465,128,7.052
about,6501,1620,16.3226,23.4817,0.695,0.7635,0.7715,3288,152,49.864
beyond,178,44,0.4469,0.6378,0.6948,0.6403,0.5455,150,68,2.275
shall,238,59,0.5976,0.8552,0.6943,0.6261,0.6935,154,67,2.335
pain,1069,267,2.684,3.8701,0.6926,0.7045,0.6139,681,128,10.328
all,21469,5374,53.904,77.8955,0.692,0.6896,0.7091,5543,160,84.061
both,417,104,1.047,1.5075,0.692,0.6227,0.5708,320,115,4.853
little,3584,898,8.9986,13.0164,0.691,0.6463,0.6028,2014,150,30.543
let's,2534,636,6.3623,9.2187,0.6897,0.7466,1.0478,1324,144,20.079
past,585,147,1.4688,2.1307,0.6876,0.6871,0.662,502,133,7.613
hands,1307,329,3.2816,4.7688,0.6874,0.739,0.7676,824,140,12.496
saw,687,173,1.7249,2.5076,0.6864,0.705,0.661,546,127,8.28
telling,219,55,0.5499,0.7972,0.6851,0.6952,0.5886,184,83,2.79
no,16990,4312,42.6582,62.5019,0.6825,0.6244,0.6636,5123,158,77.692
into,2138,543,5.3681,7.8707,0.6816,0.6953,0.5819,1512,148,22.93
be,22962,5838,57.6526,84.6211,0.6813,0.6695,0.6964,5572,158,84.501
can,11583,2950,29.0824,42.7599,0.68,0.6643,0.6283,4283,158,64.953
shouldn't,233,59,0.585,0.8552,0.6798,0.5099,0.59,169,83,2.563
groove,417,106,1.047,1.5365,0.6791,0.8412,0.7379,243,80,3.685
near,291,74,0.7306,1.0726,0.6778,0.5894,0.6843,262,103,3.973
everybody's,201,51,0.5047,0.7392,0.6777,0.5875,0.5368,147,68,2.229
learn,439,112,1.1022,1.6234,0.6767,0.6276,0.5977,348,109,5.278
between,466,119,1.17,1.7249,0.6762,0.6461,0.753,413,126,6.263
take,7073,1813,17.7588,26.2792,0.6756,0.6673,0.6645,3572,155,54.17
making,754,193,1.8931,2.7975,0.6754,0.6901,0.6141,543,132,8.235
whose,173,44,0.4344,0.6378,0.6754,0.6844,0.638,115,69,1.744
wait,1008,259,2.5309,3.7542,0.6732,0.6362,0.6584,647,132,9.812
break,2233,581,5.6066,8.4215,0.6653,0.653,0.7931,1372,143,20.807
miss,657,171,1.6496,2.4786,0.6641,0.6489,0.6086,534,128,8.098
page,185,48,0.4645,0.6958,0.6625,0.5702,0.864,152,76,2.305
lights,460,120,1.155,1.7394,0.662,0.5953,0.6183,408,118,6.187
upon,353,92,0.8863,1.3335,0.662,0.6435,0.5503,280,97,4.246
right,6417,1682,16.1117,24.3804,0.6607,0.6374,0.6552,3088,156,46.83
hole,344,90,0.8637,1.3045,0.6594,0.6821,0.8484,235,91,3.564
go,9285,2441,23.3126,35.382,0.6588,0.6251,0.633,3868,154,58.659
running,492,129,1.2353,1.8698,0.6588,0.6292,0.614,359,116,5.444
close,864,227,2.1693,3.2903,0.6582,0.5806,0.6369,696,126,10.555
by,5555,1462,13.9474,21.1915,0.658,0.6481,0.5987,2977,149,45.147
turned,448,118,1.1248,1.7104,0.6556,0.6376,0.5477,396,121,6.005
child,565,149,1.4186,2.1597,0.6552,0.6408,0.5684,416,116,6.309
change,1139,301,2.8598,4.363,0.6547,0.5895,0.555,791,141,11.996
whatever,746,198,1.873,2.87,0.6514,0.7555,0.6201,502,122,7.613
place,1554,413,3.9018,5.9864,0.6512,0.5956,0.5489,1030,143,15.62
living,824,219,2.0689,3.1744,0.6507,0.594,0.6433,521,123,7.901
sign,283,75,0.7106,1.0871,0.6504,0.573,0.7234,247,105,3.746
drive,529,141,1.3282,2.0438,0.6482,0.6089,0.7054,441,124,6.688
hear,2329,623,5.8476,9.0303,0.6472,0.6508,0.7448,1417,150,21.489
spent,180,48,0.4519,0.6958,0.6447,0.6186,0.65,171,85,2.593
takes,447,120,1.1223,1.7394,0.6433,0.6611,0.5815,311,107,4.716
lust,161,43,0.4042,0.6233,0.6431,0.7022,0.4278,124,68,1.88
taste,365,98,0.9164,1.4205,0.6428,0.5951,0.6282,317,108,4.807
lord,1101,297,2.7644,4.305,0.6413,0.5974,0.5511,558,117,8.462
tv,263,71,0.6603,1.0291,0.6384,0.6729,0.7092,239,95,3.625
ba,240,65,0.6026,0.9422,0.636,0.3247,0.9129,76,47,1.153
wanted,737,201,1.8504,2.9135,0.634,0.4726,0.5847,563,129,8.538
mack,1034,283,2.5961,4.102,0.6321,0.6268,0.8488,523,108,7.931
leave,2091,575,5.25,8.3346,0.6295,0.6055,0.662,1455,150,22.066
lose,791,218,1.986,3.1599,0.6275,0.5832,0.6063,574,133,8.705
wrong,1347,372,3.382,5.3921,0.6266,0.5884,0.5277,990,144,15.014
help,838,234,2.104,3.3918,0.6194,0.6273,0.5724,570,126,8.644
friends,1011,283,2.5384,4.102,0.618,0.6779,0.5463,663,138,10.055
think,4263,1195,10.7035,17.3214,0.6177,0.6,0.5812,2505,152,37.989
shout,315,88,0.7909,1.2755,0.6175,0.6543,0.774,249,91,3.776
only,3268,918,8.2052,13.3063,0.6164,0.5622,0.5711,2008,154,30.452
let,7249,2038,18.2007,29.5406,0.616,0.6089,0.6122,3301,157,50.061
mind,2999,843,7.5298,12.2192,0.616,0.5963,0.5115,1727,149,26.19
our,2401,677,6.0284,9.813,0.614,0.559,0.563,1295,147,19.639
kind,685,193,1.7199,2.7975,0.6137,0.6599,0.5295,540,121,8.189
become,192,54,0.4821,0.7827,0.6118,0.5669,0.602,168,72,2.548
hand,1375,389,3.4523,5.6385,0.6117,0.6,0.5378,996,147,15.105
strong,851,244,2.1367,3.5367,0.6033,0.5614,0.6431,640,127,9.706
hide,449,129,1.1273,1.8698,0.6012,0.5413,0.4827,350,116,5.308
he,8224,2370,20.6487,34.3529,0.601,0.6617,0.71,2828,152,42.887
you,95687,27588,240.2493,399.8846,0.6008,0.5892,0.593,6422,160,97.392
light,1180,341,2.9627,4.9428,0.5988,0.4806,0.5454,849,141,12.875
true,1489,433,3.7386,6.2763,0.5952,0.5786,0.5598,984,138,14.923
dangerous,355,103,0.8913,1.493,0.595,0.6754,0.774,196,76,2.972
sent,312,91,0.7834,1.319,0.5916,0.5619,0.9279,280,97,4.246
chains,161,47,0.4042,0.6813,0.5889,0.4649,0.8733,133,70,2.017
outside,385,113,0.9667,1.6379,0.5883,0.4889,0.5296,276,101,4.186
sunshine,184,54,0.462,0.7827,0.5864,0.4817,0.5045,92,51,1.395
say,7296,2171,18.3187,31.4684,0.582,0.5505,0.6059,3094,156,46.921
own,1488,443,3.736,6.4212,0.5814,0.5635,0.5703,1046,140,15.863
everywhere,324,97,0.8135,1.406,0.5765,0.5217,0.5463,239,97,3.625
end,1177,354,2.9552,5.1312,0.5754,0.5607,0.5508,906,140,13.74
thing,2091,630,5.25,9.1318,0.5746,0.6023,0.5078,1364,148,20.685
words,830,250,2.0839,3.6237,0.5743,0.6117,0.4854,637,131,9.66
looked,369,111,0.9265,1.6089,0.574,0.5323,0.5915,286,99,4.337
lost,975,294,2.448,4.2615,0.5738,0.5754,0.5436,720,134,10.919
comes,1253,378,3.146,5.4791,0.5737,0.5602,0.5244,822,130,12.466
met,457,138,1.1474,2.0003,0.5722,0.602,0.538,368,117,5.581
good,3503,1061,8.7953,15.3791,0.5717,0.5465,0.5414,1900,149,28.814
must,1476,447,3.7059,6.4792,0.5715,0.4836,0.4909,957,142,14.513
wanna,7925,2402,19.898,34.8167,0.5714,0.5539,0.6493,3206,152,48.62
don't,20367,6202,51.1371,89.8972,0.5688,0.5795,0.5934,5315,160,80.604
just,13345,4069,33.5064,58.9796,0.5681,0.5662,0.545,4683,157,71.019
knife,191,58,0.4796,0.8407,0.567,0.5892,0.7729,161,75,2.442
sisters,181,55,0.4545,0.7972,0.5665,0.7712,0.5699,127,57,1.926
never,6930,2122,17.3997,30.7581,0.5656,0.5313,0.5142,3359,154,50.94
answer,193,59,0.4846,0.8552,0.5633,0.5093,0.4403,158,83,2.396
brought,338,104,0.8486,1.5075,0.5611,0.6743,0.7033,302,112,4.58
easy,555,171,1.3935,2.4786,0.5611,0.4644,0.5074,390,119,5.914
space,247,76,0.6202,1.1016,0.5604,0.5541,0.6444,207,87,3.139
fade,470,145,1.1801,2.1018,0.5601,0.4724,0.6914,412,112,6.248
long,2212,689,5.5539,9.987,0.5558,0.5358,0.5021,1453,151,22.035
re,171,53,0.4293,0.7682,0.5553,0.5419,0.5643,127,71,1.926
being,764,238,1.9182,3.4498,0.5552,0.5298,0.5444,563,123,8.538
places,203,63,0.5097,0.9132,0.5551,0.4966,0.5351,161,82,2.442
truth,478,149,1.2002,2.1597,0.5544,0.5177,0.4715,353,113,5.353
boy,2238,699,5.6191,10.1319,0.5543,0.5281,0.5286,1236,148,18.744
round,937,293,2.3526,4.247,0.5533,0.5826,0.5383,596,134,9.039
do,14063,4406,35.3091,63.8644,0.5528,0.554,0.5462,4447,156,67.44
blood,1058,333,2.6564,4.8268,0.5498,0.5701,0.7403,755,129,11.45
hope,817,258,2.0513,3.7397,0.5478,0.4569,0.5578,605,128,9.175
well,2915,922,7.3189,13.3643,0.5474,0.5441,0.4869,1763,146,26.736
shame,336,106,0.8436,1.5365,0.5473,0.536,0.5103,246,101,3.731
carry,282,89,0.708,1.29,0.5468,0.4254,0.5728,226,92,3.427
tired,537,170,1.3483,2.4641,0.5461,0.5085,0.433,352,107,5.338
asked,274,87,0.688,1.2611,0.5434,0.6146,0.5431,240,95,3.64
voice,305,97,0.7658,1.406,0.5428,0.4607,0.4644,244,104,3.7
been,3387,1082,8.504,15.6835,0.5421,0.5262,0.5268,2102,149,31.877
chance,558,178,1.401,2.5801,0.542,0.4877,0.4772,404,118,6.127
escape,256,82,0.6428,1.1886,0.5386,0.4089,0.5659,210,89,3.185
we're,1594,514,4.0022,7.4504,0.5368,0.5047,0.5292,851,133,12.906
girlfriend,158,51,0.3967,0.7392,0.5331,0.4775,0.6971,114,64,1.729
mine,1630,530,4.0926,7.6823,0.5324,0.5405,0.5402,1060,142,16.075
lives,305,99,0.7658,1.435,0.5318,0.5077,0.5543,239,106,3.625
blue,622,203,1.5617,2.9425,0.5299,0.5077,0.5047,513,125,7.78
meant,242,79,0.6076,1.1451,0.5284,0.4687,0.4446,178,90,2.699
shock,193,63,0.4846,0.9132,0.5278,0.9133,2.4399,146,70,2.214
may,526,173,1.3207,2.5076,0.5256,0.4784,0.4046,376,115,5.702
had,4302,1422,10.8014,20.6117,0.5239,0.5893,0.716,2330,149,35.335
matter,1063,352,2.669,5.1022,0.5226,0.4886,0.6671,732,132,11.101
hair,450,149,1.1299,2.1597,0.522,0.5118,0.5195,381,112,5.778
home,1929,640,4.8433,9.2767,0.5218,0.4949,0.5409,1287,138,19.518
too,4319,1439,10.8441,20.8581,0.5198,0.6334,0.6332,2338,155,35.456
calling,277,92,0.6955,1.3335,0.5197,0.4828,0.5129,199,94,3.018
passion,169,56,0.4243,0.8117,0.5197,0.6177,0.3901,122,62,1.85
worry,368,123,0.924,1.7829,0.5169,0.4356,0.4534,234,90,3.549
taking,474,159,1.1901,2.3047,0.5153,0.5055,0.4534,364,116,5.52
won't,2721,917,6.8318,13.2918,0.5138,0.4723,0.4437,1634,149,24.78
please,1253,424,3.146,6.1458,0.5115,0.493,0.4445,830,136,12.587
are,5115,1734,12.8427,25.1341,0.5109,0.5076,0.472,2471,152,37.473
around,3992,1354,10.023,19.6261,0.5106,0.557,0.5521,2256,152,34.213
fall,1036,352,2.6012,5.1022,0.5093,0.5179,0.4879,775,140,11.753
girl,2891,988,7.2587,14.3209,0.5067,0.5064,0.4782,1294,145,19.624
every,3200,1096,8.0345,15.8864,0.5056,0.5082,0.4655,1979,151,30.012
giving,292,100,0.7331,1.4495,0.5041,0.4547,0.5108,246,100,3.731
over,3511,1209,8.8154,17.5243,0.5029,0.5596,0.7033,2081,153,31.559
touch,919,318,2.3074,4.6094,0.5001,0.5266,0.4724,639,140,9.691
floor,737,259,1.8504,3.7542,0.4923,0.4988,0.6176,592,130,8.978
knew,1022,360,2.566,5.2182,0.4913,0.4679,0.4466,795,137,12.056
movin,569,201,1.4286,2.9135,0.4896,0.5072,0.887,340,104,5.156
time,8707,3082,21.8614,44.6732,0.4893,0.5154,0.5309,3779,152,57.31
way,5827,2065,14.6303,29.9319,0.4887,0.4811,0.4671,2921,152,44.298
me,44291,15766,111.2051,228.5262,0.4866,0.4885,0.5097,6060,160,91.902
attention,259,92,0.6503,1.3335,0.4859,0.3645,0.9233,217,92,3.291
rules,402,143,1.0093,2.0728,0.4859,0.4945,0.5173,281,96,4.261
walls,172,61,0.4319,0.8842,0.4859,0.4239,0.5303,156,81,2.366
forget,870,310,2.1844,4.4934,0.4856,0.4423,0.5142,671,134,10.176
pretty,416,149,1.0445,2.1597,0.4826,0.4936,0.4642,325,110,4.929
cryin,176,63,0.4419,0.9132,0.4815,0.438,0.4722,142,76,2.153
there,4005,1443,10.0557,20.9161,0.4807,0.4721,0.4311,2216,150,33.606
finally,220,79,0.5524,1.1451,0.4804,0.4672,0.4339,183,72,2.775
day,3729,1348,9.3627,19.5391,0.4791,0.4697,0.4578,1994,148,30.24
could,3408,1236,8.5567,17.9157,0.4775,0.4474,0.4357,2040,148,30.937
treat,336,122,0.8436,1.7684,0.4758,0.4967,0.4226,288,111,4.368
monkey,190,69,0.477,1.0001,0.4748,0.6602,0.7799,138,59,2.093
they're,802,294,2.0136,4.2615,0.472,0.5118,0.4725,518,113,7.856
should,1474,541,3.7009,7.8417,0.4717,0.4655,0.4624,1019,146,15.453
within,235,86,0.59,1.2466,0.4716,0.5379,0.4761,191,81,2.897
free,1010,372,2.5359,5.3921,0.4699,0.4707,0.4569,654,131,9.918
summer,220,81,0.5524,1.1741,0.4686,0.3212,0.4614,159,84,2.411
clique,457,169,1.1474,2.4496,0.4675,0.6303,0.7144,304,97,4.61
worth,413,153,1.037,2.2177,0.4666,0.4249,0.4278,345,115,5.232
hold,2332,866,5.8551,12.5526,0.4663,0.4749,0.5295,1438,151,21.808
alive,426,158,1.0696,2.2902,0.4661,0.4217,0.44,301,97,4.565
have,6327,2360,15.8857,34.2079,0.4643,0.4844,0.4465,3154,153,47.831
it'll,258,96,0.6478,1.3915,0.464,0.475,0.5718,227,99,3.443
eyes,1736,650,4.3587,9.4217,0.4624,0.4347,0.3897,1195,142,18.123
quite,153,57,0.3841,0.8262,0.4624,0.4955,0.4532,130,68,1.971
felt,363,136,0.9114,1.9713,0.4613,0.417,0.4155,315,105,4.777
gonna,4373,1643,10.9797,23.8151,0.461,0.4769,0.4696,2015,149,30.558
prove,200,75,0.5022,1.0871,0.46,0.4787,0.748,183,90,2.775
enough,1120,424,2.8121,6.1458,0.4572,0.4862,0.5201,819,137,12.42
whenever,177,67,0.4444,0.9712,0.4555,0.4394,0.4495,129,68,1.956
gives,208,79,0.5222,1.1451,0.4543,0.4429,0.4867,177,76,2.684
return,222,85,0.5574,1.2321,0.4508,0.4442,0.7095,171,77,2.593
not,6863,2643,17.2315,38.31,0.4497,0.4315,0.5043,3414,155,51.774
magic,210,81,0.5273,1.1741,0.4474,0.4382,0.3976,147,74,2.229
force,261,101,0.6553,1.464,0.4463,0.5786,0.5994,228,87,3.458
i'll,4852,1884,12.1823,27.3083,0.446,0.4355,0.4152,2340,149,35.487
again,2109,819,5.2952,11.8713,0.4459,0.4306,0.3975,1192,145,18.077
makes,911,355,2.2873,5.1457,0.4441,0.4989,0.4654,624,123,9.463
ever,2077,810,5.2149,11.7408,0.444,0.436,0.4356,1305,144,19.791
he's,1490,581,3.7411,8.4215,0.444,0.3936,0.4245,827,125,12.542
things,1728,679,4.3386,9.842,0.4406,0.4183,0.3711,1083,144,16.424
knees,377,148,0.9466,2.1452,0.4403,0.4498,0.5892,334,117,5.065
thinking,507,200,1.273,2.899,0.4384,0.4599,0.3978,378,116,5.732
explain,218,86,0.5474,1.2466,0.4376,0.4225,0.3662,192,85,2.912
friend,833,330,2.0915,4.7833,0.4368,0.4395,0.4137,570,125,8.644
looking,721,287,1.8103,4.16,0.4347,0.405,0.4036,473,118,7.173
want,5891,2357,14.791,34.1644,0.4329,0.4646,0.4633,2719,154,41.234
looks,255,102,0.6402,1.4785,0.4318,0.3744,0.3137,188,79,2.851
perfect,172,69,0.4319,1.0001,0.4299,0.3813,0.3839,151,81,2.29
give,5214,2101,13.0912,30.4537,0.4298,0.495,0.644,2763,155,41.902
very,511,207,1.283,3.0004,0.427,0.4237,0.3385,401,120,6.081
higher,294,119,0.7382,1.7249,0.4269,0.3808,0.4507,190,85,2.881
jesus,274,111,0.688,1.6089,0.4264,0.4629,0.6455,165,78,2.502
anyway,259,105,0.6503,1.522,0.4261,0.4023,0.5276,220,93,3.336
gave,787,322,1.976,4.6673,0.423,0.459,0.4248,645,130,9.782
dare,190,78,0.477,1.1306,0.4204,0.4129,0.4242,164,86,2.487
sometimes,758,313,1.9032,4.5369,0.4191,0.3823,0.3681,494,115,7.492
he'll,216,89,0.5423,1.29,0.419,0.3566,0.3713,165,79,2.502
hello,294,123,0.7382,1.7829,0.4131,0.4052,0.591,184,93,2.79
gone,1664,699,4.1779,10.1319,0.4122,0.3834,0.4291,967,144,14.665
reason,495,208,1.2428,3.0149,0.4117,0.4236,0.5409,404,124,6.127
knows,686,289,1.7224,4.189,0.4108,0.3936,0.3328,442,117,6.703
each,521,220,1.3081,3.1889,0.4097,0.4119,0.3489,409,107,6.203
something,1474,623,3.7009,9.0303,0.4096,0.4466,0.3663,868,143,13.163
dear,238,101,0.5976,1.464,0.407,0.4052,0.318,127,58,1.926
she,6309,2692,15.8405,39.0202,0.4059,0.4625,0.432,1743,148,26.433
blame,239,102,0.6001,1.4785,0.4047,0.3846,0.4383,189,85,2.866
today,535,229,1.3433,3.3193,0.4042,0.4093,0.3622,364,111,5.52
yeah,10597,4561,26.6068,66.1111,0.4024,0.4139,0.3719,3302,152,50.076
breathe,181,78,0.4545,1.1306,0.4005,0.3507,0.3537,144,77,2.184
keeps,449,194,1.1273,2.812,0.4003,0.3987,0.3569,308,117,4.671
until,1153,499,2.8949,7.2329,0.4,0.3687,0.4278,870,139,13.194
feel,3789,1653,9.5134,23.96,0.397,0.357,0.4015,2043,149,30.983
bit,536,234,1.3458,3.3918,0.3963,0.3844,0.3354,414,122,6.278
soul,1095,479,2.7493,6.943,0.3957,0.4246,0.4507,705,132,10.692
rub,203,89,0.5097,1.29,0.3939,0.3706,0.5309,162,73,2.457
lady,528,232,1.3257,3.3628,0.3937,0.4955,0.5474,386,116,5.854
bright,159,70,0.3992,1.0146,0.3919,0.3537,0.3511,134,63,2.032
children,274,121,0.688,1.7539,0.3913,0.4128,0.3835,187,91,2.836
nowhere,280,124,0.703,1.7974,0.3903,0.3721,0.313,177,75,2.684
special,244,108,0.6126,1.5654,0.3903,0.3715,0.3166,173,85,2.624
need,4178,1867,10.49,27.0619,0.3876,0.3658,0.4014,2241,154,33.985
would,2248,1010,5.6442,14.6398,0.3854,0.3585,0.3804,1284,146,19.472
spin,183,82,0.4595,1.1886,0.3853,0.4141,0.7199,161,77,2.442
going,1577,710,3.9595,10.2914,0.3846,0.3659,0.3662,896,143,13.588
rain,462,210,1.16,3.0439,0.3806,0.3599,0.3226,302,113,4.58
woman,605,276,1.519,4.0006,0.3793,0.4081,0.3673,357,100,5.414
we'll,682,314,1.7124,4.5514,0.3759,0.3794,0.3253,427,118,6.476
sad,212,98,0.5323,1.4205,0.3737,0.3358,0.3567,172,83,2.608
okay,494,230,1.2403,3.3338,0.3716,0.3267,0.4315,297,110,4.504
wave,171,80,0.4293,1.1596,0.369,0.3621,0.3261,120,69,1.82
far,649,305,1.6295,4.4209,0.3683,0.359,0.3292,515,124,7.81
warm,196,92,0.4921,1.3335,0.368,0.2805,0.3347,160,76,2.426
lie,622,293,1.5617,4.247,0.3674,0.3398,0.3403,427,119,6.476
will,3965,1871,9.9553,27.1199,0.367,0.3509,0.3437,2173,150,32.954
miles,163,77,0.4093,1.1161,0.3654,0.3299,0.3333,134,67,2.032
wind,299,142,0.7507,2.0583,0.3641,0.3249,0.355,274,109,4.155
yourself,929,444,2.3325,6.4357,0.3622,0.4167,0.4935,583,134,8.841
maybe,633,305,1.5893,4.4209,0.3592,0.3577,0.2839,468,120,7.097
watching,185,89,0.4645,1.29,0.359,0.2565,0.3181,147,80,2.229
nothing,1315,637,3.3017,9.2332,0.3574,0.3305,0.3335,825,141,12.511
stuff,480,233,1.2052,3.3773,0.3565,0.5419,0.8216,382,116,5.793
waste,224,109,0.5624,1.5799,0.3551,0.359,0.4029,197,90,2.988
ahh,495,242,1.2428,3.5078,0.3539,0.5042,0.7417,247,98,3.746
learned,242,119,0.6076,1.7249,0.3515,0.357,0.3439,213,83,3.23
morning,352,174,0.8838,2.5221,0.3499,0.353,0.3443,259,101,3.928
faith,178,88,0.4469,1.2755,0.3494,0.339,0.2416,106,56,1.608
afraid,207,103,0.5197,1.493,0.3473,0.3497,0.3194,176,81,2.669
found,569,285,1.4286,4.131,0.3455,0.3386,0.3142,480,129,7.279
moment,154,77,0.3867,1.1161,0.3453,0.2502,0.285,116,63,1.759
seems,440,221,1.1047,3.2034,0.3445,0.3686,0.2779,366,110,5.551
ago,185,93,0.4645,1.348,0.3437,0.338,0.3227,163,77,2.472
sky,540,272,1.3558,3.9426,0.3436,0.2709,0.2835,333,113,5.05
hurts,163,82,0.4093,1.1886,0.3433,0.4343,0.2357,106,62,1.608
find,1642,830,4.1227,12.0307,0.3426,0.3519,0.3414,1182,148,17.925
bottle,283,143,0.7106,2.0728,0.3422,0.3085,0.7427,182,84,2.76
tat,421,213,1.057,3.0874,0.342,0.671,0.511,104,50,1.577
together,955,484,2.3978,7.0155,0.3416,0.3699,0.3537,622,133,9.433
i'd,1066,541,2.6765,7.8417,0.3412,0.3328,0.3312,737,133,11.177
tree,189,96,0.4745,1.3915,0.3402,0.323,0.4332,171,82,2.593
without,1411,724,3.5427,10.4943,0.3375,0.353,0.583,1018,142,15.438
myself,855,441,2.1467,6.3922,0.3356,0.3892,0.343,634,133,9.615
you're,5904,3049,14.8237,44.1949,0.3354,0.3343,0.3393,2413,145,36.594
you'll,1372,710,3.4448,10.2914,0.3346,0.3061,0.3487,958,136,14.528
queen,378,196,0.9491,2.841,0.3337,0.3545,0.5965,227,80,3.443
somebody,864,450,2.1693,6.5227,0.3324,0.2946,0.4739,613,128,9.296
mercy,196,102,0.4921,1.4785,0.3321,0.4258,0.3127,130,59,1.971
night,2570,1355,6.4527,19.6406,0.3285,0.3292,0.3287,1495,149,22.672
ah,1607,850,4.0348,12.3206,0.3274,0.365,0.3041,575,124,8.72
hey,2418,1282,6.0711,18.5824,0.3267,0.3601,0.3226,1119,141,16.97
fell,310,165,0.7783,2.3917,0.325,0.4329,0.3585,271,98,4.11
scream,445,238,1.1173,3.4498,0.3236,0.3958,0.432,327,115,4.959
care,781,419,1.9609,6.0734,0.3227,0.2723,0.3608,577,124,8.75
much,1856,999,4.66,14.4804,0.3217,0.4261,0.4298,1251,141,18.972
feelings,156,84,0.3917,1.2176,0.3208,0.3064,0.3193,122,71,1.85
thought,1825,986,4.5822,14.2919,0.3205,0.3654,0.5038,1303,145,19.76
tonight,1092,595,2.7418,8.6245,0.3178,0.2819,0.2727,500,122,7.583
alright,913,500,2.2923,7.2474,0.3162,0.3164,0.2871,436,130,6.612
swear,254,139,0.6377,2.0148,0.316,0.3264,0.4191,213,89,3.23
has,924,510,2.32,7.3924,0.3137,0.3198,0.3215,688,127,10.434
glad,201,111,0.5047,1.6089,0.313,0.247,0.3089,181,88,2.745
stars,272,151,0.6829,2.1887,0.3116,0.2724,0.3206,240,97,3.64
sitting,162,90,0.4067,1.3045,0.311,0.2901,0.3076,138,73,2.093
always,2146,1198,5.3881,17.3649,0.3102,0.2838,0.3343,1370,143,20.776
inside,1074,607,2.6966,8.7984,0.3064,0.3017,0.2876,776,136,11.768
dreams,499,283,1.2529,4.102,0.3052,0.2921,0.245,341,106,5.171
moon,187,106,0.4695,1.5365,0.305,0.2647,0.2654,162,83,2.457
blues,181,103,0.4545,1.493,0.3038,0.3318,0.3568,156,79,2.366
sea,196,112,0.4921,1.6234,0.3026,0.2838,0.2157,119,71,1.805
nights,182,104,0.457,1.5075,0.3025,0.2594,0.3,161,71,2.442
lies,300,172,0.7532,2.4931,0.3018,0.2537,0.3127,257,102,3.897
mirror,155,89,0.3892,1.29,0.301,0.2954,0.3026,115,59,1.744
kiss,672,387,1.6872,5.6095,0.3006,0.2701,0.2881,459,131,6.961
heaven,472,273,1.1851,3.9571,0.2993,0.2608,0.2516,263,98,3.988
remember,1191,694,2.9903,10.0594,0.2972,0.4267,0.3698,813,135,12.329
tomorrow,256,149,0.6428,2.1597,0.2972,0.2798,0.2541,187,87,2.836
there's,1840,1075,4.6198,15.582,0.2964,0.2796,0.2679,1224,144,18.562
above,284,166,0.7131,2.4061,0.296,0.2955,0.3193,241,111,3.655
plain,154,90,0.3867,1.3045,0.2957,0.2709,0.4972,131,76,1.987
am,1352,793,3.3946,11.4944,0.2952,0.3147,0.2792,799,130,12.117
along,405,238,1.0169,3.4498,0.2945,0.2379,0.2941,245,99,3.715
road,343,204,0.8612,2.957,0.291,0.2628,0.2619,273,102,4.14
were,974,582,2.4455,8.436,0.2898,0.249,0.2232,588,123,8.917
does,511,306,1.283,4.4354,0.2891,0.2627,0.318,342,106,5.187
forever,613,372,1.5391,5.3921,0.2853,0.2684,0.32,415,116,6.294
standing,193,119,0.4846,1.7249,0.2805,0.2595,0.2452,158,84,2.396
wish,660,410,1.6571,5.9429,0.2787,0.252,0.2576,488,124,7.401
dance,863,537,2.1668,7.7837,0.2783,0.2281,0.3732,443,118,6.718
apart,170,107,0.4268,1.551,0.2747,0.2321,0.252,159,78,2.411
smile,459,290,1.1524,4.2035,0.274,0.2335,0.2735,316,100,4.792
walking,223,141,0.5599,2.0438,0.2736,0.2566,0.2908,191,90,2.897
fix,195,124,0.4896,1.7974,0.272,0.3319,0.2546,183,85,2.775
believe,1296,835,3.254,12.1032,0.2688,0.2404,0.2688,882,136,13.376
ghost,185,121,0.4645,1.7539,0.2645,0.308,0.4505,166,77,2.517
history,162,106,0.4067,1.5365,0.2643,0.271,0.361,141,63,2.138
lover,277,182,0.6955,2.6381,0.2634,0.2855,0.2586,148,65,2.244
sing,605,403,1.519,5.8414,0.2599,0.2593,0.2428,387,118,5.869
sorry,330,220,0.8286,3.1889,0.2596,0.3111,0.4401,237,89,3.594
sweet,888,594,2.2296,8.61,0.2589,0.2819,0.2162,468,127,7.097
holding,210,141,0.5273,2.0438,0.2577,0.2592,0.2424,179,83,2.715
hurt,546,371,1.3709,5.3776,0.2548,0.3154,0.2636,431,115,6.536
says,266,183,0.6679,2.6526,0.2516,0.2436,0.2165,211,86,3.2
seem,309,214,0.7758,3.1019,0.2499,0.3428,0.2881,248,100,3.761
everything,1133,793,2.8447,11.4944,0.2474,0.2192,0.2912,751,135,11.389
woo,303,212,0.7608,3.0729,0.2474,0.2509,0.2118,116,58,1.759
whatcha,257,180,0.6453,2.6091,0.2471,0.2457,0.2177,102,65,1.547
everyone,164,115,0.4118,1.6669,0.2467,0.1911,0.2346,144,74,2.184
broken,228,160,0.5725,2.3192,0.2466,0.205,0.2218,209,94,3.17
doo,546,387,1.3709,5.6095,0.2443,0.2183,0.4951,140,64,2.123
somebody's,163,116,0.4093,1.6814,0.2431,0.2703,0.1824,93,56,1.41
country,157,112,0.3942,1.6234,0.2425,0.2677,0.2857,136,71,2.062
you'd,292,210,0.7331,3.0439,0.2407,0.2147,0.2377,225,90,3.412
baby,5798,4179,14.5575,60.5741,0.2403,0.2222,0.2237,2079,145,31.529
jam,625,451,1.5692,6.5372,0.24,0.4604,0.6477,432,100,6.551
anything,500,363,1.2554,5.2616,0.2385,0.2618,0.2658,345,114,5.232
leaving,195,143,0.4896,2.0728,0.236,0.2342,0.2803,154,73,2.335
needs,262,195,0.6578,2.8265,0.2326,0.2152,0.2254,213,91,3.23
we've,227,171,0.5699,2.4786,0.2298,0.2196,0.1783,154,70,2.335
sun,491,372,1.2328,5.3921,0.2286,0.2172,0.2409,375,113,5.687
tears,345,264,0.8662,3.8266,0.2263,0.1867,0.2119,264,84,4.004
na,579,450,1.4537,6.5227,0.2228,0.1816,0.2675,89,48,1.35
strange,200,156,0.5022,2.2612,0.2219,0.1977,0.2825,184,87,2.79
loved,207,162,0.5197,2.3482,0.2212,0.179,0.2018,161,72,2.442
dream,556,443,1.396,6.4212,0.2174,0.2074,0.227,423,116,6.415
such,265,213,0.6654,3.0874,0.2154,0.1896,0.2137,193,87,2.927
future,240,195,0.6026,2.8265,0.2131,0.1872,0.5125,201,92,3.048
feels,242,198,0.6076,2.87,0.2116,0.2059,0.1619,150,75,2.275
secret,205,173,0.5147,2.5076,0.2052,0.217,0.3129,183,85,2.775
share,199,168,0.4996,2.4351,0.2051,0.1805,0.232,150,76,2.275
stone,193,163,0.4846,2.3627,0.205,0.1962,0.1801,147,76,2.229
else,446,380,1.1198,5.5081,0.2033,0.1881,0.2181,372,113,5.641
nature,179,157,0.4494,2.2757,0.1974,0.2359,0.3745,127,66,1.926
control,593,525,1.4889,7.6098,0.1956,0.2271,0.2798,431,120,6.536
beautiful,225,202,0.5649,2.928,0.1929,0.16,0.1928,123,69,1.865
alone,735,671,1.8454,9.7261,0.1897,0.1877,0.1832,509,121,7.719
la,1497,1370,3.7586,19.858,0.1893,0.1994,0.2553,342,107,5.187
proud,172,162,0.4319,2.3482,0.1839,0.1694,0.216,107,61,1.623
ohh,182,172,0.457,2.4931,0.1833,0.1616,0.1714,105,58,1.592
love,7164,6792,17.9872,98.4492,0.1827,0.1802,0.1989,2569,153,38.96
she's,974,930,2.4455,13.4802,0.1814,0.1771,0.1851,493,111,7.476
honey,615,591,1.5441,8.5665,0.1802,0.1825,0.2524,390,100,5.914
bye,392,381,0.9842,5.5225,0.1782,0.1779,0.2324,124,64,1.88
really,2244,2193,5.6342,31.7873,0.1772,0.203,0.2613,1379,143,20.913
human,176,174,0.4419,2.5221,0.1752,0.2176,0.355,147,70,2.229
waiting,293,291,0.7357,4.218,0.1744,0.1791,0.166,197,97,2.988
brick,196,196,0.4921,2.841,0.1732,0.1715,0.1592,168,83,2.548
cry,631,634,1.5843,9.1898,0.1724,0.1445,0.1644,370,111,5.611
feeling,481,489,1.2077,7.088,0.1704,0.1672,0.1454,311,111,4.716
moving,276,281,0.693,4.0731,0.1701,0.1718,0.3144,176,89,2.669
mary,343,353,0.8612,5.1167,0.1683,0.1641,0.1256,107,61,1.623
lovin,309,319,0.7758,4.6239,0.1678,0.1572,0.164,222,86,3.367
sugar,252,262,0.6327,3.7977,0.1666,0.2025,0.3309,154,77,2.335
promise,168,175,0.4218,2.5366,0.1663,0.1633,0.1606,129,64,1.956
i've,1246,1318,3.1284,19.1042,0.1638,0.1625,0.1632,865,138,13.118
happy,435,482,1.0922,6.9865,0.1563,0.155,0.172,313,107,4.747
wants,475,531,1.1926,7.6968,0.155,0.2555,0.3203,333,103,5.05
doesn't,255,287,0.6402,4.16,0.1539,0.1642,0.2358,219,74,3.321
heart,1200,1377,3.0129,19.9594,0.151,0.1414,0.156,884,141,13.406
deeper,183,215,0.4595,3.1164,0.1475,0.2641,0.2885,148,77,2.244
away,1455,1734,3.6532,25.1341,0.1454,0.1472,0.1734,975,141,14.786
oh,4380,5446,10.9972,78.9391,0.1393,0.1336,0.1152,1722,147,26.115
arms,203,298,0.5097,4.3195,0.1181,0.1057,0.1309,185,85,2.806
you've,431,662,1.0821,9.5956,0.1128,0.1127,0.0976,294,98,4.459
forth,160,247,0.4017,3.5802,0.1123,0.1371,0.2598,117,65,1.774
whoa,174,296,0.4369,4.2905,0.1019,0.1032,0.0853,76,46,1.153
someone,319,559,0.8009,8.1026,0.0989,0.0876,0.0994,228,79,3.458
ooh,1024,1820,2.571,26.3807,0.0975,0.1027,0.0811,364,109,5.52
loving,166,344,0.4168,4.9862,0.0837,0.0709,0.081,100,56,1.517
lonely,172,391,0.4319,5.6675,0.0763,0.0797,0.0768,110,55,1.668
mmm,206,484,0.5172,7.0155,0.0738,0.0797,0.1117,119,60,1.805
hoo,275,813,0.6905,11.7843,0.0587,0.0872,0.0754,141,51,2.138
ma,264,829,0.6628,12.0163,0.0552,0.0883,0.1755,113,55,1.714
