word,rap_count,other_count,rap_per_10k,other_per_10k,ratio,year_matched_ratio,unique_line_ratio,rap_songs,rap_artists,rap_song_pct
grrah,906,0,3.0642,0.0,545.1363,106.876,330.1196,131,25,2.055
baow,731,0,2.4724,0.0,439.8976,86.2321,286.2777,164,48,2.573
slatt,532,0,1.7993,0.0,320.2262,62.7572,244.0015,179,22,2.808
draco,466,0,1.5761,0.0,280.5362,54.9715,191.2867,176,47,2.761
rick,423,0,1.4307,0.0,254.6776,49.899,123.958,122,46,1.914
brrt,361,0,1.221,0.0,217.393,42.5852,159.4491,143,46,2.243
trappin,255,0,0.8624,0.0,153.6485,30.081,112.9975,152,57,2.384
perc,254,0,0.8591,0.0,153.0471,29.963,114.5633,164,40,2.573
grrt,239,0,0.8083,0.0,144.0266,28.1935,101.515,77,18,1.208
percs,225,0,0.761,0.0,135.6075,26.542,90.0326,144,25,2.259
phew,224,0,0.7576,0.0,135.0062,26.4241,79.0721,57,28,0.894
rappin,222,0,0.7508,0.0,133.8034,26.1881,110.3878,188,76,2.949
og,220,0,0.7441,0.0,132.6007,25.9522,90.0326,139,64,2.18
patek,218,0,0.7373,0.0,131.398,25.7163,91.0765,148,50,2.322
vvs,200,0,0.6764,0.0,120.5734,23.5929,85.3353,142,42,2.227
blatt,179,0,0.6054,0.0,107.9448,21.1157,73.8528,41,12,0.643
twerk,179,0,0.6054,0.0,107.9448,21.1157,47.2345,45,27,0.706
tech,177,0,0.5986,0.0,106.7421,20.8797,73.8528,94,35,1.475
opps,464,1,1.5693,0.0112,93.1112,48.5341,71.4172,309,80,4.847
carti,147,0,0.4972,0.0,88.7012,17.3408,67.5897,71,20,1.114
perky,144,0,0.487,0.0,86.8971,16.9869,57.1511,84,23,1.318
geeked,142,0,0.4803,0.0,85.6943,16.751,58.195,81,26,1.271
kush,137,0,0.4634,0.0,82.6875,16.1612,60.2827,92,37,1.443
tha,137,0,0.4634,0.0,82.6875,16.1612,50.888,36,29,0.565
xans,136,0,0.46,0.0,82.0862,16.0432,58.195,86,27,1.349
latto,133,0,0.4498,0.0,80.2821,15.6893,61.8485,47,6,0.737
wheezy,130,0,0.4397,0.0,78.478,15.3354,63.4143,94,15,1.475
opp,389,1,1.3157,0.0112,78.0771,29.9162,54.3675,229,62,3.592
henny,129,0,0.4363,0.0,77.8766,15.2174,57.1511,93,53,1.459
sosa,127,0,0.4295,0.0,76.6739,14.9815,63.4143,75,18,1.176
choppa,370,1,1.2514,0.0112,74.2684,30.1522,54.0196,201,36,3.153
thots,122,0,0.4126,0.0,73.6671,14.3917,50.888,67,34,1.051
geekin,120,0,0.4059,0.0,72.4643,14.1558,32.0986,43,23,0.675
tec,120,0,0.4059,0.0,72.4643,14.1558,48.8003,83,40,1.302
diss,117,0,0.3957,0.0,70.6602,13.8019,56.1073,93,52,1.459
strapped,117,0,0.3957,0.0,70.6602,13.8019,52.9757,96,55,1.506
rollie,336,1,1.1364,0.0112,67.453,34.6703,45.4947,206,68,3.231
rap,982,4,3.3213,0.045,65.6489,36.2654,49.6122,612,141,9.6
slime,285,1,0.9639,0.0112,57.2298,23.2254,39.2316,154,41,2.416
lambo,270,1,0.9132,0.0112,54.223,20.13,32.9685,148,48,2.322
dope,942,5,3.186,0.0562,51.5259,37.6187,44.5089,479,125,7.514
dior,256,1,0.8658,0.0112,51.4166,26.7774,34.1863,151,47,2.369
thot,245,1,0.8286,0.0112,49.2116,19.9657,29.8369,130,44,2.039
dawg,562,3,1.9008,0.0337,48.3239,25.482,48.9047,287,86,4.502
guap,233,1,0.788,0.0112,46.8062,17.3714,29.315,112,41,1.757
shooter,226,1,0.7644,0.0112,45.403,23.3199,32.0986,147,61,2.306
whippin,208,1,0.7035,0.0112,41.7948,15.5075,32.7945,134,57,2.102
mob,339,2,1.1466,0.0225,40.8326,18.8977,23.3302,137,64,2.149
nigga,13509,100,45.6895,1.1248,40.4185,37.1022,31.19,3160,197,49.569
bustin,200,1,0.6764,0.0112,40.1911,21.1012,22.7039,101,58,1.584
rari,183,1,0.6189,0.0112,36.7834,20.6141,27.2273,132,51,2.071
mop,181,1,0.6122,0.0112,36.3825,18.9325,23.5738,75,44,1.176
skrr,302,2,1.0214,0.0225,36.3825,17.5512,23.2258,75,33,1.176
uzi,295,2,0.9977,0.0225,35.5406,27.0507,45.1468,157,33,2.463
cartier,176,1,0.5953,0.0112,35.3802,18.1606,24.7916,124,52,1.945
coochie,176,1,0.5953,0.0112,35.3802,14.3427,23.3998,78,33,1.224
g's,171,1,0.5783,0.0112,34.378,12.749,23.3998,101,60,1.584
designer,283,2,0.9571,0.0225,34.0973,15.4236,20.1986,164,68,2.573
bruh,168,1,0.5682,0.0112,33.7766,12.5253,25.1395,112,56,1.757
servin,165,1,0.5581,0.0112,33.1752,17.2589,24.4436,120,57,1.882
maybach,268,2,0.9064,0.0225,32.2932,16.6822,23.017,176,65,2.761
brick,372,3,1.2582,0.0337,32.0011,19.144,19.796,193,81,3.027
ap,262,2,0.8861,0.0225,31.5716,19.6192,20.7206,165,60,2.588
mane,156,1,0.5276,0.0112,31.3711,11.9972,22.3559,82,38,1.286
copy,154,1,0.5209,0.0112,30.9702,16.1083,22.008,67,46,1.051
niggas,10813,105,36.5712,1.1811,30.8192,27.3038,28.0167,3010,189,47.216
homie,657,6,2.2221,0.0675,30.4151,25.1905,23.0251,369,119,5.788
addy,150,1,0.5073,0.0112,30.1684,15.4778,12.6133,48,30,0.753
goat,149,1,0.5039,0.0112,29.968,15.7204,18.7024,89,57,1.396
hol,341,3,1.1533,0.0337,29.338,14.6451,16.5153,84,42,1.318
strap,242,2,0.8185,0.0225,29.1661,16.5448,18.4241,141,70,2.212
butt,143,1,0.4836,0.0112,28.7652,15.0873,21.486,97,51,1.522
hundreds,333,3,1.1263,0.0337,28.6507,15.3226,15.4714,141,56,2.212
baddie,142,1,0.4803,0.0112,28.5648,14.8531,16.4407,65,36,1.02
projects,142,1,0.4803,0.0112,28.5648,10.9205,18.8764,83,60,1.302
racks,1074,11,3.6324,0.1237,28.0941,20.4595,19.7214,497,92,7.796
gangsta,326,3,1.1026,0.0337,28.0493,14.7228,14.9495,126,70,1.976
trenches,229,2,0.7745,0.0225,27.6026,12.4806,20.8249,169,57,2.651
rounds,136,1,0.46,0.0112,27.3621,11.083,20.0942,92,53,1.443
jay,135,1,0.4566,0.0112,27.1616,10.065,20.4422,90,55,1.412
chopper,315,3,1.0654,0.0337,27.1043,16.1021,20.0942,202,62,3.169
gang,2425,27,8.2017,0.3037,26.5201,21.2641,19.4904,827,130,12.973
swervin,124,1,0.4194,0.0112,24.9566,9.5363,17.6586,77,42,1.208
switches,124,1,0.4194,0.0112,24.9566,10.1051,16.6147,70,26,1.098
wraith,203,2,0.6866,0.0225,24.4755,11.7977,15.6057,128,49,2.008
trap,1015,12,3.4329,0.135,24.4274,25.5067,16.2946,513,107,8.047
shoppin,121,1,0.4092,0.0112,24.3552,9.0212,19.9203,98,50,1.537
tote,121,1,0.4092,0.0112,24.3552,9.8606,18.0065,91,40,1.427
bentley,442,5,1.4949,0.0562,24.1912,14.3171,19.1664,261,74,4.094
belly,120,1,0.4059,0.0112,24.1548,8.9467,16.2668,71,49,1.114
soda,117,1,0.3957,0.0112,23.5534,12.3442,17.1366,83,44,1.302
baguettes,114,1,0.3856,0.0112,22.9521,9.2901,16.4407,84,30,1.318
trunk,190,2,0.6426,0.0225,22.912,12.9897,17.3802,130,74,2.039
feds,264,3,0.8929,0.0337,22.723,12.571,16.8135,188,83,2.949
hunnid,406,5,1.3732,0.0562,22.2231,15.0719,16.8678,243,72,3.812
rapper,255,3,0.8624,0.0337,21.9498,10.9516,18.2302,209,93,3.278
hatin,400,5,1.3529,0.0562,21.8951,22.4175,15.729,265,89,4.157
nut,181,2,0.6122,0.0225,21.8295,12.4862,16.0232,130,53,2.039
lil,3760,52,12.7169,0.5849,21.5374,20.0835,20.2792,1600,156,25.098
rappers,378,5,1.2785,0.0562,20.6924,13.4143,16.9152,279,99,4.376
cheese,238,3,0.805,0.0337,20.4893,11.3329,15.6206,175,78,2.745
poppin,706,10,2.3878,0.1125,20.2316,14.3111,14.2785,440,113,6.902
hoes,2315,34,7.8297,0.3824,20.1805,20.7971,16.9096,1066,140,16.722
killers,290,4,0.9808,0.045,19.4107,18.1483,18.603,195,72,3.059
chop,286,4,0.9673,0.045,19.1434,11.027,17.1864,162,58,2.541
finna,660,10,2.2322,0.1125,18.9143,17.6919,13.5329,403,94,6.322
gucci,784,12,2.6516,0.135,18.8708,15.0845,15.0123,311,85,4.878
bro,835,13,2.8241,0.1462,18.6089,24.8421,19.9019,490,103,7.686
hella,277,4,0.9369,0.045,18.5421,12.5431,13.4831,174,65,2.729
ghetto,215,3,0.7272,0.0337,18.5134,9.2337,12.0416,128,71,2.008
flexin,213,3,0.7204,0.0337,18.3416,10.8881,11.6688,115,50,1.804
millions,271,4,0.9166,0.045,18.1411,13.0434,16.739,188,63,2.949
skrrt,1409,23,4.7655,0.2587,18.0345,13.6534,17.4846,498,80,7.812
suck,685,11,2.3168,0.1237,17.9233,17.5887,14.9574,385,100,6.039
motherfuckers,207,3,0.7001,0.0337,17.8261,13.9731,12.7127,134,65,2.102
bands,725,12,2.4521,0.135,17.4516,12.5507,17.1162,384,100,6.024
dick,1939,33,6.558,0.3712,17.4081,16.2798,13.1849,1021,142,16.016
pounds,143,2,0.4836,0.0225,17.2591,9.8648,12.3697,105,58,1.647
product,143,2,0.4836,0.0225,17.2591,9.921,14.2486,65,44,1.02
gram,254,4,0.8591,0.045,17.0052,9.27,13.0855,151,77,2.369
ballin,478,8,1.6167,0.09,16.9266,13.0612,15.156,282,79,4.424
cousin,140,2,0.4735,0.0225,16.8983,12.8376,13.8311,106,57,1.663
chanel,248,4,0.8388,0.045,16.6043,8.9176,12.2653,159,63,2.494
bitch,15508,282,52.4505,3.172,16.5066,16.938,16.1092,3351,192,52.565
royce,185,3,0.6257,0.0337,15.9361,7.9453,10.1776,119,54,1.867
mac,285,5,0.9639,0.0562,15.6081,8.7034,11.2689,183,76,2.871
sauce,232,4,0.7847,0.045,15.5352,11.5394,11.2215,152,76,2.384
slap,179,3,0.6054,0.0337,15.4207,11.5998,14.7706,96,55,1.506
m's,230,4,0.7779,0.045,15.4016,8.2704,10.5835,141,55,2.212
pistols,125,2,0.4228,0.0225,15.0942,11.6015,8.8206,60,30,0.941
southside,124,2,0.4194,0.0225,14.974,9.2854,9.3425,61,28,0.957
thug,371,7,1.2548,0.0787,14.8938,9.1983,9.5165,143,72,2.243
aye,903,18,3.0541,0.2025,14.6847,9.9459,10.4623,215,55,3.373
bling,268,5,0.9064,0.0562,14.6787,19.2903,12.1493,96,47,1.506
finesse,120,2,0.4059,0.0225,14.4929,8.2781,8.0899,52,33,0.816
kobe,120,2,0.4059,0.0225,14.4929,6.974,10.5951,85,41,1.333
birkin,264,5,0.8929,0.0562,14.4601,13.2782,8.7542,138,50,2.165
whips,119,2,0.4025,0.0225,14.3726,8.8784,9.6557,82,49,1.286
foreign,447,9,1.5118,0.1012,14.1637,10.4572,13.8712,268,91,4.204
mil,211,4,0.7136,0.045,14.132,9.248,9.5397,116,54,1.82
bust,821,17,2.7767,0.1912,14.1149,10.9477,10.5648,450,124,7.059
exotic,162,3,0.5479,0.0337,13.9602,10.6794,12.4741,101,51,1.584
fu,161,3,0.5445,0.0337,13.8743,7.6664,5.0329,31,21,0.486
booty,433,9,1.4645,0.1012,13.7206,13.7775,8.9188,149,70,2.337
beef,387,8,1.3089,0.09,13.7076,10.3249,14.0318,293,100,4.596
cash,1384,30,4.6809,0.3374,13.649,12.7697,12.9086,705,130,11.059
brr,385,8,1.3021,0.09,13.6368,10.4777,11.1867,181,57,2.839
pussy,2289,50,7.7418,0.5624,13.6319,10.5475,11.0609,1115,160,17.49
motherfucker,430,9,1.4543,0.1012,13.6256,11.5562,11.682,283,98,4.439
swerve,202,4,0.6832,0.045,13.5307,8.7281,8.7278,83,44,1.302
posted,156,3,0.5276,0.0337,13.4448,8.4686,9.6557,103,54,1.616
shawty,916,20,3.0981,0.225,13.4427,12.4605,11.6592,422,99,6.62
cap,598,13,2.0225,0.1462,13.3302,9.8002,10.6995,344,102,5.396
rich,1660,37,5.6144,0.4162,13.3142,14.0669,13.063,883,140,13.851
ratchet,152,3,0.5141,0.0337,13.1011,6.528,12.996,101,50,1.584
murder,541,12,1.8297,0.135,13.0255,9.0263,10.6995,250,94,3.922
glock,778,18,2.6313,0.2025,12.653,10.897,23.0652,413,87,6.478
yup,267,6,0.903,0.0675,12.3742,8.2946,12.2073,108,55,1.694
swag,308,7,1.0417,0.0787,12.368,15.8607,18.2302,147,61,2.306
pac,142,3,0.4803,0.0337,12.242,6.8962,9.8048,109,58,1.71
fashion,263,6,0.8895,0.0675,12.1892,13.4935,11.1635,141,66,2.212
duck,141,3,0.4769,0.0337,12.1561,7.2562,9.2083,99,59,1.553
prolly,221,5,0.7475,0.0562,12.1093,10.4467,11.1055,145,58,2.275
cop,377,9,1.2751,0.1012,11.9481,7.8003,11.2215,253,103,3.969
pimp,178,4,0.602,0.045,11.927,7.6911,8.7858,124,59,1.945
molly,336,8,1.1364,0.09,11.9035,7.3041,10.017,196,48,3.075
blocks,138,3,0.4667,0.0337,11.8984,9.1468,8.5373,96,61,1.506
coupe,492,12,1.664,0.135,11.8469,8.6312,15.5575,307,80,4.816
ugh,291,7,0.9842,0.0787,11.6865,9.6419,8.7858,134,59,2.102
jewels,174,4,0.5885,0.045,11.6598,6.2567,8.2059,117,72,1.835
kitty,135,3,0.4566,0.0337,11.6407,8.5221,4.511,35,20,0.549
snippets,173,4,0.5851,0.045,11.593,6.5883,10.0616,173,30,2.714
section,134,3,0.4532,0.0337,11.5548,5.8581,8.3136,99,61,1.553
yay,133,3,0.4498,0.0337,11.4689,7.6971,5.0329,46,31,0.722
fat,437,11,1.478,0.1237,11.439,8.2386,9.6282,281,98,4.408
smack,208,5,0.7035,0.0562,11.3986,12.5896,10.625,87,53,1.365
dummy,132,3,0.4464,0.0337,11.383,9.0607,7.568,87,48,1.365
suckin,131,3,0.4431,0.0337,11.297,11.3299,8.0899,90,40,1.412
cuban,129,3,0.4363,0.0337,11.1252,5.8491,8.239,87,51,1.365
titties,203,5,0.6866,0.0562,11.1252,9.5075,9.1337,121,57,1.898
louis,348,9,1.177,0.1012,11.0303,7.6973,7.7053,229,80,3.592
shooters,237,6,0.8016,0.0675,10.9865,11.5911,9.5608,164,68,2.573
motherfuckin,708,19,2.3946,0.2137,10.9248,8.2154,11.6467,379,93,5.945
crib,634,17,2.1443,0.1912,10.9019,7.6533,8.3732,458,117,7.184
lame,271,7,0.9166,0.0787,10.8847,6.7189,7.9855,186,78,2.918
homies,379,10,1.2818,0.1125,10.8675,7.7161,9.0513,221,81,3.467
atlanta,196,5,0.6629,0.0562,10.7425,7.853,8.3746,149,58,2.337
bih,160,4,0.5411,0.045,10.7243,5.6697,7.452,56,23,0.878
phantom,160,4,0.5411,0.045,10.7243,6.7014,7.452,105,48,1.647
syrup,124,3,0.4194,0.0337,10.6957,10.8012,17.1366,84,33,1.318
gangster,157,4,0.531,0.045,10.5239,6.0533,14.1443,110,62,1.725
ho,1969,56,6.6595,0.6299,10.4813,9.1237,9.7944,756,113,11.859
platinum,120,3,0.4059,0.0337,10.352,8.2093,7.6425,90,44,1.412
sack,188,5,0.6358,0.0562,10.3052,6.3235,9.9539,109,47,1.71
jungle,119,3,0.4025,0.0337,10.2661,5.2023,7.4934,88,49,1.38
lamborghini,153,4,0.5175,0.045,10.2566,5.4217,7.51,107,44,1.678
account,152,4,0.5141,0.045,10.1898,6.2045,7.162,104,55,1.631
icy,151,4,0.5107,0.045,10.123,6.09,7.568,77,43,1.208
blunt,282,8,0.9538,0.09,9.9933,8.5043,8.4378,191,80,2.996
flex,282,8,0.9538,0.09,9.9933,7.3385,9.4148,189,83,2.965
clip,345,10,1.1668,0.1125,9.8939,8.4841,8.8574,238,78,3.733
food,312,9,1.0552,0.1012,9.8909,9.3257,8.0899,244,103,3.827
blast,147,4,0.4972,0.045,9.8557,6.3517,10.0285,120,61,1.882
popped,244,7,0.8252,0.0787,9.8022,9.1259,10.2725,182,76,2.855
shorty,438,13,1.4814,0.1462,9.7666,7.5201,7.341,218,68,3.42
porsche,178,5,0.602,0.0562,9.7585,6.4778,7.4731,138,68,2.165
clap,405,12,1.3698,0.135,9.7541,15.2911,8.3709,118,63,1.851
bah,403,12,1.363,0.135,9.706,7.4623,24.6425,126,42,1.976
clout,175,5,0.5919,0.0562,9.5945,7.0747,7.0935,127,75,1.992
dawgs,175,5,0.5919,0.0562,9.5945,10.0477,10.6995,114,54,1.788
nuts,174,5,0.5885,0.0562,9.5398,6.8368,7.9159,109,50,1.71
droppin,205,6,0.6933,0.0675,9.5062,6.5553,8.3271,150,55,2.353
pockets,423,13,1.4307,0.1462,9.4325,10.4535,9.5733,305,95,4.784
hustle,266,8,0.8997,0.09,9.4273,8.6752,7.2896,150,85,2.353
pipe,265,8,0.8963,0.09,9.3919,7.4148,6.9256,135,63,2.118
hater,140,4,0.4735,0.045,9.388,8.4022,8.3136,94,62,1.475
nowadays,140,4,0.4735,0.045,9.388,6.6851,6.6401,90,45,1.412
hating,138,4,0.4667,0.045,9.2543,6.212,5.6542,83,45,1.302
stacks,138,4,0.4667,0.045,9.2543,7.1054,6.988,93,54,1.459
purse,168,5,0.5682,0.0562,9.2118,6.0253,6.192,109,56,1.71
commas,137,4,0.4634,0.045,9.1875,8.2629,5.4223,74,44,1.161
average,167,5,0.5648,0.0562,9.1571,6.0845,9.2083,92,58,1.443
benz,436,14,1.4746,0.1575,9.0516,8.6615,6.2148,262,81,4.11
yo,2182,72,7.3799,0.8099,9.0516,7.8311,6.5898,941,171,14.761
bricks,310,10,1.0485,0.1125,8.8916,8.0528,8.2127,206,72,3.231
barbie,162,5,0.5479,0.0562,8.8838,11.8288,7.568,42,23,0.659
plug,427,14,1.4442,0.1575,8.8649,6.3038,10.2083,245,90,3.843
z,131,4,0.4431,0.045,8.7866,7.901,6.4661,72,37,1.129
bank,567,19,1.9177,0.2137,8.7506,10.8243,5.9219,347,106,5.443
dough,274,9,0.9267,0.1012,8.6881,6.8581,6.2171,159,76,2.494
hoe,533,18,1.8027,0.2025,8.671,5.5418,6.7776,273,84,4.282
smash,158,5,0.5344,0.0562,8.6651,7.299,6.6981,98,51,1.537
facts,471,16,1.593,0.18,8.5922,7.6773,7.0629,306,104,4.8
cook,185,6,0.6257,0.0675,8.581,8.8701,6.6445,144,69,2.259
wit,667,23,2.2559,0.2587,8.5406,7.2176,7.1799,260,97,4.078
turnt,184,6,0.6223,0.0675,8.5347,5.7161,6.192,97,45,1.522
expensive,127,4,0.4295,0.045,8.5193,5.4875,6.0602,89,51,1.396
shh,183,6,0.6189,0.0675,8.4885,5.661,7.4256,113,50,1.773
hahaha,239,8,0.8083,0.09,8.4722,6.4888,6.8925,193,66,3.027
route,125,4,0.4228,0.045,8.3857,6.8563,5.9442,91,53,1.427
tuh,125,4,0.4228,0.045,8.3857,5.2848,5.1903,24,8,0.376
bag,1959,70,6.6256,0.7874,8.3573,7.8284,5.8268,849,151,13.318
ak,152,5,0.5141,0.0562,8.3371,5.1872,6.4292,126,56,1.976
checks,151,5,0.5107,0.0562,8.2824,6.2117,6.2869,112,64,1.757
copped,123,4,0.416,0.045,8.252,10.1427,11.0127,94,46,1.475
mike,205,7,0.6933,0.0787,8.2387,6.2987,6.5589,149,73,2.337
bitches,3620,132,12.2434,1.4848,8.216,6.961,9.0239,1585,152,24.863
cock,122,4,0.4126,0.045,8.1852,4.5055,6.3501,92,51,1.443
ass,4010,148,13.5624,1.6647,8.1204,7.8108,7.5801,1567,174,24.58
dub,121,4,0.4092,0.045,8.1184,5.7778,5.8862,85,47,1.333
wayne,121,4,0.4092,0.045,8.1184,6.7195,6.1762,85,42,1.333
yah,228,8,0.7711,0.09,8.083,5.8719,6.8562,62,40,0.973
winnin,173,6,0.5851,0.0675,8.0259,9.1881,6.2394,108,62,1.694
sellin,306,11,1.0349,0.1237,8.0138,7.1563,6.9362,211,84,3.31
ayy,7343,276,24.8352,3.1045,7.9857,10.6633,8.1042,1426,142,22.369
blunts,119,4,0.4025,0.045,7.9848,5.0244,6.0022,89,45,1.396
grind,331,12,1.1195,0.135,7.9741,6.382,6.579,186,86,2.918
ceilings,117,4,0.3957,0.045,7.8511,5.5868,6.7478,58,19,0.91
hopped,169,6,0.5716,0.0675,7.8409,5.1832,4.0349,84,51,1.318
raw,269,10,0.9098,0.1125,7.7175,4.7869,5.3063,172,81,2.698
yellow,317,12,1.0721,0.135,7.6373,5.347,4.6452,165,72,2.588
juice,388,15,1.3123,0.1687,7.5364,6.2488,6.2728,238,88,3.733
guns,437,17,1.478,0.1912,7.517,7.6485,6.0864,286,98,4.486
motherfucking,137,5,0.4634,0.0562,7.517,4.2794,5.67,88,51,1.38
realest,137,5,0.4634,0.0562,7.517,5.7325,5.6226,101,55,1.584
slide,811,32,2.7429,0.3599,7.5078,7.182,5.6605,378,114,5.929
hood,1110,44,3.7542,0.4949,7.5035,7.7496,7.3113,601,139,9.427
mic,211,8,0.7136,0.09,7.4817,4.7816,7.7687,150,63,2.353
court,160,6,0.5411,0.0675,7.4245,5.1173,5.7211,123,69,1.929
weapon,135,5,0.4566,0.0562,7.4077,6.7824,4.5313,86,50,1.349
label,182,7,0.6156,0.0787,7.3166,5.5517,6.6044,152,67,2.384
mans,182,7,0.6156,0.0787,7.3166,6.9607,9.0758,127,49,1.992
weed,717,29,2.425,0.3262,7.3132,6.9407,7.0096,437,109,6.855
richard,133,5,0.4498,0.0562,7.2984,6.1628,5.2905,99,40,1.553
whoo,157,6,0.531,0.0675,7.2858,4.8483,6.0022,41,31,0.643
police,396,16,1.3393,0.18,7.2255,6.2311,6.1762,254,96,3.984
rhymes,179,7,0.6054,0.0787,7.1963,6.6826,6.5716,108,51,1.694
freeze,131,5,0.4431,0.0562,7.189,4.0005,6.4661,92,56,1.443
drip,632,26,2.1375,0.2925,7.1767,4.7125,6.9122,352,105,5.522
j,273,11,0.9233,0.1237,7.151,5.6719,5.5483,198,79,3.106
codeine,343,14,1.1601,0.1575,7.1231,5.2149,8.0899,179,31,2.808
pole,247,10,0.8354,0.1125,7.0875,6.5445,6.8373,151,69,2.369
dash,223,9,0.7542,0.1012,7.0739,6.2042,5.5109,142,63,2.227
dollars,433,18,1.4645,0.2025,7.0457,7.641,4.5259,243,93,3.812
rolls,409,17,1.3833,0.1912,7.036,7.1606,5.2614,247,75,3.875
thugs,128,5,0.4329,0.0562,7.025,4.6636,5.5548,53,38,0.831
link,220,9,0.7441,0.1012,6.979,5.5235,5.4495,121,57,1.898
spray,150,6,0.5073,0.0675,6.9619,5.6428,5.6007,122,58,1.914
tuck,126,5,0.4262,0.0562,6.9157,4.6083,4.4838,70,49,1.098
uber,126,5,0.4262,0.0562,6.9157,4.9508,4.7211,83,48,1.302
whip,880,38,2.9763,0.4274,6.8766,5.7635,6.8311,494,123,7.749
slidin,148,6,0.5006,0.0675,6.8694,4.4828,5.7649,98,51,1.537
kickin,191,8,0.646,0.09,6.7742,4.8932,6.0423,132,67,2.071
selling,190,8,0.6426,0.09,6.7388,5.3001,6.8088,123,65,1.929
stash,145,6,0.4904,0.0675,6.7306,4.9332,4.9985,112,61,1.757
broad,122,5,0.4126,0.0562,6.697,5.6359,5.1007,101,56,1.584
shots,655,29,2.2153,0.3262,6.6813,7.0586,5.4409,426,133,6.682
pew,277,12,0.9369,0.135,6.6751,7.1431,6.432,71,31,1.114
wrist,918,41,3.1048,0.4612,6.6549,6.0536,6.6285,518,105,8.125
nun,120,5,0.4059,0.0562,6.5877,3.8075,6.375,54,28,0.847
mask,273,12,0.9233,0.135,6.5789,5.3096,5.7536,199,87,3.122
sixty,141,6,0.4769,0.0675,6.5456,5.2045,4.6371,98,54,1.537
haha,682,31,2.3066,0.3487,6.5148,5.6183,5.5687,424,102,6.651
mmh,247,11,0.8354,0.1237,6.4712,7.5982,5.6294,25,15,0.392
imma,311,14,1.0519,0.1575,6.4595,4.7301,6.0519,155,58,2.431
chillin,203,9,0.6866,0.1012,6.4409,6.3271,4.5737,143,69,2.243
jet,523,24,1.7689,0.27,6.4248,5.2846,4.9119,292,89,4.58
bros,158,7,0.5344,0.0787,6.3544,5.1874,5.7211,122,47,1.914
check,1655,78,5.5975,0.8774,6.3411,6.4737,4.7593,743,150,11.655
mo,157,7,0.531,0.0787,6.3143,4.2071,5.2795,102,56,1.6
rub,115,5,0.3889,0.0562,6.3143,4.1899,3.867,65,46,1.02
cops,303,14,1.0248,0.1575,6.2936,7.038,5.2096,230,85,3.608
fuck,11495,551,38.8779,6.1978,6.2674,6.347,6.1972,3493,193,54.792
competition,114,5,0.3856,0.0562,6.2597,8.0727,5.6542,84,46,1.318
richer,114,5,0.3856,0.0562,6.2597,3.561,7.8662,63,37,0.988
shits,114,5,0.3856,0.0562,6.2597,4.4938,4.6736,81,44,1.271
squad,216,10,0.7305,0.1125,6.1998,3.7615,5.3759,107,54,1.678
casket,132,6,0.4464,0.0675,6.1293,5.8198,5.9442,77,49,1.208
college,132,6,0.4464,0.0675,6.1293,5.6547,4.597,86,58,1.349
lifestyle,132,6,0.4464,0.0675,6.1293,4.697,5.1481,78,48,1.224
beep,293,14,0.991,0.1575,6.0862,4.1003,6.9846,88,31,1.38
mill,150,7,0.5073,0.0787,6.0337,4.066,4.1928,106,53,1.663
yep,150,7,0.5073,0.0787,6.0337,6.6366,4.4838,39,31,0.612
diamonds,1489,74,5.036,0.8324,6.0116,5.6898,5.8782,803,128,12.596
quarter,206,10,0.6967,0.1125,5.9134,4.6093,3.989,129,70,2.024
chips,125,6,0.4228,0.0675,5.8055,6.5063,4.3561,94,54,1.475
booth,162,8,0.5479,0.09,5.7483,4.1259,4.7843,122,74,1.914
mode,141,7,0.4769,0.0787,5.6729,3.9918,4.597,83,55,1.302
charge,235,12,0.7948,0.135,5.6648,4.157,3.8936,131,73,2.055
k,684,36,2.3134,0.4049,5.6388,5.1595,5.9305,437,106,6.855
countin,364,19,1.2311,0.2137,5.6204,8.2762,4.8143,200,83,3.137
showin,195,10,0.6595,0.1125,5.5984,4.4742,4.8048,125,65,1.961
ate,194,10,0.6561,0.1125,5.5698,4.1996,4.4364,155,72,2.431
pot,212,11,0.717,0.1237,5.5561,5.3787,4.4861,154,79,2.416
stove,175,9,0.5919,0.1012,5.5547,6.0858,3.5574,58,34,0.91
member,119,6,0.4025,0.0675,5.5279,6.4437,4.3561,84,43,1.318
boss,723,39,2.4453,0.4387,5.5074,4.2239,6.4081,420,122,6.588
trippin,483,26,1.6336,0.2925,5.486,4.4855,5.1457,278,93,4.361
cum,191,10,0.646,0.1125,5.4839,3.5653,3.8648,110,49,1.725
drugs,917,50,3.1014,0.5624,5.4629,5.4756,5.3089,462,101,7.247
shit,13092,723,44.2792,8.1325,5.4412,5.6811,5.5602,3709,207,58.18
nope,117,6,0.3957,0.0675,5.4354,3.6614,4.1152,86,44,1.349
tony,117,6,0.3957,0.0675,5.4354,3.0716,4.9109,72,40,1.129
tape,135,7,0.4566,0.0787,5.4323,3.4089,4.1928,102,61,1.6
cuz,261,14,0.8827,0.1575,5.4226,4.0719,6.3318,145,67,2.275
pop,2151,119,7.275,1.3385,5.4135,4.4883,5.4905,953,146,14.949
stack,368,20,1.2446,0.225,5.4049,3.7891,3.9427,226,85,3.545
slim,133,7,0.4498,0.0787,5.3521,3.8911,3.9546,82,56,1.286
nah,1729,97,5.8477,1.0911,5.3336,5.6066,4.0487,741,140,11.624
range,150,8,0.5073,0.09,5.3238,3.6366,3.8224,106,58,1.663
haters,327,18,1.106,0.2025,5.3229,3.4979,7.5066,215,92,3.373
wildin,132,7,0.4464,0.0787,5.312,4.3738,4.878,105,43,1.647
fuckin,2474,140,8.3675,1.5748,5.2956,5.2841,4.7213,1267,153,19.875
wan,219,12,0.7407,0.135,5.28,3.4849,5.0504,129,44,2.024
tatted,148,8,0.5006,0.09,5.2531,3.3121,20.4422,82,39,1.286
demon,235,13,0.7948,0.1462,5.2452,3.8178,3.3345,133,63,2.086
post,285,16,0.9639,0.18,5.2027,5.2981,5.866,220,86,3.451
pound,248,14,0.8388,0.1575,5.1531,5.1946,3.6985,166,77,2.604
pow,162,9,0.5479,0.1012,5.1432,3.6666,5.6007,59,37,0.925
buck,196,11,0.6629,0.1237,5.1377,5.0677,4.2166,107,60,1.678
gon,6572,388,22.2275,4.3643,5.0868,5.5409,4.754,2609,177,40.925
squeeze,143,8,0.4836,0.09,5.0762,3.3335,4.7576,93,53,1.459
hittin,278,16,0.9402,0.18,5.0751,4.828,4.4944,206,80,3.231
panties,126,7,0.4262,0.0787,5.0715,4.5409,5.3379,95,48,1.49
speakin,126,7,0.4262,0.0787,5.0715,5.6517,4.9985,111,58,1.741
cocaine,260,15,0.8794,0.1687,5.0534,3.8259,4.1641,139,64,2.18
michael,142,8,0.4803,0.09,5.0408,3.4698,4.1294,119,61,1.867
boom,641,38,2.168,0.4274,5.0101,4.9458,6.1478,204,86,3.2
fresh,440,26,1.4881,0.2925,4.9981,5.7911,3.8399,288,116,4.518
yee,174,10,0.5885,0.1125,4.997,4.7885,3.0943,55,26,0.863
smokin,671,40,2.2694,0.4499,4.9854,6.2507,5.3424,420,93,6.588
skrt,273,16,0.9233,0.18,4.984,3.7479,5.8374,75,24,1.176
overseas,140,8,0.4735,0.09,4.9701,6.6269,3.6709,88,41,1.38
studio,189,11,0.6392,0.1237,4.9547,3.6507,4.6561,149,68,2.337
buyin,139,8,0.4701,0.09,4.9347,7.7887,8.7609,103,54,1.616
crew,237,14,0.8016,0.1575,4.925,4.7283,4.2485,173,94,2.714
whew,138,8,0.4667,0.09,4.8993,3.8295,3.4327,34,18,0.533
brothers,300,18,1.0146,0.2025,4.884,3.7591,3.7504,206,89,3.231
momma,442,27,1.4949,0.3037,4.8382,4.5394,4.5872,305,94,4.784
rat,184,11,0.6223,0.1237,4.824,4.4125,4.1133,132,59,2.071
money,6147,385,20.7901,4.3306,4.7949,4.1735,4.9806,2311,186,36.251
model,135,8,0.4566,0.09,4.7932,3.3519,4.878,100,53,1.569
throat,214,13,0.7238,0.1462,4.7775,5.0342,3.831,157,68,2.463
boo,306,19,1.0349,0.2137,4.7261,3.9059,3.7653,167,79,2.62
online,133,8,0.4498,0.09,4.7225,3.6699,4.4364,59,39,0.925
options,117,7,0.3957,0.0787,4.7107,3.787,3.5933,74,46,1.161
bobby,132,8,0.4464,0.09,4.6871,3.4335,3.6688,89,40,1.396
hop,857,55,2.8985,0.6187,4.6457,4.0014,4.5129,488,129,7.655
cost,500,32,1.6911,0.3599,4.6305,4.8421,3.6225,336,100,5.271
dude,176,11,0.5953,0.1237,4.6148,3.4688,4.0636,136,73,2.133
lamb,191,12,0.646,0.135,4.6064,3.4364,4.299,122,57,1.914
talkin,1768,115,5.9796,1.2936,4.6039,4.574,3.9197,1039,149,16.298
spendin,129,8,0.4363,0.09,4.581,3.703,4.2758,97,55,1.522
spit,388,25,1.3123,0.2812,4.581,5.2265,4.3393,263,97,4.125
smoking,386,25,1.3055,0.2812,4.5574,3.3995,3.8635,243,73,3.812
fifty,537,35,1.8162,0.3937,4.5526,4.4422,4.3906,337,98,5.286
fam,143,9,0.4836,0.1012,4.5419,3.2669,3.5848,113,63,1.773
extra,294,19,0.9944,0.2137,4.5411,3.3316,3.867,164,74,2.573
flow,505,33,1.708,0.3712,4.5372,4.4977,3.9714,325,118,5.098
hip,414,27,1.4002,0.3037,4.5321,4.4174,5.3063,258,91,4.047
ting,156,10,0.5276,0.1125,4.4816,3.0777,2.8209,68,22,1.067
finished,230,15,0.7779,0.1687,4.4714,3.146,2.7022,111,63,1.741
sell,526,35,1.779,0.3937,4.4594,4.3914,3.9419,325,108,5.098
ayo,170,11,0.575,0.1237,4.4579,4.6402,6.3234,115,54,1.804
gun,1075,73,3.6358,0.8211,4.3998,4.6537,3.7419,638,131,10.008
v,313,21,1.0586,0.2362,4.3844,3.7932,3.6311,196,72,3.075
team,528,36,1.7858,0.4049,4.3537,4.8446,4.7346,346,121,5.427
bread,411,28,1.3901,0.315,4.3414,3.2188,4.3029,291,112,4.565
rob,165,11,0.5581,0.1237,4.3272,4.9706,3.2931,114,53,1.788
rider,136,9,0.46,0.1012,4.3203,4.9455,3.3925,44,33,0.69
shoutout,136,9,0.46,0.1012,4.3203,3.0285,3.3101,81,41,1.271
yuh,452,31,1.5287,0.3487,4.3193,2.9852,4.0304,120,36,1.882
lit,722,50,2.4419,0.5624,4.3018,4.1497,3.0464,399,115,6.259
large,149,10,0.5039,0.1125,4.2811,3.9685,2.9255,78,52,1.224
y'all,2297,161,7.7688,1.811,4.2775,4.1965,5.1157,990,168,15.529
le,220,15,0.7441,0.1687,4.2774,6.582,2.5972,15,11,0.235
status,120,8,0.4059,0.09,4.2626,3.0309,2.8092,77,53,1.208
rockin,304,21,1.0282,0.2362,4.2585,3.1614,5.522,225,84,3.529
bae,413,29,1.3968,0.3262,4.2146,3.3873,3.3166,244,73,3.827
jacket,118,8,0.3991,0.09,4.1919,3.8164,3.0548,94,59,1.475
playin,1015,73,3.4329,0.8211,4.1543,4.2794,3.9145,599,127,9.396
violence,158,11,0.5344,0.1237,4.1442,3.2108,3.1453,94,55,1.475
blessed,240,17,0.8117,0.1912,4.1322,3.7604,3.8371,164,75,2.573
hype,130,9,0.4397,0.1012,4.1304,2.6496,3.4621,72,40,1.129
pen,212,15,0.717,0.1687,4.1223,3.5849,3.6245,163,74,2.557
system,170,12,0.575,0.135,4.1013,3.3243,4.682,112,55,1.757
beam,197,14,0.6663,0.1575,4.0955,3.2983,4.4978,127,59,1.992
huh,5598,412,18.9333,4.6343,4.0809,4.8851,4.9041,1406,156,22.055
bow,359,26,1.2142,0.2925,4.0791,4.6078,4.4364,153,74,2.4
tag,141,10,0.4769,0.1125,4.052,3.1059,3.3101,98,57,1.537
hundred,1512,112,5.1138,1.2598,4.0425,4.7558,3.8227,823,135,12.91
famous,275,20,0.9301,0.225,4.0409,4.4238,3.0794,165,65,2.588
stretch,207,15,0.7001,0.1687,4.0253,2.8985,3.0376,88,58,1.38
bags,381,28,1.2886,0.315,4.0249,3.9956,2.9218,227,89,3.561
bullets,287,21,0.9707,0.2362,4.0207,3.6501,4.4724,202,82,3.169
trick,245,18,0.8286,0.2025,3.9901,3.3308,3.2915,128,61,2.008
dot,152,11,0.5141,0.1237,3.9873,3.6946,3.2697,76,46,1.192
load,284,21,0.9605,0.2362,3.9788,3.2023,3.2747,124,55,1.945
bought,1051,79,3.5546,0.8886,3.9769,4.2525,3.2903,674,118,10.573
code,191,14,0.646,0.1575,3.9711,3.4996,3.0686,154,75,2.416
bop,387,29,1.3089,0.3262,3.9496,2.7082,4.5444,82,48,1.286
vibes,203,15,0.6866,0.1687,3.9477,3.5768,3.5968,126,63,1.976
paid,649,49,2.195,0.5512,3.9453,3.6993,3.2943,431,125,6.761
hoppin,137,10,0.4634,0.1125,3.9375,3.0887,3.2002,101,54,1.584
legend,150,11,0.5073,0.1237,3.935,3.0755,3.8838,104,61,1.631
prison,150,11,0.5073,0.1237,3.935,3.2478,3.318,110,58,1.725
killed,319,24,1.0789,0.27,3.9211,4.1684,3.5071,216,89,3.388
tap,136,10,0.46,0.1125,3.9089,3.2169,2.6469,90,61,1.412
regular,187,14,0.6325,0.1575,3.8881,4.4505,3.6195,116,61,1.82
jumped,173,13,0.5851,0.1462,3.8643,2.8421,3.2337,115,60,1.804
position,134,10,0.4532,0.1125,3.8516,3.0459,2.9255,93,52,1.459
public,172,13,0.5817,0.1462,3.842,3.7714,2.7353,124,67,1.945
mix,261,20,0.8827,0.225,3.8355,4.4662,4.0944,196,75,3.075
seats,146,11,0.4938,0.1237,3.8304,3.8395,4.2276,104,54,1.631
eighty,133,10,0.4498,0.1125,3.823,3.524,3.546,93,52,1.459
cell,132,10,0.4464,0.1125,3.7943,2.7327,3.4749,109,61,1.71
rockstar,180,14,0.6088,0.1575,3.743,2.7207,3.6672,84,22,1.318
woo,3169,255,10.718,2.8683,3.73,4.3442,3.2689,842,133,13.208
pump,142,11,0.4803,0.1237,3.7258,3.0668,3.3925,90,60,1.412
don,179,14,0.6054,0.1575,3.7222,2.7444,3.2959,131,70,2.055
neck,870,70,2.9425,0.7874,3.7127,3.5909,3.2155,553,128,8.675
super,387,31,1.3089,0.3487,3.6989,3.5594,2.8889,243,92,3.812
bomb,153,12,0.5175,0.135,3.6924,3.6471,2.7662,114,62,1.788
chain,703,57,2.3777,0.6412,3.6788,3.6514,4.0432,469,124,7.357
iced,140,11,0.4735,0.1237,3.6735,4.5574,3.7137,65,38,1.02
ridin,775,63,2.6212,0.7086,3.6721,4.9979,3.6566,444,107,6.965
aim,225,18,0.761,0.2025,3.6651,4.0847,3.2242,171,70,2.682
tip,188,15,0.6358,0.1687,3.6567,3.0242,2.8706,135,73,2.118
dont,127,10,0.4295,0.1125,3.6511,2.3921,3.2002,65,34,1.02
business,778,64,2.6313,0.7199,3.6292,3.3704,3.5432,480,126,7.529
lean,668,55,2.2593,0.6187,3.6217,3.3759,3.2186,387,78,6.071
respect,413,34,1.3968,0.3824,3.6038,3.7099,3.246,290,105,4.549
fans,243,20,0.8219,0.225,3.5715,4.3427,3.44,185,75,2.902
lyrics,729,61,2.4656,0.6861,3.5666,2.6903,3.0234,691,98,10.839
lotta,477,40,1.6133,0.4499,3.5451,4.4239,2.621,215,86,3.373
beat,1480,126,5.0056,1.4173,3.519,3.805,3.4508,976,150,15.31
drop,1429,123,4.8331,1.3835,3.4804,3.437,3.9145,836,154,13.114
cars,491,42,1.6606,0.4724,3.4773,3.3422,2.7971,318,94,4.988
store,329,28,1.1127,0.315,3.4763,3.5151,2.7662,244,106,3.827
shootin,258,22,0.8726,0.2475,3.4545,2.7524,3.2374,200,74,3.137
i'ma,4370,380,14.78,4.2744,3.4537,2.9681,3.5835,1786,165,28.016
snake,131,11,0.4431,0.1237,3.4382,2.6525,3.546,92,51,1.443
ball,900,79,3.0439,0.8886,3.4058,3.1531,3.1435,491,127,7.702
pistol,242,21,0.8185,0.2362,3.3914,3.4234,2.8001,162,73,2.541
signed,151,13,0.5107,0.1462,3.3743,2.5879,4.1908,123,66,1.929
switch,588,52,1.9887,0.5849,3.3705,3.1488,3.2075,369,114,5.788
coke,262,23,0.8861,0.2587,3.3587,2.5725,3.318,180,66,2.824
spot,607,54,2.053,0.6074,3.3516,3.1705,2.7976,403,123,6.322
nose,272,24,0.9199,0.27,3.3443,3.4678,3.1376,211,86,3.31
double,743,67,2.5129,0.7536,3.312,3.0128,3.1138,485,122,7.608
attack,137,12,0.4634,0.135,3.3075,3.6994,2.9255,94,53,1.475
net,148,13,0.5006,0.1462,3.3075,2.1035,2.4621,89,53,1.396
numbers,236,21,0.7982,0.2362,3.3075,2.9515,2.5873,149,78,2.337
basic,114,10,0.3856,0.1125,3.2789,2.3062,4.9583,88,50,1.38
text,288,26,0.9741,0.2925,3.2735,2.9547,2.5124,221,88,3.467
triple,135,12,0.4566,0.135,3.2594,2.9558,3.2277,108,57,1.694
fact,383,35,1.2954,0.3937,3.2482,2.8811,2.9805,259,108,4.063
mission,156,14,0.5276,0.1575,3.2453,2.2321,2.7871,118,72,1.851
big,4204,391,14.2186,4.3981,3.2292,3.0868,2.8706,1678,190,26.322
bills,176,16,0.5953,0.18,3.2164,2.7936,2.9479,138,84,2.165
sippin,548,51,1.8534,0.5737,3.2024,2.8019,3.7262,351,103,5.506
profit,132,12,0.4464,0.135,3.1872,3.0364,4.7211,81,52,1.271
snippet,428,40,1.4476,0.4499,3.1813,2.2432,2.7611,419,65,6.573
g,1048,99,3.5445,1.1136,3.1685,3.7546,3.5063,649,146,10.18
top,2187,208,7.3968,2.3396,3.1546,3.0567,3.122,1168,168,18.322
lap,162,15,0.5479,0.1687,3.1523,3.7199,2.3873,92,47,1.443
yea,234,22,0.7914,0.2475,3.1338,3.327,3.0604,73,39,1.145
rollin,557,53,1.8839,0.5962,3.1333,3.0174,2.6204,275,93,4.314
cat,192,18,0.6494,0.2025,3.1287,3.0336,2.938,150,66,2.353
bill,202,19,0.6832,0.2137,3.1225,2.3029,2.7086,124,64,1.945
style,357,34,1.2074,0.3824,3.1158,2.5126,3.2482,230,96,3.608
scary,139,13,0.4701,0.1462,3.107,2.7327,2.4739,102,58,1.6
bunch,221,21,0.7475,0.2362,3.0977,3.4397,2.5494,146,66,2.29
doctor,128,12,0.4329,0.135,3.091,2.8986,2.8252,110,55,1.725
crack,446,43,1.5084,0.4837,3.0863,2.7854,3.1276,304,113,4.769
doo,280,27,0.947,0.3037,3.067,2.2469,2.064,47,32,0.737
game,1622,159,5.4859,1.7885,3.0587,2.6183,2.7311,889,169,13.945
fucked,1331,131,4.5016,1.4735,3.0445,3.0377,3.2762,757,130,11.875
ten,1060,105,3.5851,1.1811,3.0225,3.3132,2.6328,608,134,9.537
cup,567,56,1.9177,0.6299,3.0201,3.2947,2.7868,321,98,5.035
stress,224,22,0.7576,0.2475,3.0001,2.3638,2.3614,150,70,2.353
rocking,124,12,0.4194,0.135,2.9948,2.0898,2.2352,78,43,1.224
trapped,124,12,0.4194,0.135,2.9948,2.7565,2.0764,66,43,1.035
deck,114,11,0.3856,0.1237,2.9937,2.3315,2.4232,75,44,1.176
shop,183,18,0.6189,0.2025,2.9824,2.3171,2.1697,128,69,2.008
shoot,1342,135,4.5389,1.5185,2.9791,2.8873,3.3563,729,130,11.435
freak,361,36,1.221,0.4049,2.978,2.2709,3.3229,190,85,2.98
afford,123,12,0.416,0.135,2.9707,3.135,3.6361,97,58,1.522
creep,123,12,0.416,0.135,2.9707,3.0237,2.7607,75,53,1.176
drippin,202,20,0.6832,0.225,2.9702,2.2272,3.1219,139,71,2.18
givin,448,45,1.5152,0.5062,2.9639,3.096,2.7456,280,98,4.392
plate,221,22,0.7475,0.2475,2.96,2.58,2.1909,167,89,2.62
chains,358,36,1.2108,0.4049,2.9533,3.9138,3.5382,242,86,3.796
ran,591,60,1.9989,0.6749,2.9397,3.3623,2.4829,362,119,5.678
fed,151,15,0.5107,0.1687,2.9389,3.497,2.5157,108,62,1.694
p,541,55,1.8297,0.6187,2.9337,3.0075,4.0118,353,104,5.537
solid,209,21,0.7069,0.2362,2.9299,3.0526,2.5227,122,58,1.914
player,228,23,0.7711,0.2587,2.9237,2.3427,3.0558,146,67,2.29
eat,1064,109,3.5986,1.2261,2.9231,3.0844,3.0878,677,135,10.62
strip,226,23,0.7644,0.2587,2.8981,2.222,2.123,134,76,2.102
rep,139,14,0.4701,0.1575,2.8928,1.7918,11.3258,95,60,1.49
mansion,187,19,0.6325,0.2137,2.8912,2.3329,2.3803,125,60,1.961
enemies,186,19,0.6291,0.2137,2.8758,2.7205,2.8346,139,64,2.18
screamin,224,23,0.7576,0.2587,2.8725,3.1134,2.9339,153,72,2.4
loyalty,147,15,0.4972,0.1687,2.8613,2.3577,2.1444,70,46,1.098
pullin,261,27,0.8827,0.3037,2.8592,2.787,2.9215,193,81,3.027
legs,203,21,0.6866,0.2362,2.846,2.9364,2.3888,159,74,2.494
she,15381,1631,52.0209,18.346,2.8348,2.8294,2.4237,3298,192,51.733
gas,447,47,1.5118,0.5287,2.8327,3.0051,2.6868,295,101,4.627
stick,903,96,3.0541,1.0798,2.8152,2.7399,3.0432,519,127,8.141
hook,135,14,0.4566,0.1575,2.8098,2.3664,2.2352,87,56,1.365
puttin,219,23,0.7407,0.2587,2.8085,3.6898,2.3365,168,73,2.635
ice,1227,131,4.1499,1.4735,2.8067,2.4658,2.4562,622,133,9.757
uh,11207,1202,37.9038,13.5204,2.8024,2.7271,3.3057,2352,177,36.894
twelve,153,16,0.5175,0.18,2.7973,2.2374,2.0798,103,54,1.616
dropped,273,29,0.9233,0.3262,2.7877,2.991,2.3881,216,86,3.388
waist,180,19,0.6088,0.2137,2.7832,2.4608,2.1794,129,66,2.024
paris,152,16,0.5141,0.18,2.779,2.3657,1.7548,81,49,1.271
dog,879,95,2.9729,1.0686,2.7691,2.7092,2.3522,442,117,6.933
these,6770,741,22.8972,8.335,2.7455,2.7758,2.7603,2772,200,43.482
stackin,150,16,0.5073,0.18,2.7426,1.8543,12.4741,100,55,1.569
eatin,268,29,0.9064,0.3262,2.7367,2.3816,2.5191,203,89,3.184
jail,267,29,0.903,0.3262,2.7265,2.6173,3.1516,202,72,3.169
tucked,158,17,0.5344,0.1912,2.7233,1.969,3.4919,117,55,1.835
dogs,221,24,0.7475,0.27,2.7184,4.8971,1.9079,132,65,2.071
credit,130,14,0.4397,0.1575,2.7061,1.9753,2.5366,106,61,1.663
hit,4063,453,13.7417,5.0955,2.6942,2.848,2.5948,2065,186,32.392
shakin,147,16,0.4972,0.18,2.6879,2.3051,2.4531,97,54,1.522
flip,424,47,1.434,0.5287,2.6871,2.2011,2.4733,262,113,4.11
cake,281,31,0.9504,0.3487,2.687,2.7581,2.8197,183,83,2.871
block,1262,141,4.2683,1.586,2.6828,2.1491,7.6415,721,138,11.31
grip,164,18,0.5547,0.2025,2.6736,2.5315,2.3655,124,64,1.945
trigger,137,15,0.4634,0.1687,2.6673,1.9659,2.0607,100,53,1.569
sir,234,26,0.7914,0.2925,2.6608,1.9186,2.0813,66,42,1.035
plane,233,26,0.788,0.2925,2.6494,2.4982,2.6033,172,81,2.698
wet,726,82,2.4554,0.9224,2.6478,2.6407,2.5093,364,113,5.71
streets,937,106,3.1691,1.1923,2.6468,2.7138,2.7478,583,145,9.145
plus,294,33,0.9944,0.3712,2.6433,3.1539,2.7818,224,92,3.514
add,153,17,0.5175,0.1912,2.6374,2.5814,2.2227,97,62,1.522
rent,188,21,0.6358,0.2362,2.6362,2.0727,2.4192,151,77,2.369
em,6766,772,22.8837,8.6837,2.6337,2.7467,2.8696,2466,198,38.682
serious,144,16,0.487,0.18,2.6332,6.2007,2.4027,102,56,1.6
im,266,30,0.8997,0.3374,2.6273,1.9159,2.2954,97,49,1.522
type,764,87,2.584,0.9786,2.6271,2.9721,2.3242,461,133,7.231
plenty,204,23,0.69,0.2587,2.6166,2.6154,2.2217,130,78,2.039
jewelry,230,26,0.7779,0.2925,2.6154,5.2073,3.7018,160,63,2.51
master,143,16,0.4836,0.18,2.615,2.4629,3.7222,115,63,1.804
dig,358,41,1.2108,0.4612,2.5975,2.247,3.0958,191,79,2.996
they,18921,2198,63.9937,24.7237,2.5878,2.5774,2.5223,4402,218,69.051
them,6629,770,22.4203,8.6612,2.5871,2.6904,2.558,2670,198,41.882
relax,141,16,0.4769,0.18,2.5786,1.939,2.2134,97,61,1.522
aw,201,23,0.6798,0.2587,2.5782,2.2155,1.7122,78,47,1.224
toes,329,38,1.1127,0.4274,2.5734,2.7224,2.7327,233,98,3.655
chicken,166,19,0.5614,0.2137,2.5674,1.9937,1.9396,118,77,1.851
spread,123,14,0.416,0.1575,2.561,2.065,1.9234,81,49,1.271
flyin,157,18,0.531,0.2025,2.5599,2.1534,2.2477,122,60,1.914
rip,208,24,0.7035,0.27,2.5589,2.0537,2.8706,147,72,2.306
sold,344,40,1.1635,0.4499,2.5577,3.0929,2.3487,247,103,3.875
pants,249,29,0.8422,0.3262,2.5431,2.0736,2.9153,162,69,2.541
fore,384,45,1.2987,0.5062,2.5409,2.8427,2.5131,286,90,4.486
freaky,130,15,0.4397,0.1687,2.5315,2.8695,2.2443,82,49,1.286
tryna,3986,475,13.4813,5.3429,2.5209,2.4701,2.2104,1914,178,30.024
chill,355,42,1.2007,0.4724,2.5151,3.1359,2.5875,233,101,3.655
rocket,154,18,0.5209,0.2025,2.5111,2.4551,2.0587,71,44,1.114
goin,2375,284,8.0326,3.1945,2.5106,2.5288,1.8432,979,149,15.357
closet,161,19,0.5445,0.2137,2.4903,2.3571,2.0504,121,62,1.898
sip,342,41,1.1567,0.4612,2.4815,2.2887,2.4171,220,75,3.451
nine,405,49,1.3698,0.5512,2.4632,2.7545,2.3696,273,100,4.282
brain,462,56,1.5626,0.6299,2.4613,2.5562,2.1881,305,104,4.784
thirsty,126,15,0.4262,0.1687,2.454,1.7291,1.8041,61,47,0.957
kick,556,68,1.8805,0.7649,2.4428,2.5699,2.4886,376,109,5.898
smoke,1643,202,5.5569,2.2722,2.4403,2.9146,2.3939,863,152,13.537
fame,328,40,1.1093,0.4499,2.4389,2.2096,1.9811,228,92,3.576
dice,141,17,0.4769,0.1912,2.4312,1.6284,2.2327,100,66,1.569
brother,666,82,2.2525,0.9224,2.4291,2.6235,2.0788,450,116,7.059
fake,685,85,2.3168,0.9561,2.4107,2.2317,2.3608,466,125,7.31
riding,268,33,0.9064,0.3712,2.4099,2.1545,1.9351,148,69,2.322
paper,571,71,1.9312,0.7986,2.4034,2.0148,2.5174,364,126,5.71
test,203,25,0.6866,0.2812,2.3996,2.3303,1.9489,148,71,2.322
savage,242,30,0.8185,0.3374,2.3907,1.8861,2.4336,158,75,2.478
keepin,234,29,0.7914,0.3262,2.3902,2.323,1.8823,146,70,2.29
steppin,169,21,0.5716,0.2362,2.3705,2.3247,2.5507,123,70,1.929
struggle,121,15,0.4092,0.1687,2.357,1.7478,1.5742,77,43,1.208
mud,207,26,0.7001,0.2925,2.3544,2.317,2.5724,138,73,2.165
state,246,31,0.832,0.3487,2.353,2.5079,1.9122,166,85,2.604
involved,152,19,0.5141,0.2137,2.3515,1.8892,1.5992,109,61,1.71
bang,839,107,2.8376,1.2036,2.3481,2.2738,2.5798,249,95,3.906
fish,159,20,0.5378,0.225,2.3395,1.8369,1.9908,114,70,1.788
piss,159,20,0.5378,0.225,2.3395,2.5217,2.1747,127,58,1.992
straight,1122,144,3.7948,1.6198,2.3357,2.6956,2.5973,659,153,10.337
knock,500,64,1.6911,0.7199,2.3332,1.9547,1.972,277,109,4.345
okay,2125,274,7.1871,3.082,2.3282,2.4383,1.9744,768,127,12.047
killer,251,32,0.8489,0.3599,2.3268,1.9159,2.3951,162,75,2.541
froze,119,15,0.4025,0.1687,2.3182,2.4082,2.1399,90,56,1.412
zone,250,32,0.8455,0.3599,2.3176,2.7006,2.2209,175,82,2.745
daughter,196,25,0.6629,0.2812,2.317,2.1494,1.8963,141,66,2.212
beats,242,31,0.8185,0.3487,2.3148,2.0438,2.6278,189,72,2.965
tone,211,27,0.7136,0.3037,2.3125,2.1502,2.0452,139,71,2.18
album,149,19,0.5039,0.2137,2.3052,2.0412,1.974,128,64,2.008
sexy,287,37,0.9707,0.4162,2.3052,2.4683,1.4895,99,48,1.553
demons,470,61,1.5896,0.6861,2.3003,2.1862,1.8762,242,77,3.796
james,118,15,0.3991,0.1687,2.2988,2.199,2.3033,70,41,1.098
rid,118,15,0.3991,0.1687,2.2988,1.8607,1.49,77,52,1.208
split,202,26,0.6832,0.2925,2.2977,1.9737,1.8374,138,80,2.165
king,584,76,1.9752,0.8549,2.2974,2.4112,2.9436,396,121,6.212
vibe,506,66,1.7114,0.7424,2.2902,1.9394,1.7522,257,96,4.031
babies,148,19,0.5006,0.2137,2.2898,1.9309,2.0057,111,66,1.741
snakes,125,16,0.4228,0.18,2.287,3.3799,2.4848,97,50,1.522
ugly,239,31,0.8083,0.3487,2.2861,2.151,1.8694,125,65,1.961
pills,472,62,1.5964,0.6974,2.2732,2.2013,1.9216,286,62,4.486
mall,162,21,0.5479,0.2362,2.2726,1.9358,1.946,109,51,1.71
blow,826,109,2.7937,1.2261,2.2695,2.0338,2.2866,494,133,7.749
roof,274,36,0.9267,0.4049,2.2613,1.7107,2.0099,174,83,2.729
gettin,2071,275,7.0044,3.0933,2.2608,2.9633,2.2134,1147,160,17.992
focused,161,21,0.5445,0.2362,2.2586,2.2275,1.8669,120,64,1.882
plain,161,21,0.5445,0.2362,2.2586,2.6363,2.2047,105,55,1.647
important,123,16,0.416,0.18,2.2506,2.146,1.7477,82,53,1.286
pill,265,35,0.8963,0.3937,2.2488,2.1994,2.3603,175,70,2.745
worried,235,31,0.7948,0.3487,2.248,2.4653,2.2637,144,72,2.259
her,10219,1367,34.5622,15.3764,2.247,2.1888,2.059,2877,190,45.129
actin,466,62,1.5761,0.6974,2.2443,1.9956,2.3487,304,93,4.769
map,130,17,0.4397,0.1912,2.2422,2.942,1.6141,69,46,1.082
shows,212,28,0.717,0.315,2.2419,2.1538,1.7972,163,73,2.557
nother,115,15,0.3889,0.1687,2.2406,2.7089,2.5959,65,45,1.02
circle,137,18,0.4634,0.2025,2.2348,2.5903,2.484,104,63,1.631
evil,241,32,0.8151,0.3599,2.2343,2.1123,1.8451,158,68,2.478
target,122,16,0.4126,0.18,2.2323,1.7766,1.6053,89,54,1.396
baddest,144,19,0.487,0.2137,2.2281,1.8805,3.8797,79,50,1.239
mwah,144,19,0.487,0.2137,2.2281,1.4082,2.7571,83,35,1.302
jump,714,96,2.4149,1.0798,2.2263,2.2061,1.7127,334,112,5.239
fan,225,30,0.761,0.3374,2.2231,2.1579,2.0237,171,85,2.682
cream,188,25,0.6358,0.2812,2.2227,1.8674,1.9286,117,71,1.835
dime,195,26,0.6595,0.2925,2.2182,1.8853,1.4379,106,64,1.663
course,201,27,0.6798,0.3037,2.2032,2.4402,1.8161,125,65,1.961
black,1764,241,5.9661,2.7108,2.1969,2.1929,2.1425,873,165,13.694
mhm,244,33,0.8252,0.3712,2.1945,2.9221,2.2528,118,52,1.851
score,127,17,0.4295,0.1912,2.1907,1.5741,1.8267,96,56,1.506
wearin,141,19,0.4769,0.2137,2.1819,2.0613,1.782,106,71,1.663
wow,293,40,0.991,0.4499,2.179,2.4415,1.5693,140,61,2.196
bottles,132,18,0.4464,0.2025,2.1535,2.2864,1.7075,105,63,1.647
pack,525,73,1.7756,0.8211,2.1498,2.2292,2.1399,343,111,5.38
twin,146,20,0.4938,0.225,2.1488,2.0892,1.855,91,45,1.427
woke,381,53,1.2886,0.5962,2.1441,2.3355,1.6509,234,87,3.671
boat,438,61,1.4814,0.6861,2.1439,2.0412,2.0724,238,78,3.733
solo,131,18,0.4431,0.2025,2.1373,1.9366,1.9707,65,47,1.02
f,280,39,0.947,0.4387,2.1352,1.9008,2.2296,178,75,2.792
lot,1748,246,5.912,2.7671,2.1328,2.1849,1.8929,855,146,13.412
kill,1179,166,3.9876,1.8672,2.1301,2.044,2.1849,735,143,11.529
street,760,107,2.5704,1.2036,2.1271,2.1828,1.8385,469,123,7.357
dollar,455,64,1.5389,0.7199,2.1234,1.9339,2.4147,284,101,4.455
outta,603,85,2.0394,0.9561,2.1224,2.2913,2.1898,365,111,5.725
shinin,123,17,0.416,0.1912,2.122,2.4784,1.6828,86,55,1.349
um,235,33,0.7948,0.3712,2.1137,2.1207,1.756,130,48,2.039
eight,312,44,1.0552,0.4949,2.1115,2.995,2.0449,220,95,3.451
pocket,340,48,1.1499,0.5399,2.111,2.2265,2.0126,244,100,3.827
came,2097,300,7.0924,3.3745,2.0988,2.0381,1.9388,1231,165,19.31
five,1049,150,3.5479,1.6872,2.0968,2.2361,2.0327,652,139,10.227
treat,526,75,1.779,0.8436,2.0968,1.9267,1.7072,359,113,5.631
purpose,205,29,0.6933,0.3262,2.0946,1.8616,1.849,125,68,1.961
doors,316,45,1.0688,0.5062,2.0916,1.912,1.685,211,89,3.31
loss,121,17,0.4092,0.1912,2.0876,2.1327,1.5434,80,57,1.255
pass,600,86,2.0293,0.9674,2.0874,2.7473,1.7046,374,122,5.867
outside,905,130,3.0609,1.4623,2.0863,2.5148,1.8669,454,124,7.122
ain't,16357,2358,55.3219,26.5235,2.0854,2.2911,2.1946,4399,214,69.004
drama,211,30,0.7136,0.3374,2.0851,1.998,1.8587,140,72,2.196
pull,2408,347,8.1442,3.9032,2.084,1.8339,2.0528,1241,158,19.467
swallow,176,25,0.5953,0.2812,2.0812,1.751,1.7903,123,52,1.929
tour,141,20,0.4769,0.225,2.0754,2.1925,1.6613,123,64,1.929
takin,761,110,2.5738,1.2373,2.0721,2.4199,2.0756,455,111,7.137
catch,1372,199,4.6403,2.2384,2.0686,2.0498,1.9165,778,148,12.204
bus,168,24,0.5682,0.27,2.068,2.1453,1.6204,118,67,1.851
sticks,223,32,0.7542,0.3599,2.0678,1.6622,2.5885,161,65,2.525
date,209,30,0.7069,0.3374,2.0653,2.0771,2.4123,167,79,2.62
six,708,103,2.3946,1.1586,2.0583,1.9948,1.8705,431,123,6.761
count,746,109,2.5231,1.2261,2.0499,1.8737,1.6081,401,110,6.29
feed,220,32,0.7441,0.3599,2.04,2.0535,1.8165,160,83,2.51
goddamn,342,50,1.1567,0.5624,2.0393,2.1129,1.9444,169,66,2.651
choke,118,17,0.3991,0.1912,2.036,2.4446,2.0007,82,55,1.286
bodies,239,35,0.8083,0.3937,2.0285,2.3628,1.707,163,74,2.557
weak,212,31,0.717,0.3487,2.0284,1.6576,1.8366,147,69,2.306
drum,151,22,0.5107,0.2475,2.0246,1.5136,3.7496,125,58,1.961
sex,400,59,1.3529,0.6636,2.0239,1.7303,1.9529,275,96,4.314
season,198,29,0.6697,0.3262,2.0232,1.6556,2.0409,119,65,1.867
quick,494,73,1.6708,0.8211,2.023,2.0455,2.2727,346,128,5.427
beast,144,21,0.487,0.2362,2.0209,1.4219,1.9278,102,60,1.6
flight,271,40,0.9166,0.4499,2.0157,1.8515,1.9096,209,88,3.278
park,351,52,1.1871,0.5849,2.0131,1.9926,1.5967,242,105,3.796
suit,123,18,0.416,0.2025,2.0073,2.1808,1.8604,90,57,1.412
case,468,70,1.5828,0.7874,1.9981,2.2385,2.2169,351,112,5.506
drug,255,38,0.8624,0.4274,1.9954,1.9451,1.9189,149,68,2.337
dyin,195,29,0.6595,0.3262,1.9927,1.798,1.9922,125,61,1.961
trip,386,58,1.3055,0.6524,1.9866,1.7937,1.7084,233,93,3.655
saint,115,17,0.3889,0.1912,1.9845,1.7313,1.952,78,46,1.224
guys,411,62,1.3901,0.6974,1.9797,1.7769,1.695,263,90,4.125
box,338,51,1.1432,0.5737,1.9763,1.7607,1.5335,217,101,3.404
rock,902,137,3.0507,1.541,1.9736,1.7549,2.0007,531,143,8.329
camera,193,29,0.6528,0.3262,1.9723,2.9235,1.7046,131,71,2.055
jumpin,193,29,0.6528,0.3262,1.9723,1.6214,1.8267,123,66,1.929
ladies,193,29,0.6528,0.3262,1.9723,1.7726,1.2316,90,59,1.412
wave,370,56,1.2514,0.6299,1.9717,1.7203,1.5457,198,82,3.106
askin,258,39,0.8726,0.4387,1.9678,1.8499,1.6301,185,83,2.902
petty,140,21,0.4735,0.2362,1.9649,2.6141,1.6844,78,41,1.224
coat,146,22,0.4938,0.2475,1.9578,1.6825,1.7331,118,60,1.851
blowin,204,31,0.69,0.3487,1.952,1.7057,1.7309,139,71,2.18
main,262,40,0.8861,0.4499,1.9489,1.6191,2.3487,178,74,2.792
he,8304,1281,28.0854,14.4091,1.9485,2.3834,1.7565,2556,197,40.094
race,267,41,0.903,0.4612,1.9381,1.9195,1.9506,175,71,2.745
many,1401,217,4.7384,2.4409,1.9375,1.7502,1.6245,727,146,11.404
walkin,434,67,1.4679,0.7536,1.9355,2.2112,1.6674,245,98,3.843
serve,157,24,0.531,0.27,1.933,1.3916,2.2982,113,57,1.773
damn,2798,435,9.4633,4.893,1.9322,1.8977,1.8259,1188,162,18.635
truck,529,82,1.7892,0.9224,1.9298,2.2,1.8981,340,100,5.333
buy,913,142,3.0879,1.5973,1.9275,2.6555,1.9049,580,124,9.098
order,182,28,0.6156,0.315,1.9254,1.7674,1.8934,137,75,2.149
school,584,91,1.9752,1.0236,1.9207,1.8134,1.7964,426,122,6.682
brand,475,74,1.6065,0.8324,1.9191,2.0062,1.8637,278,94,4.361
send,857,134,2.8985,1.5073,1.917,2.0222,2.0556,558,133,8.753
million,844,132,2.8545,1.4848,1.9164,1.745,1.8508,520,115,8.157
protect,130,20,0.4397,0.225,1.9141,1.7423,2.1747,101,61,1.584
loaded,136,21,0.46,0.2362,1.909,1.6539,1.6478,91,58,1.427
lick,484,76,1.637,0.8549,1.9043,1.6968,2.5385,266,96,4.173
real,4356,688,14.7327,7.7388,1.9026,1.9351,2.005,1860,188,29.176
yeah,39709,6299,134.302,70.853,1.8954,1.7601,1.7546,4566,208,71.624
stage,198,31,0.6697,0.3487,1.8948,1.9488,1.9933,156,81,2.447
spend,784,124,2.6516,1.3948,1.8947,1.8249,1.7247,446,115,6.996
pay,878,139,2.9695,1.5635,1.8935,1.877,1.8198,633,148,9.929
off,6938,1102,23.4654,12.3956,1.8923,1.9257,1.8281,2825,200,44.314
rhyme,185,29,0.6257,0.3262,1.8907,2.0132,2.7528,130,60,2.039
spin,342,54,1.1567,0.6074,1.8896,1.9842,1.8976,215,76,3.373
arm,197,31,0.6663,0.3487,1.8852,2.8492,1.5904,131,68,2.055
cappin,203,32,0.6866,0.3599,1.8827,1.2368,2.0948,107,52,1.678
told,3087,493,10.4407,5.5454,1.8812,2.0594,1.7457,1673,174,26.243
size,139,22,0.4701,0.2475,1.8642,1.89,1.782,103,65,1.616
none,529,85,1.7892,0.9561,1.8621,2.0405,1.7726,361,120,5.663
unless,151,24,0.5107,0.27,1.8593,1.6045,1.6231,123,65,1.929
switchin,188,30,0.6358,0.3374,1.8583,1.3133,2.1114,109,57,1.71
hah,237,38,0.8016,0.4274,1.8549,1.7084,2.5762,118,53,1.851
handle,304,49,1.0282,0.5512,1.8496,1.5356,1.8196,221,91,3.467
card,187,30,0.6325,0.3374,1.8485,3.1506,1.5516,145,83,2.275
sayin,818,133,2.7666,1.496,1.8435,2.0756,1.7113,498,118,7.812
heads,119,19,0.4025,0.2137,1.8426,1.5348,1.7635,98,58,1.537
grab,357,58,1.2074,0.6524,1.8375,1.8412,1.7063,254,105,3.984
zoom,143,23,0.4836,0.2587,1.8361,1.2265,1.2921,46,30,0.722
private,271,44,0.9166,0.4949,1.8345,1.3964,3.3361,195,81,3.059
skinny,118,19,0.3991,0.2137,1.8272,1.5098,1.4488,64,43,1.004
dirty,622,102,2.1037,1.1473,1.8261,1.7791,1.6916,325,107,5.098
judge,232,38,0.7847,0.4274,1.8158,1.678,1.6214,158,78,2.478
sent,310,51,1.0485,0.5737,1.8128,2.0045,1.5461,238,92,3.733
god's,171,28,0.5783,0.315,1.8094,1.6356,1.2196,81,42,1.271
price,303,50,1.0248,0.5624,1.8071,1.852,1.511,183,88,2.871
fit,423,70,1.4307,0.7874,1.8062,1.7683,1.6161,272,101,4.267
fucking,901,150,3.0473,1.6872,1.8011,1.6469,1.7811,470,120,7.373
everyday,272,45,0.9199,0.5062,1.8008,1.3192,2.6154,180,80,2.824
miami,158,26,0.5344,0.2925,1.7984,2.767,2.315,121,58,1.898
monster,122,20,0.4126,0.225,1.7968,1.4679,1.6079,74,46,1.161
broke,1299,217,4.3934,2.4409,1.7965,1.7005,1.8388,809,154,12.69
shot,916,153,3.0981,1.721,1.7953,1.977,1.9932,595,148,9.333
action,193,32,0.6528,0.3599,1.7902,1.6807,1.5607,128,72,2.008
c,365,61,1.2345,0.6861,1.787,1.8958,2.1796,238,103,3.733
couch,145,24,0.4904,0.27,1.7857,2.0491,1.6447,114,64,1.788
internet,127,21,0.4295,0.2362,1.7831,1.9317,1.6528,108,60,1.694
fold,275,46,0.9301,0.5174,1.7815,4.4864,2.373,145,74,2.275
war,575,97,1.9447,1.0911,1.7748,1.6686,1.4975,317,108,4.973
havin,445,75,1.5051,0.8436,1.7742,1.5,1.8956,240,81,3.765
killin,338,57,1.1432,0.6412,1.7701,1.7163,3.4053,209,90,3.278
blade,126,21,0.4262,0.2362,1.7691,2.1337,1.0992,46,28,0.722
mood,243,41,0.8219,0.4612,1.7642,1.5346,1.7775,132,64,2.071
music,729,124,2.4656,1.3948,1.7618,1.8565,1.5163,378,115,5.929
mad,1337,230,4.5219,2.5871,1.7447,1.4724,1.8356,697,145,10.933
kid,529,91,1.7892,1.0236,1.74,1.63,1.6792,353,108,5.537
shout,257,44,0.8692,0.4949,1.7399,1.3218,1.648,167,77,2.62
movie,325,56,1.0992,0.6299,1.7322,1.5681,1.552,233,96,3.655
pool,169,29,0.5716,0.3262,1.7276,1.5127,1.6935,122,65,1.914
either,289,50,0.9774,0.5624,1.7237,1.4558,1.7767,199,93,3.122
dj,191,33,0.646,0.3712,1.7188,1.2969,1.4374,141,74,2.212
whole,1923,336,6.5039,3.7794,1.7188,1.9457,1.6634,1067,165,16.737
couple,836,146,2.8275,1.6423,1.7169,2.0261,1.5065,582,131,9.129
thick,265,46,0.8963,0.5174,1.7168,2.2689,2.1542,167,78,2.62
i'mma,145,25,0.4904,0.2812,1.7157,1.2313,2.6891,70,42,1.098
throwing,145,25,0.4904,0.2812,1.7157,1.8364,1.5976,98,56,1.537
shirt,327,57,1.106,0.6412,1.7126,1.4617,1.4155,206,86,3.231
bout,3623,637,12.2535,7.1652,1.7091,1.8252,1.6557,1802,172,28.267
week,417,73,1.4104,0.8211,1.708,1.9794,1.3952,255,107,4.0
family,627,110,2.1206,1.2373,1.7075,1.7976,1.6174,426,109,6.682
grew,268,47,0.9064,0.5287,1.6996,1.5013,1.5971,193,88,3.027
x,381,67,1.2886,0.7536,1.6994,1.6252,1.8038,224,99,3.514
mom,301,53,1.018,0.5962,1.6945,2.0019,1.5254,229,77,3.592
blew,160,28,0.5411,0.315,1.6933,1.4286,1.3867,113,69,1.773
s,856,152,2.8951,1.7097,1.6887,1.7182,1.3579,567,149,8.894
m,977,174,3.3044,1.9572,1.6843,1.7481,1.2672,533,136,8.361
work,1649,294,5.5772,3.307,1.6841,1.6558,1.48,799,162,12.533
flag,125,22,0.4228,0.2475,1.6771,1.7851,1.5583,67,37,1.051
stomach,147,26,0.4972,0.2925,1.6736,2.0288,1.584,122,64,1.914
bleed,213,38,0.7204,0.4274,1.6674,1.3596,1.4373,145,67,2.275
act,795,143,2.6888,1.6085,1.6668,1.5993,1.6087,503,126,7.89
jealous,174,31,0.5885,0.3487,1.6657,1.5576,1.2574,106,62,1.663
joke,168,30,0.5682,0.3374,1.6611,1.5639,1.2021,108,60,1.694
young,1833,332,6.1995,3.7344,1.658,1.5483,1.9406,999,153,15.671
book,222,40,0.7508,0.4499,1.6519,1.7817,1.7825,173,81,2.714
focus,156,28,0.5276,0.315,1.6511,1.4218,1.422,113,63,1.773
new,3527,642,11.9289,7.2214,1.6508,1.6526,1.4409,1641,184,25.741
b,792,144,2.6787,1.6198,1.6491,1.5953,1.4268,476,127,7.467
nasty,331,60,1.1195,0.6749,1.6475,1.333,1.9465,148,68,2.322
heat,352,64,1.1905,0.7199,1.6433,1.7535,1.5895,258,103,4.047
snap,117,21,0.3957,0.2362,1.6433,1.6845,2.0504,59,43,0.925
toe,122,22,0.4126,0.2475,1.637,1.8287,1.5587,94,51,1.475
workin,365,67,1.2345,0.7536,1.6281,1.8081,1.4463,223,93,3.498
class,224,41,0.7576,0.4612,1.6266,1.4178,1.3794,179,89,2.808
roll,1105,204,3.7373,2.2947,1.6254,1.4466,1.366,573,140,8.988
pressure,348,64,1.177,0.7199,1.6246,1.303,2.0341,232,90,3.639
play,2555,474,8.6414,5.3317,1.6194,1.626,1.648,1371,172,21.506
smell,293,54,0.991,0.6074,1.6193,1.7265,1.4147,212,91,3.325
scene,309,57,1.0451,0.6412,1.6185,1.5151,1.4998,211,84,3.31
welcome,174,32,0.5885,0.3599,1.6144,1.6584,1.2193,114,60,1.788
n,743,138,2.5129,1.5523,1.6141,1.61,1.2115,402,132,6.306
got,21757,4067,73.5855,45.7468,1.6084,1.5335,1.7109,5026,225,78.839
london,157,29,0.531,0.3262,1.6053,2.1071,1.8973,113,43,1.773
put,5324,998,18.0066,11.2258,1.6034,1.5411,1.6962,2526,194,39.624
wa,114,21,0.3856,0.2362,1.6013,1.0167,4.7346,14,12,0.22
white,1178,221,3.9842,2.4859,1.5998,1.6996,1.7093,719,146,11.278
throw,1108,208,3.7474,2.3396,1.5986,1.8293,1.4728,645,138,10.118
four,1092,205,3.6933,2.3059,1.5985,1.7019,1.6774,671,149,10.525
twenty,863,162,2.9188,1.8222,1.5978,1.7686,1.4795,494,117,7.749
callin,416,78,1.407,0.8774,1.5953,1.7093,1.4661,287,101,4.502
deal,468,88,1.5828,0.9898,1.5917,1.8326,1.5799,320,120,5.02
jeans,277,52,0.9369,0.5849,1.5893,1.8292,1.6166,193,71,3.027
makin,647,122,2.1883,1.3723,1.5893,1.7652,1.6693,461,121,7.231
rules,208,39,0.7035,0.4387,1.5871,1.3966,1.2213,133,69,2.086
gotta,4871,923,16.4745,10.3822,1.5861,1.4961,1.6471,2130,188,33.412
ay,681,129,2.3032,1.451,1.5824,1.2336,2.3579,165,61,2.588
color,196,37,0.6629,0.4162,1.5756,1.3208,1.2828,145,67,2.275
lyin,295,56,0.9977,0.6299,1.5726,1.8683,1.3156,192,81,3.012
hot,1142,218,3.8624,2.4521,1.5722,2.5202,1.7004,611,145,9.584
mama,1208,231,4.0856,2.5984,1.5697,1.7147,1.3925,633,140,9.929
verse,289,55,0.9774,0.6187,1.5684,1.259,1.3403,194,102,3.043
owe,200,38,0.6764,0.4274,1.5659,1.4433,1.4472,134,63,2.102
with,22922,4405,77.5258,49.5487,1.5645,1.5196,1.5749,5145,224,80.706
thousand,683,131,2.31,1.4735,1.5629,1.444,1.4437,434,109,6.808
question,210,40,0.7103,0.4499,1.5628,1.452,1.2681,140,82,2.196
field,184,35,0.6223,0.3937,1.5627,1.6276,1.4946,132,62,2.071
difference,132,25,0.4464,0.2812,1.5624,1.7177,1.3655,102,60,1.6
bend,194,37,0.6561,0.4162,1.5595,1.4853,1.3134,131,69,2.055
dad,235,45,0.7948,0.5062,1.5563,1.4997,1.4436,166,74,2.604
sleepin,157,30,0.531,0.3374,1.5527,1.7315,1.2774,127,70,1.992
clean,399,77,1.3495,0.8661,1.55,1.5441,1.4558,282,104,4.424
bounce,337,65,1.1398,0.7311,1.5493,1.1095,1.9329,124,68,1.945
kids,671,130,2.2694,1.4623,1.5472,1.9767,1.6307,457,131,7.169
locked,325,63,1.0992,0.7086,1.5413,1.3913,1.6098,236,94,3.702
soldier,140,27,0.4735,0.3037,1.5362,1.5894,1.0385,71,48,1.114
month,145,28,0.4904,0.315,1.5351,1.3436,1.5354,105,63,1.647
south,282,55,0.9538,0.6187,1.5305,1.5121,1.506,194,88,3.043
mouth,724,142,2.4487,1.5973,1.5287,1.5835,1.3274,477,129,7.482
up,27400,5392,92.671,60.6508,1.5278,1.4714,1.4887,5131,226,80.486
games,271,53,0.9166,0.5962,1.5259,1.2458,1.5368,163,80,2.557
rings,159,31,0.5378,0.3487,1.5225,1.2932,1.6811,112,66,1.757
lookin,1521,300,5.1443,3.3745,1.5224,1.5992,1.5714,830,156,13.02
watch,1823,360,6.1657,4.0494,1.5209,1.4254,1.6026,1047,169,16.424
imagine,199,39,0.673,0.4387,1.5186,1.496,1.1838,111,63,1.741
d,758,150,2.5637,1.6872,1.5154,1.5525,1.3782,529,141,8.298
dinner,143,28,0.4836,0.315,1.514,1.3996,1.4433,127,66,1.992
feelin,1164,231,3.9368,2.5984,1.5125,1.4893,1.3895,616,126,9.663
birthday,183,36,0.6189,0.4049,1.5116,1.5009,1.2252,95,59,1.49
problems,448,89,1.5152,1.0011,1.5068,1.3253,1.1772,257,86,4.031
blowing,122,24,0.4126,0.27,1.5034,1.3329,1.6648,67,42,1.051
bars,256,51,0.8658,0.5737,1.4976,1.4552,1.5883,196,84,3.075
get,17417,3500,58.907,39.369,1.4961,1.4731,1.5729,4603,223,72.204
chasin,176,35,0.5953,0.3937,1.4949,1.4517,1.3048,117,59,1.835
wife,310,62,1.0485,0.6974,1.4938,1.4952,1.4985,239,92,3.749
wheel,151,30,0.5107,0.3374,1.4936,1.4187,1.0391,92,62,1.443
slip,185,37,0.6257,0.4162,1.4874,1.602,1.093,116,75,1.82
wipe,165,33,0.5581,0.3712,1.4855,1.459,1.3231,106,66,1.663
building,155,31,0.5242,0.3487,1.4843,1.2267,1.584,117,70,1.835
numb,224,45,0.7576,0.5062,1.4836,1.4092,1.246,139,61,2.18
pour,534,108,1.8061,1.2148,1.4812,1.588,1.4975,316,87,4.957
move,1386,281,4.6877,3.1608,1.481,1.5443,1.2558,700,160,10.98
bigger,376,76,1.2717,0.8549,1.4798,1.1569,1.9258,234,104,3.671
yard,115,23,0.3889,0.2587,1.4778,1.4386,1.637,91,59,1.427
probably,744,151,2.5163,1.6985,1.4776,1.5944,1.4492,504,124,7.906
biggest,169,34,0.5716,0.3824,1.4773,1.5564,1.676,117,59,1.835
what's,1906,388,6.4464,4.3643,1.4755,1.4653,1.4279,952,166,14.933
plan,345,70,1.1668,0.7874,1.4736,1.6668,1.4976,265,106,4.157
passion,119,24,0.4025,0.27,1.4666,1.1467,1.452,95,53,1.49
full,1040,213,3.5174,2.3959,1.4654,1.4204,1.3524,637,142,9.992
tie,148,30,0.5006,0.3374,1.464,1.4977,1.4492,106,54,1.663
loose,206,42,0.6967,0.4724,1.461,1.2945,1.9496,164,85,2.573
doin,1093,225,3.6967,2.5309,1.4581,1.5858,1.528,704,137,11.043
notice,152,31,0.5141,0.3487,1.4557,1.2519,1.0139,98,66,1.537
pissed,127,26,0.4295,0.2925,1.4467,1.6362,1.3182,82,51,1.286
city,1071,223,3.6223,2.5084,1.4415,1.5328,1.339,651,148,10.212
e,462,96,1.5626,1.0798,1.4411,1.1978,1.3258,275,104,4.314
ship,136,28,0.46,0.315,1.4401,1.2743,1.2563,93,61,1.459
men,289,60,0.9774,0.6749,1.4388,1.3059,1.2376,186,88,2.918
women,327,68,1.106,0.7649,1.4376,1.1957,1.8771,238,90,3.733
his,3250,681,10.992,7.6601,1.4341,1.6299,1.3751,1584,182,24.847
few,412,86,1.3934,0.9674,1.4339,1.4241,1.2046,299,103,4.69
cut,974,204,3.2942,2.2947,1.4328,1.4992,1.3033,650,148,10.196
wood,121,25,0.4092,0.2812,1.4327,1.5779,1.5446,100,53,1.569
movin,387,81,1.3089,0.9111,1.4296,1.6155,1.286,299,104,4.69
u,295,62,0.9977,0.6974,1.4216,1.2726,1.4268,110,68,1.725
lane,224,47,0.7576,0.5287,1.4211,1.4636,1.6031,161,82,2.525
shooting,134,28,0.4532,0.315,1.419,1.2469,1.6103,100,53,1.569
that's,7660,1624,25.9073,18.2672,1.4179,1.4389,1.434,2983,207,46.792
safe,496,105,1.6775,1.1811,1.4151,1.4313,1.1919,284,104,4.455
third,143,30,0.4836,0.3374,1.4147,1.5374,1.2741,108,69,1.694
some,6198,1317,20.9626,14.814,1.4146,1.522,1.3904,2671,200,41.898
pick,759,161,2.5671,1.811,1.414,1.4408,1.3407,452,126,7.09
flame,204,43,0.69,0.4837,1.4136,1.4203,1.0473,123,70,1.929
him,3799,808,12.8488,9.0886,1.413,1.6089,1.4845,1603,179,25.145
survive,124,26,0.4194,0.2925,1.4126,1.1322,1.5434,88,52,1.38
ex,288,61,0.9741,0.6861,1.4105,1.7732,1.532,218,76,3.42
already,947,202,3.2029,2.2722,1.4069,1.6081,1.151,461,124,7.231
god,3002,642,10.1532,7.2214,1.4051,1.6508,1.3524,1377,159,21.6
crown,156,33,0.5276,0.3712,1.4047,1.3156,1.5961,109,68,1.71
car,1118,239,3.7812,2.6883,1.4042,1.4127,1.2854,715,146,11.216
claim,146,31,0.4938,0.3487,1.3984,1.1965,1.1866,102,60,1.6
rolled,118,25,0.3991,0.2812,1.3973,1.2391,1.0613,85,45,1.333
trash,155,33,0.5242,0.3712,1.3957,1.6246,1.3245,95,60,1.49
body,1668,360,5.6414,4.0494,1.3916,1.293,1.3945,865,153,13.569
done,2469,536,8.3505,6.0291,1.384,1.3293,1.326,1309,164,20.533
speak,521,113,1.7621,1.2711,1.3815,1.3287,1.4392,371,118,5.82
man,4750,1035,16.0652,11.642,1.3794,1.5382,1.4747,2044,204,32.063
record,217,47,0.7339,0.5287,1.3768,1.3718,1.2662,165,85,2.588
smart,162,35,0.5479,0.3937,1.3764,1.8194,1.4583,115,62,1.804
trust,925,202,3.1285,2.2722,1.3742,1.3545,1.3879,544,123,8.533
went,1272,278,4.3021,3.127,1.3739,1.4456,1.2683,833,139,13.067
candy,116,25,0.3923,0.2812,1.3737,1.0818,1.1271,88,49,1.38
shoes,349,76,1.1804,0.8549,1.3737,1.473,1.2279,266,108,4.173
woah,3514,769,11.8849,8.6499,1.3733,1.2671,1.5372,810,114,12.706
forty,284,62,0.9605,0.6974,1.3687,2.0328,1.2638,175,84,2.745
york,243,53,0.8219,0.5962,1.3685,1.189,1.337,173,73,2.714
diamond,311,68,1.0519,0.7649,1.3673,1.1685,1.3255,208,86,3.263
watchin,361,79,1.221,0.8886,1.3673,1.4844,1.4923,239,91,3.749
finish,156,34,0.5276,0.3824,1.364,1.3898,1.181,112,67,1.757
cheat,115,25,0.3889,0.2812,1.3619,1.0588,1.232,83,46,1.302
like,28933,6395,97.8559,71.9328,1.3603,1.3717,1.4057,5344,227,83.827
shut,436,96,1.4746,1.0798,1.3601,1.3897,1.0596,220,85,3.451
answer,196,43,0.6629,0.4837,1.3583,1.2878,1.103,135,71,2.118
ask,1108,246,3.7474,2.7671,1.3522,1.327,1.2837,696,145,10.918
mr,231,51,0.7813,0.5737,1.3516,1.2772,1.3257,142,79,2.227
machine,132,29,0.4464,0.3262,1.3505,1.1818,1.1615,90,55,1.412
grown,244,54,0.8252,0.6074,1.3489,1.311,1.1814,175,87,2.745
ye,181,40,0.6122,0.4499,1.3475,1.4877,1.1844,62,34,0.973
bullet,136,30,0.46,0.3374,1.3457,1.4212,1.4748,109,57,1.71
spent,449,100,1.5186,1.1248,1.3448,1.3542,1.3013,305,88,4.784
bite,256,57,0.8658,0.6412,1.3413,1.4208,1.1308,166,74,2.604
traffic,131,29,0.4431,0.3262,1.3403,1.0922,1.3512,102,51,1.6
year,554,124,1.8737,1.3948,1.3392,1.5014,1.2033,329,108,5.161
ready,950,213,3.213,2.3959,1.3386,1.2392,1.1864,493,139,7.733
prayin,153,34,0.5175,0.3824,1.3378,1.7368,1.185,109,58,1.71
then,5393,1214,18.24,13.6554,1.3353,1.371,1.2901,2606,199,40.878
win,521,117,1.7621,1.316,1.3345,1.4315,1.1919,290,118,4.549
seven,394,89,1.3326,1.0011,1.3254,1.2673,1.2391,247,105,3.875
club,817,185,2.7632,2.0809,1.3251,1.6101,1.4233,472,128,7.404
cannot,420,95,1.4205,1.0686,1.3239,1.2547,1.3396,277,81,4.345
faces,176,40,0.5953,0.4499,1.3104,1.7936,1.0843,124,66,1.945
throwin,363,83,1.2277,0.9336,1.309,1.3154,1.8696,212,86,3.325
though,1166,268,3.9436,3.0145,1.3063,1.1883,1.2618,740,153,11.608
speed,223,51,0.7542,0.5737,1.3049,1.3928,1.1896,153,73,2.4
row,123,28,0.416,0.315,1.303,1.2561,1.343,82,54,1.286
i'm,39741,9185,134.4102,103.3155,1.3009,1.3299,1.3111,5613,223,88.047
thou,127,29,0.4295,0.3262,1.2996,1.1843,1.3895,70,36,1.098
vision,235,54,0.7948,0.6074,1.2993,1.3365,1.3907,168,73,2.635
house,1446,335,4.8906,3.7682,1.2964,1.3367,1.1112,783,161,12.282
killing,203,47,0.6866,0.5287,1.2882,1.1061,1.4239,128,72,2.008
filled,134,31,0.4532,0.3487,1.2839,1.534,0.9843,99,58,1.553
seen,1225,288,4.1431,3.2395,1.2772,1.2969,1.1448,832,163,13.051
heard,1160,273,3.9233,3.0708,1.2758,1.3976,1.1029,716,147,11.231
on,37552,8852,127.0067,99.5699,1.2755,1.2237,1.2988,5747,230,90.149
thirty,434,102,1.4679,1.1473,1.2746,1.0476,1.3768,295,97,4.627
rubber,116,27,0.3923,0.3037,1.2738,0.948,1.5434,92,61,1.443
a,68069,16116,230.2199,181.2774,1.27,1.3044,1.2643,6120,232,96.0
look,4512,1069,15.2603,12.0244,1.2687,1.2607,1.2892,2098,197,32.91
bored,183,43,0.6189,0.4837,1.2684,1.2162,0.6583,42,30,0.659
teeth,280,66,0.947,0.7424,1.2683,1.4721,1.2099,199,81,3.122
purple,208,49,0.7035,0.5512,1.2665,1.3653,1.169,124,50,1.945
piece,288,68,0.9741,0.7649,1.2664,1.3654,1.046,221,100,3.467
two,2685,638,9.0811,7.1764,1.2647,1.3902,1.289,1491,175,23.388
wear,380,90,1.2852,1.0123,1.2642,1.3251,1.2072,279,100,4.376
lady,266,63,0.8997,0.7086,1.2619,1.2111,1.4301,158,77,2.478
from,7730,1845,26.1441,20.7531,1.2595,1.2749,1.2133,3604,214,56.533
attitude,123,29,0.416,0.3262,1.2588,1.2035,1.618,88,51,1.38
r,822,196,2.7801,2.2047,1.2586,1.3092,1.0562,596,139,9.349
tv,169,40,0.5716,0.4499,1.2584,1.2624,0.8942,117,72,1.835
bein,328,78,1.1093,0.8774,1.2583,1.5198,1.1956,233,83,3.655
ride,1865,446,6.3077,5.0167,1.2563,1.2095,1.2051,884,155,13.867
folks,193,46,0.6528,0.5174,1.2512,1.3695,1.1463,149,68,2.337
livin,900,216,3.0439,2.4296,1.2506,1.1804,1.342,512,129,8.031
knowin,176,42,0.5953,0.4724,1.2487,1.7523,1.3225,125,66,1.961
my,51558,12441,174.3771,139.94,1.246,1.2493,1.2186,5911,227,92.722
hello,308,74,1.0417,0.8324,1.2451,1.0433,0.9759,130,62,2.039
cheap,138,33,0.4667,0.3712,1.2431,1.1924,1.4869,101,56,1.584
dumb,447,108,1.5118,1.2148,1.2401,1.0778,1.4443,266,96,4.173
fightin,150,36,0.5073,0.4049,1.2398,1.2658,1.0977,110,60,1.725
toxic,117,28,0.3957,0.315,1.2397,0.917,1.6806,64,41,1.004
dead,1166,283,3.9436,3.1833,1.2372,1.3861,1.4364,671,144,10.525
talking,618,150,2.0902,1.6872,1.2357,1.1706,1.1394,418,136,6.557
hungry,149,36,0.5039,0.4049,1.2316,1.1144,1.1675,113,68,1.773
front,681,166,2.3032,1.8672,1.2307,1.2275,1.178,463,138,7.263
phone,1041,254,3.5208,2.8571,1.2305,1.314,1.0571,650,142,10.196
ghost,337,82,1.1398,0.9224,1.2301,1.3217,1.5473,231,90,3.624
key,271,66,0.9166,0.7424,1.2276,1.2634,1.0512,185,80,2.902
foot,226,55,0.7644,0.6187,1.2271,1.2193,0.8951,127,74,1.992
boy,2929,718,9.9063,8.0763,1.226,1.3386,1.1841,1299,169,20.376
death,461,113,1.5592,1.2711,1.2226,1.2717,1.2255,327,109,5.129
teach,172,42,0.5817,0.4724,1.2204,1.0619,1.1958,132,70,2.071
most,653,161,2.2085,1.811,1.2167,1.1835,1.2345,443,132,6.949
keys,224,55,0.7576,0.6187,1.2163,1.3607,0.9805,161,82,2.525
track,313,77,1.0586,0.8661,1.2163,1.1956,1.6604,253,103,3.969
brown,264,65,0.8929,0.7311,1.2142,1.0535,1.4201,156,78,2.447
children,179,44,0.6054,0.4949,1.2129,1.0103,1.3129,137,74,2.149
liquor,243,60,0.8219,0.6749,1.2102,1.1679,1.0143,154,69,2.416
walk,1533,381,5.1848,4.2856,1.2086,1.2657,1.0764,822,151,12.894
bottom,343,85,1.1601,0.9561,1.208,1.2975,1.1939,236,96,3.702
sister,138,34,0.4667,0.3824,1.2071,1.1214,1.2479,120,66,1.882
de,142,35,0.4803,0.3937,1.207,1.1251,1.1435,82,50,1.286
life's,190,47,0.6426,0.5287,1.2059,1.2536,1.0244,99,49,1.553
listen,606,151,2.0496,1.6985,1.2037,1.0681,1.1094,415,128,6.51
tough,237,59,0.8016,0.6636,1.2002,1.4688,1.1252,174,83,2.729
acting,177,44,0.5986,0.4949,1.1993,1.0734,1.3872,127,66,1.992
hat,145,36,0.4904,0.4049,1.1986,1.18,1.2004,115,64,1.804
flew,133,33,0.4498,0.3712,1.1982,1.0414,1.0217,99,58,1.553
shower,121,30,0.4092,0.3374,1.1978,1.2585,0.9876,73,47,1.145
level,240,60,0.8117,0.6749,1.1953,0.964,1.4959,168,83,2.635
three,1130,284,3.8218,3.1945,1.1948,1.403,1.1667,698,140,10.949
tellin,410,103,1.3867,1.1586,1.1926,1.3857,1.261,281,97,4.408
click,124,31,0.4194,0.3487,1.1884,0.8249,1.7762,78,45,1.224
advice,116,29,0.3923,0.3262,1.1874,1.1314,0.9632,80,45,1.255
pulled,341,86,1.1533,0.9674,1.1871,1.0806,1.1695,248,86,3.89
forgot,206,52,0.6967,0.5849,1.1827,1.1753,0.9411,153,81,2.4
heavy,292,74,0.9876,0.8324,1.1805,1.0609,1.0014,215,105,3.373
had,4625,1183,15.6425,13.3067,1.1752,1.1626,1.0848,2185,184,34.275
calm,146,37,0.4938,0.4162,1.1747,0.9744,1.0088,110,58,1.725
stole,126,32,0.4262,0.3599,1.1703,1.3246,1.0296,84,50,1.318
fly,1024,263,3.4633,2.9583,1.1691,1.1446,1.262,608,140,9.537
out,13386,3448,45.2735,38.7841,1.1672,1.173,1.1278,4149,216,65.082
people,1553,400,5.2525,4.4993,1.1663,1.2327,1.1013,831,144,13.035
point,366,94,1.2379,1.0573,1.1661,1.1641,1.1807,280,102,4.392
chrome,168,43,0.5682,0.4837,1.1647,1.999,2.0141,127,57,1.992
bullshit,257,66,0.8692,0.7424,1.1643,0.8885,1.5989,188,85,2.949
paint,222,57,0.7508,0.6412,1.1635,1.1747,1.0149,174,86,2.729
took,1642,424,5.5535,4.7693,1.1634,1.2727,1.0305,996,155,15.624
hang,423,109,1.4307,1.2261,1.1629,1.1176,1.1356,252,101,3.953
fast,867,224,2.9323,2.5196,1.1619,1.2227,1.1037,518,131,8.125
he'll,144,37,0.487,0.4162,1.1586,1.2231,0.8552,93,54,1.459
hmm,815,212,2.7565,2.3846,1.1539,0.9655,1.0503,249,79,3.906
page,128,33,0.4329,0.3712,1.1534,1.143,0.99,107,64,1.678
island,151,39,0.5107,0.4387,1.1532,1.4526,1.2499,119,69,1.867
this,15975,4174,54.0299,46.9504,1.1507,1.1522,1.1365,4470,225,70.118
proof,120,31,0.4059,0.3487,1.1502,1.1607,1.0811,88,53,1.38
which,223,58,0.7542,0.6524,1.1488,1.1162,0.9505,164,83,2.573
tick,135,35,0.4566,0.3937,1.1477,0.954,0.9273,42,34,0.659
blood,760,199,2.5704,2.2384,1.1462,1.1919,1.0109,404,120,6.337
gold,596,156,2.0158,1.7547,1.146,1.1718,1.2199,413,127,6.478
turn,2074,544,7.0146,6.1191,1.1456,1.1701,0.9659,1039,164,16.298
yes,1057,278,3.5749,3.127,1.1417,1.2387,0.9839,457,116,7.169
stupid,426,112,1.4408,1.2598,1.1399,1.1475,1.2577,270,93,4.235
sight,206,54,0.6967,0.6074,1.1393,1.0651,0.9119,127,83,1.992
let's,2626,694,8.8815,7.8063,1.1371,1.1715,1.1242,1154,165,18.102
ha,1283,340,4.3393,3.8244,1.1334,1.0371,1.1908,420,120,6.588
swear,872,231,2.9492,2.5984,1.1332,1.1714,1.0718,524,118,8.22
drank,231,61,0.7813,0.6861,1.1318,0.9904,0.9664,127,53,1.992
finger,197,52,0.6663,0.5849,1.1311,1.2132,1.1595,154,80,2.416
greatest,140,37,0.4735,0.4162,1.1266,1.1816,1.0837,104,51,1.631
problem,391,104,1.3224,1.1698,1.1265,1.0241,1.3176,257,109,4.031
minute,480,128,1.6234,1.4398,1.1243,1.2076,1.0452,263,114,4.125
spirit,248,66,0.8388,0.7424,1.1236,0.8972,1.2709,127,63,1.992
turned,538,144,1.8196,1.6198,1.1205,1.0215,0.962,371,107,5.82
since,957,257,3.2367,2.8908,1.1181,1.1897,1.1353,691,143,10.839
nothin,1513,407,5.1172,4.5781,1.1168,1.2588,1.1415,806,144,12.643
ties,120,32,0.4059,0.3599,1.1148,1.0042,0.9685,72,44,1.129
step,598,161,2.0225,1.811,1.1143,1.2887,1.0139,348,119,5.459
face,2056,555,6.9537,6.2428,1.1131,1.0974,1.0305,1212,169,19.012
against,322,87,1.0891,0.9786,1.1082,1.0389,1.3189,224,100,3.514
the,101250,27569,342.4432,310.1041,1.1043,1.1134,1.0755,6237,231,97.835
dangerous,181,49,0.6122,0.5512,1.1025,1.0442,1.0125,105,62,1.647
sweat,144,39,0.487,0.4387,1.1,1.0913,0.9734,104,63,1.631
dip,133,36,0.4498,0.4049,1.0998,0.9986,1.7224,99,59,1.553
brought,363,99,1.2277,1.1136,1.0985,1.0471,1.2199,266,104,4.173
cool,810,222,2.7395,2.4971,1.0953,1.2056,1.0169,472,130,7.404
peace,645,177,2.1815,1.9909,1.0935,1.0202,1.0914,361,111,5.663
really,3142,865,10.6267,9.7298,1.0917,1.0725,1.024,1617,178,25.365
passed,139,38,0.4701,0.4274,1.0895,0.8673,0.9153,110,67,1.725
run,2814,777,9.5174,8.7399,1.0884,1.0435,1.2016,1369,178,21.475
sittin,330,91,1.1161,1.0236,1.0861,1.0107,1.239,254,90,3.984
ear,153,42,0.5175,0.4724,1.086,1.2802,1.0779,126,64,1.976
seat,257,71,0.8692,0.7986,1.0829,1.2872,1.0086,180,79,2.824
devil,462,128,1.5626,1.4398,1.0822,1.2535,1.0942,294,93,4.612
press,156,43,0.5276,0.4837,1.0818,0.8969,0.9831,117,66,1.835
chase,307,85,1.0383,0.9561,1.0814,0.839,1.1557,179,84,2.808
re,199,55,0.673,0.6187,1.0808,1.2483,0.7341,116,62,1.82
beach,163,45,0.5513,0.5062,1.0805,1.1203,0.9182,124,62,1.945
mention,145,40,0.4904,0.4499,1.0802,1.0887,1.1125,106,59,1.663
today,626,174,2.1172,1.9572,1.0795,0.9797,0.9303,316,116,4.957
rose,231,64,0.7813,0.7199,1.0792,1.1904,1.0573,167,77,2.62
sides,152,42,0.5141,0.4724,1.0789,0.8478,1.3655,91,54,1.427
raised,202,56,0.6832,0.6299,1.0777,1.2946,1.1162,139,74,2.18
everybody,1208,337,4.0856,3.7907,1.0767,1.0176,1.101,645,146,10.118
in,39820,11121,134.6774,125.0922,1.0766,1.0903,1.0458,5875,229,92.157
hm,194,54,0.6561,0.6074,1.0731,1.0698,0.9093,85,37,1.333
thank,522,146,1.7655,1.6423,1.0724,1.0624,0.8974,254,100,3.984
runnin,964,270,3.2604,3.037,1.0721,1.2048,1.0529,563,122,8.831
touched,151,42,0.5107,0.4724,1.0718,1.0716,0.9699,101,52,1.584
fingers,133,37,0.4498,0.4162,1.0704,1.2176,0.9968,110,64,1.725
steady,222,62,0.7508,0.6974,1.0704,1.2173,1.2388,153,68,2.4
clothes,442,124,1.4949,1.3948,1.0687,1.2513,0.8889,275,95,4.314
table,193,54,0.6528,0.6074,1.0676,1.242,0.8303,130,73,2.039
north,168,47,0.5682,0.5287,1.0666,1.0109,1.1625,90,56,1.412
set,755,213,2.5535,2.3959,1.064,0.9238,1.0553,463,132,7.263
rocks,192,54,0.6494,0.6074,1.062,0.9521,1.0334,126,64,1.976
law,167,47,0.5648,0.5287,1.0603,1.4512,0.9708,122,65,1.914
hi,121,34,0.4092,0.3824,1.0589,0.8347,1.1605,83,41,1.302
talk,2355,669,7.965,7.5251,1.0579,1.2665,1.1293,1278,170,20.047
wall,353,100,1.1939,1.1248,1.0576,0.9559,0.9398,199,98,3.122
that,32550,9259,110.0891,104.1479,1.057,1.0714,1.0157,5524,224,86.651
bone,177,50,0.5986,0.5624,1.0569,1.0479,1.259,105,66,1.647
caught,621,177,2.1003,1.9909,1.0528,1.0243,0.9957,464,132,7.278
energy,274,78,0.9267,0.8774,1.0514,0.9005,1.0227,176,66,2.761
jack,148,42,0.5006,0.4724,1.0506,1.3783,0.9699,103,70,1.616
tear,200,57,0.6764,0.6412,1.0485,1.0843,0.9698,120,70,1.882
blessings,151,43,0.5107,0.4837,1.0472,1.823,1.6613,93,50,1.459
pourin,130,37,0.4397,0.4162,1.0464,0.887,0.9154,98,44,1.537
water,876,252,2.9628,2.8346,1.0438,0.9465,1.0715,512,128,8.031
taking,351,101,1.1871,1.1361,1.0413,0.9585,0.961,260,96,4.078
made,2840,821,9.6053,9.2348,1.0397,1.1083,1.0106,1540,169,24.157
feelings,506,146,1.7114,1.6423,1.0396,1.0411,1.1146,333,110,5.224
lord,893,258,3.0203,2.9021,1.0393,1.0695,0.9932,343,119,5.38
die,1631,472,5.5163,5.3092,1.0382,1.0864,1.013,792,146,12.424
no,16611,4824,56.181,54.2618,1.0353,0.9915,1.0458,4435,217,69.569
east,180,52,0.6088,0.5849,1.0338,1.1184,1.1189,134,67,2.102
next,879,256,2.9729,2.8796,1.031,1.0528,0.9919,589,148,9.239
power,436,127,1.4746,1.4285,1.0294,0.9909,0.8485,237,98,3.718
keep,5472,1600,18.5072,17.9973,1.0281,1.006,1.0667,2457,194,38.541
we,20000,5849,67.6431,65.7912,1.0281,0.9811,1.0414,4336,220,68.016
bad,3063,898,10.3595,10.101,1.0252,0.981,0.9916,1335,164,20.941
hate,1586,465,5.3641,5.2305,1.0248,1.1168,0.9449,868,154,13.616
cards,134,39,0.4532,0.4387,1.0238,0.9948,0.9797,98,56,1.537
low,828,243,2.8004,2.7333,1.0231,0.9325,1.0847,479,135,7.514
corner,205,60,0.6933,0.6749,1.0213,1.0825,0.9197,163,86,2.557
sticky,154,45,0.5209,0.5062,1.021,1.1343,1.1435,64,37,1.004
see,7030,2074,23.7765,23.329,1.019,0.9867,0.9737,2958,210,46.4
special,291,86,0.9842,0.9674,1.0133,0.9715,1.0463,149,78,2.337
first,1527,453,5.1646,5.0955,1.0128,1.0271,0.9083,917,164,14.384
soul,819,243,2.77,2.7333,1.0119,0.9488,0.9371,509,135,7.984
might,2138,635,7.231,7.1427,1.0118,1.1048,0.9352,1135,167,17.804
son,505,150,1.708,1.6872,1.0099,1.0332,1.14,345,125,5.412
kitchen,300,89,1.0146,1.0011,1.0096,0.9113,0.9182,210,93,3.294
sit,555,165,1.8771,1.856,1.0092,1.04,0.9101,408,123,6.4
make,7295,2174,24.6728,24.4538,1.0088,0.9784,1.0017,2944,206,46.18
built,229,68,0.7745,0.7649,1.0074,1.0033,0.706,148,79,2.322
call,3104,927,10.4982,10.4272,1.0064,1.0347,1.0469,1681,186,26.369
match,185,55,0.6257,0.6187,1.005,1.033,1.0285,144,79,2.259
back,8674,2598,29.3368,29.2231,1.0038,1.073,1.0591,3153,211,49.459
clock,118,35,0.3991,0.3937,1.0037,0.8276,1.0201,97,58,1.522
kept,271,81,0.9166,0.9111,1.0017,0.9608,0.8865,215,95,3.373
crash,214,64,0.7238,0.7199,0.9999,0.8677,1.1022,148,68,2.322
rolling,184,55,0.6223,0.6187,0.9996,0.8692,0.9087,124,54,1.945
patience,124,37,0.4194,0.4162,0.9983,1.0877,0.8657,81,50,1.271
gave,996,300,3.3686,3.3745,0.9971,0.9788,0.9859,659,141,10.337
list,203,61,0.6866,0.6861,0.9949,1.3328,1.091,131,72,2.055
red,1098,333,3.7136,3.7457,0.9904,1.0916,0.9503,564,134,8.847
even,3276,998,11.0799,11.2258,0.9867,1.013,0.9802,1756,183,27.545
kicked,116,35,0.3923,0.3937,0.9867,1.1465,1.0592,90,51,1.412
started,585,178,1.9786,2.0022,0.9863,0.8905,0.9336,430,132,6.745
what,12825,3911,43.3761,43.9921,0.9859,0.9841,0.9904,3728,215,58.478
still,4693,1432,15.8725,16.1076,0.9852,1.0616,1.0092,2205,197,34.588
addicted,119,36,0.4025,0.4049,0.9844,0.8159,0.8856,76,45,1.192
bird,132,40,0.4464,0.4499,0.9837,1.1077,0.8564,99,59,1.553
sound,569,174,1.9244,1.9572,0.9813,0.943,0.9393,395,122,6.196
quit,249,76,0.8422,0.8549,0.9807,1.0734,0.9815,171,76,2.682
married,138,42,0.4667,0.4724,0.9799,0.8744,0.8043,95,59,1.49
lift,215,66,0.7272,0.7424,0.9744,1.099,0.8326,123,72,1.929
cover,179,55,0.6054,0.6187,0.9725,0.7734,1.1475,140,77,2.196
us,3154,975,10.6673,10.9671,0.9723,0.9082,0.9509,1364,174,21.396
news,298,92,1.0079,1.0348,0.9703,1.0341,0.8068,178,89,2.792
ring,539,167,1.823,1.8785,0.9685,0.8191,1.1182,318,107,4.988
t,802,249,2.7125,2.8008,0.9671,1.2032,1.1963,509,129,7.984
near,235,73,0.7948,0.8211,0.9634,1.0551,0.9399,176,76,2.761
start,1125,351,3.8049,3.9481,0.9628,0.9855,0.8931,744,156,11.671
steal,148,46,0.5006,0.5174,0.9602,0.8471,1.0318,110,61,1.725
whenever,231,72,0.7813,0.8099,0.9601,0.9726,0.9727,143,71,2.243
who,3718,1168,12.5749,13.138,0.9569,1.0435,0.9544,1816,192,28.486
show,1960,616,6.629,6.9289,0.9562,0.8667,0.8908,1084,163,17.004
live,1617,509,5.4689,5.7254,0.9546,0.8984,0.9716,945,162,14.824
poor,166,52,0.5614,0.5849,0.9536,0.9323,0.7492,113,62,1.773
ceiling,150,47,0.5073,0.5287,0.9527,0.9695,0.8491,101,59,1.584
chick,191,60,0.646,0.6749,0.9517,0.7987,1.4075,134,67,2.102
l,469,148,1.5862,1.6647,0.9506,0.9622,0.8528,309,111,4.847
while,1221,387,4.1296,4.3531,0.9478,0.9726,0.9304,818,160,12.831
head,2350,746,7.9481,8.3912,0.9468,0.9787,0.9246,1244,173,19.514
free,1436,456,4.8568,5.1292,0.9462,0.8003,1.0314,686,141,10.761
its,454,144,1.5355,1.6198,0.9457,0.9824,0.8507,243,95,3.812
stop,2015,641,6.815,7.2102,0.9447,0.8797,1.0517,1019,176,15.984
how,6296,2014,21.294,22.6541,0.9398,0.9899,0.9011,2617,203,41.051
human,126,40,0.4262,0.4499,0.9392,0.737,0.9244,84,44,1.318
comin,943,302,3.1894,3.397,0.9378,1.0883,1.0378,598,133,9.38
playing,294,94,0.9944,1.0573,0.937,0.8187,0.865,206,83,3.231
coast,150,48,0.5073,0.5399,0.933,0.8123,0.8329,84,53,1.318
sick,457,147,1.5456,1.6535,0.9326,0.9282,0.9545,336,109,5.271
crazy,1419,458,4.7993,5.1517,0.9309,0.9102,0.8941,734,146,11.514
person,261,84,0.8827,0.9449,0.9305,1.1016,0.9555,183,68,2.871
fell,527,170,1.7824,1.9122,0.9303,0.8894,0.9183,321,102,5.035
glory,140,45,0.4735,0.5062,0.9285,0.7533,0.9283,66,33,1.035
figure,211,68,0.7136,0.7649,0.9284,1.0057,0.8088,162,81,2.541
it,42143,13662,142.5341,153.6741,0.9275,0.9135,0.9472,5673,229,88.988
queen,284,92,0.9605,1.0348,0.9248,0.829,0.9457,158,86,2.478
bless,173,56,0.5851,0.6299,0.9233,1.0353,1.1284,126,75,1.976
an,2393,783,8.0935,8.8074,0.9185,0.9684,0.8987,1453,179,22.792
soft,169,55,0.5716,0.6187,0.9183,0.9906,0.9119,146,80,2.29
billion,117,38,0.3957,0.4274,0.9177,0.71,0.7829,51,42,0.8
chest,327,107,1.106,1.2036,0.916,1.0831,0.8758,238,91,3.733
pictures,208,68,0.7035,0.7649,0.9152,0.9124,1.0412,167,69,2.62
soon,488,160,1.6505,1.7997,0.9152,0.8825,0.9638,326,114,5.114
same,1856,610,6.2773,6.8615,0.9144,0.9294,0.8888,1041,165,16.329
round,1451,477,4.9075,5.3654,0.914,0.9087,1.0462,791,142,12.408
too,5320,1751,17.9931,19.6958,0.9134,0.9077,0.8679,2155,192,33.804
admit,165,54,0.5581,0.6074,0.9131,1.1572,0.8259,114,60,1.788
been,6282,2069,21.2467,23.2727,0.9128,0.9516,0.8968,2524,201,39.592
name,1493,493,5.0496,5.5454,0.91,0.8501,0.9073,898,161,14.086
getting,936,309,3.1657,3.4757,0.9098,0.9263,0.8804,578,134,9.067
for,17563,5806,59.4008,65.3076,0.9095,0.9289,0.9019,4623,221,72.518
at,7818,2589,26.4417,29.1218,0.9079,0.9281,0.8883,3231,204,50.682
h,330,109,1.1161,1.2261,0.9075,1.275,0.9782,253,107,3.969
did,2541,843,8.5941,9.4823,0.906,0.9702,0.8305,1374,176,21.553
lately,287,95,0.9707,1.0686,0.9052,0.9153,0.8002,172,72,2.698
dirt,311,103,1.0519,1.1586,0.905,0.9142,0.8818,203,98,3.184
give,4178,1388,14.1306,15.6126,0.9049,0.8265,0.9865,1950,184,30.588
or,3471,1153,11.7395,12.9693,0.9049,0.9636,0.9142,1754,191,27.514
everywhere,271,90,0.9166,1.0123,0.902,0.876,0.8989,171,81,2.682
wrap,127,42,0.4295,0.4724,0.902,0.7981,0.7185,88,60,1.38
go,10809,3604,36.5577,40.5388,0.9017,0.881,0.9518,3489,203,54.729
tell,4942,1656,16.7146,18.6272,0.8971,0.877,0.8704,2234,194,35.043
use,457,153,1.5456,1.721,0.8962,0.807,0.8749,308,118,4.831
y,433,145,1.4645,1.631,0.8958,0.9207,0.8659,303,114,4.753
nobody,1252,420,4.2345,4.7243,0.8956,0.8202,0.9052,671,137,10.525
green,497,167,1.6809,1.8785,0.8931,0.8255,1.1529,302,110,4.737
i,112103,37751,379.1497,424.6342,0.8929,0.893,0.895,6253,232,98.086
church,176,59,0.5953,0.6636,0.8919,0.9947,1.0703,111,61,1.741
nice,490,165,1.6573,1.856,0.8911,0.9332,0.6999,297,109,4.659
years,587,198,1.9853,2.2272,0.8899,0.9094,0.7997,400,122,6.275
luck,214,72,0.7238,0.8099,0.8896,1.3066,1.103,122,76,1.914
shoulda,131,44,0.4431,0.4949,0.8885,0.8166,0.6948,89,56,1.396
grave,181,61,0.6122,0.6861,0.8874,1.0092,0.8166,117,69,1.835
doing,623,212,2.1071,2.3846,0.8822,0.9002,0.919,420,124,6.588
minutes,133,45,0.4498,0.5062,0.8822,0.877,0.6785,84,53,1.318
vroom,133,45,0.4498,0.5062,0.8822,0.6411,1.8267,76,35,1.192
whatever,542,185,1.8331,2.0809,0.8794,0.8459,0.7894,280,100,4.392
loud,346,118,1.1702,1.3273,0.8792,0.8089,0.7273,218,91,3.42
space,384,131,1.2987,1.4735,0.8792,0.8406,0.8114,224,89,3.514
was,9540,3274,32.2658,36.8269,0.8761,0.8946,0.8457,3251,205,50.996
picked,114,39,0.3856,0.4387,0.8716,0.7557,0.7907,89,52,1.396
ahead,189,65,0.6392,0.7311,0.8699,0.9509,0.9295,143,68,2.243
different,1027,355,3.4735,3.9931,0.8691,0.7902,0.8825,639,146,10.024
ones,561,194,1.8974,2.1822,0.868,1.0375,0.832,353,123,5.537
leave,2210,766,7.4746,8.6162,0.8671,0.8426,0.8239,1214,163,19.043
rough,116,40,0.3923,0.4499,0.8649,0.759,0.8086,83,51,1.302
don't,20628,7180,69.7671,80.7627,0.8638,0.8357,0.8921,4853,215,76.125
cold,1020,355,3.4498,3.9931,0.8631,0.8683,0.7521,602,143,9.443
build,187,65,0.6325,0.7311,0.8607,0.6738,0.9698,132,76,2.071
having,221,77,0.7475,0.8661,0.8594,0.7311,0.7869,162,81,2.541
ya,2038,713,6.8928,8.02,0.8591,0.8486,1.0454,796,156,12.486
layin,146,51,0.4938,0.5737,0.8553,1.1227,0.7102,88,47,1.38
room,726,255,2.4554,2.8683,0.855,0.8684,0.7169,457,125,7.169
bring,1143,402,3.8658,4.5218,0.8542,0.9499,0.9088,714,160,11.2
dressed,123,43,0.416,0.4837,0.8537,0.9905,0.6899,87,56,1.365
stand,799,282,2.7023,3.172,0.851,0.7756,0.8736,517,138,8.11
they'll,278,98,0.9402,1.1023,0.8502,0.8581,0.8255,197,84,3.09
is,13218,4681,44.7053,52.6532,0.849,0.8475,0.838,3831,217,60.094
bet,641,227,2.168,2.5534,0.8479,0.9289,0.8733,412,121,6.463
floor,610,216,2.0631,2.4296,0.8479,0.9202,0.749,376,131,5.898
sunshine,136,48,0.46,0.5399,0.8462,0.8794,0.8195,34,26,0.533
tall,175,62,0.5919,0.6974,0.8443,0.785,0.8334,132,72,2.071
wasn't,739,263,2.4994,2.9583,0.8438,0.8575,0.778,527,125,8.267
line,870,310,2.9425,3.487,0.843,0.8454,0.8073,556,147,8.722
lik,124,44,0.4194,0.4949,0.8412,0.856,0.7301,121,63,1.898
number,439,157,1.4848,1.766,0.839,0.9904,0.9863,302,118,4.737
slow,630,226,2.1308,2.5421,0.837,0.78,0.9221,369,125,5.788
air,524,188,1.7722,2.1147,0.8366,0.8433,0.8032,341,116,5.349
chorus,148,53,0.5006,0.5962,0.8346,0.6333,0.5532,61,42,0.957
half,518,187,1.752,2.1034,0.8315,0.9695,0.836,366,122,5.741
died,258,93,0.8726,1.0461,0.8313,0.7843,0.8595,188,75,2.949
monday,117,42,0.3957,0.4724,0.8313,0.6813,0.7096,55,41,0.863
moves,150,54,0.5073,0.6074,0.8303,0.7708,0.882,115,70,1.804
inside,1126,408,3.8083,4.5893,0.8292,0.7541,0.7681,704,136,11.043
tongue,271,98,0.9166,1.1023,0.8288,0.7764,0.65,166,77,2.604
thinkin,684,248,2.3134,2.7896,0.8282,0.9688,0.9295,427,114,6.698
job,301,109,1.018,1.2261,0.8279,0.8862,0.7707,200,92,3.137
wings,133,48,0.4498,0.5399,0.8277,0.7466,0.7761,104,64,1.631
ahh,185,67,0.6257,0.7536,0.8263,0.6635,0.8143,81,50,1.271
rise,185,67,0.6257,0.7536,0.8263,0.8476,0.6756,108,62,1.694
life,4041,1471,13.6673,16.5462,0.8258,0.8062,0.8368,1766,185,27.702
wait,1143,416,3.8658,4.6793,0.8255,0.8154,0.8454,573,129,8.988
shoulder,182,66,0.6156,0.7424,0.8252,1.0475,0.7254,126,68,1.976
going,1158,423,3.9165,4.758,0.8225,0.7533,0.8303,626,141,9.82
naked,162,59,0.5479,0.6636,0.8212,0.7526,0.9613,118,62,1.851
know,17381,6386,58.7852,71.8316,0.8183,0.8187,0.8272,4512,218,70.776
pray,835,307,2.8241,3.4532,0.817,1.0907,0.7996,417,110,6.541
strong,340,125,1.1499,1.406,0.8158,0.7352,0.7829,233,95,3.655
doubt,231,85,0.7813,0.9561,0.8141,0.7703,0.7708,136,77,2.133
pain,1024,378,3.4633,4.2519,0.8139,0.7472,0.7684,587,136,9.208
star,461,170,1.5592,1.9122,0.8139,0.7045,0.8335,286,107,4.486
forth,144,53,0.487,0.5962,0.8121,0.9043,0.7499,99,62,1.553
must,551,204,1.8636,2.2947,0.8109,0.7461,0.7743,342,114,5.365
played,200,74,0.6764,0.8324,0.8092,0.8038,0.6994,146,78,2.29
busy,205,76,0.6933,0.8549,0.8077,0.857,0.7203,146,72,2.29
drivin,229,85,0.7745,0.9561,0.8071,0.9892,0.7613,148,57,2.322
used,1404,523,4.7485,5.8829,0.8067,0.8331,0.7618,848,154,13.302
where,3410,1273,11.5331,14.3191,0.8052,0.828,0.7911,1731,182,27.153
mean,1133,423,3.832,4.758,0.8048,0.8803,0.8534,717,146,11.247
settle,145,54,0.4904,0.6074,0.8027,0.8647,0.6574,77,53,1.208
amazing,161,60,0.5445,0.6749,0.8026,0.774,0.8027,90,54,1.412
lock,361,135,1.221,1.5185,0.8022,0.7173,1.1587,220,97,3.451
sense,206,77,0.6967,0.8661,0.8012,0.8139,0.762,143,73,2.243
fair,198,74,0.6697,0.8324,0.8011,0.8414,0.6206,109,65,1.71
w,211,79,0.7136,0.8886,0.7999,0.7902,0.7163,181,77,2.839
sleep,960,361,3.2469,4.0606,0.7989,0.7547,0.719,531,125,8.329
write,295,111,0.9977,1.2486,0.7969,0.7492,0.8169,232,96,3.639
may,358,135,1.2108,1.5185,0.7955,0.7716,0.7185,230,74,3.608
day,2884,1090,9.7541,12.2606,0.7953,0.7983,0.765,1426,177,22.369
fill,262,99,0.8861,1.1136,0.7933,0.726,0.8921,171,81,2.682
now,8879,3367,30.0302,37.873,0.7928,0.8086,0.7884,3211,213,50.369
least,272,103,0.9199,1.1586,0.7917,0.7882,0.731,196,91,3.075
funny,361,137,1.221,1.541,0.7905,0.835,0.917,263,103,4.125
right,4867,1852,16.4609,20.8318,0.7901,0.8064,0.7656,2027,206,31.796
said,3525,1342,11.9221,15.0952,0.7896,0.8255,0.7064,1714,183,26.886
take,5558,2117,18.798,23.8126,0.7893,0.7532,0.7843,2482,202,38.933
high,1928,735,6.5208,8.2675,0.7884,0.7058,0.882,1065,160,16.706
fight,763,291,2.5806,3.2733,0.7875,0.7902,0.6527,403,115,6.322
daddy,501,191,1.6945,2.1484,0.7874,0.7673,0.9139,300,101,4.706
asked,215,82,0.7272,0.9224,0.7854,0.6591,0.6893,173,75,2.714
risk,139,53,0.4701,0.5962,0.784,0.5702,0.7219,95,54,1.49
reach,264,101,0.8929,1.1361,0.7836,0.8301,0.6827,174,76,2.729
not,7263,2789,24.5646,31.3715,0.7829,0.7864,0.7958,2903,202,45.537
need,6062,2329,20.5026,26.1973,0.7825,0.6893,0.8537,2466,190,38.682
can't,8078,3104,27.321,34.9147,0.7824,0.7863,0.8085,3185,208,49.961
just,14467,5569,48.9296,62.6417,0.7811,0.7723,0.7863,4307,217,67.561
wake,619,238,2.0936,2.6771,0.781,0.8295,0.7512,346,112,5.427
grow,315,121,1.0654,1.361,0.7808,0.7322,0.6796,212,88,3.325
than,2302,890,7.7857,10.011,0.7775,0.7893,0.8217,1355,179,21.255
somethin,952,369,3.2198,4.1506,0.7751,0.9336,0.8175,517,123,8.11
standin,194,75,0.6561,0.8436,0.7746,0.8608,0.7182,134,78,2.102
weekend,114,44,0.3856,0.4949,0.7737,0.6489,0.6113,65,44,1.02
pink,198,77,0.6697,0.8661,0.7701,0.6792,0.9737,130,57,2.039
stare,116,45,0.3923,0.5062,0.7699,0.6595,0.7375,85,51,1.333
father,259,101,0.876,1.1361,0.7687,0.9518,0.8918,186,81,2.918
tired,480,188,1.6234,2.1147,0.7665,0.7549,0.6658,256,100,4.016
hard,2169,853,7.3359,9.5948,0.7643,0.7435,0.7719,1106,172,17.349
moving,181,71,0.6122,0.7986,0.7633,0.7811,0.8145,122,79,1.914
before,1442,568,4.8771,6.389,0.7629,0.7622,0.7462,938,163,14.714
working,158,62,0.5344,0.6974,0.7625,0.7162,0.7519,124,66,1.945
limit,125,49,0.4228,0.5512,0.7623,0.5922,1.004,99,53,1.553
closed,173,68,0.5851,0.7649,0.7616,0.7039,0.8934,123,59,1.929
as,3873,1530,13.0991,17.2099,0.761,0.7789,0.7252,1782,190,27.953
me,41715,16491,141.0866,185.4956,0.7606,0.7385,0.7743,5668,226,88.91
girl,3662,1449,12.3855,16.2988,0.7597,0.8314,0.7547,1379,167,21.631
care,1010,400,3.416,4.4993,0.7586,0.7846,0.7667,610,133,9.569
why,3360,1332,11.364,14.9827,0.7583,0.7516,0.816,1695,175,26.588
hey,2779,1105,9.399,12.4294,0.756,0.7829,0.7193,731,139,11.467
side,1353,538,4.5761,6.0516,0.7558,0.6881,0.6709,672,141,10.541
all,16999,6763,57.4932,76.0722,0.7557,0.7459,0.744,4685,224,73.49
thoughts,272,108,0.9199,1.2148,0.7552,0.8556,0.7083,181,69,2.839
worth,410,163,1.3867,1.8335,0.7549,0.7936,0.6862,277,98,4.345
other,977,389,3.3044,4.3756,0.7546,0.7664,0.7703,663,140,10.4
barely,181,72,0.6122,0.8099,0.7527,0.86,0.7494,124,70,1.945
it's,13633,5454,46.1089,61.3482,0.7516,0.7649,0.7532,4099,214,64.298
say,5825,2330,19.7011,26.2085,0.7516,0.7712,0.7406,2611,198,40.957
clear,298,119,1.0079,1.3385,0.7511,0.7632,0.7,225,99,3.529
that'll,168,67,0.5682,0.7536,0.7506,0.6176,0.9862,124,60,1.945
sign,340,136,1.1499,1.5298,0.7501,0.7036,0.7729,239,95,3.749
calling,250,100,0.8455,1.1248,0.7495,0.6841,0.5954,145,80,2.275
favorite,342,137,1.1567,1.541,0.749,0.7461,0.7028,233,91,3.655
raise,135,54,0.4566,0.6074,0.7476,0.8077,0.7976,97,61,1.522
hits,167,67,0.5648,0.7536,0.7461,1.043,0.8996,123,73,1.929
ocean,162,65,0.5479,0.7311,0.746,0.6267,0.6212,110,61,1.725
want,6292,2537,21.2805,28.5369,0.7456,0.7092,0.7452,2508,194,39.341
weight,199,80,0.673,0.8999,0.7452,0.691,0.8056,156,85,2.447
cross,335,135,1.133,1.5185,0.7445,0.7349,0.7422,235,100,3.686
sure,763,308,2.5806,3.4645,0.7442,0.7876,0.6972,490,126,7.686
through,3255,1315,11.0089,14.7915,0.7441,0.7559,0.6959,1696,183,26.604
attention,201,81,0.6798,0.9111,0.7434,0.605,0.8853,170,81,2.667
early,149,60,0.5039,0.6749,0.743,0.8074,0.7076,118,67,1.851
rather,442,179,1.4949,2.0134,0.7412,0.7198,0.675,250,102,3.922
blue,790,321,2.6719,3.6107,0.7393,0.8179,0.6559,461,128,7.231
door,757,308,2.5603,3.4645,0.7383,0.7565,0.6248,455,121,7.137
eye,386,157,1.3055,1.766,0.7379,0.7237,0.6977,258,109,4.047
th,678,276,2.2931,3.1045,0.7378,0.8245,0.6399,598,148,9.38
land,317,129,1.0721,1.451,0.7372,0.6803,0.9249,227,102,3.561
hoo,214,87,0.7238,0.9786,0.7371,0.6747,0.869,66,34,1.035
deep,750,306,2.5366,3.442,0.7363,0.7415,0.7131,487,132,7.639
come,4916,2009,16.6267,22.5978,0.7357,0.6808,0.7701,2252,202,35.325
fear,365,149,1.2345,1.676,0.7351,0.703,0.6261,219,94,3.435
until,629,257,2.1274,2.8908,0.7351,0.7725,0.7136,409,119,6.416
mornin,245,100,0.8286,1.1248,0.7345,0.8108,0.6038,111,61,1.741
every,2933,1202,9.9199,13.5204,0.7335,0.7565,0.7132,1533,185,24.047
short,164,67,0.5547,0.7536,0.7328,0.8475,0.6536,125,78,1.961
girls,675,277,2.283,3.1158,0.7319,0.8841,0.7067,328,113,5.145
voice,234,96,0.7914,1.0798,0.7307,0.7535,0.6433,164,72,2.573
winter,127,52,0.4295,0.5849,0.7302,0.6781,0.6442,80,53,1.255
drive,735,303,2.4859,3.4082,0.7287,0.7724,0.7026,443,112,6.949
to,42223,17423,142.8047,195.979,0.7287,0.7229,0.7321,5860,231,91.922
any,645,266,2.1815,2.992,0.7283,0.8401,0.7987,452,132,7.09
when,11431,4722,38.6614,53.1144,0.7278,0.7304,0.7205,3881,216,60.878
stay,2173,898,7.3494,10.101,0.7274,0.7251,0.7774,1180,171,18.51
earth,237,98,0.8016,1.1023,0.725,0.6114,0.8274,165,81,2.588
feet,504,209,1.7046,2.3509,0.7241,0.6959,0.7847,354,115,5.553
future,215,89,0.7272,1.0011,0.724,0.6622,0.6728,150,76,2.353
left,1536,638,5.195,7.1764,0.7236,0.814,0.6997,893,162,14.008
remember,944,392,3.1928,4.4093,0.7236,0.7225,0.6718,587,131,9.208
quiet,176,73,0.5953,0.8211,0.722,0.7816,0.6892,125,70,1.961
crime,154,64,0.5209,0.7199,0.7202,0.6209,0.737,109,64,1.71
grass,115,48,0.3889,0.5399,0.7161,0.8344,0.6785,83,57,1.302
prove,174,73,0.5885,0.8211,0.7139,0.7618,0.738,103,59,1.616
blind,155,65,0.5242,0.7311,0.7138,0.5873,0.7345,124,73,1.945
stayed,162,68,0.5479,0.7649,0.7133,0.614,0.7829,126,65,1.976
push,400,169,1.3529,1.901,0.7105,0.7225,0.8,247,97,3.875
hide,369,156,1.248,1.7547,0.7099,0.6455,0.7106,256,97,4.016
if,9542,4041,32.2725,45.4543,0.7099,0.7397,0.7222,3478,209,54.557
of,17677,7497,59.7863,84.3284,0.7089,0.7206,0.7039,4586,220,71.937
hangin,142,60,0.4803,0.6749,0.7082,0.6596,0.871,116,62,1.82
and,42286,17961,143.0178,202.0305,0.7079,0.704,0.6969,5792,227,90.855
tried,721,306,2.4385,3.442,0.7078,0.7867,0.6543,505,132,7.922
thinking,403,171,1.363,1.9235,0.7074,0.6436,0.6558,242,104,3.796
fault,219,93,0.7407,1.0461,0.7059,0.7159,0.6052,114,55,1.788
boys,655,279,2.2153,3.1383,0.7052,0.6507,0.8305,382,117,5.992
fire,886,378,2.9966,4.2519,0.7042,0.675,0.7423,474,132,7.435
met,508,217,1.7181,2.4409,0.703,0.7017,0.6667,333,110,5.224
sad,365,156,1.2345,1.7547,0.7022,0.6405,0.6852,212,75,3.325
glad,143,61,0.4836,0.6861,0.7016,0.7865,0.589,103,57,1.616
picture,290,124,0.9808,1.3948,0.7016,0.7488,0.6658,229,104,3.592
do,9824,4212,33.2263,47.3778,0.7013,0.714,0.7549,3416,210,53.584
til,1579,678,5.3404,7.6263,0.7,0.7334,0.7118,905,155,14.196
till,370,159,1.2514,1.7885,0.6984,0.6306,0.7803,239,87,3.749
please,1076,463,3.6392,5.208,0.6983,0.6814,0.6686,600,141,9.412
wanna,6826,2940,23.0866,33.07,0.698,0.6957,0.6788,2455,205,38.51
your,18808,8109,63.6116,91.2124,0.6974,0.7024,0.6817,4492,223,70.463
giving,186,80,0.6291,0.8999,0.6966,0.6565,0.7517,136,63,2.133
older,137,59,0.4634,0.6636,0.6949,0.752,0.6487,113,61,1.773
later,234,101,0.7914,1.1361,0.6947,0.6546,1.0568,172,80,2.698
making,402,174,1.3596,1.9572,0.6935,0.6355,0.6656,282,103,4.424
word,508,220,1.7181,2.4746,0.6934,0.6211,0.6973,348,118,5.459
amen,139,60,0.4701,0.6749,0.6933,0.6711,0.5565,55,35,0.863
past,503,218,1.7012,2.4521,0.6929,0.729,0.6329,349,110,5.475
chance,330,143,1.1161,1.6085,0.6925,0.6627,0.6474,238,93,3.733
story,330,143,1.1161,1.6085,0.6925,0.6138,0.7856,243,96,3.812
rest,493,214,1.6674,2.4071,0.6918,0.7694,0.6975,298,103,4.675
cute,120,52,0.4059,0.5849,0.6901,0.7625,0.5741,76,40,1.192
stuck,633,276,2.1409,3.1045,0.6889,0.6225,0.7348,370,118,5.804
about,3416,1492,11.5534,16.7824,0.6883,0.6755,0.7379,1688,186,26.478
laid,115,50,0.3889,0.5624,0.6877,0.647,0.6862,90,55,1.412
one,6832,2993,23.1069,33.6661,0.6863,0.6928,0.7204,2815,216,44.157
hold,2163,948,7.3156,10.6634,0.6858,0.6223,0.717,977,160,15.325
single,249,109,0.8422,1.2261,0.6851,0.6216,0.5934,165,74,2.588
let,5488,2413,18.5613,27.1421,0.6838,0.6406,0.7193,2299,202,36.063
horse,130,57,0.4397,0.6412,0.6824,0.8972,0.4897,70,51,1.098
around,2576,1135,8.7124,12.7668,0.6823,0.629,0.7089,1377,178,21.6
behind,459,202,1.5524,2.2722,0.6823,0.6656,0.6371,337,111,5.286
lesson,114,50,0.3856,0.5624,0.6817,0.8191,0.6405,87,56,1.365
cause,6709,2961,22.6909,33.3062,0.6812,0.6543,0.6874,2883,208,45.224
losin,168,74,0.5682,0.8324,0.6801,0.8697,0.695,112,59,1.757
worry,265,117,0.8963,1.316,0.6794,0.7357,0.6748,174,75,2.729
laugh,213,94,0.7204,1.0573,0.6793,0.6279,0.6231,150,79,2.353
longer,161,71,0.5445,0.7986,0.6792,0.6322,0.706,113,60,1.773
danger,118,52,0.3991,0.5849,0.6787,0.5952,0.3867,43,29,0.675
remind,131,58,0.4431,0.6524,0.6759,0.6899,0.5504,94,54,1.475
explain,122,54,0.4126,0.6074,0.6758,0.5792,0.5298,77,46,1.208
west,261,116,0.8827,1.3048,0.6749,0.6229,0.6405,167,73,2.62
hours,198,88,0.6697,0.9898,0.6744,0.8384,0.5682,124,62,1.945
missin,229,102,0.7745,1.1473,0.6732,0.8564,0.689,149,72,2.337
both,589,263,1.9921,2.9583,0.6727,0.6841,0.5913,375,116,5.882
harder,215,96,0.7272,1.0798,0.6715,0.5552,0.8882,139,66,2.18
needed,235,105,0.7948,1.1811,0.6712,0.6699,0.6417,162,83,2.541
open,648,290,2.1916,3.262,0.6712,0.6068,0.6846,442,129,6.933
shine,427,191,1.4442,2.1484,0.6712,0.6148,0.6984,239,107,3.749
pieces,139,62,0.4701,0.6974,0.6711,0.7923,0.5969,88,46,1.38
jam,121,54,0.4092,0.6074,0.6703,0.5017,1.452,88,50,1.38
screaming,141,63,0.4769,0.7086,0.67,0.5534,0.5461,85,43,1.333
hand,908,408,3.071,4.5893,0.6687,0.6787,0.6475,584,148,9.161
be,14793,6659,50.0322,74.9024,0.6679,0.6407,0.7099,4280,218,67.137
sober,125,56,0.4228,0.6299,0.6679,0.6381,0.5752,86,44,1.349
proud,258,116,0.8726,1.3048,0.6672,0.6342,0.7385,164,79,2.573
saved,118,53,0.3991,0.5962,0.666,0.7039,0.4636,62,40,0.973
saying,275,124,0.9301,1.3948,0.6654,0.6445,0.6768,205,86,3.216
could've,215,97,0.7272,1.0911,0.6646,0.8091,0.775,164,76,2.573
way,5093,2309,17.2253,25.9723,0.6631,0.6462,0.6443,2132,202,33.443
much,1863,846,6.301,9.5161,0.6619,0.646,0.6436,987,160,15.482
times,914,415,3.0913,4.668,0.6618,0.6341,0.6733,530,138,8.314
summer,368,167,1.2446,1.8785,0.6615,0.5878,0.6635,216,89,3.388
hills,172,78,0.5817,0.8774,0.6607,0.6813,0.695,98,55,1.537
thought,1318,600,4.4577,6.749,0.6602,0.707,0.6286,797,148,12.502
fix,174,79,0.5885,0.8886,0.66,0.7035,0.6513,119,62,1.867
everything,1868,851,6.3179,9.5723,0.6598,0.6664,0.644,970,158,15.216
threw,189,86,0.6392,0.9674,0.6587,0.5492,0.7875,153,71,2.4
across,132,60,0.4464,0.6749,0.6585,0.6633,0.5878,101,66,1.584
seein,145,66,0.4904,0.7424,0.6579,0.8698,0.8013,104,58,1.631
o,768,351,2.5975,3.9481,0.6574,0.634,1.2071,371,116,5.82
down,6563,3003,22.1971,33.7786,0.6571,0.636,0.6508,2511,206,39.388
supposed,230,105,0.7779,1.1811,0.6569,0.7033,0.6067,157,78,2.463
meet,437,200,1.478,2.2497,0.6561,0.6613,0.5842,300,114,4.706
knees,319,146,1.0789,1.6423,0.6558,0.6234,0.6747,204,87,3.2
never,6298,2888,21.3008,32.4851,0.6556,0.6372,0.6622,2628,200,41.224
breakin,140,64,0.4735,0.7199,0.655,0.7421,0.8225,109,59,1.71
enemy,116,53,0.3923,0.5962,0.6548,0.4972,0.9752,88,59,1.38
after,782,359,2.6448,4.0381,0.6545,0.658,0.6556,534,135,8.376
spinnin,118,54,0.3991,0.6074,0.6538,0.6374,0.8043,87,49,1.365
being,493,227,1.6674,2.5534,0.6522,0.7142,0.6405,326,115,5.114
message,135,62,0.4566,0.6974,0.6519,0.6071,0.7829,113,67,1.773
missed,148,68,0.5006,0.7649,0.6518,0.5359,0.5917,93,61,1.459
fool,291,134,0.9842,1.5073,0.6517,0.6206,0.6276,204,94,3.2
but,13982,6463,47.2893,72.6977,0.6505,0.6738,0.643,4313,213,67.655
taught,158,73,0.5344,0.8211,0.6484,0.6974,0.6756,118,73,1.851
over,2337,1084,7.9041,12.1931,0.6481,0.6375,0.6644,1205,178,18.902
crowd,147,68,0.4972,0.7649,0.6475,0.6605,0.6669,108,62,1.694
more,3599,1671,12.1724,18.7959,0.6475,0.6129,0.7165,1703,189,26.714
truth,681,316,2.3032,3.5545,0.6474,0.606,0.5829,420,117,6.588
means,250,116,0.8455,1.3048,0.6465,0.7588,0.578,148,71,2.322
mmm,727,338,2.4588,3.8019,0.6462,0.5524,0.5435,193,56,3.027
better,2444,1138,8.266,12.8006,0.6456,0.6616,0.7638,1359,178,21.318
sounds,127,59,0.4295,0.6636,0.6443,0.6291,0.5354,77,48,1.208
happened,240,112,0.8117,1.2598,0.6428,0.6481,0.6196,159,73,2.494
wonder,436,204,1.4746,2.2947,0.6418,0.6515,0.565,265,97,4.157
telling,167,78,0.5648,0.8774,0.6416,0.5963,0.5866,116,55,1.82
hotel,120,56,0.4059,0.6299,0.6413,0.6495,0.6298,76,33,1.192
tree,137,64,0.4634,0.7199,0.641,0.6826,0.686,106,65,1.663
bit,354,167,1.1973,1.8785,0.6364,0.6933,0.6119,224,100,3.514
dancin,212,100,0.717,1.1248,0.6358,0.5203,0.5276,103,54,1.616
shake,734,347,2.4825,3.9032,0.6355,0.5127,0.7403,251,98,3.937
by,2574,1218,8.7057,13.7004,0.6353,0.623,0.6021,1460,185,22.902
scared,524,248,1.7722,2.7896,0.6346,0.6187,0.5472,310,102,4.863
perfect,449,213,1.5186,2.3959,0.6331,0.6009,0.5038,241,90,3.78
reason,534,254,1.8061,2.8571,0.6315,0.5604,0.7222,361,106,5.663
baby,6454,3073,21.8284,34.566,0.6314,0.5955,0.6112,2002,183,31.404
guy,372,177,1.2582,1.9909,0.631,0.6954,0.6304,217,94,3.404
have,3755,1789,12.7,20.1232,0.631,0.634,0.6087,1894,189,29.71
here,3578,1707,12.1013,19.2008,0.6302,0.5906,0.6575,1726,190,27.075
feel,4510,2152,15.2535,24.2063,0.6301,0.6031,0.636,2039,177,31.984
lines,166,79,0.5614,0.8886,0.6297,0.776,0.6021,134,72,2.102
can,7291,3506,24.6593,39.4365,0.6252,0.6048,0.6438,2905,200,45.569
you,72338,34881,244.6583,392.3516,0.6236,0.6073,0.6302,5934,228,93.082
snow,183,88,0.6189,0.9898,0.6234,0.5248,0.5945,135,70,2.118
insane,156,75,0.5276,0.8436,0.6233,0.6079,0.6443,113,57,1.773
time,6262,3030,21.1791,34.0823,0.6214,0.6307,0.5969,2551,207,40.016
couldn't,698,338,2.3607,3.8019,0.6205,0.6433,0.5964,491,135,7.702
beautiful,377,183,1.2751,2.0584,0.6186,0.5656,0.5415,158,70,2.478
secret,177,86,0.5986,0.9674,0.617,0.5545,0.5276,119,59,1.867
try,1687,823,5.7057,9.2573,0.6162,0.6188,0.6544,1021,170,16.016
understand,523,255,1.7689,2.8683,0.6161,0.593,0.6166,331,115,5.192
lie,889,434,3.0067,4.8818,0.6156,0.6056,0.691,484,120,7.592
taste,332,162,1.1229,1.8222,0.6152,0.6198,0.5976,226,89,3.545
hell,1012,495,3.4227,5.5679,0.6144,0.6952,0.6448,636,132,9.976
tryin,410,201,1.3867,2.2609,0.6126,0.6644,0.5465,201,86,3.153
worst,202,99,0.6832,1.1136,0.6119,0.6691,0.5506,134,71,2.102
because,678,333,2.2931,3.7457,0.6117,0.6091,0.6953,468,127,7.341
drown,153,75,0.5175,0.8436,0.6113,0.5718,0.6238,101,50,1.584
own,1043,515,3.5276,5.7929,0.6087,0.613,0.6612,687,149,10.776
yesterday,126,62,0.4262,0.6974,0.6086,0.6088,0.4779,66,41,1.035
changed,306,151,1.0349,1.6985,0.6083,0.6153,0.5776,216,90,3.388
missing,132,65,0.4464,0.7311,0.6082,0.5696,0.6322,103,63,1.616
hair,409,202,1.3833,2.2722,0.608,0.6585,0.5491,284,90,4.455
follow,346,171,1.1702,1.9235,0.6075,0.5043,0.764,214,92,3.357
lies,348,172,1.177,1.9347,0.6075,0.7222,0.596,199,83,3.122
watching,168,83,0.5682,0.9336,0.6068,0.5551,0.5024,123,71,1.929
into,1300,649,4.3968,7.3001,0.6021,0.5994,0.6115,835,158,13.098
great,316,158,1.0688,1.7772,0.6004,0.5684,0.7294,222,97,3.482
faith,166,83,0.5614,0.9336,0.5996,0.4679,0.5281,105,62,1.647
anybody,156,78,0.5276,0.8774,0.5994,0.5171,0.6512,113,61,1.773
waitin,329,165,1.1127,1.856,0.5986,0.6803,0.6275,200,83,3.137
higher,249,125,0.8422,1.406,0.5978,0.5827,0.5937,150,65,2.353
looked,173,87,0.5851,0.9786,0.5962,0.6051,0.4704,125,70,1.961
old,1162,586,3.9301,6.5915,0.596,0.6075,0.5868,740,150,11.608
friend,672,339,2.2728,3.8132,0.5956,0.6074,0.6232,394,116,6.18
band,145,73,0.4904,0.8211,0.5952,0.5946,0.6616,103,58,1.616
part,436,220,1.4746,2.4746,0.5952,0.5992,0.5374,289,107,4.533
ohh,222,112,0.7508,1.2598,0.5947,0.4789,0.6785,57,29,0.894
control,384,194,1.2987,2.1822,0.5944,0.5191,0.5563,228,91,3.576
another,1387,705,4.691,7.93,0.5913,0.5577,0.6281,738,157,11.576
think,3624,1843,12.2569,20.7306,0.5912,0.6078,0.6192,1844,183,28.925
world,1685,858,5.6989,9.651,0.5903,0.6088,0.6176,883,165,13.851
coming,571,291,1.9312,3.2733,0.5895,0.5804,0.587,360,122,5.647
above,186,95,0.6291,1.0686,0.5872,0.5357,0.5171,146,77,2.29
best,1080,553,3.6527,6.2203,0.587,0.5578,0.5906,703,159,11.027
light,1093,560,3.6967,6.299,0.5866,0.5995,0.5406,579,140,9.082
signs,137,70,0.4634,0.7874,0.5864,0.6127,0.529,88,58,1.38
become,135,69,0.4566,0.7761,0.5862,0.5337,0.5427,103,54,1.616
mirror,232,119,0.7847,1.3385,0.585,0.6116,0.505,170,82,2.667
turnin,119,61,0.4025,0.6861,0.5843,0.5778,0.5994,96,54,1.506
almost,218,112,0.7373,1.2598,0.584,0.6149,0.5115,144,66,2.259
looking,552,284,1.8669,3.1945,0.5839,0.5121,0.559,346,125,5.427
choice,115,59,0.3889,0.6636,0.5837,0.5215,0.6508,81,48,1.271
middle,262,135,0.8861,1.5185,0.5825,0.597,0.6162,201,91,3.153
drink,528,273,1.7858,3.0708,0.581,0.5808,0.5404,328,104,5.145
friends,980,507,3.3145,5.7029,0.5809,0.6176,0.5429,618,139,9.694
lose,742,384,2.5096,4.3193,0.5806,0.5768,0.5944,448,132,7.027
hole,180,93,0.6088,1.0461,0.5805,0.5383,0.7367,142,67,2.227
read,266,138,0.8997,1.5523,0.5786,0.695,0.5406,220,91,3.451
ways,325,169,1.0992,1.901,0.5774,0.6058,0.575,194,90,3.043
their,661,345,2.2356,3.8807,0.5757,0.5958,0.5388,427,129,6.698
art,138,72,0.4667,0.8099,0.5744,0.5988,0.6057,111,58,1.741
thing,1546,809,5.2288,9.0999,0.5744,0.6016,0.5773,847,163,13.286
sheets,115,60,0.3889,0.6749,0.574,0.5792,0.607,80,49,1.255
mm,1191,624,4.0281,7.0189,0.5737,0.8616,0.478,317,84,4.973
so,10527,5517,35.6039,62.0568,0.5737,0.566,0.5595,3736,216,58.604
yet,328,172,1.1093,1.9347,0.5726,0.5293,0.5737,226,94,3.545
lost,1144,602,3.8692,6.7715,0.5712,0.5808,0.5357,612,136,9.6
only,2653,1397,8.9729,15.7139,0.5709,0.5547,0.5841,1460,181,22.902
plastic,120,63,0.4059,0.7086,0.5706,0.4842,0.5489,78,46,1.224
called,336,177,1.1364,1.9909,0.57,0.5842,0.4954,252,105,3.953
alive,481,254,1.6268,2.8571,0.5689,0.556,0.4879,223,90,3.498
ends,129,68,0.4363,0.7649,0.5684,0.7038,0.4656,97,53,1.522
help,702,372,2.3743,4.1844,0.5671,0.5204,0.5572,428,118,6.714
suicide,121,64,0.4092,0.7199,0.5664,0.5128,0.595,69,42,1.082
days,832,442,2.814,4.9717,0.5657,0.5924,0.5325,502,135,7.875
wouldn't,521,277,1.7621,3.1158,0.5651,0.6368,0.5731,376,113,5.898
choose,237,126,0.8016,1.4173,0.5645,0.6141,0.4825,150,89,2.353
living,520,277,1.7587,3.1158,0.564,0.4884,0.617,336,108,5.271
ground,446,238,1.5084,2.6771,0.5629,0.5774,0.4734,210,85,3.294
would've,182,97,0.6156,1.0911,0.5628,0.5206,0.5712,123,68,1.929
dust,122,65,0.4126,0.7311,0.5623,0.6002,0.5357,82,57,1.286
leavin,191,102,0.646,1.1473,0.5618,0.5628,0.5036,128,65,2.008
deserve,232,124,0.7847,1.3948,0.5615,0.618,0.4994,152,80,2.384
honest,204,109,0.69,1.2261,0.5615,0.6695,0.5375,128,64,2.008
hear,1126,604,3.8083,6.794,0.5603,0.573,0.5354,705,149,11.059
morning,387,208,1.3089,2.3396,0.5588,0.5352,0.5029,213,102,3.341
burn,377,203,1.2751,2.2834,0.5578,0.6169,0.4979,171,90,2.682
simple,115,62,0.3889,0.6974,0.5557,0.5622,0.5764,84,52,1.318
hurt,589,319,1.9921,3.5882,0.5548,0.5415,0.559,360,113,5.647
home,1527,828,5.1646,9.3136,0.5544,0.5927,0.5414,890,160,13.961
matter,532,289,1.7993,3.2508,0.5531,0.5211,0.5679,347,115,5.443
somebody,632,344,2.1375,3.8694,0.5521,0.6314,0.5423,381,109,5.976
born,268,146,0.9064,1.6423,0.5511,0.5252,0.6033,199,95,3.122
freedom,125,68,0.4228,0.7649,0.5509,0.4179,0.72,96,50,1.506
learn,255,139,0.8624,1.5635,0.5507,0.5458,0.5181,173,82,2.714
walked,211,115,0.7136,1.2936,0.5506,0.4829,0.5234,145,68,2.275
find,1351,739,4.5693,8.3125,0.5495,0.5605,0.5154,733,155,11.498
hope,1074,588,3.6324,6.614,0.549,0.5459,0.5435,654,139,10.259
should've,257,141,0.8692,1.586,0.5472,0.6009,0.5695,164,75,2.573
miss,866,476,2.9289,5.3542,0.5468,0.5436,0.5768,446,122,6.996
should,1207,664,4.0823,7.4689,0.5464,0.5634,0.5576,692,147,10.855
gone,1035,571,3.5005,6.4228,0.5448,0.6085,0.5255,603,144,9.459
dance,741,409,2.5062,4.6006,0.5445,0.6494,0.5433,328,118,5.145
believe,917,507,3.1014,5.7029,0.5436,0.5042,0.5374,559,135,8.769
magic,243,135,0.8219,1.5185,0.5403,0.6005,0.5703,147,83,2.306
less,304,169,1.0282,1.901,0.5402,0.55,0.5999,224,95,3.514
instead,178,99,0.602,1.1136,0.5394,0.525,0.5409,135,74,2.118
learned,158,88,0.5344,0.9898,0.5385,0.532,0.4891,124,79,1.945
true,700,392,2.3675,4.4093,0.5366,0.5065,0.5169,391,120,6.133
trees,148,83,0.5006,0.9336,0.5347,0.5446,0.4517,107,61,1.678
saw,507,285,1.7148,3.2058,0.5345,0.6134,0.4442,357,112,5.6
whoa,393,221,1.3292,2.4859,0.5342,0.4225,0.6775,92,45,1.443
moon,277,156,0.9369,1.7547,0.5332,0.5254,0.4193,150,67,2.353
seem,216,122,0.7305,1.3723,0.5314,0.4613,0.4468,147,70,2.306
breaking,145,82,0.4904,0.9224,0.5303,0.4287,0.6157,94,52,1.475
dress,176,100,0.5953,1.1248,0.5281,0.636,0.4624,133,65,2.086
last,1356,773,4.5862,8.6949,0.5273,0.5653,0.5435,745,149,11.686
good,3010,1723,10.1803,19.3808,0.5252,0.5853,0.5227,1411,186,22.133
grace,119,68,0.4025,0.7649,0.5245,0.6585,0.5191,68,42,1.067
skin,275,158,0.9301,1.7772,0.5226,0.4987,0.5875,205,93,3.216
wrote,181,104,0.6122,1.1698,0.5222,0.5588,0.4708,152,73,2.384
running,439,253,1.4848,2.8458,0.5213,0.548,0.5731,262,91,4.11
long,1679,970,5.6786,10.9108,0.5203,0.5503,0.5238,899,162,14.102
sunday,156,90,0.5276,1.0123,0.52,0.4871,0.4581,81,51,1.271
it'll,211,122,0.7136,1.3723,0.5191,0.5776,0.5077,143,64,2.243
sorry,520,301,1.7587,3.3857,0.5191,0.5292,0.4851,276,92,4.329
window,245,142,0.8286,1.5973,0.518,0.5284,0.4415,162,81,2.541
once,511,297,1.7283,3.3407,0.517,0.552,0.4498,351,108,5.506
myself,1241,723,4.1973,8.1325,0.516,0.4871,0.4834,630,139,9.882
break,956,557,3.2333,6.2653,0.5159,0.5332,0.528,575,142,9.02
wrong,998,582,3.3754,6.5465,0.5154,0.5399,0.5262,576,143,9.035
am,1681,982,5.6854,11.0458,0.5146,0.5224,0.508,862,148,13.522
save,387,226,1.3089,2.5421,0.5144,0.523,0.4743,262,107,4.11
trouble,161,94,0.5445,1.0573,0.5139,0.4511,0.5159,111,63,1.741
hour,142,83,0.4803,0.9336,0.5131,0.5,0.5115,97,61,1.522
child,239,140,0.8083,1.5748,0.5126,0.4594,0.5129,157,72,2.463
needs,186,109,0.6291,1.2261,0.5121,0.4913,0.4159,91,48,1.427
self,172,101,0.5817,1.1361,0.511,0.4979,0.5045,141,80,2.212
without,802,473,2.7125,5.3204,0.5096,0.495,0.5506,526,136,8.251
enough,1078,636,3.646,7.1539,0.5095,0.5225,0.4983,527,142,8.267
change,972,574,3.2875,6.4565,0.509,0.5025,0.5146,605,153,9.49
very,235,139,0.7948,1.5635,0.5076,0.459,0.484,176,99,2.761
carry,147,87,0.4972,0.9786,0.5069,0.514,0.5086,121,79,1.898
yourself,452,268,1.5287,3.0145,0.5067,0.4795,0.4777,275,110,4.314
could,3043,1807,10.2919,20.3257,0.5063,0.496,0.54,1582,174,24.816
holdin,162,96,0.5479,1.0798,0.5063,0.5445,0.4816,121,70,1.898
second,325,193,1.0992,2.1709,0.5058,0.4778,0.5413,235,97,3.686
wine,205,122,0.6933,1.3723,0.5044,0.5143,0.4587,111,58,1.741
sing,338,202,1.1432,2.2722,0.5026,0.46,0.4039,196,91,3.075
waste,226,135,0.7644,1.5185,0.5026,0.4781,0.4613,124,65,1.945
fade,169,101,0.5716,1.1361,0.5021,0.487,0.5388,109,56,1.71
scream,117,70,0.3957,0.7874,0.5011,0.4115,0.509,91,52,1.427
twice,242,145,0.8185,1.631,0.5011,0.4706,0.7414,188,91,2.949
tight,316,190,1.0688,2.1372,0.4996,0.4668,0.5521,221,89,3.467
weather,133,80,0.4498,0.8999,0.4986,0.4938,0.5443,100,57,1.569
hands,908,548,3.071,6.1641,0.498,0.5045,0.4746,535,140,8.392
breathe,328,198,1.1093,2.2272,0.4976,0.4228,0.5583,169,80,2.651
dying,114,69,0.3856,0.7761,0.4954,0.4644,0.4632,92,48,1.443
places,127,77,0.4295,0.8661,0.4947,0.481,0.4795,96,54,1.506
knew,729,443,2.4656,4.983,0.4946,0.4719,0.4754,495,135,7.765
mind,2037,1241,6.8894,13.9591,0.4935,0.4715,0.4768,1020,172,16.0
sitting,143,87,0.4836,0.9786,0.4931,0.442,0.4205,117,70,1.835
rain,497,304,1.6809,3.4195,0.4913,0.4968,0.5226,281,105,4.408
town,610,375,2.0631,4.2181,0.4889,0.4819,0.4499,372,121,5.835
lying,123,76,0.416,0.8549,0.4854,0.4175,0.482,95,56,1.49
party,805,499,2.7226,5.6129,0.4849,0.3916,0.5899,389,113,6.102
worse,121,75,0.4092,0.8436,0.4839,0.5776,0.4537,80,49,1.255
song,682,424,2.3066,4.7693,0.4834,0.5037,0.4612,419,125,6.573
pretty,574,357,1.9414,4.0156,0.4832,0.5312,0.4649,328,102,5.145
showed,199,124,0.673,1.3948,0.4818,0.4574,0.5491,147,78,2.306
calls,130,81,0.4397,0.9111,0.4815,0.6143,0.4464,88,56,1.38
won't,2263,1413,7.6538,15.8938,0.4815,0.4452,0.4874,1176,163,18.447
walking,154,96,0.5209,1.0798,0.4814,0.4945,0.4544,114,65,1.788
trying,354,222,1.1973,2.4971,0.4791,0.4086,0.4759,225,95,3.529
mother,215,135,0.7272,1.5185,0.4782,0.3826,0.5339,171,85,2.682
didn't,1048,659,3.5445,7.4126,0.478,0.5062,0.4432,658,148,10.322
shouldn't,164,104,0.5547,1.1698,0.4733,0.5197,0.4746,107,60,1.678
losing,134,85,0.4532,0.9561,0.473,0.4171,0.4147,90,48,1.412
da,1112,707,3.761,7.9525,0.4728,0.4903,0.5422,158,75,2.478
fallin,222,141,0.7508,1.586,0.4728,0.6057,0.434,126,65,1.976
mess,170,108,0.575,1.2148,0.4725,0.4892,0.4329,113,69,1.773
dream,510,326,1.7249,3.6669,0.4701,0.4816,0.4296,308,114,4.831
who's,349,224,1.1804,2.5196,0.4681,0.6158,0.5016,195,94,3.059
wide,145,93,0.4904,1.0461,0.4679,0.5285,0.5283,104,58,1.631
sh,127,82,0.4295,0.9224,0.4647,0.7615,0.5866,101,60,1.584
plans,142,92,0.4803,1.0348,0.4632,0.4163,0.4729,104,62,1.631
rush,140,91,0.4735,1.0236,0.4617,0.3793,0.5368,109,59,1.71
between,294,192,0.9944,2.1597,0.46,0.4614,0.4281,222,103,3.482
stuff,183,120,0.6189,1.3498,0.4579,0.3718,0.6555,139,69,2.18
guess,784,516,2.6516,5.8041,0.4567,0.56,0.4296,468,125,7.341
alright,679,449,2.2965,5.0505,0.4545,0.4391,0.4491,320,103,5.02
gimme,192,127,0.6494,1.4285,0.454,0.4498,0.4873,87,52,1.365
yours,312,207,1.0552,2.3284,0.4528,0.5275,0.502,176,84,2.761
share,140,93,0.4735,1.0461,0.4518,0.4141,0.5802,117,63,1.835
always,1928,1284,6.5208,14.4428,0.4514,0.4652,0.4615,1066,164,16.722
fun,383,255,1.2954,2.8683,0.4513,0.412,0.4682,232,97,3.639
lead,192,128,0.6494,1.4398,0.4504,0.447,0.6514,151,74,2.369
anything,569,380,1.9244,4.2744,0.45,0.4425,0.4269,324,117,5.082
jesus,295,197,0.9977,2.2159,0.4499,0.4403,0.5167,136,63,2.133
under,504,338,1.7046,3.8019,0.4481,0.4325,0.511,376,123,5.898
bye,265,178,0.8963,2.0022,0.4472,0.5689,0.5734,87,49,1.365
late,425,286,1.4374,3.217,0.4466,0.4638,0.451,301,106,4.722
glass,196,132,0.6629,1.4848,0.4459,0.5115,0.4052,132,65,2.071
fall,1061,716,3.5885,8.0538,0.4455,0.474,0.4721,546,131,8.565
lay,442,299,1.4949,3.3632,0.4442,0.4239,0.5594,301,110,4.722
bottle,251,170,0.8489,1.9122,0.4435,0.4679,0.4663,156,83,2.447
sometimes,613,416,2.0733,4.6793,0.4429,0.4505,0.4377,310,101,4.863
mistakes,121,82,0.4092,0.9224,0.4428,0.4465,0.3847,89,47,1.396
those,518,352,1.752,3.9594,0.4423,0.3991,0.4761,362,122,5.678
known,253,172,0.8557,1.9347,0.4419,0.4755,0.4198,156,84,2.447
wanted,493,337,1.6674,3.7907,0.4397,0.4239,0.4134,321,107,5.035
everyone,237,162,0.8016,1.8222,0.4395,0.4334,0.3846,151,63,2.369
ooh,6017,4117,20.3504,46.3092,0.4394,0.4353,0.4704,1182,150,18.541
train,117,80,0.3957,0.8999,0.4389,0.44,0.3808,85,55,1.333
drinkin,187,128,0.6325,1.4398,0.4387,0.4701,0.4842,125,60,1.961
tomorrow,238,163,0.805,1.8335,0.4386,0.3976,0.4632,156,76,2.447
happy,490,336,1.6573,3.7794,0.4383,0.4392,0.4123,236,88,3.702
dark,532,365,1.7993,4.1056,0.4381,0.4654,0.426,339,113,5.318
our,1376,945,4.6538,10.6296,0.4377,0.4197,0.4051,715,159,11.216
place,714,493,2.4149,5.5454,0.4353,0.4547,0.4073,470,130,7.373
songs,226,156,0.7644,1.7547,0.4352,0.4383,0.3993,164,80,2.573
road,515,356,1.7418,4.0044,0.4348,0.4962,0.4139,337,107,5.286
dreams,419,291,1.4171,3.2733,0.4327,0.4589,0.4111,253,93,3.969
end,891,625,3.0135,7.0302,0.4285,0.4639,0.4323,582,142,9.129
fine,537,377,1.8162,4.2406,0.4281,0.5151,0.4191,312,108,4.894
closer,162,114,0.5479,1.2823,0.4267,0.4267,0.3024,83,55,1.302
sun,501,353,1.6945,3.9706,0.4266,0.4345,0.352,292,107,4.58
small,197,139,0.6663,1.5635,0.4257,0.4015,0.4479,144,84,2.259
ever,2009,1425,6.7947,16.0288,0.4239,0.3846,0.4894,1061,161,16.643
love,7943,5636,26.8645,63.3954,0.4237,0.4099,0.4546,2529,190,39.671
close,684,486,2.3134,5.4667,0.4231,0.3963,0.4407,438,115,6.871
meant,219,156,0.7407,1.7547,0.4217,0.4562,0.5288,152,65,2.384
sky,540,385,1.8264,4.3306,0.4216,0.4127,0.3659,272,102,4.267
here's,147,105,0.4972,1.1811,0.4204,0.7553,0.3819,94,48,1.475
view,138,99,0.4667,1.1136,0.4185,0.3857,0.4562,104,70,1.631
would,1849,1329,6.2536,14.949,0.4183,0.3898,0.4624,998,163,15.655
feeling,699,503,2.3641,5.6579,0.4177,0.3929,0.4105,399,122,6.259
drunk,212,153,0.717,1.721,0.4163,0.447,0.4129,160,78,2.51
far,541,391,1.8297,4.3981,0.4159,0.4157,0.4121,320,111,5.02
words,344,249,1.1635,2.8008,0.4152,0.4025,0.3633,249,87,3.906
touch,606,439,2.0496,4.938,0.4149,0.3749,0.4547,387,117,6.071
lives,148,108,0.5006,1.2148,0.4115,0.3743,0.4891,115,61,1.804
forget,487,357,1.6471,4.0156,0.41,0.4026,0.3197,267,103,4.188
easy,446,327,1.5084,3.6782,0.4099,0.3993,0.3923,235,101,3.686
will,1881,1391,6.3618,15.6464,0.4066,0.3804,0.3882,953,164,14.949
lights,443,328,1.4983,3.6894,0.4059,0.4353,0.3608,231,106,3.624
happen,222,165,0.7508,1.856,0.4042,0.3348,0.4589,158,78,2.478
goes,408,304,1.3799,3.4195,0.4034,0.4007,0.344,210,76,3.294
isn't,218,163,0.7373,1.8335,0.4018,0.4664,0.4253,157,57,2.463
mine,1006,763,3.4024,8.5824,0.3964,0.391,0.4034,539,142,8.455
something,900,684,3.0439,7.6938,0.3956,0.3662,0.3717,528,133,8.282
there,2119,1615,7.1668,18.166,0.3945,0.3791,0.381,1072,166,16.816
well,1091,834,3.6899,9.3811,0.3933,0.4301,0.3875,688,157,10.792
forgive,161,126,0.5445,1.4173,0.3839,0.3861,0.4223,106,59,1.663
lucky,142,112,0.4803,1.2598,0.3809,0.4261,0.4661,102,61,1.6
again,1707,1350,5.7733,15.1852,0.3802,0.419,0.4274,717,144,11.247
eyes,1095,868,3.7035,9.7635,0.3793,0.3816,0.3631,694,149,10.886
holding,128,102,0.4329,1.1473,0.377,0.3723,0.3889,92,54,1.443
kiss,467,374,1.5795,4.2069,0.3754,0.3573,0.3393,292,103,4.58
such,215,173,0.7272,1.946,0.3735,0.353,0.3753,139,65,2.18
leaving,140,113,0.4735,1.2711,0.3722,0.3117,0.2989,75,53,1.176
each,236,191,0.7982,2.1484,0.3713,0.3691,0.365,173,82,2.714
felt,317,257,1.0721,2.8908,0.3707,0.3814,0.3559,206,82,3.231
little,1403,1140,4.7452,12.8231,0.37,0.3636,0.3811,747,167,11.718
bed,456,371,1.5423,4.1731,0.3695,0.4312,0.3556,313,110,4.91
found,464,379,1.5693,4.2631,0.368,0.4306,0.3761,327,114,5.129
lovin,189,155,0.6392,1.7435,0.3664,0.4379,0.3818,118,63,1.851
are,2625,2177,8.8782,24.4875,0.3625,0.3702,0.3637,1282,168,20.11
holy,171,142,0.5783,1.5973,0.3619,0.3144,0.4417,105,57,1.647
he's,458,381,1.549,4.2856,0.3614,0.4532,0.3463,246,93,3.859
promise,355,296,1.2007,3.3295,0.3605,0.3557,0.441,226,81,3.545
gets,270,226,0.9132,2.5421,0.3591,0.3605,0.3487,191,82,2.996
loves,120,101,0.4059,1.1361,0.357,0.4077,0.3216,45,30,0.706
i'll,2602,2195,8.8004,24.69,0.3564,0.3706,0.3603,1340,178,21.02
woman,256,216,0.8658,2.4296,0.3562,0.3838,0.3576,144,73,2.259
things,1046,884,3.5377,9.9435,0.3558,0.3406,0.3393,619,140,9.71
falling,201,171,0.6798,1.9235,0.3533,0.3308,0.2869,68,41,1.067
angel,121,103,0.4092,1.1586,0.353,0.4372,0.3186,86,46,1.349
stars,405,345,1.3698,3.8807,0.3529,0.3471,0.3566,243,92,3.812
alone,880,752,2.9763,8.4587,0.3518,0.3377,0.3013,398,111,6.243
forever,839,718,2.8376,8.0763,0.3513,0.4299,0.4256,361,119,5.663
heart,1639,1408,5.5434,15.8376,0.35,0.359,0.3461,880,143,13.804
else,509,438,1.7215,4.9268,0.3494,0.3304,0.3229,265,106,4.157
along,191,165,0.646,1.856,0.3479,0.3427,0.3227,125,62,1.961
nights,283,245,0.9571,2.7558,0.3472,0.3517,0.3567,194,85,3.043
lips,208,181,0.7035,2.0359,0.3454,0.3001,0.3229,134,66,2.102
has,372,327,1.2582,3.6782,0.342,0.335,0.3691,243,84,3.812
heaven,307,270,1.0383,3.037,0.3418,0.3547,0.4164,199,83,3.122
country,226,201,0.7644,2.2609,0.338,0.327,0.3885,136,80,2.133
they're,329,294,1.1127,3.307,0.3364,0.3411,0.3151,219,75,3.435
wish,851,764,2.8782,8.5937,0.3349,0.3348,0.3581,457,127,7.169
smile,321,291,1.0857,3.2733,0.3316,0.2999,0.2656,182,83,2.855
apart,215,195,0.7272,2.1934,0.3314,0.3417,0.2959,118,56,1.851
tears,276,251,0.9335,2.8233,0.3306,0.3222,0.3153,184,89,2.886
together,413,377,1.3968,4.2406,0.3294,0.3157,0.3612,255,105,4.0
christmas,191,175,0.646,1.9685,0.3281,0.2691,0.3546,86,51,1.349
nothing,959,888,3.2435,9.9885,0.3247,0.2811,0.3586,544,137,8.533
away,1522,1413,5.1476,15.8938,0.3239,0.2951,0.3226,683,138,10.714
ah,2579,2417,8.7226,27.1871,0.3208,0.34,0.4064,788,136,12.361
oh,9141,8589,30.9163,96.6116,0.32,0.3023,0.3088,2011,177,31.545
kinda,281,265,0.9504,2.9808,0.3188,0.3284,0.3515,208,77,3.263
sweet,398,377,1.3461,4.2406,0.3174,0.3454,0.3266,228,99,3.576
bar,200,190,0.6764,2.1372,0.3165,0.4093,0.3302,136,80,2.133
she's,632,607,2.1375,6.8277,0.3131,0.327,0.2801,292,91,4.58
i've,1726,1662,5.8376,18.6947,0.3123,0.3086,0.281,858,146,13.459
waiting,269,261,0.9098,2.9358,0.3099,0.2689,0.2691,148,78,2.322
hearts,115,112,0.3889,1.2598,0.3087,0.2854,0.2911,80,53,1.255
wants,153,151,0.5175,1.6985,0.3047,0.3085,0.2634,85,47,1.333
seems,132,131,0.4464,1.4735,0.303,0.2967,0.2441,88,50,1.38
kind,307,307,1.0383,3.4532,0.3007,0.3125,0.3005,219,101,3.435
la,1974,2019,6.6764,22.7103,0.294,0.3099,0.2714,255,90,4.0
moment,206,211,0.6967,2.3734,0.2936,0.2667,0.2798,147,70,2.306
there's,1061,1088,3.5885,12.2381,0.2932,0.2887,0.2564,567,132,8.894
we'll,391,401,1.3224,4.5106,0.2932,0.2736,0.2835,219,93,3.435
anyway,137,141,0.4634,1.586,0.2922,0.3616,0.2807,84,57,1.318
wild,322,332,1.0891,3.7344,0.2916,0.3303,0.3231,169,92,2.651
standing,127,131,0.4295,1.4735,0.2915,0.281,0.2981,99,58,1.553
night,1871,1931,6.328,21.7204,0.2913,0.2759,0.3046,945,160,14.824
somewhere,210,221,0.7103,2.4859,0.2857,0.3404,0.3151,138,64,2.165
blame,233,251,0.788,2.8233,0.2792,0.2527,0.2981,133,76,2.086
maybe,641,698,2.168,7.8513,0.2761,0.2773,0.2539,317,97,4.973
nowhere,146,161,0.4938,1.811,0.2728,0.2912,0.3144,110,71,1.725
cry,446,492,1.5084,5.5342,0.2726,0.2608,0.2948,266,94,4.173
bright,145,161,0.4904,1.811,0.2709,0.2588,0.2842,104,63,1.631
takes,140,156,0.4735,1.7547,0.2699,0.2525,0.3386,114,65,1.788
i'd,942,1070,3.186,12.0357,0.2647,0.2721,0.2489,501,122,7.859
you'll,497,566,1.6809,6.3665,0.2641,0.262,0.2539,327,112,5.129
looks,132,151,0.4464,1.6985,0.263,0.2494,0.2476,85,55,1.333
knows,315,363,1.0654,4.0831,0.261,0.275,0.237,187,72,2.933
pretend,139,163,0.4701,1.8335,0.2565,0.2813,0.2727,82,46,1.286
does,254,298,0.8591,3.352,0.2564,0.2531,0.2821,160,69,2.51
clique,117,138,0.3957,1.5523,0.2551,0.1698,0.6177,76,51,1.192
breath,178,211,0.602,2.3734,0.2538,0.2627,0.2866,141,74,2.212
shame,129,154,0.4363,1.7322,0.252,0.2168,0.2959,95,54,1.49
someone,427,524,1.4442,5.8941,0.2451,0.2591,0.2179,251,85,3.937
feels,298,372,1.0079,4.1844,0.2409,0.2473,0.2098,172,54,2.698
empty,130,163,0.4397,1.8335,0.24,0.2357,0.2844,114,66,1.788
wind,173,221,0.5851,2.4859,0.2355,0.2457,0.1655,90,59,1.412
loving,122,157,0.4126,1.766,0.2339,0.2246,0.2074,47,34,0.737
tonight,702,910,2.3743,10.2359,0.232,0.211,0.2061,250,95,3.922
comes,254,330,0.8591,3.7119,0.2315,0.2204,0.2623,181,83,2.839
lonely,388,505,1.3123,5.6804,0.2311,0.1886,0.2248,146,67,2.29
gonna,1265,1668,4.2784,18.7621,0.2281,0.2281,0.2284,642,149,10.071
babe,325,444,1.0992,4.9942,0.2202,0.2053,0.2076,126,56,1.976
arms,146,201,0.4938,2.2609,0.2186,0.2176,0.1885,88,58,1.38
na,1014,1398,3.4295,15.7251,0.2181,0.248,0.2557,96,37,1.506
finally,217,300,0.7339,3.3745,0.2176,0.2043,0.2491,164,64,2.573
afraid,129,180,0.4363,2.0247,0.2157,0.1903,0.2229,90,45,1.412
we've,134,190,0.4532,2.1372,0.2123,0.2125,0.1977,92,58,1.443
you're,2826,4186,9.558,47.0853,0.203,0.2072,0.1948,1145,168,17.961
anymore,153,232,0.5175,2.6096,0.1985,0.2013,0.1781,59,34,0.925
doesn't,125,205,0.4228,2.3059,0.1836,0.1868,0.1726,95,57,1.49
broken,155,258,0.5242,2.9021,0.1809,0.1712,0.1716,119,69,1.867
anyone,118,197,0.3991,2.2159,0.1804,0.1921,0.1897,76,43,1.192
loved,166,279,0.5614,3.1383,0.1791,0.1796,0.1779,110,62,1.725
honey,128,231,0.4329,2.5984,0.1669,0.1539,0.1703,82,61,1.286
were,613,1109,2.0733,12.4744,0.1663,0.1678,0.1536,398,120,6.243
you've,289,539,0.9774,6.0628,0.1613,0.1558,0.1389,154,68,2.416
we're,562,1145,1.9008,12.8793,0.1477,0.1425,0.1575,332,109,5.208
makes,147,359,0.4972,4.0381,0.1234,0.1242,0.1253,105,56,1.647
you'd,133,416,0.4498,4.6793,0.0964,0.1127,0.099,110,68,1.725
