word,rap_count,other_count,rap_per_10k,other_per_10k,ratio,year_matched_ratio,unique_line_ratio,rap_songs,rap_artists,rap_song_pct
rappers,1531,0,1.8965,0.0,447.5625,42.9052,325.5315,1136,181,7.66
dogg,1065,0,1.3193,0.0,311.3796,29.8459,207.9187,429,94,2.893
bitches,6686,3,8.2822,0.0254,279.1499,125.2498,184.1565,3324,214,22.413
mayne,950,0,1.1768,0.0,277.7722,26.6231,186.3903,455,90,3.068
squad,939,0,1.1632,0.0,274.5576,26.3148,184.3508,601,143,4.052
gat,923,0,1.1434,0.0,269.8818,25.8665,179.1387,669,146,4.511
tech,815,0,1.0096,0.0,238.3201,22.8398,149.6788,376,110,2.535
feds,792,0,0.9811,0.0,231.5986,22.1953,169.8475,667,147,4.497
niggas,36606,23,45.3453,0.195,227.613,203.6044,187.2387,8565,230,57.751
rep,761,0,0.9427,0.0,222.5393,21.3265,148.5457,554,163,3.735
kush,671,0,0.8312,0.0,196.2378,18.8043,133.1359,454,108,3.061
nuttin,654,0,0.8101,0.0,191.2698,18.3279,138.8013,461,140,3.108
soulja,608,0,0.7532,0.0,177.8268,17.0388,102.9962,180,35,1.214
balls,581,0,0.7197,0.0,169.9364,16.2821,118.406,476,161,3.209
dick,3943,3,4.8844,0.0254,164.6344,69.2936,114.3269,2310,206,15.575
homey,551,0,0.6825,0.0,161.1693,15.4414,113.6471,367,116,2.475
blunts,524,0,0.6491,0.0,153.2788,14.6847,101.6365,395,132,2.663
betta,522,0,0.6466,0.0,152.6944,14.6287,98.9172,311,109,2.097
snitch,512,0,0.6342,0.0,149.772,14.3485,106.8487,389,123,2.623
muthafuckin,510,0,0.6318,0.0,149.1875,14.2924,96.4244,259,106,1.746
muthafucka,502,0,0.6218,0.0,146.8496,14.0682,87.5865,242,97,1.632
raps,501,0,0.6206,0.0,146.5574,14.0402,104.3559,397,147,2.677
mane,1488,1,1.8432,0.0085,144.9988,34.5408,95.0647,559,89,3.769
chopper,491,0,0.6082,0.0,143.635,13.7599,87.1332,297,77,2.003
dome,466,0,0.5773,0.0,136.329,13.0593,99.597,401,139,2.704
stunt,466,0,0.5773,0.0,136.329,13.0593,87.1332,295,99,1.989
slugs,448,0,0.555,0.0,131.0688,12.5549,91.4389,373,116,2.515
nigga,46493,52,57.5927,0.4408,129.4016,113.4572,101.5805,9292,237,62.653
hella,434,0,0.5376,0.0,126.9774,12.1626,88.0397,306,103,2.063
pussy,3890,4,4.8187,0.0339,126.328,63.453,79.0255,1814,195,12.231
motherfuckin,2141,2,2.6521,0.017,125.1655,43.3619,82.193,1117,172,7.532
cocked,412,0,0.5104,0.0,120.5482,11.546,78.5219,315,127,2.124
aiyyo,406,0,0.5029,0.0,118.7948,11.3779,83.5074,254,77,1.713
ima,401,0,0.4967,0.0,117.3336,11.2378,86.0002,221,93,1.49
motherfucking,1201,1,1.4877,0.0085,117.0413,27.8787,81.8456,650,153,4.383
mixtape,399,0,0.4943,0.0,116.7491,11.1817,88.9461,290,80,1.955
dutch,397,0,0.4918,0.0,116.1646,11.1257,65.1516,215,85,1.45
geah,397,0,0.4918,0.0,116.1646,11.1257,72.6299,108,34,0.728
grams,394,0,0.4881,0.0,115.2879,11.0416,78.5219,292,107,1.969
flocka,391,0,0.4843,0.0,114.4112,10.9575,61.979,91,7,0.614
goons,390,0,0.4831,0.0,114.1189,10.9295,75.5759,283,88,1.908
gotti,383,0,0.4744,0.0,112.0733,10.7333,83.5074,230,77,1.551
cowards,382,0,0.4732,0.0,111.781,10.7053,71.2702,274,96,1.847
phantom,378,0,0.4682,0.0,110.6121,10.5932,77.6154,306,94,2.063
gangsters,374,0,0.4633,0.0,109.4431,10.4811,59.4863,183,93,1.234
pimps,367,0,0.4546,0.0,107.3975,10.2849,63.7919,238,97,1.605
dipset,360,0,0.4459,0.0,105.3518,10.0888,58.3532,140,25,0.944
waka,353,0,0.4373,0.0,103.3061,9.8926,51.1015,90,6,0.607
mc's,345,0,0.4274,0.0,100.9682,9.6684,74.6694,264,100,1.78
goose,340,0,0.4212,0.0,99.507,9.5283,61.5258,224,112,1.51
nina,337,0,0.4175,0.0,98.6303,9.4442,59.9395,199,75,1.342
large,336,0,0.4162,0.0,98.3381,9.4162,70.3638,280,117,1.888
tat,327,0,0.4051,0.0,95.708,9.164,57.4467,128,74,0.863
icey,324,0,0.4014,0.0,94.8312,9.0799,63.1121,161,44,1.086
powder,315,0,0.3902,0.0,92.2011,8.8277,65.1516,258,111,1.74
smokin,1547,2,1.9163,0.017,90.4477,31.6377,60.9819,1025,178,6.911
hustlin,842,1,1.043,0.0085,82.0702,20.0042,43.5477,414,125,2.791
beef,1965,3,2.4341,0.0254,82.0563,35.8605,57.123,1389,190,9.366
dawg,1286,2,1.593,0.017,75.1928,26.5774,53.8209,754,149,5.084
hoes,6872,13,8.5126,0.1102,74.3854,57.6783,138.5243,3180,210,21.442
clique,758,1,0.939,0.0085,73.8875,18.0563,50.7994,562,148,3.789
coupe,732,1,0.9068,0.0085,71.3548,17.8111,51.7058,621,133,4.187
bustin,725,1,0.8981,0.0085,70.6729,17.2702,49.4397,545,157,3.675
motherfuckers,1682,3,2.0836,0.0254,70.2415,31.443,49.6447,1105,177,7.451
rappin,711,1,0.8807,0.0085,69.3091,17.3001,50.8749,600,166,4.046
nigga's,668,1,0.8275,0.0085,65.1204,14.971,44.6053,454,144,3.061
sellin,649,1,0.8039,0.0085,63.2695,15.4598,44.3031,520,154,3.506
pimpin,1505,3,1.8643,0.0254,62.852,27.5225,39.091,758,159,5.111
gangstas,639,1,0.7916,0.0085,62.2954,15.1813,36.8248,360,110,2.427
cali,636,1,0.7878,0.0085,62.0032,15.1505,43.2456,455,147,3.068
wack,598,1,0.7408,0.0085,58.3015,14.2452,40.7528,446,137,3.007
compton,596,1,0.7383,0.0085,58.1067,14.152,39.7708,305,70,2.057
murda,596,1,0.7383,0.0085,58.1067,14.1973,27.0804,152,62,1.025
gang,1318,3,1.6327,0.0254,55.0451,23.1771,34.5587,802,159,5.408
mack,925,2,1.1458,0.017,54.0933,19.1167,39.1363,684,165,4.612
pac,925,2,1.1458,0.017,54.0933,19.4619,39.9068,701,153,4.727
unit,925,2,1.1458,0.017,54.0933,19.0725,33.7882,445,78,3.0
weed,2923,8,3.6208,0.0678,50.2563,33.2184,31.9193,1769,202,11.928
wu,503,1,0.6231,0.0085,49.0473,11.9502,31.235,217,50,1.463
rapper,1170,3,1.4493,0.0254,48.8664,20.6087,34.8501,855,176,5.765
snoop,824,2,1.0207,0.017,48.19,17.0291,33.199,395,100,2.663
southside,488,1,0.6045,0.0085,47.5861,10.9369,27.0049,277,77,1.868
ballin,1120,3,1.3874,0.0254,46.779,19.6814,27.3718,628,151,4.234
g's,1100,3,1.3626,0.0254,45.944,18.6771,33.0695,821,160,5.536
hoe,1383,4,1.7132,0.0339,44.9235,21.0058,28.6919,636,140,4.288
finna,759,2,0.9402,0.017,44.391,15.0369,31.658,516,114,3.479
nuts,757,2,0.9377,0.017,44.2741,14.5533,31.5221,598,154,4.032
gats,451,1,0.5587,0.0085,43.9818,10.7148,31.6127,379,135,2.555
d's,425,1,0.5265,0.0085,41.4491,9.2222,25.4941,291,112,1.962
nut,421,1,0.5215,0.0085,41.0594,9.1354,29.4976,331,125,2.232
mob,415,1,0.5141,0.0085,40.475,9.544,27.9113,295,114,1.989
strapped,692,2,0.8572,0.017,40.475,13.5912,27.1257,539,149,3.634
grindin,412,1,0.5104,0.0085,40.1827,9.8143,24.5877,262,108,1.767
fuckin,5604,20,6.9419,0.1696,39.9475,32.7733,33.9681,2813,204,18.967
spray,678,2,0.8399,0.017,39.6567,14.3055,27.8962,553,153,3.729
ak,405,1,0.5017,0.0085,39.5008,9.6475,25.0409,303,120,2.043
glocks,404,1,0.5005,0.0085,39.4034,9.695,26.9293,325,114,2.191
chronic,402,1,0.498,0.0085,39.2086,9.647,24.9653,272,96,1.834
diss,392,1,0.4856,0.0085,38.2345,9.407,29.0444,332,118,2.239
iced,386,1,0.4782,0.0085,37.65,8.9602,21.7172,240,88,1.618
blocks,643,2,0.7965,0.017,37.611,12.7388,27.0804,531,155,3.58
cheese,1146,4,1.4196,0.0339,37.2279,17.6278,23.7819,807,183,5.441
thru,377,1,0.467,0.0085,36.7733,8.9807,23.6057,213,98,1.436
yall,878,3,1.0876,0.0254,36.6759,16.2867,36.5982,418,128,2.818
tha,2102,8,2.6038,0.0678,36.143,21.6095,48.0297,518,129,3.493
deuce,365,1,0.4521,0.0085,35.6043,8.6947,25.4186,258,100,1.74
fiends,608,2,0.7532,0.017,35.5654,12.2859,25.9473,515,149,3.472
cam,363,1,0.4497,0.0085,35.4095,8.6194,21.264,163,58,1.099
blowin,847,3,1.0492,0.0254,35.3817,14.5252,23.7783,643,165,4.336
eastside,361,1,0.4472,0.0085,35.2147,8.5766,19.5266,183,71,1.234
jigga,361,1,0.4472,0.0085,35.2147,8.5994,17.1094,160,68,1.079
loot,360,1,0.4459,0.0085,35.1173,8.0682,23.0769,272,123,1.834
neva,360,1,0.4459,0.0085,35.1173,8.2792,23.9078,203,87,1.369
yayo,356,1,0.441,0.0085,34.7276,8.4578,22.5481,215,63,1.45
posted,355,1,0.4398,0.0085,34.6302,8.6379,23.6812,271,104,1.827
gucci,2955,12,3.6605,0.1017,34.5484,25.8548,27.2832,861,140,5.805
biz,346,1,0.4286,0.0085,33.7535,7.7545,21.7927,240,101,1.618
inches,345,1,0.4274,0.0085,33.6561,8.2792,21.1129,231,102,1.558
don,1031,4,1.2771,0.0339,33.4937,16.8454,24.638,740,160,4.99
wassup,341,1,0.4224,0.0085,33.2664,8.2972,18.8468,160,96,1.079
killers,567,2,0.7024,0.017,33.169,11.9634,22.956,440,136,2.967
lames,337,1,0.4175,0.0085,32.8768,8.0064,23.0014,274,109,1.847
lac,334,1,0.4137,0.0085,32.5845,7.9351,22.5481,249,90,1.679
mines,334,1,0.4137,0.0085,32.5845,8.1269,21.7927,240,113,1.618
faggot,332,1,0.4113,0.0085,32.3897,7.2041,22.0194,257,89,1.733
casket,329,1,0.4075,0.0085,32.0975,7.139,23.8323,295,118,1.989
represent,767,3,0.9501,0.0254,32.0418,12.3908,19.6345,486,149,3.277
leanin,321,1,0.3976,0.0085,31.3182,7.3822,15.8252,164,86,1.106
biggie,318,1,0.3939,0.0085,31.0259,7.7376,22.9258,259,102,1.746
hennessy,316,1,0.3914,0.0085,30.8311,7.0821,18.6201,226,91,1.524
dealin,311,1,0.3852,0.0085,30.344,7.5673,20.5086,232,106,1.564
broad,723,3,0.8956,0.0254,30.2049,13.4772,21.7388,580,152,3.911
blunt,914,4,1.1322,0.0339,29.6946,15.3269,26.5624,696,164,4.693
motherfucker,3052,15,3.7806,0.1272,28.776,21.9216,22.6569,1637,194,11.038
dro,1048,5,1.2982,0.0424,27.8556,15.9269,17.6862,651,149,4.389
weezy,855,4,1.0591,0.0339,27.7788,14.1907,19.4762,413,61,2.785
jewels,656,3,0.8126,0.0254,27.4078,11.9717,26.6725,544,145,3.668
rat,462,2,0.5723,0.017,27.032,9.2603,18.8317,375,141,2.528
hustlers,448,2,0.555,0.017,26.2138,9.4526,17.1547,334,123,2.252
rims,976,5,1.209,0.0424,25.9428,14.2886,17.8716,740,157,4.99
realest,439,2,0.5438,0.017,25.6877,8.622,16.0216,301,119,2.03
spit,3409,19,4.2229,0.1611,25.5483,21.3154,20.6187,2294,210,15.468
bentley,602,3,0.7457,0.0254,25.1533,10.9072,18.1777,509,125,3.432
nas,427,2,0.5289,0.017,24.9864,8.8043,18.0158,283,78,1.908
lyrical,423,2,0.524,0.017,24.7526,8.7624,18.1971,320,106,2.158
dre,755,4,0.9352,0.0339,24.5318,12.7737,22.7747,458,110,3.088
projects,581,3,0.7197,0.0254,24.2766,10.5988,16.1382,446,133,3.007
baller,404,2,0.5005,0.017,23.6421,8.1158,14.0728,270,97,1.821
duck,724,4,0.8968,0.0339,23.5252,11.8161,18.5014,502,158,3.385
bro,401,2,0.4967,0.017,23.4667,8.36,16.2483,308,121,2.077
pimp,2641,16,3.2715,0.1356,23.3923,18.7873,14.4312,1275,179,8.597
bo,392,2,0.4856,0.017,22.9407,7.7661,12.8944,141,72,0.951
label,544,3,0.6739,0.0254,22.7319,9.6382,16.9151,468,138,3.156
popped,542,3,0.6714,0.0254,22.6484,9.7898,16.2029,444,149,2.994
rap,5599,36,6.9357,0.3052,22.4163,21.0656,17.9322,3351,225,22.595
juice,843,5,1.0443,0.0424,22.4093,11.8716,14.9462,535,157,3.607
killa,1300,8,1.6104,0.0678,22.3562,15.0881,13.6835,512,131,3.452
glock,1127,7,1.3961,0.0593,21.9666,13.9932,74.5939,858,159,5.785
bricks,1273,8,1.5769,0.0678,21.8921,14.3933,15.0965,928,157,6.257
whips,523,3,0.6479,0.0254,21.8552,9.5946,14.2605,399,143,2.69
philly,371,2,0.4596,0.017,21.7133,7.646,15.6137,272,102,1.834
stash,665,4,0.8238,0.0339,21.6094,10.4714,20.3144,566,153,3.816
thuggin,514,3,0.6367,0.0254,21.4795,9.8984,11.7354,306,100,2.063
mac,1096,7,1.3577,0.0593,21.3626,13.9802,15.2511,776,156,5.232
fitted,360,2,0.4459,0.017,21.0704,7.3369,15.2965,306,121,2.063
project,504,3,0.6243,0.0254,21.062,9.2422,15.1993,374,107,2.522
mic,1645,11,2.0377,0.0933,20.9077,15.6097,18.0158,1090,186,7.349
ugh,929,6,1.1508,0.0509,20.895,12.4008,12.9083,313,100,2.11
dr,356,2,0.441,0.017,20.8366,6.6566,14.8886,270,98,1.821
hood,6914,48,8.5646,0.4069,20.8318,18.793,21.2887,3547,228,23.916
fo,2321,16,2.8751,0.1356,20.5585,15.5942,14.515,1185,179,7.99
naw,771,5,0.9551,0.0424,20.4965,11.8805,13.5042,523,145,3.526
fuck,22631,162,28.0339,1.3734,20.3501,19.8257,18.7127,7556,233,50.947
thangs,764,5,0.9464,0.0424,20.3105,11.5263,13.1333,503,125,3.392
stuntin,484,3,0.5996,0.0254,20.227,8.8837,11.7678,309,95,2.083
homeboy,483,3,0.5983,0.0254,20.1853,8.9519,20.0554,365,125,2.461
reppin,482,3,0.5971,0.0254,20.1435,8.5546,10.6023,278,122,1.874
fam,610,4,0.7556,0.0339,19.8235,9.3304,14.2138,474,148,3.196
spittin,726,5,0.8993,0.0424,19.301,9.9946,17.6382,597,157,4.025
bitch,19609,148,24.2904,1.2547,19.2951,19.7257,21.7477,6273,225,42.297
suckers,328,2,0.4063,0.017,19.2,7.0518,13.7555,260,107,1.753
blast,1115,8,1.3812,0.0678,19.176,12.0401,17.6846,866,178,5.839
ass,12484,95,15.4644,0.8054,19.1018,18.7994,17.1538,5551,231,37.428
shit,29977,231,37.1337,1.9583,18.9213,18.0385,17.8787,9227,238,62.214
bust,3031,23,3.7546,0.195,18.8494,15.2318,18.5422,1916,214,12.919
hater,573,4,0.7098,0.0339,18.6221,9.4104,11.6203,387,127,2.609
deck,572,4,0.7086,0.0339,18.5896,9.3235,14.0339,366,136,2.468
bullshit,1208,9,1.4964,0.0763,18.5879,12.4838,18.7828,907,176,6.116
riches,311,2,0.3852,0.017,18.2064,6.5256,12.3052,244,114,1.645
clips,556,4,0.6887,0.0339,18.0701,9.1606,12.8289,469,135,3.162
thats,1416,11,1.7541,0.0933,17.9981,13.0699,12.6953,752,167,5.07
aight,675,5,0.8361,0.0424,17.9461,9.1613,12.5153,411,127,2.771
pro,424,3,0.5252,0.0254,17.7221,7.3793,13.0627,371,149,2.502
lil,4602,38,5.7007,0.3221,17.4679,15.278,17.3446,2407,198,16.23
dub,414,3,0.5128,0.0254,17.3047,7.0511,12.4476,320,121,2.158
chrome,1226,10,1.5187,0.0848,17.0681,12.0883,12.5532,905,180,6.102
broads,635,5,0.7866,0.0424,16.8834,8.8827,12.0621,510,144,3.439
wayne,516,4,0.6392,0.0339,16.7712,7.7171,12.4764,362,92,2.441
moms,515,4,0.638,0.0339,16.7387,8.0409,22.5028,401,132,2.704
uhh,1995,17,2.4713,0.1441,16.6617,13.5904,12.481,795,155,5.36
grill,852,7,1.0554,0.0593,16.6089,10.0904,10.7189,606,158,4.086
clip,1078,9,1.3354,0.0763,16.5884,9.3527,17.0397,864,168,5.826
hustle,2200,19,2.7252,0.1611,16.489,13.8702,11.4578,1203,192,8.111
dough,2146,19,2.6583,0.1611,16.0843,13.4631,10.2935,1399,197,9.433
brooklyn,711,6,0.8807,0.0509,15.9944,9.5691,10.7119,422,102,2.845
pipe,378,3,0.4682,0.0254,15.8017,6.9381,12.0591,333,141,2.245
platinum,916,8,1.1347,0.0678,15.7551,10.5542,11.404,692,165,4.666
stacks,1119,10,1.3861,0.0848,15.5791,10.1865,10.1678,697,157,4.7
swag,902,8,1.1173,0.0678,15.5144,10.3765,7.6849,363,108,2.448
k,2066,19,2.5592,0.1611,15.4849,13.7675,12.3642,1228,189,8.28
cats,1311,12,1.624,0.1017,15.3308,11.4562,11.2083,897,166,6.048
jones,995,9,1.2325,0.0763,15.3117,10.6948,10.6807,406,114,2.738
dimes,471,4,0.5834,0.0339,15.31,7.3334,9.8325,346,144,2.333
focused,471,4,0.5834,0.0339,15.31,7.7998,10.5124,370,144,2.495
cop,1306,12,1.6178,0.1017,15.2724,11.4154,11.8283,1003,194,6.763
thugs,1583,15,1.9609,0.1272,14.9277,11.1548,11.0412,865,167,5.832
album,1173,11,1.453,0.0933,14.9105,10.8102,10.8923,843,168,5.684
yay,558,5,0.6912,0.0424,14.8377,8.0583,13.9692,327,117,2.205
buck,1564,15,1.9374,0.1272,14.7486,10.8522,11.3171,853,171,5.751
pound,1355,13,1.6785,0.1102,14.6714,10.6654,13.4001,844,176,5.691
homie,2854,28,3.5354,0.2374,14.635,12.179,20.9954,1638,184,11.044
crank,349,3,0.4323,0.0254,14.591,6.4733,7.0089,107,55,0.721
bail,445,4,0.5512,0.0339,14.4658,7.7604,17.0641,342,135,2.306
fifth,640,6,0.7928,0.0509,14.3983,8.582,10.5201,541,154,3.648
pump,1024,10,1.2685,0.0848,14.257,9.9169,9.0808,627,165,4.228
chillin,727,7,0.9006,0.0593,14.1735,8.9255,8.8002,481,155,3.243
lyrics,533,5,0.6602,0.0424,14.1735,8.1546,10.5582,440,134,2.967
trap,1304,13,1.6153,0.1102,14.1194,11.1583,8.0112,673,137,4.538
cum,336,3,0.4162,0.0254,14.0483,5.9977,9.9548,262,99,1.767
slang,525,5,0.6503,0.0424,13.961,7.419,10.1461,444,152,2.994
eatin,424,4,0.5252,0.0339,13.7839,6.9277,10.3613,383,146,2.582
disrespect,423,4,0.524,0.0339,13.7514,6.9296,9.8325,364,133,2.454
rhymes,1265,13,1.567,0.1102,13.6973,10.6049,10.6101,893,171,6.021
dubs,420,4,0.5203,0.0339,13.654,7.0016,8.6995,285,115,1.922
buyin,326,3,0.4038,0.0254,13.6308,5.1894,9.3074,256,117,1.726
rapping,418,4,0.5178,0.0339,13.5891,6.6485,10.0592,347,128,2.34
cheddar,417,4,0.5166,0.0339,13.5566,6.5431,9.6563,343,124,2.313
ridin,2168,23,2.6856,0.195,13.4834,11.0261,8.5613,1197,179,8.071
miami,321,3,0.3976,0.0254,13.4221,5.5467,23.1524,277,107,1.868
cock,1050,11,1.3007,0.0933,13.3477,9.7969,18.5927,765,168,5.158
cocaine,676,7,0.8374,0.0593,13.1799,8.1826,11.341,473,141,3.189
whats,495,5,0.6132,0.0424,13.164,6.4437,13.0303,309,125,2.083
chain,2270,25,2.8119,0.2119,13.0103,10.7741,8.7894,1482,198,9.993
beam,311,3,0.3852,0.0254,13.0046,5.6038,9.3721,266,105,1.794
dudes,934,10,1.157,0.0848,13.0046,9.3571,10.4064,721,160,4.861
chop,575,6,0.7123,0.0509,12.9372,7.9365,15.167,374,136,2.522
bullets,925,10,1.1458,0.0848,12.8793,8.2541,17.3772,740,164,4.99
kim,396,4,0.4905,0.0339,12.8747,5.9731,9.3038,209,79,1.409
roc,566,6,0.7011,0.0509,12.7348,7.7912,8.5329,310,69,2.09
smack,555,6,0.6875,0.0509,12.4876,7.4132,8.5329,436,134,2.94
lame,636,7,0.7878,0.0593,12.4006,7.2451,8.5283,506,151,3.412
holla,2247,26,2.7834,0.2204,12.3925,10.7939,7.7455,1277,184,8.61
thug,2657,31,3.2913,0.2628,12.3273,10.6822,14.4793,1294,183,8.725
liquor,880,10,1.0901,0.0848,12.2531,9.2596,10.6042,707,168,4.767
mike,1046,12,1.2957,0.1017,12.2331,9.5581,8.8334,505,138,3.405
lick,1030,12,1.2759,0.1017,12.0461,9.2947,8.3897,629,186,4.241
hustler,779,9,0.965,0.0763,11.9894,8.4153,9.2081,477,136,3.216
poppin,1830,22,2.2669,0.1865,11.8876,10.5579,7.1232,1109,187,7.478
dice,528,6,0.6541,0.0509,11.8806,6.9098,8.376,449,146,3.027
rob,849,10,1.0517,0.0848,11.8217,7.5501,10.0239,544,148,3.668
records,847,10,1.0492,0.0848,11.7939,8.1036,8.7031,688,150,4.639
rubber,522,6,0.6466,0.0509,11.7457,6.5634,7.7833,384,141,2.589
signed,441,5,0.5463,0.0424,11.7294,6.1962,8.5392,374,127,2.522
pops,438,5,0.5426,0.0424,11.6497,6.0317,8.7041,368,134,2.481
rounds,356,4,0.441,0.0339,11.5759,5.832,8.2714,307,129,2.07
im,2229,28,2.7612,0.2374,11.4306,10.8826,11.0903,701,166,4.727
shells,351,4,0.4348,0.0339,11.4135,5.0016,8.3721,314,108,2.117
floss,428,5,0.5302,0.0424,11.384,6.1761,9.8074,354,134,2.387
booth,503,6,0.6231,0.0509,11.3186,6.4995,8.5852,445,148,3.0
model,422,5,0.5227,0.0424,11.2246,6.2322,7.9624,350,130,2.36
swallow,494,6,0.6119,0.0509,11.1163,6.2821,7.9402,423,158,2.852
triple,491,6,0.6082,0.0509,11.0488,6.3675,7.6264,376,133,2.535
dis,640,8,0.7928,0.0678,11.0105,7.0297,6.5118,258,106,1.74
goddamn,559,7,0.6925,0.0593,10.9005,6.9665,9.5487,366,119,2.468
uptown,409,5,0.5066,0.0424,10.8792,5.4608,9.3793,296,78,1.996
shit's,334,4,0.4137,0.0339,10.8615,5.371,7.6168,275,118,1.854
folk,332,4,0.4113,0.0339,10.7966,5.5424,7.5664,239,97,1.611
pole,332,4,0.4113,0.0339,10.7966,5.29,6.2067,207,107,1.396
stack,1069,14,1.3242,0.1187,10.7775,7.6017,11.0147,803,179,5.414
pockets,843,11,1.0443,0.0933,10.7175,7.9608,7.5916,629,169,4.241
major,548,7,0.6788,0.0593,10.6862,6.5032,7.4707,415,134,2.798
microphone,401,5,0.4967,0.0424,10.6667,5.8826,7.6122,306,120,2.063
wee,398,5,0.493,0.0424,10.587,5.715,6.7355,140,75,0.944
clubs,322,4,0.3989,0.0339,10.4719,5.179,6.9873,262,114,1.767
dude,1325,18,1.6413,0.1526,10.4692,9.2323,9.0902,993,184,6.695
homies,1108,15,1.3725,0.1272,10.4499,7.4096,9.7296,789,161,5.32
hittin,602,8,0.7457,0.0678,10.3573,6.9077,14.4656,511,157,3.445
jail,1230,17,1.5237,0.1441,10.2743,7.8098,9.48,987,180,6.655
iron,385,5,0.4769,0.0424,10.2416,5.4702,7.1384,293,103,1.976
gangsta,3956,56,4.9005,0.4747,10.2322,10.5031,11.7861,1381,173,9.312
lanes,313,4,0.3877,0.0339,10.1796,4.3421,6.588,182,90,1.227
wrist,1070,15,1.3255,0.1272,10.0916,8.23,6.9264,810,167,5.462
fresh,2518,36,3.1191,0.3052,10.0822,9.1292,6.4298,1522,211,10.262
haters,2292,33,2.8392,0.2798,9.9993,8.6317,8.156,1461,201,9.851
snatch,441,6,0.5463,0.0509,9.9249,6.2547,8.8689,392,141,2.643
harlem,371,5,0.4596,0.0424,9.8697,5.524,7.2414,252,76,1.699
pistol,975,14,1.2078,0.1187,9.8303,7.8216,7.646,726,152,4.895
rip,838,12,1.0381,0.1017,9.8017,7.0466,7.9801,589,157,3.971
crew,1629,24,2.0179,0.2035,9.7184,8.4595,6.6065,1170,206,7.889
puttin,564,8,0.6986,0.0678,9.704,6.4445,8.1203,490,153,3.304
flo,493,7,0.6107,0.0593,9.6146,5.8364,7.6328,269,95,1.814
cops,1727,26,2.1393,0.2204,9.5253,8.5144,11.3417,1280,192,8.631
g,6905,106,8.5535,0.8986,9.4744,9.6122,8.4005,3137,220,21.152
dat,1903,29,2.3573,0.2459,9.4284,7.5765,7.37,591,143,3.985
police,1379,21,1.7082,0.178,9.3754,7.4588,10.882,967,184,6.52
bread,1249,19,1.5472,0.1611,9.3629,7.7246,10.5376,997,188,6.722
x,4003,62,4.9587,0.5256,9.3598,8.6199,6.6044,2119,220,14.288
chips,671,10,0.8312,0.0848,9.3447,7.2941,8.8606,526,160,3.547
cash,3419,53,4.2353,0.4493,9.3393,8.8007,6.824,2089,218,14.085
jay,925,14,1.1458,0.1187,9.3264,6.828,9.3074,617,133,4.16
studio,601,9,0.7445,0.0763,9.2516,5.8785,6.3869,462,159,3.115
dope,2811,44,3.4821,0.373,9.2318,8.1174,7.247,1689,200,11.388
plus,1924,30,2.3833,0.2543,9.2199,7.2232,7.9935,1589,203,10.714
fucked,2295,36,2.8429,0.3052,9.1895,7.545,9.7758,1494,193,10.073
pushin,406,6,0.5029,0.0509,9.1381,5.2188,8.775,295,121,1.989
cd,343,5,0.4249,0.0424,9.1258,5.0801,6.9117,292,124,1.969
hype,405,6,0.5017,0.0509,9.1156,5.4706,6.1273,302,126,2.036
crack,2775,44,3.4375,0.373,9.1136,8.0535,9.8347,1969,203,13.276
wit,7680,124,9.5135,1.0512,9.0142,8.4752,9.3475,2389,202,16.108
block,5274,85,6.5331,0.7206,9.0141,8.9677,7.8521,2932,216,19.769
peep,583,9,0.7222,0.0763,8.9748,5.8177,10.4758,456,145,3.075
mill,459,7,0.5686,0.0593,8.9522,5.6675,6.3679,378,130,2.549
shawty,2478,40,3.0696,0.3391,8.9421,7.9762,6.5514,736,109,4.963
college,391,6,0.4843,0.0509,8.8009,4.7594,6.6677,346,130,2.333
jewelry,510,8,0.6318,0.0678,8.7757,5.6316,6.4283,375,121,2.528
team,1511,25,1.8717,0.2119,8.6611,7.5657,6.366,1153,198,7.774
trunk,1142,19,1.4146,0.1611,8.5611,6.8974,13.137,770,176,5.192
court,556,9,0.6887,0.0763,8.5595,6.2258,6.1723,451,146,3.041
gangster,555,9,0.6875,0.0763,8.5441,5.813,5.23,300,131,2.023
yo,18037,309,22.3432,2.6196,8.5157,8.4633,7.6457,5791,241,39.047
boss,1829,31,2.2657,0.2628,8.4865,7.4436,5.9246,1064,183,7.174
guns,2289,39,2.8355,0.3306,8.4694,6.9676,9.5684,1543,198,10.404
rhyme,1533,26,1.899,0.2204,8.4556,6.9021,6.8491,1071,188,7.221
brains,662,11,0.82,0.0933,8.4177,5.7461,6.4369,545,168,3.675
tony,372,6,0.4608,0.0509,8.3737,4.5759,7.3444,289,104,1.949
busta,427,7,0.5289,0.0593,8.3288,5.3537,5.6276,267,88,1.8
money,17222,302,21.3336,2.5602,8.3191,8.2237,7.7063,6127,238,41.312
pills,597,10,0.7395,0.0848,8.3149,5.9974,5.142,400,122,2.697
icy,312,5,0.3865,0.0424,8.3022,4.6361,5.4284,144,49,0.971
trill,535,9,0.6627,0.0763,8.2365,6.0408,6.9117,277,83,1.868
cent,422,7,0.5227,0.0593,8.2314,5.2627,5.5823,269,86,1.814
south,2278,40,2.8218,0.3391,8.2205,7.473,6.1744,1364,204,9.197
trippin,922,16,1.1421,0.1356,8.1694,6.6203,7.6006,702,154,4.733
industry,586,10,0.7259,0.0848,8.1618,5.4802,5.7895,435,137,2.933
punk,739,13,0.9154,0.1102,8.0041,5.8087,5.9781,554,135,3.735
drugs,1008,18,1.2486,0.1526,7.9655,5.5778,7.1384,730,170,4.922
crib,1335,24,1.6537,0.2035,7.965,6.0296,7.6161,1082,179,7.296
grand,953,17,1.1805,0.1441,7.9614,6.357,8.4389,694,162,4.679
mall,567,10,0.7024,0.0848,7.8974,5.3227,6.1723,461,148,3.108
murder,2178,40,2.698,0.3391,7.8598,6.8723,6.993,1097,176,7.397
atlanta,508,9,0.6293,0.0763,7.8212,5.3793,5.397,359,110,2.421
dot,559,10,0.6925,0.0848,7.7861,5.2206,7.6973,374,120,2.522
hammer,399,7,0.4943,0.0593,7.7833,5.0175,6.3539,320,117,2.158
cousin,452,8,0.5599,0.0678,7.7787,4.7878,6.4585,379,144,2.555
click,1250,23,1.5484,0.195,7.7754,6.4308,8.3886,809,170,5.455
seein,398,7,0.493,0.0593,7.7638,4.7819,9.052,324,125,2.185
pounds,556,10,0.6887,0.0848,7.7443,5.4576,7.0326,399,136,2.69
droppin,447,8,0.5537,0.0678,7.6927,5.1476,7.0338,365,143,2.461
ya'll,1917,36,2.3747,0.3052,7.6763,6.8012,7.2702,871,168,5.873
killer,811,15,1.0046,0.1272,7.65,5.9333,8.2714,542,155,3.655
official,338,6,0.4187,0.0509,7.6094,4.5021,7.088,253,114,1.706
chorus,1950,37,2.4155,0.3137,7.6001,6.63,5.1744,748,165,5.043
bangin,544,10,0.6739,0.0848,7.5773,4.8246,5.6355,396,143,2.67
ounce,440,8,0.545,0.0678,7.5724,5.0276,5.9297,338,124,2.279
playa,1269,24,1.572,0.2035,7.5714,6.2958,7.5134,649,141,4.376
brick,954,18,1.1818,0.1526,7.539,5.8366,5.9897,592,147,3.992
screw,487,9,0.6033,0.0763,7.4982,4.1496,8.498,284,107,1.915
respect,1820,35,2.2545,0.2967,7.4932,6.8274,5.5028,1369,202,9.231
automatic,384,7,0.4757,0.0593,7.491,4.8848,5.1441,318,126,2.144
dont,1388,27,1.7194,0.2289,7.3777,6.6557,5.7648,575,154,3.877
shots,1684,33,2.086,0.2798,7.3474,6.7194,6.4115,1216,183,8.199
grind,2284,45,2.8293,0.3815,7.3365,6.9028,5.4131,1293,186,8.718
swagger,573,11,0.7098,0.0933,7.2869,5.5067,2.9622,202,80,1.362
flows,523,10,0.6479,0.0848,7.2851,4.8223,7.3801,441,143,2.974
lane,772,15,0.9563,0.1272,7.2824,5.8865,5.5249,477,147,3.216
bush,323,6,0.4001,0.0509,7.2722,4.1511,5.4475,247,114,1.665
slim,819,16,1.0145,0.1356,7.2572,5.8019,5.3693,514,130,3.466
frontin,718,14,0.8894,0.1187,7.2404,5.7731,4.9645,509,155,3.432
throat,518,10,0.6417,0.0848,7.2155,5.1747,5.5413,473,144,3.189
smoke,3836,78,4.7518,0.6613,7.1412,6.2643,5.9397,2199,219,14.827
nose,708,14,0.877,0.1187,7.1397,5.6775,4.9582,576,167,3.884
happenin,317,6,0.3927,0.0509,7.1374,4.4889,7.0376,240,101,1.618
em,21102,439,26.1399,3.7217,7.0159,7.1142,6.8127,6924,238,46.686
cuz,3718,77,4.6056,0.6528,7.0109,6.7613,6.6891,1655,205,11.159
imma,551,11,0.6825,0.0933,7.0074,5.1653,5.3493,279,110,1.881
smoked,311,6,0.3852,0.0509,7.0025,4.0648,5.2383,273,120,1.841
tape,645,13,0.799,0.1102,6.9867,5.1884,6.8146,561,166,3.783
pen,736,15,0.9117,0.1272,6.943,5.3682,5.871,630,164,4.248
coke,1353,28,1.676,0.2374,6.9394,5.431,8.9147,1018,174,6.864
slap,540,11,0.6689,0.0933,6.8676,5.3026,6.1119,388,139,2.616
strap,539,11,0.6677,0.0933,6.8549,5.4836,5.9653,400,126,2.697
flippin,397,8,0.4918,0.0678,6.8332,4.5024,5.4765,314,131,2.117
nope,396,8,0.4905,0.0678,6.816,4.8896,5.8089,298,108,2.009
serve,483,10,0.5983,0.0848,6.7284,4.9489,4.7319,392,139,2.643
raw,1219,26,1.51,0.2204,6.7242,6.2835,9.329,942,186,6.352
shoot,2401,52,2.9742,0.4408,6.6839,6.0588,6.5268,1673,205,11.28
fiend,341,7,0.4224,0.0593,6.6533,4.0881,8.3218,304,126,2.05
bottles,796,17,0.986,0.1441,6.6505,5.3678,4.7349,592,154,3.992
chickens,338,7,0.4187,0.0593,6.5948,3.8729,4.5549,246,107,1.659
piss,425,9,0.5265,0.0763,6.5446,3.8564,5.8844,362,140,2.441
players,376,8,0.4658,0.0678,6.4722,4.0571,4.9024,281,114,1.895
flip,1873,42,2.3202,0.3561,6.4413,5.8632,6.8788,1285,204,8.664
banks,373,8,0.462,0.0678,6.4206,4.1796,4.419,245,67,1.652
queens,502,11,0.6218,0.0933,6.3848,4.7083,6.3074,324,94,2.185
gutter,370,8,0.4583,0.0678,6.3691,4.0451,5.6218,280,117,1.888
booty,805,18,0.9972,0.1526,6.3621,4.761,4.3096,373,122,2.515
verse,1668,38,2.0662,0.3221,6.3325,5.6742,6.3869,976,189,6.581
killin,705,16,0.8733,0.1356,6.2477,5.0687,4.6602,549,157,3.702
throwin,575,13,0.7123,0.1102,6.229,4.8611,7.6671,456,146,3.075
pullin,444,10,0.55,0.0848,6.1857,4.3392,4.1816,350,131,2.36
i'mma,4349,103,5.3873,0.8732,6.1405,5.907,6.4775,2123,206,14.315
orleans,353,8,0.4373,0.0678,6.0768,3.9524,4.1524,263,78,1.773
beast,602,14,0.7457,0.1187,6.0715,4.5624,4.2931,454,142,3.061
cook,724,17,0.8968,0.1441,6.0493,4.7456,6.6528,536,159,3.614
knowin,517,12,0.6404,0.1017,6.0493,4.7644,5.8025,422,138,2.845
listenin,310,7,0.384,0.0593,6.0493,3.9019,7.3901,263,115,1.773
dog,3857,93,4.7778,0.7884,6.0284,5.4811,5.5,1831,203,12.346
def,432,10,0.5351,0.0848,6.0187,4.2301,4.3003,312,92,2.104
hip,2276,55,2.8194,0.4663,5.9935,5.6508,5.7963,1274,200,8.59
keepin,512,12,0.6342,0.1017,5.9909,4.4335,5.1585,360,131,2.427
d,4148,101,5.1383,0.8562,5.9722,5.8638,4.995,2275,222,15.339
dogs,876,21,1.0851,0.178,5.9569,4.4716,4.6909,561,152,3.783
aim,630,15,0.7804,0.1272,5.9437,4.4864,4.419,522,159,3.52
gun,3515,86,4.3542,0.7291,5.9385,5.4292,4.4293,2197,206,14.814
streets,5135,126,6.3609,1.0682,5.932,5.577,4.8459,3173,220,21.394
louis,546,13,0.6764,0.1102,5.9151,4.1901,4.2511,421,121,2.839
dump,384,9,0.4757,0.0763,5.914,3.1678,9.3793,312,118,2.104
chris,383,9,0.4744,0.0763,5.8986,3.9648,5.4161,271,103,1.827
classic,340,8,0.4212,0.0678,5.8534,3.737,4.1257,284,119,1.915
bone,1615,40,2.0006,0.3391,5.8285,5.3992,4.6234,602,162,4.059
fold,378,9,0.4682,0.0763,5.8217,4.2026,3.8823,304,135,2.05
hop,2747,69,3.4028,0.585,5.7764,5.6329,6.0842,1642,212,11.071
ayy,1362,34,1.6872,0.2882,5.7706,5.4623,3.8085,252,91,1.699
smoking,922,23,1.1421,0.195,5.7359,4.6956,4.2029,626,171,4.221
tee,333,8,0.4125,0.0678,5.733,3.8988,3.8191,229,101,1.544
rocks,1038,26,1.2858,0.2204,5.7262,5.1316,5.0936,848,173,5.718
sell,1819,46,2.2533,0.39,5.7175,5.3064,5.4709,1275,191,8.597
blaze,566,14,0.7011,0.1187,5.7087,4.3606,4.6637,442,148,2.98
smash,487,12,0.6033,0.1017,5.6986,4.7691,8.8483,380,142,2.562
ne,408,10,0.5054,0.0848,5.6847,4.0547,3.5341,175,36,1.18
carter,369,9,0.4571,0.0763,5.6833,4.2557,11.2822,237,66,1.598
seats,367,9,0.4546,0.0763,5.6525,3.9736,5.129,305,113,2.057
north,830,21,1.0282,0.178,5.6443,4.5518,4.3376,480,149,3.236
knowledge,366,9,0.4534,0.0763,5.6371,3.8051,8.9764,303,120,2.043
split,790,20,0.9786,0.1696,5.6345,4.4672,4.1168,656,176,4.423
purple,979,25,1.2127,0.2119,5.6127,4.7221,4.7782,690,158,4.652
west,1630,42,2.0191,0.3561,5.6058,5.4653,4.478,1031,182,6.952
whip,1552,40,1.9225,0.3391,5.6012,5.1345,6.1718,1076,185,7.255
crooked,325,8,0.4026,0.0678,5.5955,3.5071,3.6458,229,110,1.544
food,782,20,0.9687,0.1696,5.5775,4.4982,4.4771,671,172,4.524
range,733,19,0.908,0.1611,5.4963,4.6066,5.2629,622,166,4.194
rider,430,11,0.5327,0.0933,5.4699,4.115,4.0492,266,106,1.794
screamin,649,17,0.8039,0.1441,5.4231,4.0782,4.1558,502,154,3.385
killed,945,25,1.1706,0.2119,5.4179,4.4676,4.9419,730,169,4.922
butter,351,9,0.4348,0.0763,5.4064,3.8745,3.9419,284,123,1.915
cap,570,15,0.7061,0.1272,5.3781,3.7613,5.9099,449,154,3.027
dollars,1084,29,1.3428,0.2459,5.3717,4.7334,4.6167,801,180,5.401
benz,1081,29,1.3391,0.2459,5.3569,4.7899,5.5189,889,178,5.994
trick,895,24,1.1087,0.2035,5.3408,4.7126,4.6398,639,163,4.309
v,1180,32,1.4617,0.2713,5.3075,4.7475,4.4279,855,185,5.765
strip,811,22,1.0046,0.1865,5.27,4.5221,4.5292,655,163,4.416
chose,414,11,0.5128,0.0933,5.2666,3.6784,3.9334,313,132,2.11
paid,1711,47,2.1195,0.3984,5.2649,4.6162,3.7416,1276,206,8.604
quick,2019,56,2.501,0.4747,5.2228,4.9976,4.4953,1586,212,10.694
hit,10122,283,12.5385,2.3992,5.2172,5.15,4.3952,5535,238,37.32
bank,1015,28,1.2573,0.2374,5.2065,4.6291,4.0502,753,188,5.077
player,977,27,1.2102,0.2289,5.1939,4.2183,4.8612,688,165,4.639
toast,479,13,0.5934,0.1102,5.1899,3.7323,3.9023,380,131,2.562
z,656,18,0.8126,0.1526,5.1853,3.87,6.4046,456,130,3.075
grain,372,10,0.4608,0.0848,5.1837,3.3525,4.4643,249,89,1.679
ho,3871,109,4.7952,0.9241,5.1662,5.0615,3.9632,1725,210,11.631
hahaha,406,11,0.5029,0.0933,5.165,3.8219,3.8278,318,100,2.144
bucks,332,9,0.4113,0.0763,5.1142,3.3035,3.8107,299,129,2.016
w,925,26,1.1458,0.2204,5.1031,4.1505,3.3715,476,152,3.209
joint,401,11,0.4967,0.0933,5.1015,3.6685,3.6997,327,111,2.205
lettin,331,9,0.41,0.0763,5.0988,3.4537,5.2034,274,119,1.847
sayin,2469,71,3.0584,0.6019,5.0467,4.7356,4.3187,1511,199,10.188
bumpin,396,11,0.4905,0.0933,5.0379,3.4409,5.5218,333,127,2.245
sack,463,13,0.5735,0.1102,5.0168,3.4699,3.3782,354,124,2.387
squeeze,702,20,0.8696,0.1696,5.0072,4.0755,3.9399,549,156,3.702
chill,1181,34,1.463,0.2882,5.004,4.442,3.9732,868,184,5.853
shoe,358,10,0.4435,0.0848,4.9889,3.6578,5.5869,298,118,2.009
vest,494,14,0.6119,0.1187,4.9832,4.32,8.0274,435,129,2.933
shootin,424,12,0.5252,0.1017,4.9622,3.7912,5.3921,368,136,2.481
couple,2013,59,2.4936,0.5002,4.9447,4.7268,4.2587,1434,201,9.669
ill,888,26,1.1,0.2204,4.8991,4.387,5.0315,681,161,4.592
sharp,318,9,0.3939,0.0763,4.8988,3.0985,3.9258,270,107,1.821
cadillac,451,13,0.5587,0.1102,4.8869,3.7281,3.5307,329,112,2.218
metal,384,11,0.4757,0.0933,4.8855,3.5118,4.2997,326,120,2.198
paper,2813,84,3.4846,0.7121,4.8652,4.6449,5.4469,1699,208,11.456
main,548,16,0.6788,0.1356,4.8574,3.7317,3.7391,420,145,2.832
shot,3041,91,3.767,0.7715,4.8571,4.8339,4.2114,2009,217,13.546
third,481,14,0.5958,0.1187,4.8522,3.6505,3.5125,417,141,2.812
drug,810,24,1.0034,0.2035,4.8339,4.2418,4.9477,613,170,4.133
drinkin,578,17,0.716,0.1441,4.8303,3.6335,6.0172,408,143,2.751
yup,773,23,0.9575,0.195,4.8095,4.3222,4.4409,405,116,2.731
hottest,345,10,0.4274,0.0848,4.808,3.4803,6.4379,260,106,1.753
order,542,16,0.6714,0.1356,4.8042,3.7861,3.6441,443,148,2.987
hollow,410,12,0.5079,0.1017,4.7985,2.8536,6.5457,347,123,2.34
flyin,311,9,0.3852,0.0763,4.7912,3.2187,3.3098,263,115,1.773
ghetto,2324,71,2.8788,0.6019,4.7504,4.8254,6.5269,1177,182,7.936
drunk,1083,33,1.3416,0.2798,4.726,4.0431,3.6316,762,173,5.138
shinin,436,13,0.5401,0.1102,4.7245,3.2007,3.8255,304,114,2.05
bomb,918,28,1.1372,0.2374,4.7091,3.912,5.047,646,157,4.356
freeze,398,12,0.493,0.1017,4.6583,3.5796,3.0684,291,116,1.962
east,1065,33,1.3193,0.2798,4.6475,4.2681,3.8463,768,180,5.178
momma,1633,51,2.0229,0.4324,4.6347,4.2261,3.6694,1046,180,7.053
attack,425,13,0.5265,0.1102,4.6055,3.2196,3.7588,350,135,2.36
dropped,677,21,0.8386,0.178,4.6044,3.6636,4.0147,596,168,4.019
ball,2189,69,2.7116,0.585,4.6033,4.3814,3.9075,1440,209,9.709
thick,771,24,0.9551,0.2035,4.6013,4.1425,3.6082,620,168,4.18
ad,329,10,0.4075,0.0848,4.5854,3.0437,2.9298,235,100,1.585
spot,2117,67,2.6224,0.568,4.5838,4.3155,3.5369,1577,212,10.633
building,611,19,0.7569,0.1611,4.5821,3.8412,3.4268,452,144,3.048
cars,1865,59,2.3102,0.5002,4.5813,4.2872,3.9195,1379,199,9.298
chevy,672,21,0.8324,0.178,4.5705,3.5663,5.6013,446,107,3.007
scratch,326,10,0.4038,0.0848,4.5436,3.3452,3.6318,265,123,1.787
fans,698,22,0.8646,0.1865,4.5362,3.6912,3.6065,566,158,3.816
askin,479,15,0.5934,0.1272,4.5203,3.671,4.9046,410,144,2.764
sho,787,25,0.9749,0.2119,4.5125,3.8787,3.112,497,141,3.351
dollar,1620,52,2.0068,0.4408,4.5102,3.9898,3.901,1052,190,7.093
f,1799,58,2.2285,0.4917,4.4947,4.893,7.3601,833,172,5.617
steel,629,20,0.7792,0.1696,4.4869,3.6209,3.488,509,154,3.432
playin,1849,60,2.2904,0.5087,4.4669,4.1654,3.8836,1267,200,8.543
owe,501,16,0.6206,0.1356,4.4411,3.254,3.3719,377,139,2.542
slick,531,17,0.6578,0.1441,4.4378,3.0935,3.3408,450,157,3.034
crunk,622,20,0.7705,0.1696,4.437,3.745,3.124,307,107,2.07
hopin,317,10,0.3927,0.0848,4.4184,3.2162,3.0269,253,108,1.706
bling,768,25,0.9514,0.2119,4.4036,3.2601,5.1744,409,134,2.758
thirty,526,17,0.6516,0.1441,4.3961,3.554,3.9267,420,137,2.832
enemies,585,19,0.7247,0.1611,4.3873,3.5161,4.4022,452,131,3.048
jack,915,30,1.1334,0.2543,4.386,3.7763,3.3518,700,176,4.72
bill,673,22,0.8337,0.1865,4.3738,3.5784,3.4696,481,156,3.243
lip,342,11,0.4236,0.0933,4.3518,2.8378,3.0691,287,126,1.935
rollin,1883,63,2.3325,0.5341,4.3341,3.8421,5.2678,1006,189,6.783
haha,1496,50,1.8532,0.4239,4.33,4.0294,3.9154,883,150,5.954
sold,1018,34,1.261,0.2882,4.3137,3.9112,3.4358,847,174,5.711
chicks,987,33,1.2226,0.2798,4.3072,4.0681,3.2336,754,166,5.084
cake,896,30,1.1099,0.2543,4.2949,3.7273,3.1348,678,161,4.572
fifty,748,25,0.9266,0.2119,4.289,3.1379,3.5176,576,167,3.884
straight,3941,134,4.8819,1.136,4.282,4.0777,3.6639,2710,231,18.273
cost,714,24,0.8845,0.2035,4.2613,3.6572,3.9018,588,166,3.965
clown,565,19,0.6999,0.1611,4.2375,3.5256,3.5907,418,147,2.818
public,477,16,0.5909,0.1356,4.2286,3.374,3.1836,354,136,2.387
hundred,2285,79,2.8305,0.6697,4.2007,3.9607,3.6392,1547,193,10.431
master,560,19,0.6937,0.1611,4.2,3.851,4.2158,467,149,3.149
chi,473,16,0.5859,0.1356,4.1932,3.0174,3.7935,298,92,2.009
eat,2505,87,3.103,0.7376,4.184,3.6906,4.6414,1790,217,12.069
fucking,3167,111,3.9231,0.941,4.151,3.4726,5.4549,1679,198,11.321
month,377,13,0.467,0.1102,4.0859,2.9667,3.4928,310,123,2.09
mask,431,15,0.5339,0.1272,4.0678,3.1802,3.4622,384,126,2.589
pop,4909,176,6.081,1.4921,4.0644,3.5393,5.0886,2674,222,18.03
nine,1682,60,2.0836,0.5087,4.0636,3.5125,3.3871,1230,197,8.293
paint,930,33,1.152,0.2798,4.0586,3.4689,3.0333,686,152,4.625
stoppin,402,14,0.498,0.1187,4.0561,2.9836,2.8871,290,135,1.955
stretch,318,11,0.3939,0.0933,4.0469,2.9712,3.4171,244,112,1.645
choke,373,13,0.462,0.1102,4.0426,3.1532,3.2315,305,114,2.057
bunch,509,18,0.6305,0.1526,4.0242,3.1854,3.4248,406,133,2.738
doin,2966,108,3.6741,0.9156,3.995,3.7926,3.7092,1921,213,12.953
hatin,1260,46,1.5608,0.39,3.9609,3.4016,4.8118,751,168,5.064
soldiers,628,23,0.7779,0.195,3.9079,3.6272,4.0908,429,132,2.893
you's,493,18,0.6107,0.1526,3.8978,3.0302,3.0374,316,127,2.131
bars,812,30,1.0059,0.2543,3.8925,3.2045,4.4829,642,160,4.329
problems,836,31,1.0356,0.2628,3.8803,3.4868,3.0815,557,170,3.756
violence,331,12,0.41,0.1017,3.8751,2.7433,4.259,262,108,1.767
trash,356,13,0.441,0.1102,3.8586,2.9998,2.7571,304,120,2.05
fore,752,28,0.9315,0.2374,3.8581,3.3268,4.2475,596,147,4.019
ya,25123,951,31.1209,8.0622,3.8581,3.7831,3.9375,6296,239,42.452
motion,329,12,0.4075,0.1017,3.8517,2.8391,2.3302,200,105,1.349
coast,1300,49,1.6104,0.4154,3.8389,3.7773,3.6143,703,169,4.74
kickin,379,14,0.4695,0.1187,3.8243,2.7997,3.8578,333,136,2.245
dem,1216,46,1.5063,0.39,3.8227,3.4186,2.4915,370,131,2.495
steppin,326,12,0.4038,0.1017,3.8166,2.8383,2.9214,280,125,1.888
y'all,14869,569,18.4188,4.8238,3.8151,3.5246,5.3646,5100,234,34.387
suck,1083,41,1.3416,0.3476,3.8149,3.7364,3.2964,782,161,5.273
flow,3455,132,4.2798,1.119,3.8107,3.8695,4.0668,2273,216,15.326
level,558,21,0.6912,0.178,3.7957,3.2328,3.0128,467,155,3.149
witness,400,15,0.4955,0.1272,3.7755,2.9079,2.903,341,135,2.299
checks,347,13,0.4298,0.1102,3.7612,2.7898,3.4801,298,131,2.009
double,1633,63,2.0229,0.5341,3.7588,3.5711,3.5197,1189,206,8.017
game,9591,373,11.8808,3.1622,3.7523,3.5861,3.3888,5032,233,33.929
weapon,370,14,0.4583,0.1187,3.7336,3.0259,5.0686,306,114,2.063
kill,3604,141,4.4644,1.1953,3.7222,3.7192,3.8243,2195,217,14.8
b,3806,149,4.7146,1.2632,3.7204,3.5035,3.3594,2120,213,14.294
workin,699,27,0.8659,0.2289,3.7167,3.2722,3.2801,473,155,3.189
dime,775,30,0.96,0.2543,3.7153,3.1674,3.8165,616,174,4.153
patron,367,14,0.4546,0.1187,3.7034,2.6791,2.3885,221,90,1.49
them,22154,876,27.443,7.4264,3.6933,3.6531,3.2159,8200,243,55.29
ice,2700,107,3.3446,0.9071,3.6706,3.7226,3.8482,1740,206,11.732
mixed,338,13,0.4187,0.1102,3.6638,2.7654,2.6396,292,131,1.969
rule,612,24,0.7581,0.2035,3.653,2.9814,2.8748,343,127,2.313
shady,662,26,0.82,0.2204,3.653,3.1772,2.8327,343,95,2.313
sucker,362,14,0.4484,0.1187,3.653,2.9181,2.9415,283,114,1.908
finished,361,14,0.4472,0.1187,3.6429,2.7796,3.1318,325,132,2.191
showin,435,17,0.5389,0.1441,3.6363,3.1681,4.6098,355,136,2.394
hook,1227,49,1.5199,0.4154,3.6235,3.3506,2.9016,671,181,4.524
sippin,854,34,1.0579,0.2882,3.6191,3.4678,5.6224,630,159,4.248
birds,727,29,0.9006,0.2459,3.6034,2.9459,2.939,524,148,3.533
runnin,2153,87,2.667,0.7376,3.5962,3.2938,2.9563,1432,202,9.655
layin,430,17,0.5327,0.1441,3.5945,2.7704,3.3531,366,136,2.468
p,3226,131,3.9962,1.1106,3.5852,3.7953,6.0317,1766,203,11.907
yep,527,21,0.6528,0.178,3.585,2.7707,2.6177,294,113,1.982
wood,625,25,0.7742,0.2119,3.5842,2.6525,3.0095,485,139,3.27
tour,477,19,0.5909,0.1611,3.578,2.2989,5.3135,406,128,2.738
sip,719,29,0.8907,0.2459,3.5638,3.0014,2.7356,513,164,3.459
focus,327,13,0.4051,0.1102,3.5447,2.6285,2.7239,271,127,1.827
jam,689,28,0.8535,0.2374,3.5351,3.2234,3.3544,512,163,3.452
l,2318,96,2.8714,0.8139,3.5106,3.3203,3.5406,1375,206,9.271
bounce,1884,78,2.3338,0.6613,3.5078,3.5514,2.6682,699,174,4.713
quarter,659,27,0.8163,0.2289,3.5042,2.9981,2.4564,506,150,3.412
puff,611,25,0.7569,0.2119,3.504,3.1035,6.5785,399,151,2.69
actin,969,40,1.2003,0.3391,3.4978,3.2931,4.4559,738,174,4.976
forty,490,20,0.607,0.1696,3.4962,2.9589,2.8143,388,138,2.616
unless,608,25,0.7532,0.2119,3.4868,2.9916,2.8379,488,163,3.29
michael,321,13,0.3976,0.1102,3.4798,2.6461,2.8055,282,98,1.901
numbers,439,18,0.5438,0.1526,3.4713,2.8796,2.5203,351,130,2.367
damn,5683,239,7.0398,2.0262,3.4675,3.4437,3.3582,3210,232,21.644
bubble,461,19,0.5711,0.1611,3.4581,2.7115,2.3272,362,142,2.441
wet,1194,50,1.4791,0.4239,3.4562,3.247,2.9847,876,180,5.907
diamonds,1548,65,1.9176,0.551,3.4544,3.4405,2.7709,926,165,6.244
roof,715,30,0.8857,0.2543,3.4278,3.1085,2.3993,513,153,3.459
u,2847,121,3.5267,1.0258,3.4245,3.3689,3.9726,952,180,6.419
stage,714,30,0.8845,0.2543,3.423,2.9281,3.2377,571,172,3.85
bus,737,31,0.913,0.2628,3.421,2.8154,2.6473,482,159,3.25
plenty,735,31,0.9105,0.2628,3.4118,3.2017,2.3874,503,147,3.392
chasin,382,16,0.4732,0.1356,3.3873,2.5671,3.4041,292,119,1.969
black,5769,249,7.1463,2.1109,3.3789,3.3847,3.6241,3354,230,22.615
kicks,381,16,0.472,0.1356,3.3784,2.7167,2.4756,332,121,2.239
tryin,3981,172,4.9314,1.4581,3.3726,3.4448,3.0558,2311,213,15.582
cell,609,26,0.7544,0.2204,3.3607,2.931,2.5972,540,156,3.641
neck,1568,68,1.9423,0.5765,3.3458,3.0404,2.8811,1130,202,7.619
twist,651,28,0.8064,0.2374,3.3402,2.6829,2.5043,470,154,3.169
president,445,19,0.5512,0.1611,3.3383,2.5879,2.3672,322,121,2.171
pants,715,31,0.8857,0.2628,3.319,3.0682,2.8727,581,165,3.917
pair,374,16,0.4633,0.1356,3.3165,2.7808,2.628,325,133,2.191
lean,1006,44,1.2462,0.373,3.3049,2.8747,2.3411,594,161,4.005
thang,2385,105,2.9544,0.8901,3.304,3.6174,3.1873,1228,174,8.28
switch,1005,44,1.2449,0.373,3.3016,3.0053,3.9102,757,182,5.104
drop,4596,203,5.6932,1.721,3.3004,3.4608,2.9658,2844,222,19.176
box,1252,55,1.5509,0.4663,3.2976,3.2601,2.8982,882,184,5.947
whoever,417,18,0.5166,0.1526,3.2976,2.5116,4.5979,356,128,2.4
none,1272,56,1.5757,0.4747,3.2909,2.9156,3.1139,969,192,6.534
kid,2240,99,2.7748,0.8393,3.2902,3.284,3.0815,1642,203,11.071
judge,528,23,0.6541,0.195,3.2861,2.6539,2.2252,406,152,2.738
apple,325,14,0.4026,0.1187,3.2801,2.4402,2.1216,230,102,1.551
jet,437,19,0.5413,0.1611,3.2783,2.7661,2.5816,368,134,2.481
either,884,39,1.095,0.3306,3.272,3.0816,3.1169,724,184,4.882
e,2808,125,3.4784,1.0597,3.2699,3.252,4.2995,1632,211,11.004
popping,435,19,0.5389,0.1611,3.2633,2.7285,2.8765,331,131,2.232
named,454,20,0.5624,0.1696,3.2396,2.4876,3.0044,341,129,2.299
belly,385,17,0.4769,0.1441,3.2188,2.6016,3.014,274,124,1.847
charge,429,19,0.5314,0.1611,3.2184,2.5171,5.9297,361,142,2.434
s,5032,228,6.2333,1.9329,3.2181,3.2429,3.5036,2749,226,18.535
h,1080,49,1.3378,0.4154,3.1895,2.8607,2.8665,667,169,4.497
livin,2124,97,2.6311,0.8223,3.1839,2.9343,2.5841,1330,206,8.968
proper,359,16,0.4447,0.1356,3.1836,2.1725,4.4341,248,123,1.672
um,533,24,0.6602,0.2035,3.1818,2.6597,2.8082,278,109,1.874
rid,315,14,0.3902,0.1187,3.1793,2.486,2.6333,279,116,1.881
big,9145,420,11.3283,3.5606,3.178,3.1686,2.9337,4819,238,32.493
bought,1271,58,1.5744,0.4917,3.1759,3.0448,2.8765,976,189,6.581
bang,2617,120,3.2418,1.0173,3.174,3.3179,3.9076,1158,197,7.808
snap,488,22,0.6045,0.1865,3.1724,2.794,2.3326,228,106,1.537
that'll,1378,63,1.707,0.5341,3.172,3.0788,3.0717,1008,183,6.797
yellow,876,40,1.0851,0.3391,3.1623,2.7187,2.881,604,159,4.073
these,13078,605,16.2002,5.129,3.1561,3.1008,2.9487,6299,243,42.472
club,4543,210,5.6276,1.7803,3.1539,3.3332,3.6053,2446,221,16.492
code,419,19,0.519,0.1611,3.1434,2.6876,3.9066,363,145,2.448
flash,418,19,0.5178,0.1611,3.1359,2.4649,2.4248,353,138,2.38
corner,1360,63,1.6847,0.5341,3.1306,2.9162,2.2612,974,189,6.567
hat,630,29,0.7804,0.2459,3.123,2.6055,2.5034,534,169,3.601
j,1440,67,1.7838,0.568,3.1183,3.2126,2.803,918,185,6.19
finish,501,23,0.6206,0.195,3.1182,2.825,2.7281,434,157,2.926
wow,584,27,0.7234,0.2289,3.1057,2.7929,2.3426,291,107,1.962
inch,370,17,0.4583,0.1441,3.0935,2.3736,2.5695,323,113,2.178
eight,853,40,1.0566,0.3391,3.0793,2.7785,2.4975,690,175,4.652
raised,705,33,0.8733,0.2798,3.0772,2.6686,2.4947,569,149,3.837
pot,491,23,0.6082,0.195,3.0561,2.5452,3.0524,402,143,2.711
chicken,636,30,0.7878,0.2543,3.0493,2.3676,2.6615,427,146,2.879
women,1489,71,1.8445,0.6019,3.044,2.8941,2.3549,1020,191,6.877
joe,593,28,0.7346,0.2374,3.0429,2.6639,3.2046,395,116,2.663
folks,863,41,1.069,0.3476,3.0403,2.8147,2.3206,673,169,4.538
fat,1549,74,1.9188,0.6273,3.0391,2.9307,5.7017,1067,204,7.194
spark,405,19,0.5017,0.1611,3.0385,2.4626,2.6719,336,136,2.266
broke,2293,110,2.8404,0.9325,3.0328,2.9159,2.5553,1692,216,11.409
lotta,404,19,0.5005,0.1611,3.031,2.2772,2.9655,314,142,2.117
stomach,444,21,0.55,0.178,3.0209,2.4345,2.6367,395,145,2.663
holdin,919,44,1.1384,0.373,3.0192,2.4562,2.5869,686,163,4.625
paul,485,23,0.6008,0.195,3.0188,2.4139,4.5963,331,102,2.232
haze,340,16,0.4212,0.1356,3.0154,2.1122,3.1775,297,103,2.003
sittin,1328,64,1.645,0.5426,3.0096,2.7624,2.7547,955,187,6.439
uncle,401,19,0.4967,0.1611,3.0086,2.5664,2.8181,328,121,2.212
dyin,380,18,0.4707,0.1526,3.0053,2.0952,2.9686,282,123,1.901
cat,955,46,1.183,0.39,3.0025,2.7922,4.1297,711,178,4.794
stomp,337,16,0.4175,0.1356,2.9888,2.3132,2.8651,202,99,1.362
serious,663,32,0.8213,0.2713,2.9831,2.4856,2.5419,463,169,3.122
war,2092,102,2.5914,0.8647,2.983,2.7524,2.0327,1206,184,8.132
creep,540,26,0.6689,0.2204,2.9803,2.7206,2.6392,423,148,2.852
kitchen,701,34,0.8684,0.2882,2.9711,2.6256,2.9243,546,161,3.681
daily,355,17,0.4398,0.1441,2.9683,2.4322,2.6396,280,117,1.888
shorty,1796,88,2.2248,0.746,2.9661,2.646,2.6346,966,163,6.513
few,1305,64,1.6166,0.5426,2.9575,2.6278,2.4405,1039,195,7.006
pocket,940,46,1.1644,0.39,2.9554,2.7732,2.7342,738,182,4.976
bobby,333,16,0.4125,0.1356,2.9534,2.1925,2.4214,191,83,1.288
school,2048,101,2.5369,0.8562,2.949,2.9337,2.6463,1567,216,10.566
bullet,570,28,0.7061,0.2374,2.9249,2.5185,2.5145,450,134,3.034
bills,529,26,0.6553,0.2204,2.9196,2.5224,2.3147,447,156,3.014
i'ma,5321,266,6.5913,2.255,2.9177,2.7644,2.8435,2314,211,15.602
fake,1503,75,1.8618,0.6358,2.9098,2.6644,3.1504,1136,200,7.66
slide,844,42,1.0455,0.3561,2.9035,2.5624,2.2584,631,167,4.255
ease,367,18,0.4546,0.1526,2.9026,2.4022,2.1597,276,122,1.861
six,2035,102,2.5208,0.8647,2.9017,2.7702,2.6269,1497,210,10.094
knocked,366,18,0.4534,0.1526,2.8947,2.1054,2.2902,302,126,2.036
neighborhood,404,20,0.5005,0.1696,2.8832,2.465,3.1348,319,116,2.151
ten,1579,80,1.956,0.6782,2.867,2.5635,2.4032,1247,200,8.408
yea,2087,106,2.5853,0.8986,2.8641,2.8083,2.4731,860,173,5.799
knockin,362,18,0.4484,0.1526,2.8631,2.2209,2.3169,264,120,1.78
clean,1476,75,1.8284,0.6358,2.8575,2.596,2.1622,1002,197,6.756
roll,4632,237,5.7378,2.0092,2.8501,2.7484,2.5322,2648,223,17.854
ta,593,30,0.7346,0.2543,2.8433,2.4801,3.8329,291,121,1.962
hits,690,35,0.8547,0.2967,2.8421,2.5456,2.4102,557,168,3.756
blow,3883,200,4.81,1.6955,2.8302,2.8351,2.8735,2510,218,16.924
prison,396,20,0.4905,0.1696,2.8262,2.4411,2.7888,342,123,2.306
track,1611,83,1.9956,0.7036,2.82,2.7456,2.7774,1255,210,8.462
gettin,5660,293,7.0113,2.4839,2.8181,3.0831,3.935,3006,220,20.268
rich,2109,109,2.6125,0.9241,2.815,3.1864,3.3474,1571,211,10.593
mami,529,27,0.6553,0.2289,2.8135,2.5553,1.9218,314,95,2.117
meat,391,20,0.4843,0.1696,2.7905,2.0715,2.3471,316,124,2.131
jumped,352,18,0.436,0.1526,2.7842,2.0735,2.0303,299,121,2.016
comin,3359,176,4.1609,1.4921,2.7812,2.7626,2.5219,2054,209,13.849
size,483,25,0.5983,0.2119,2.7705,2.359,2.7397,428,148,2.886
mom,633,33,0.7841,0.2798,2.7632,2.2905,2.0831,473,149,3.189
row,404,21,0.5005,0.178,2.7491,2.0472,2.723,291,120,1.962
pack,1098,58,1.3601,0.4917,2.7438,2.4141,2.3911,899,198,6.062
throw,3904,208,4.836,1.7633,2.7363,2.6748,2.4539,2173,220,14.652
brain,1501,80,1.8593,0.6782,2.7254,2.7075,2.7105,1235,206,8.327
gon,11422,612,14.1489,5.1883,2.725,2.6905,2.8619,4685,222,31.589
tough,696,37,0.8622,0.3137,2.7139,2.3168,2.1924,514,155,3.466
park,806,43,0.9984,0.3645,2.7091,2.4384,2.2767,667,186,4.497
hangin,434,23,0.5376,0.195,2.7016,2.2388,2.9935,370,130,2.495
hi,434,23,0.5376,0.195,2.7016,2.162,1.7926,251,117,1.692
death,1977,107,2.449,0.9071,2.6879,2.5839,2.6451,1374,199,9.264
force,468,25,0.5797,0.2119,2.6846,2.3843,2.3478,410,141,2.764
punch,321,17,0.3976,0.1441,2.6844,2.0356,2.0567,267,115,1.8
monkey,320,17,0.3964,0.1441,2.6761,2.1924,2.7539,230,117,1.551
struggle,594,32,0.7358,0.2713,2.6729,2.3561,2.0299,434,146,2.926
plate,465,25,0.576,0.2119,2.6674,2.4285,2.2636,422,153,2.845
tryna,3604,197,4.4644,1.6701,2.6668,2.6985,2.3238,1849,207,12.467
takin,1210,66,1.4989,0.5595,2.6598,2.5569,2.9577,981,183,6.615
business,1319,72,1.6339,0.6104,2.6594,2.6534,3.0269,1032,189,6.958
top,4818,266,5.9682,2.255,2.6419,2.5145,2.4907,3118,235,21.024
soft,804,44,0.9959,0.373,2.6416,2.4836,2.1053,682,184,4.598
buy,2023,112,2.506,0.9495,2.6282,2.565,2.0765,1381,202,9.312
c,2753,153,3.4103,1.2971,2.6211,2.7775,3.0407,1690,201,11.395
thou,313,17,0.3877,0.1441,2.6176,2.1035,2.8219,217,98,1.463
they,46383,2590,57.4565,21.957,2.6163,2.6338,2.4353,11242,251,75.801
bag,1440,80,1.7838,0.6782,2.6147,2.3128,2.3242,1071,199,7.221
kids,2375,133,2.942,1.1275,2.6,2.4103,3.0085,1696,215,11.436
months,362,20,0.4484,0.1696,2.5838,1.9597,2.3212,330,137,2.225
twenty,1228,69,1.5212,0.585,2.5828,2.4169,2.3687,880,180,5.934
slippin,432,24,0.5351,0.2035,2.5794,1.7493,3.1264,307,127,2.07
james,325,18,0.4026,0.1526,2.5709,2.0615,2.204,261,122,1.76
yard,394,22,0.4881,0.1865,2.562,2.079,2.2815,336,123,2.266
champagne,428,24,0.5302,0.2035,2.5556,2.2546,2.0076,305,106,2.057
bless,392,22,0.4856,0.1865,2.549,2.1695,1.8577,321,141,2.164
havin,706,40,0.8746,0.3391,2.549,2.0354,2.2156,553,156,3.729
america,357,20,0.4422,0.1696,2.5482,1.9576,2.091,224,97,1.51
add,356,20,0.441,0.1696,2.541,2.2777,2.3283,286,119,1.928
freaky,562,32,0.6962,0.2713,2.529,1.9886,1.5593,308,125,2.077
heavy,1081,62,1.3391,0.5256,2.5284,2.4029,2.1282,792,174,5.34
hah,457,26,0.5661,0.2204,2.5226,2.0615,1.743,230,95,1.551
tip,732,42,0.9068,0.3561,2.5184,2.119,2.1968,522,156,3.52
probably,1913,111,2.3697,0.941,2.5076,2.4184,2.2962,1435,196,9.676
chains,570,33,0.7061,0.2798,2.4884,2.3456,1.7219,431,164,2.906
bein,689,40,0.8535,0.3391,2.4876,2.2743,2.247,535,152,3.607
hov,348,20,0.4311,0.1696,2.484,2.0729,1.9003,167,42,1.126
psycho,331,19,0.41,0.1611,2.484,1.9966,2.2072,164,80,1.106
locked,1027,60,1.2722,0.5087,2.4816,2.3548,2.1192,827,188,5.576
c'mon,2578,152,3.1935,1.2886,2.4706,2.5582,1.847,969,164,6.534
later,1055,62,1.3069,0.5256,2.4677,2.2453,1.9078,813,193,5.482
system,514,30,0.6367,0.2543,2.4649,2.1559,2.283,416,151,2.805
whole,5014,297,6.211,2.5179,2.4629,2.4219,2.2246,3379,232,22.783
toe,395,23,0.4893,0.195,2.4592,2.0978,1.9684,322,147,2.171
aye,1051,62,1.3019,0.5256,2.4583,2.5707,2.9917,371,118,2.502
vision,474,28,0.5872,0.2374,2.4328,2.1177,2.0373,432,150,2.913
shows,673,40,0.8337,0.3391,2.4299,2.1324,1.9324,561,163,3.783
trip,922,55,1.1421,0.4663,2.4287,2.2325,2.4912,734,169,4.949
chick,1686,101,2.0885,0.8562,2.4279,2.313,2.9374,1144,192,7.714
kick,1735,104,2.1492,0.8817,2.4267,2.4072,2.447,1282,201,8.644
young,5289,318,6.5517,2.6959,2.4267,2.4578,2.3532,3043,226,20.518
ayo,835,50,1.0343,0.4239,2.4175,2.3003,6.667,505,115,3.405
city,3745,226,4.6391,1.9159,2.4163,2.3206,2.2885,2213,217,14.921
claim,503,30,0.6231,0.2543,2.4122,2.091,2.1528,415,144,2.798
kicked,370,22,0.4583,0.1865,2.4061,1.87,1.683,271,125,1.827
zone,929,56,1.1508,0.4747,2.4039,2.2343,2.2843,685,180,4.619
hungry,613,37,0.7593,0.3137,2.3905,2.0107,2.0018,502,156,3.385
smell,1019,62,1.2623,0.5256,2.3835,2.3363,2.3475,748,182,5.043
mommy,333,20,0.4125,0.1696,2.3771,1.9965,1.7549,211,94,1.423
house,3870,239,4.7939,2.0262,2.3614,2.2968,2.0573,2421,222,16.324
leg,314,19,0.389,0.1611,2.3566,1.9227,2.2536,250,106,1.686
lock,991,61,1.2276,0.5171,2.3557,2.1111,2.1927,784,189,5.286
y,1216,75,1.5063,0.6358,2.3544,2.3243,1.7778,621,168,4.187
daughter,506,31,0.6268,0.2628,2.3495,2.155,2.7107,423,146,2.852
pass,2382,148,2.9507,1.2547,2.3443,2.2518,1.6423,1469,211,9.905
grip,678,42,0.8399,0.3561,2.3327,2.0233,2.4272,543,161,3.661
dirt,933,58,1.1557,0.4917,2.3317,2.034,1.8006,649,169,4.376
white,3470,217,4.2984,1.8396,2.3315,2.3273,2.463,2325,220,15.677
everytime,438,27,0.5426,0.2289,2.3299,1.9459,2.0219,346,133,2.333
legs,501,31,0.6206,0.2628,2.3263,1.8827,1.6564,437,154,2.947
ugly,453,28,0.5611,0.2374,2.3251,2.072,2.1528,351,136,2.367
bite,548,34,0.6788,0.2882,2.3231,2.0038,1.7972,474,165,3.196
action,484,30,0.5996,0.2543,2.3211,2.2236,2.0564,394,155,2.657
act,2466,155,3.0547,1.314,2.3177,2.3002,1.8711,1676,211,11.301
smart,403,25,0.4992,0.2119,2.3121,1.9272,2.1418,343,141,2.313
deal,1716,108,2.1257,0.9156,2.3116,2.1819,1.9938,1331,204,8.974
tone,370,23,0.4583,0.195,2.3037,1.7418,1.9669,296,116,1.996
arm,715,45,0.8857,0.3815,2.2978,2.2109,1.9111,563,165,3.796
self,868,55,1.0752,0.4663,2.2866,2.1861,2.3039,622,174,4.194
fan,523,33,0.6479,0.2798,2.2834,1.7035,2.0742,392,146,2.643
givin,913,58,1.131,0.4917,2.2817,2.1601,2.1919,728,175,4.909
n,3130,200,3.8773,1.6955,2.2814,2.2687,2.4707,1475,200,9.945
flesh,365,23,0.4521,0.195,2.2726,1.7882,2.455,320,106,2.158
expect,379,24,0.4695,0.2035,2.2634,1.8718,2.0482,308,132,2.077
son,2367,153,2.9321,1.2971,2.2537,2.0643,2.1587,1575,203,10.62
drank,500,32,0.6194,0.2713,2.2502,1.7852,1.8753,318,95,2.144
shirt,715,46,0.8857,0.39,2.2483,2.1613,1.7133,557,172,3.756
heads,679,44,0.8411,0.373,2.2312,2.0246,2.3833,550,163,3.708
bout,8689,569,10.7634,4.8238,2.2295,2.219,2.2162,4494,232,30.301
ran,859,56,1.0641,0.4747,2.2228,2.0013,1.8948,733,186,4.942
feed,722,47,0.8944,0.3984,2.2225,1.9526,1.8423,568,164,3.83
job,949,62,1.1756,0.5256,2.2198,2.078,1.7357,741,185,4.996
cup,736,48,0.9117,0.4069,2.2189,1.9249,2.1598,518,162,3.493
nothin,3558,234,4.4074,1.9838,2.2173,2.125,2.2101,2100,214,14.16
ye,371,24,0.4596,0.2035,2.2156,1.8691,2.0825,169,75,1.14
t,2976,196,3.6865,1.6616,2.2133,2.2399,2.2366,1752,210,11.813
load,491,32,0.6082,0.2713,2.2098,2.0598,2.1025,368,141,2.481
rag,339,22,0.4199,0.1865,2.2048,2.103,2.4338,219,92,1.477
lemme,580,38,0.7185,0.3221,2.2032,1.8952,1.6507,262,111,1.767
grew,443,29,0.5488,0.2459,2.1967,1.9074,1.9648,361,131,2.434
blew,457,30,0.5661,0.2543,2.1918,1.794,2.7679,390,134,2.63
beats,996,66,1.2338,0.5595,2.1896,2.0718,2.5101,792,180,5.34
walkin,860,57,1.0653,0.4832,2.1867,2.0737,1.7767,654,173,4.41
goin,3546,237,4.3926,2.0092,2.1819,2.1173,2.0426,2080,212,14.025
lot,3983,268,4.9339,2.272,2.1678,2.1389,1.9452,2511,224,16.931
million,1682,113,2.0836,0.958,2.166,2.0593,2.1586,1157,196,7.801
fist,318,21,0.3939,0.178,2.1646,1.9077,2.231,267,112,1.8
tracks,540,36,0.6689,0.3052,2.1638,1.7576,1.7903,470,145,3.169
five,2330,159,2.8863,1.3479,2.135,2.1716,1.8373,1690,207,11.395
mad,2768,189,3.4288,1.6023,2.1347,2.0997,2.1372,1916,216,12.919
color,737,50,0.913,0.4239,2.1339,1.9407,2.0123,561,151,3.783
steady,810,55,1.0034,0.4663,2.1339,1.9705,1.8403,567,156,3.823
street,4036,276,4.9996,2.3398,2.1331,2.1059,2.6726,2613,221,17.619
hating,545,37,0.6751,0.3137,2.1255,1.6525,1.988,392,134,2.643
family,1621,111,2.008,0.941,2.125,2.0485,1.7252,1138,196,7.673
whatcha,355,24,0.4398,0.2035,2.1202,1.7623,0.9203,114,73,0.769
mouth,2981,205,3.6927,1.7379,2.12,2.0715,2.1038,2018,214,13.607
watchin,877,60,1.0864,0.5087,2.1193,1.9758,2.0252,662,170,4.464
eating,369,25,0.4571,0.2119,2.1173,1.6924,2.3406,324,122,2.185
relax,470,32,0.5822,0.2713,2.1154,2.005,1.628,347,137,2.34
loose,860,59,1.0653,0.5002,2.1132,2.0436,1.5852,616,175,4.153
man,23357,1616,28.9332,13.6998,2.1113,2.1075,2.0797,8306,245,56.004
wife,1203,83,1.4902,0.7036,2.106,1.8827,1.8691,905,193,6.102
movie,724,50,0.8968,0.4239,2.0963,2.0498,1.6912,532,160,3.587
funk,494,34,0.6119,0.2882,2.0944,1.8306,1.843,268,112,1.807
trees,651,45,0.8064,0.3815,2.0922,1.9476,1.8592,540,155,3.641
throwing,349,24,0.4323,0.2035,2.0844,1.7567,1.8855,294,124,1.982
brought,848,59,1.0505,0.5002,2.0837,1.8662,1.7063,672,174,4.531
power,962,67,1.1917,0.568,2.0835,1.9353,1.6601,638,176,4.302
talkin,3689,259,4.5697,2.1957,2.0775,2.1146,2.6951,2261,211,15.245
quit,1030,72,1.2759,0.6104,2.0769,1.8675,1.8942,711,171,4.794
frame,390,27,0.4831,0.2289,2.0749,1.7338,1.7089,351,147,2.367
position,461,32,0.5711,0.2713,2.0749,1.9695,1.6574,404,143,2.724
half,2278,160,2.8218,1.3564,2.0743,2.0554,1.9104,1575,213,10.62
jumpin,446,31,0.5525,0.2628,2.0712,1.5381,1.8152,324,133,2.185
ask,3266,230,4.0457,1.9499,2.0707,2.067,1.7925,2325,223,15.677
blood,2314,163,2.8664,1.3819,2.0685,2.0112,1.86,1516,201,10.222
ain't,40175,2842,49.7664,24.0934,2.0652,2.0487,2.1122,11181,249,75.389
showed,444,31,0.55,0.2628,2.0619,1.829,1.4841,346,137,2.333
cha,737,52,0.913,0.4408,2.0526,1.7492,2.3495,313,121,2.11
dip,680,48,0.8423,0.4069,2.0502,1.8685,1.9685,397,141,2.677
suicide,371,26,0.4596,0.2204,2.0484,1.6564,1.6543,206,98,1.389
crown,413,29,0.5116,0.2459,2.0481,1.7659,1.8291,371,132,2.502
plane,496,35,0.6144,0.2967,2.0436,1.8654,1.803,405,148,2.731
rolled,384,27,0.4757,0.2289,2.043,1.7566,1.6845,318,130,2.144
news,621,44,0.7693,0.373,2.0407,1.822,1.7721,506,167,3.412
crime,716,51,0.8869,0.4324,2.0329,1.7885,1.7296,557,154,3.756
style,1853,133,2.2954,1.1275,2.0287,1.9946,1.6681,1347,205,9.082
candy,1042,75,1.2908,0.6358,2.0176,2.0133,2.0659,638,151,4.302
map,310,22,0.384,0.1865,2.0164,1.7228,1.7302,262,112,1.767
tellin,1013,73,1.2548,0.6189,2.0149,1.8183,2.1116,786,170,5.3
heat,2170,157,2.6881,1.331,2.0137,2.1399,2.3172,1687,220,11.375
shop,695,50,0.8609,0.4239,2.0124,1.8871,2.0149,548,150,3.695
shakin,433,31,0.5364,0.2628,2.0109,1.791,2.118,306,125,2.063
pour,474,34,0.5872,0.2882,2.0097,1.8986,1.3831,346,134,2.333
cut,2627,191,3.2542,1.6192,2.0048,1.9333,1.9222,1926,222,12.986
bass,376,27,0.4658,0.2289,2.0005,1.7237,1.2629,263,129,1.773
flat,444,32,0.55,0.2713,1.9985,1.7302,1.7338,376,143,2.535
catch,3397,248,4.208,2.1024,1.9977,2.0725,2.0608,2329,223,15.704
lookin,3804,278,4.7122,2.3568,1.9961,1.8736,2.2388,2260,217,15.238
hot,5984,438,7.4126,3.7132,1.9942,2.0686,2.1417,3271,232,22.055
ol,715,52,0.8857,0.4408,1.9914,1.6841,2.2234,410,137,2.764
greatest,401,29,0.4967,0.2459,1.9887,1.8564,1.9317,284,108,1.915
knock,1462,107,1.811,0.9071,1.9879,1.8452,2.0354,969,190,6.534
car,3106,229,3.8475,1.9414,1.9779,1.8535,1.7673,2231,225,15.043
acting,627,46,0.7767,0.39,1.9718,1.8377,1.626,475,169,3.203
riding,896,66,1.1099,0.5595,1.9699,1.9234,1.8186,634,158,4.275
standin,532,39,0.659,0.3306,1.9698,1.8377,2.0887,452,149,3.048
lyin,505,37,0.6256,0.3137,1.9697,1.8105,1.66,382,150,2.576
cruise,316,23,0.3914,0.195,1.9679,1.6167,1.688,251,109,1.692
full,2878,214,3.5651,1.8142,1.9609,1.8735,1.9307,2085,223,14.058
weight,904,67,1.1198,0.568,1.958,1.9093,2.2074,720,175,4.855
attitude,393,29,0.4868,0.2459,1.9491,1.7241,1.7044,330,139,2.225
cute,365,27,0.4521,0.2289,1.9421,1.6213,1.5085,299,128,2.016
grown,1078,81,1.3354,0.6867,1.9336,1.8886,1.7335,839,185,5.657
king,2130,161,2.6385,1.3649,1.9276,1.9614,2.1227,1450,210,9.777
pill,335,25,0.415,0.2119,1.9225,1.6396,1.6278,256,105,1.726
thinkin,1518,115,1.8804,0.9749,1.9211,1.8469,1.7227,1095,192,7.383
wipe,387,29,0.4794,0.2459,1.9194,1.796,1.6891,265,122,1.787
drivin,347,26,0.4298,0.2204,1.9161,1.4123,1.9949,262,118,1.767
butt,491,37,0.6082,0.3137,1.9151,1.8044,1.8785,412,144,2.778
dead,3056,233,3.7856,1.9753,1.9127,1.8892,1.814,2004,217,13.512
problem,1166,89,1.4444,0.7545,1.9044,1.8693,1.542,870,183,5.866
holes,370,28,0.4583,0.2374,1.8995,1.5466,1.9317,324,126,2.185
front,2822,217,3.4957,1.8396,1.8962,1.9294,2.0467,1979,221,13.344
check,3704,285,4.5883,2.4161,1.896,1.9168,2.4352,2348,230,15.832
selling,447,34,0.5537,0.2882,1.8953,1.7372,1.8685,381,133,2.569
shoes,1362,105,1.6872,0.8901,1.8871,1.7998,1.5909,1045,191,7.046
nasty,742,57,0.9191,0.4832,1.8868,1.7225,1.466,456,137,3.075
fact,1412,109,1.7491,0.9241,1.8849,1.8377,1.8272,1199,205,8.084
truck,1218,94,1.5088,0.7969,1.8841,1.768,1.8435,919,177,6.196
match,457,35,0.5661,0.2967,1.8831,1.6893,2.1629,387,162,2.609
babies,442,34,0.5475,0.2882,1.8741,1.717,1.473,353,139,2.38
turnin,351,27,0.4348,0.2289,1.8677,1.5139,1.7751,200,97,1.349
shook,376,29,0.4658,0.2459,1.8649,1.6562,2.118,323,138,2.178
pay,2528,198,3.1315,1.6786,1.8613,1.7482,1.6721,1868,218,12.595
average,337,26,0.4175,0.2204,1.8609,1.5845,3.7034,287,124,1.935
stick,1679,132,2.0798,1.119,1.8521,1.7544,1.7343,1170,199,7.889
sticky,322,25,0.3989,0.2119,1.848,1.7686,3.2621,242,104,1.632
off,16739,1324,20.7353,11.2244,1.8467,1.8375,1.858,7486,245,50.475
brothers,711,56,0.8807,0.4747,1.8401,1.744,1.8311,550,163,3.708
makin,1818,144,2.252,1.2208,1.8389,1.7901,2.2597,1297,195,8.745
green,1977,157,2.449,1.331,1.8346,1.9264,2.3691,1475,200,9.945
week,1059,84,1.3118,0.7121,1.8321,1.7905,1.8363,830,192,5.596
ceiling,319,25,0.3952,0.2119,1.8308,1.4904,1.669,244,115,1.645
ahead,795,63,0.9848,0.5341,1.8305,1.742,1.3297,607,177,4.093
lit,356,28,0.441,0.2374,1.8278,1.3671,1.8102,313,129,2.11
gots,443,35,0.5488,0.2967,1.8255,1.7505,2.1703,293,116,1.976
speak,1541,123,1.9089,1.0427,1.8238,1.7871,1.497,1233,204,8.314
ay,2080,167,2.5766,1.4158,1.8149,1.7461,2.0451,778,157,5.246
poor,465,37,0.576,0.3137,1.8138,1.6525,1.3679,350,125,2.36
low,3352,270,4.1523,2.289,1.811,1.7985,1.6141,1949,220,13.141
clothes,1665,134,2.0625,1.136,1.8094,1.741,1.5223,1223,201,8.246
underground,600,48,0.7432,0.4069,1.8092,1.5603,1.7095,401,122,2.704
fools,512,41,0.6342,0.3476,1.8045,1.5728,1.5017,432,148,2.913
headed,450,36,0.5574,0.3052,1.8035,1.601,1.6797,376,149,2.535
cream,708,57,0.877,0.4832,1.8004,1.7228,2.0188,536,168,3.614
twelve,326,26,0.4038,0.2204,1.8003,1.5192,1.6416,285,112,1.922
r,1865,151,2.3102,1.2801,1.7992,1.8514,2.2827,1159,202,7.815
hill,522,42,0.6466,0.3561,1.7964,1.4905,1.4283,346,132,2.333
hell,3404,277,4.2167,2.3483,1.7927,1.6863,1.6499,2119,225,14.288
send,1476,120,1.8284,1.0173,1.7904,1.5536,1.7579,1165,197,7.855
toes,580,47,0.7185,0.3984,1.7857,1.5706,1.6455,449,157,3.027
ghost,689,56,0.8535,0.4747,1.7832,1.6945,1.8938,457,130,3.081
funky,432,35,0.5351,0.2967,1.7802,1.4284,2.6499,252,109,1.699
keys,748,61,0.9266,0.5171,1.7784,1.6785,1.342,578,165,3.897
threw,468,38,0.5797,0.3221,1.7781,1.5785,1.473,375,140,2.528
type,1774,146,2.1975,1.2377,1.7699,1.8735,2.7427,1285,205,8.664
since,3042,251,3.7682,2.1279,1.7677,1.7992,1.6092,2294,218,15.468
battle,622,51,0.7705,0.4324,1.7662,1.6124,1.7026,453,132,3.054
sounds,501,41,0.6206,0.3476,1.7658,1.6327,1.5542,407,145,2.744
short,838,69,1.0381,0.585,1.7629,1.6792,1.5261,651,178,4.389
ha,4617,383,5.7193,3.2469,1.7593,1.7485,1.3768,1324,196,8.927
its,3460,288,4.286,2.4416,1.7527,1.727,1.8069,1703,210,11.483
daddy,1912,159,2.3685,1.3479,1.7521,1.8185,1.404,1105,184,7.451
boo,843,70,1.0443,0.5934,1.7482,1.5682,1.5452,596,165,4.019
leather,447,37,0.5537,0.3137,1.7437,1.7278,2.0468,378,133,2.549
proof,505,42,0.6256,0.3561,1.738,1.5608,1.7479,395,130,2.663
ears,373,31,0.462,0.2628,1.7326,1.4017,1.69,337,125,2.272
lets,677,57,0.8386,0.4832,1.7217,1.582,1.5277,462,164,3.115
put,12791,1087,15.8447,9.2152,1.7187,1.7326,1.7898,6419,240,43.281
card,381,32,0.472,0.2713,1.7152,1.431,1.5979,304,130,2.05
tongue,732,62,0.9068,0.5256,1.7125,1.6286,1.4079,517,155,3.486
high,5985,512,7.4139,4.3405,1.7065,1.6905,1.6066,3024,228,20.39
re,529,45,0.6553,0.3815,1.7004,1.5403,1.3431,368,129,2.481
pull,3144,270,3.8946,2.289,1.6986,1.7498,1.8738,2271,227,15.313
red,2482,214,3.0746,1.8142,1.6911,1.6433,1.4945,1708,211,11.516
church,526,45,0.6516,0.3815,1.6908,1.432,1.8371,439,154,2.96
stuck,1323,114,1.6389,0.9664,1.689,1.6879,1.5978,1008,187,6.797
drama,1149,99,1.4233,0.8393,1.6881,1.6606,1.542,865,182,5.832
brown,894,77,1.1074,0.6528,1.6865,1.6462,1.5656,631,179,4.255
outta,1758,152,2.1777,1.2886,1.6849,1.7598,1.9559,1250,199,8.428
bird,685,59,0.8485,0.5002,1.6834,1.5961,1.6215,531,160,3.58
doors,754,65,0.934,0.551,1.6832,1.6123,1.1266,539,155,3.634
rules,718,62,0.8894,0.5256,1.6798,1.5578,1.5799,558,171,3.762
ride,6562,572,8.1286,4.8492,1.6749,1.6631,1.6028,3226,229,21.752
talking,2855,249,3.5366,2.1109,1.6723,1.5722,1.5292,1687,215,11.375
person,337,29,0.4175,0.2459,1.6717,1.4402,1.208,279,109,1.881
laid,577,50,0.7148,0.4239,1.671,1.571,1.7357,488,165,3.29
california,461,40,0.5711,0.3391,1.665,1.457,1.4922,279,94,1.881
drink,1929,169,2.3895,1.4327,1.6633,1.6781,1.2406,1097,202,7.397
bodies,449,39,0.5562,0.3306,1.6628,1.5022,1.3252,368,138,2.481
m,1903,167,2.3573,1.4158,1.6605,1.6864,1.7783,1211,202,8.165
real,11972,1056,14.8302,8.9524,1.6559,1.6956,1.6807,5850,240,39.444
repeat,775,68,0.96,0.5765,1.6542,1.6379,2.4701,499,153,3.365
beat,4258,377,5.2746,3.1961,1.6483,1.7177,1.6326,2675,228,18.037
some,17550,1557,21.7399,13.1996,1.6465,1.621,1.5323,7522,246,50.718
everyday,1117,99,1.3837,0.8393,1.6411,1.4653,1.448,752,184,5.07
sex,1405,125,1.7404,1.0597,1.6364,1.5816,2.2596,937,187,6.318
listen,3110,278,3.8525,2.3568,1.632,1.6241,1.4642,2152,227,14.51
store,664,59,0.8225,0.5002,1.6319,1.5646,1.3743,554,165,3.735
chest,1216,109,1.5063,0.9241,1.6233,1.6166,1.6703,983,192,6.628
list,316,28,0.3914,0.2374,1.6227,1.4915,1.3481,266,126,1.794
with,61845,5570,76.6099,47.2203,1.6223,1.6351,1.6913,12848,252,86.629
jeans,1022,92,1.266,0.7799,1.6152,1.5007,1.4277,745,183,5.023
number,1718,155,2.1282,1.314,1.6148,1.4306,1.3296,1132,204,7.633
bar,1097,99,1.3589,0.8393,1.6117,1.5733,1.3232,849,191,5.724
scene,864,78,1.0703,0.6613,1.6092,1.4406,1.8324,722,192,4.868
mention,368,33,0.4559,0.2798,1.6073,1.36,1.3895,317,136,2.137
bet,2191,199,2.7141,1.687,1.6051,1.5391,1.5294,1510,210,10.181
busy,510,46,0.6318,0.39,1.6042,1.5727,1.4092,372,139,2.508
doctor,378,34,0.4682,0.2882,1.6031,1.3758,1.3039,311,126,2.097
most,2007,183,2.4862,1.5514,1.5985,1.4966,1.4895,1528,211,10.303
freak,1175,107,1.4555,0.9071,1.5978,1.4913,1.6678,650,161,4.383
competition,311,28,0.3852,0.2374,1.5971,1.4041,2.0066,248,114,1.672
funny,1098,100,1.3601,0.8478,1.5971,1.5154,1.3757,865,189,5.832
state,1204,110,1.4914,0.9325,1.5928,1.5616,1.5356,898,198,6.055
two,6867,630,8.5064,5.3409,1.5916,1.5485,1.3659,3977,234,26.815
ear,647,59,0.8015,0.5002,1.5901,1.4349,1.2909,552,160,3.722
th,908,83,1.1248,0.7036,1.5898,1.4706,1.2701,627,176,4.228
welcome,891,82,1.1037,0.6952,1.579,1.3997,1.2183,530,159,3.574
filled,382,35,0.4732,0.2967,1.5744,1.3947,1.2572,331,139,2.232
law,765,71,0.9476,0.6019,1.5644,1.2868,1.9492,595,169,4.012
harder,611,57,0.7569,0.4832,1.5539,1.4812,1.4703,479,157,3.23
island,419,39,0.519,0.3306,1.5518,1.2579,2.1694,324,107,2.185
grab,1502,141,1.8606,1.1953,1.5515,1.6137,2.0023,1085,203,7.316
mi,396,37,0.4905,0.3137,1.545,1.3661,1.0866,122,67,0.823
step,2297,217,2.8454,1.8396,1.5435,1.4712,1.3293,1455,211,9.811
till,2466,233,3.0547,1.9753,1.5435,1.5227,1.3082,1552,212,10.465
fa,310,29,0.384,0.2459,1.538,1.2814,2.2032,205,96,1.382
dumb,1057,100,1.3093,0.8478,1.5375,1.5285,1.7069,733,183,4.942
foot,476,45,0.5896,0.3815,1.5302,1.4612,1.6881,397,153,2.677
thousand,1061,101,1.3143,0.8562,1.5281,1.4607,1.3832,790,170,5.327
vibe,360,34,0.4459,0.2882,1.5268,1.3627,1.8711,265,111,1.787
thanks,317,30,0.3927,0.2543,1.5211,1.2645,1.5133,267,110,1.8
breakin,431,41,0.5339,0.3476,1.5193,1.4516,2.0755,326,130,2.198
or,15512,1497,19.2153,12.691,1.5136,1.492,1.4688,7446,243,50.206
lift,605,58,0.7494,0.4917,1.5124,1.4197,1.0539,387,140,2.609
glow,377,36,0.467,0.3052,1.5112,1.3129,1.2265,275,116,1.854
john,418,40,0.5178,0.3391,1.5099,1.416,2.3853,367,141,2.475
record,1199,116,1.4852,0.9834,1.5045,1.5625,1.7402,904,185,6.095
came,4273,415,5.2931,3.5182,1.5029,1.4701,1.3949,2904,228,19.581
then,15691,1527,19.4371,12.9453,1.501,1.516,1.4501,7410,242,49.963
drinks,353,34,0.4373,0.2882,1.4972,1.3598,1.0428,227,119,1.531
press,403,39,0.4992,0.3306,1.4926,1.4126,1.5389,317,125,2.137
died,657,64,0.8139,0.5426,1.4895,1.3357,1.4511,512,155,3.452
cool,2437,239,3.0188,2.0262,1.4871,1.4685,1.3714,1666,219,11.233
art,350,34,0.4336,0.2882,1.4845,1.3489,1.7523,297,101,2.003
plans,350,34,0.4336,0.2882,1.4845,1.316,1.0739,299,134,2.016
talk,6279,618,7.778,5.2392,1.4835,1.4724,1.3309,3513,229,23.687
though,2973,293,3.6828,2.4839,1.4804,1.4379,1.3218,2122,222,14.308
men,1055,104,1.3069,0.8817,1.4759,1.354,1.3073,778,172,5.246
dirty,2255,223,2.7934,1.8905,1.4746,1.5875,1.3173,1221,198,8.233
seat,852,84,1.0554,0.7121,1.4742,1.4594,1.8385,687,171,4.632
any,2617,259,3.2418,2.1957,1.4739,1.3976,1.3577,1935,219,13.047
test,780,77,0.9662,0.6528,1.4716,1.3451,1.3702,648,191,4.369
peace,1632,162,2.0216,1.3734,1.4679,1.4609,1.3629,1093,200,7.37
stones,376,37,0.4658,0.3137,1.467,1.328,1.4637,279,101,1.881
wheels,525,52,0.6503,0.4408,1.4626,1.3007,1.7457,411,136,2.771
three,3003,300,3.7199,2.5433,1.4605,1.4249,1.3345,2093,219,14.112
point,1153,115,1.4283,0.9749,1.4593,1.3936,1.4202,866,190,5.839
air,2221,222,2.7512,1.882,1.4589,1.4181,1.2943,1404,205,9.467
fast,2247,225,2.7834,1.9075,1.4563,1.4035,1.3685,1630,218,10.99
case,1210,121,1.4989,1.0258,1.4558,1.4416,1.6092,1008,198,6.797
watch,5616,564,6.9568,4.7814,1.4538,1.4928,1.4298,3336,227,22.493
flight,391,39,0.4843,0.3306,1.4482,1.2739,1.3962,334,140,2.252
year,1699,171,2.1046,1.4497,1.448,1.2308,1.8267,1258,203,8.482
teach,589,59,0.7296,0.5002,1.4477,1.3608,1.4157,438,156,2.953
rest,1728,174,2.1405,1.4751,1.4474,1.4132,1.3454,1278,210,8.617
windows,360,36,0.4459,0.3052,1.4432,1.2555,1.2384,299,131,2.016
whether,606,61,0.7507,0.5171,1.441,1.37,1.1507,478,161,3.223
we,62319,6320,77.197,53.5785,1.4407,1.4403,1.3244,11338,250,76.448
joke,447,45,0.5537,0.3815,1.4371,1.3568,1.323,370,151,2.495
ones,1311,133,1.624,1.1275,1.4355,1.3796,1.3201,958,194,6.459
grave,397,40,0.4918,0.3391,1.4341,1.3039,1.4153,299,121,2.016
happen,838,85,1.0381,0.7206,1.433,1.3856,1.1604,650,176,4.383
bring,4505,459,5.5805,3.8912,1.4327,1.366,1.2775,2754,234,18.569
done,6259,638,7.7533,5.4087,1.4325,1.4163,1.3968,3655,233,24.644
hate,3934,401,4.8732,3.3995,1.4319,1.347,1.3033,2324,215,15.67
brother,1454,148,1.8011,1.2547,1.4312,1.4755,1.3844,1071,203,7.221
fish,405,41,0.5017,0.3476,1.4277,1.2349,1.2122,346,127,2.333
lap,443,45,0.5488,0.3815,1.4243,1.4374,1.4346,337,128,2.272
his,10221,1051,12.6612,8.91,1.4204,1.4157,1.2842,4631,229,31.225
sick,2233,230,2.7661,1.9499,1.4159,1.3311,1.4935,1611,212,10.862
count,826,85,1.0232,0.7206,1.4125,1.3519,1.1205,581,171,3.917
finger,681,70,0.8436,0.5934,1.4125,1.3544,1.4827,543,170,3.661
gold,1569,162,1.9436,1.3734,1.4113,1.4117,1.7768,1154,200,7.781
notice,341,35,0.4224,0.2967,1.4056,1.1877,0.9927,239,109,1.611
hug,386,40,0.4782,0.3391,1.3944,1.3567,1.3329,292,127,1.969
movin,1071,112,1.3267,0.9495,1.3917,1.3887,1.4127,686,171,4.625
bottle,832,87,1.0306,0.7376,1.3902,1.3711,1.3812,632,171,4.261
went,2410,253,2.9854,2.1448,1.3894,1.3165,1.3196,1840,222,12.406
blessed,375,39,0.4645,0.3306,1.3891,1.292,1.0953,336,132,2.266
from,23956,2523,29.6753,21.389,1.3872,1.3548,1.3494,9664,248,65.161
recognize,488,51,0.6045,0.4324,1.386,1.3821,1.0989,353,144,2.38
like,70723,7459,87.6074,63.2345,1.3854,1.3935,1.471,13194,253,88.962
taught,573,60,0.7098,0.5087,1.3851,1.2779,1.2183,449,156,3.027
use,1606,169,1.9894,1.4327,1.3849,1.3695,1.2498,1213,209,8.179
new,8011,845,9.9235,7.1636,1.3845,1.3607,1.4944,4445,241,29.971
gas,636,67,0.7878,0.568,1.3778,1.3583,1.3919,532,170,3.587
birthday,343,36,0.4249,0.3052,1.3751,1.1613,1.2371,201,91,1.355
missin,484,51,0.5996,0.4324,1.3747,1.1767,1.4869,368,133,2.481
grass,314,33,0.389,0.2798,1.3718,1.1169,1.7577,280,114,1.888
nah,2043,218,2.5307,1.8481,1.3666,1.3971,2.0605,1123,187,7.572
imagine,481,51,0.5958,0.4324,1.3661,1.2876,1.0719,312,124,2.104
fingers,509,54,0.6305,0.4578,1.366,1.2514,1.0935,361,130,2.434
that's,19557,2097,24.226,17.7776,1.3624,1.348,1.4492,8292,245,55.91
heard,4008,430,4.9649,3.6454,1.3606,1.3373,1.5793,2609,224,17.592
message,469,50,0.581,0.4239,1.3585,1.172,1.2788,347,125,2.34
fly,3851,414,4.7704,3.5097,1.3577,1.3372,1.3049,2110,224,14.227
slip,515,55,0.638,0.4663,1.3572,1.2812,1.0691,423,145,2.852
dressed,375,40,0.4645,0.3391,1.3548,1.2007,0.9256,293,135,1.976
who,13225,1431,16.3823,12.1315,1.35,1.3394,1.2696,6176,239,41.643
course,520,56,0.6441,0.4747,1.3461,1.3442,1.3807,434,153,2.926
god,5000,543,6.1937,4.6033,1.3444,1.3757,1.3515,2954,233,19.918
brand,905,98,1.1211,0.8308,1.3433,1.3217,1.3018,603,178,4.066
questions,362,39,0.4484,0.3306,1.341,1.1607,0.9452,258,130,1.74
waitin,912,99,1.1297,0.8393,1.34,1.305,1.3043,633,168,4.268
rings,517,56,0.6404,0.4747,1.3383,1.2152,1.2917,383,150,2.582
til,4415,482,5.469,4.0862,1.3372,1.3027,1.4684,2727,224,18.387
get,58800,6429,72.8379,54.5026,1.3363,1.3741,1.5016,12645,250,85.261
limit,443,48,0.5488,0.4069,1.3362,1.2685,2.1993,258,110,1.74
up,60173,6586,74.5387,55.8336,1.3349,1.3458,1.3961,12769,252,86.097
seen,3636,398,4.5041,3.3741,1.3334,1.3534,1.2235,2384,230,16.074
already,1918,210,2.3759,1.7803,1.3317,1.292,1.2603,1253,191,8.449
desert,323,35,0.4001,0.2967,1.3315,1.2309,1.1926,274,107,1.847
glass,776,85,0.9613,0.7206,1.327,1.2544,1.1101,622,174,4.194
rose,349,38,0.4323,0.3221,1.3265,1.1661,1.0389,274,121,1.847
the,321780,35504,398.6017,300.9893,1.3243,1.3183,1.3035,14716,253,99.225
shut,1182,130,1.4642,1.1021,1.324,1.2776,1.473,788,181,5.313
crash,366,40,0.4534,0.3391,1.3223,1.2356,1.2129,298,114,2.009
got,52040,5781,64.464,49.0091,1.3152,1.2928,1.3764,12525,252,84.451
father,832,92,1.0306,0.7799,1.3151,1.2009,1.0517,608,150,4.1
jungle,346,38,0.4286,0.3221,1.3151,1.1127,2.6695,255,119,1.719
set,2548,283,3.1563,2.3992,1.3135,1.2661,1.1811,1578,216,10.64
tall,515,57,0.638,0.4832,1.31,1.2328,0.9704,396,149,2.67
westside,461,51,0.5711,0.4324,1.3094,1.2871,1.5072,253,82,1.706
leavin,568,63,0.7036,0.5341,1.3082,1.2251,1.3504,453,155,3.054
call,8625,963,10.6841,8.1639,1.3081,1.3221,1.319,4886,239,32.945
mission,478,53,0.5921,0.4493,1.3069,1.2706,1.022,437,154,2.947
hang,1210,135,1.4989,1.1445,1.3054,1.2907,1.1225,875,191,5.9
die,5064,567,6.273,4.8068,1.304,1.2659,1.6705,2578,221,17.383
same,5415,607,6.7078,5.1459,1.3026,1.2817,1.2044,3314,234,22.345
bags,556,62,0.6887,0.5256,1.301,1.1751,1.3397,453,150,3.054
boys,3045,343,3.772,2.9078,1.2955,1.3487,1.503,1766,207,11.907
less,889,100,1.1012,0.8478,1.2933,1.2407,1.5517,727,193,4.902
out,35145,3972,43.5355,33.6731,1.2927,1.2804,1.2858,11105,251,74.877
dinner,322,36,0.3989,0.3052,1.2911,1.2047,1.158,274,117,1.847
where's,330,37,0.4088,0.3137,1.2878,1.169,1.2635,228,109,1.537
four,2427,275,3.0064,2.3313,1.2875,1.3043,1.4963,1742,214,11.746
write,1187,135,1.4704,1.1445,1.2806,1.2235,1.4783,930,190,6.271
blown,328,37,0.4063,0.3137,1.28,1.1478,1.3435,258,117,1.74
gotta,12255,1401,15.1808,11.8771,1.2777,1.2449,1.2292,5511,239,37.159
cover,511,58,0.633,0.4917,1.2776,1.1932,1.12,432,153,2.913
head,7050,808,8.7331,6.8499,1.2742,1.2584,1.1668,4008,235,27.024
somethin,3004,346,3.7212,2.9333,1.267,1.276,1.128,1772,205,11.948
cross,825,95,1.022,0.8054,1.263,1.1651,1.2232,667,177,4.497
back,24483,2834,30.3281,24.0256,1.2621,1.2386,1.2924,9303,246,62.727
wrote,556,64,0.6887,0.5426,1.2607,1.1332,1.1029,483,155,3.257
excuse,442,51,0.5475,0.4324,1.2555,1.1427,1.0015,326,128,2.198
diamond,734,85,0.9092,0.7206,1.2553,1.1879,1.1819,540,157,3.641
her,18835,2193,23.3317,18.5914,1.2547,1.2516,1.1864,5058,243,34.104
famous,450,52,0.5574,0.4408,1.2538,1.2645,1.5306,345,123,2.326
calm,527,61,0.6528,0.5171,1.2533,1.1539,1.1392,407,142,2.744
speed,544,63,0.6739,0.5341,1.2529,1.2199,1.109,440,148,2.967
cheap,449,52,0.5562,0.4408,1.2511,1.0803,1.3876,362,136,2.441
field,337,39,0.4175,0.3306,1.2485,1.0784,1.3082,268,125,1.807
mo,2307,270,2.8578,2.289,1.2465,1.3351,2.512,1212,194,8.172
wasn't,1937,227,2.3994,1.9244,1.2444,1.1509,1.0853,1416,209,9.548
land,906,106,1.1223,0.8986,1.2437,1.1097,1.0454,702,174,4.733
flame,522,61,0.6466,0.5171,1.2414,1.12,0.9014,378,136,2.549
clap,1235,145,1.5298,1.2293,1.2408,1.2382,2.0956,597,165,4.025
what's,5051,595,6.2569,5.0442,1.2395,1.2692,1.1093,2896,232,19.527
started,1946,229,2.4106,1.9414,1.2393,1.205,1.1708,1349,218,9.096
sound,2191,258,2.7141,2.1872,1.2388,1.2163,1.0482,1375,220,9.271
video,402,47,0.498,0.3984,1.2382,1.0792,1.7597,331,124,2.232
least,588,69,0.7284,0.585,1.2373,1.1608,1.0366,505,157,3.405
barely,325,38,0.4026,0.3221,1.2354,1.1238,1.0521,262,122,1.767
sir,367,43,0.4546,0.3645,1.2345,1.1255,1.4241,256,119,1.726
evil,493,58,0.6107,0.4917,1.2326,1.0432,1.6736,381,130,2.569
play,6101,723,7.5576,6.1293,1.2323,1.2348,1.164,3784,233,25.514
even,7730,917,9.5755,7.774,1.2311,1.2403,1.2016,4775,240,32.196
games,778,92,0.9637,0.7799,1.2298,1.1684,0.9238,594,169,4.005
fair,399,47,0.4943,0.3984,1.2289,1.1123,0.9815,334,140,2.252
mother,1307,155,1.619,1.314,1.2286,1.2477,0.9885,853,189,5.751
woo,1154,137,1.4295,1.1614,1.2269,1.1782,0.906,521,124,3.513
pink,373,44,0.462,0.373,1.2264,1.1169,0.9844,279,125,1.881
rush,590,70,0.7309,0.5934,1.2239,1.1984,1.077,403,149,2.717
a,174389,20857,216.0226,176.8176,1.2217,1.2166,1.2174,14543,252,98.058
plastic,313,37,0.3877,0.3137,1.2216,1.1021,1.3759,278,121,1.874
lead,797,95,0.9873,0.8054,1.2202,1.1567,1.12,652,171,4.396
fit,746,89,0.9241,0.7545,1.2187,1.2016,1.2376,641,174,4.322
bigger,912,109,1.1297,0.9241,1.2177,1.1509,1.3019,717,178,4.834
o,4500,540,5.5743,4.5779,1.2167,1.2215,1.7673,2343,216,15.798
spread,445,53,0.5512,0.4493,1.2167,1.0939,1.2343,367,142,2.475
stuff,710,85,0.8795,0.7206,1.2142,1.1082,1.2582,560,161,3.776
handle,983,118,1.2177,1.0004,1.2127,1.0796,1.1968,782,183,5.273
word,2327,280,2.8825,2.3737,1.2124,1.1469,1.1707,1616,209,10.896
than,8047,970,9.9681,8.2233,1.2116,1.1993,1.2565,4773,245,32.183
shall,327,39,0.4051,0.3306,1.2115,1.1523,0.8793,218,93,1.47
naked,534,64,0.6615,0.5426,1.2109,1.058,2.1306,437,152,2.947
twice,707,85,0.8758,0.7206,1.2091,1.2097,1.277,564,172,3.803
pulled,540,65,0.6689,0.551,1.2058,1.1584,0.9784,433,159,2.92
instead,614,74,0.7606,0.6273,1.2052,1.1269,1.0978,514,157,3.466
guys,653,79,0.8089,0.6697,1.2011,1.1912,1.0313,531,162,3.58
mean,4016,491,4.9748,4.1625,1.1941,1.1858,1.2588,2633,236,17.753
wild,1316,161,1.6302,1.3649,1.1911,1.1541,1.091,898,189,6.055
plan,916,112,1.1347,0.9495,1.1904,1.1339,1.2435,740,189,4.99
name,5380,660,6.6644,5.5952,1.1903,1.1757,1.1272,3395,240,22.891
bottom,818,100,1.0133,0.8478,1.19,1.0559,1.1835,626,172,4.221
slow,2598,319,3.2182,2.7044,1.1884,1.2019,1.085,1581,210,10.66
book,490,60,0.607,0.5087,1.1847,1.0738,1.0861,428,165,2.886
great,944,116,1.1694,0.9834,1.1846,1.1296,1.1324,742,182,5.003
faces,441,54,0.5463,0.4578,1.1837,1.0806,0.9315,362,151,2.441
sit,1880,232,2.3288,1.9668,1.1818,1.1774,1.105,1431,217,9.649
rock,4758,588,5.8939,4.9848,1.1815,1.199,1.5353,2497,228,16.836
chase,618,76,0.7655,0.6443,1.1814,1.1112,0.9708,455,159,3.068
stole,335,41,0.415,0.3476,1.1813,1.1102,1.0927,253,131,1.706
loaded,359,44,0.4447,0.373,1.1804,1.0878,1.0989,273,111,1.841
in,105745,13092,130.9905,110.9889,1.1802,1.1818,1.2045,14284,252,96.312
hotter,415,51,0.5141,0.4324,1.1789,1.0283,1.8199,350,140,2.36
she,21829,2709,27.0405,22.9659,1.1772,1.1608,1.0331,5033,243,33.936
where,12729,1582,15.7679,13.4116,1.1754,1.1565,1.0731,5786,249,39.013
still,11293,1407,13.9891,11.928,1.1724,1.1582,1.1506,5795,243,39.074
hard,6715,839,8.3181,7.1127,1.1689,1.179,1.1166,4022,239,27.119
bow,689,86,0.8535,0.7291,1.1647,1.1603,1.3227,416,136,2.805
early,537,67,0.6652,0.568,1.1635,1.1066,1.313,445,152,3.0
price,744,93,0.9216,0.7884,1.1635,1.0489,1.0687,588,168,3.965
shout,736,92,0.9117,0.7799,1.1634,1.1259,1.3781,437,138,2.947
keep,14419,1814,17.8614,15.3784,1.1612,1.1966,1.1324,6633,247,44.724
different,1494,188,1.8507,1.5938,1.1585,1.1636,1.1278,1150,205,7.754
water,1502,189,1.8606,1.6023,1.1585,1.1129,1.104,972,187,6.554
might,4476,566,5.5446,4.7983,1.1546,1.1384,1.0344,2831,227,19.088
kinda,1131,143,1.401,1.2123,1.1522,1.1264,1.0462,873,189,5.886
weather,358,45,0.4435,0.3815,1.1513,1.0297,0.9926,287,124,1.935
knife,396,50,0.4905,0.4239,1.1473,1.0397,1.4253,323,121,2.178
tricks,341,43,0.4224,0.3645,1.1471,1.1496,1.4499,280,122,1.888
teeth,545,69,0.6751,0.585,1.1469,1.0281,1.2586,485,154,3.27
i'm,96791,12343,119.8989,104.6392,1.1458,1.1333,1.1738,13403,252,90.372
he,18511,2361,22.9303,20.0156,1.1454,1.1189,1.0307,6269,237,42.27
devil,638,81,0.7903,0.6867,1.1447,1.0891,1.0927,458,137,3.088
years,1938,247,2.4007,2.094,1.1445,1.1252,1.0885,1482,211,9.993
insane,480,61,0.5946,0.5171,1.1416,1.0668,1.0098,371,137,2.502
him,8601,1102,10.6544,9.3423,1.14,1.1491,1.1346,3928,230,26.485
live,5895,756,7.3024,6.4091,1.1387,1.1064,1.1241,3346,229,22.561
suit,346,44,0.4286,0.373,1.1378,1.0038,1.1449,318,131,2.144
asking,369,47,0.4571,0.3984,1.1367,1.03,0.9538,302,130,2.036
doe,437,56,0.5413,0.4747,1.1315,1.1251,1.2267,282,117,1.901
stress,545,70,0.6751,0.5934,1.1306,1.0471,1.0361,473,169,3.189
moves,483,62,0.5983,0.5256,1.1304,1.0897,1.4467,374,150,2.522
first,4865,629,6.0265,5.3324,1.1294,1.1136,1.1243,3271,233,22.055
class,806,104,0.9984,0.8817,1.1277,1.142,1.4196,678,176,4.572
at,23487,3045,29.0943,25.8143,1.1269,1.1147,1.2341,9467,247,63.833
move,4266,554,5.2845,4.6966,1.1243,1.0922,1.0352,2541,225,17.133
thighs,326,42,0.4038,0.3561,1.1225,1.1394,1.0123,252,108,1.699
wall,1255,163,1.5546,1.3819,1.122,1.1104,1.0722,847,188,5.711
picture,1293,168,1.6017,1.4242,1.1217,1.1003,0.9846,935,195,6.304
huh,5111,667,6.3312,5.6546,1.1189,1.1344,1.1147,2114,208,14.254
raise,712,93,0.882,0.7884,1.1135,1.0583,0.8949,512,173,3.452
line,2508,329,3.1068,2.7891,1.1124,1.0709,0.9389,1701,218,11.469
jump,1936,254,2.3982,2.1533,1.1118,1.1492,1.5278,1109,192,7.478
magic,528,69,0.6541,0.585,1.1111,1.0169,1.0646,395,145,2.663
rolls,330,43,0.4088,0.3645,1.1102,1.0488,1.1888,285,126,1.922
mornin,474,62,0.5872,0.5256,1.1093,1.0855,1.0757,286,121,1.928
date,443,58,0.5488,0.4917,1.1078,0.9697,0.8567,369,143,2.488
weak,784,103,0.9712,0.8732,1.1075,1.0573,0.9139,592,161,3.992
bend,488,64,0.6045,0.5426,1.1067,1.0734,1.2201,328,138,2.212
stopped,344,45,0.4261,0.3815,1.1063,1.0061,0.9668,295,121,1.989
on,87433,11559,108.3067,97.9928,1.1052,1.1076,1.1127,13964,253,94.154
worse,457,60,0.5661,0.5087,1.1049,1.0203,1.2788,407,127,2.744
kept,802,106,0.9935,0.8986,1.101,1.1414,1.2042,665,172,4.484
fire,2459,327,3.0461,2.7722,1.0973,1.069,0.991,1384,205,9.332
built,431,57,0.5339,0.4832,1.0965,1.052,0.9841,327,141,2.205
nice,1802,240,2.2322,2.0346,1.0951,1.0754,1.2023,1336,203,9.008
st,475,63,0.5884,0.5341,1.0942,0.9141,1.1624,335,126,2.259
smooth,385,51,0.4769,0.4324,1.0938,1.0084,1.1442,331,132,2.232
pick,1403,187,1.738,1.5853,1.0937,1.0125,0.8637,1032,198,6.958
known,1223,163,1.515,1.3819,1.0934,1.0712,1.0511,965,195,6.507
callin,809,108,1.0021,0.9156,1.0902,1.0446,1.3893,561,167,3.783
worst,503,67,0.6231,0.568,1.0899,1.0258,1.0436,380,141,2.562
wear,995,133,1.2325,1.1275,1.0896,1.0004,0.912,804,182,5.421
anybody,771,103,0.9551,0.8732,1.0892,0.9795,0.9797,543,157,3.661
soldier,783,105,0.9699,0.8901,1.0852,0.952,1.8839,511,151,3.445
rockin,737,99,0.913,0.8393,1.083,1.1268,1.7257,546,179,3.681
us,10145,1374,12.567,11.6482,1.0785,1.0505,1.0344,4342,234,29.277
next,3260,442,4.0383,3.7471,1.0767,1.0891,1.1246,2431,231,16.391
blowing,445,60,0.5512,0.5087,1.076,1.0176,1.0678,357,136,2.407
swing,489,66,0.6057,0.5595,1.0756,1.0598,0.8736,353,140,2.38
that,82200,11176,101.8244,94.7458,1.0747,1.06,1.0135,13678,253,92.226
window,657,89,0.8139,0.7545,1.0734,0.9542,0.926,555,166,3.742
happened,612,83,0.7581,0.7036,1.0718,1.0646,0.9558,442,159,2.98
run,5953,812,7.3742,6.8838,1.0707,1.0754,1.0071,3462,234,23.343
survive,552,75,0.6838,0.6358,1.0693,1.0189,0.9831,400,143,2.697
many,3043,416,3.7695,3.5267,1.0677,1.0179,0.909,1927,220,12.993
ladies,1866,255,2.3115,2.1618,1.0674,1.0515,1.0859,1052,192,7.093
lay,1970,270,2.4403,2.289,1.0644,1.062,0.9974,1398,208,9.426
okay,2006,275,2.4849,2.3313,1.0642,1.0679,0.8841,1022,194,6.891
was,22814,3144,28.2606,26.6536,1.0601,1.0564,0.977,7987,248,53.853
gave,1746,241,2.1628,2.0431,1.0567,1.0836,1.0111,1318,206,8.887
putting,314,43,0.389,0.3645,1.0564,0.8976,0.8402,266,120,1.794
country,726,100,0.8993,0.8478,1.0563,1.0231,1.1602,454,130,3.061
this,44789,6208,55.4819,52.629,1.0541,1.0486,1.0198,11954,252,80.601
told,4728,655,5.8568,5.5528,1.054,0.9756,0.9908,2979,230,20.086
it'll,586,81,0.7259,0.6867,1.0515,0.9842,0.981,438,144,2.953
mix,728,101,0.9018,0.8562,1.0487,0.938,1.3586,563,173,3.796
middle,1006,140,1.2462,1.1869,1.0468,1.0428,1.0332,756,197,5.097
names,411,57,0.5091,0.4832,1.0457,1.0244,1.3579,350,140,2.36
bleed,439,61,0.5438,0.5171,1.0442,1.0057,1.1374,350,124,2.36
bit,1239,173,1.5348,1.4666,1.0439,1.0119,0.917,784,183,5.286
crush,338,47,0.4187,0.3984,1.0413,0.9338,1.2052,264,120,1.78
beach,466,65,0.5773,0.551,1.0407,0.9439,1.238,393,131,2.65
better,8541,1199,10.5801,10.1647,1.0405,1.0783,1.0255,4511,238,30.416
scared,1825,256,2.2607,2.1703,1.0399,1.0295,1.0671,1204,203,8.118
dare,430,60,0.5327,0.5087,1.0397,0.9403,0.7621,287,116,1.935
born,1297,182,1.6066,1.5429,1.0388,1.0352,0.939,984,199,6.635
while,4897,689,6.0661,5.8411,1.0379,1.0598,1.172,3340,236,22.52
tight,1613,227,1.9981,1.9244,1.0363,1.0132,0.9772,1179,208,7.95
attention,705,99,0.8733,0.8393,1.036,1.0095,0.8357,549,179,3.702
blind,704,99,0.8721,0.8393,1.0346,0.992,0.927,539,170,3.634
sent,523,74,0.6479,0.6273,1.0268,0.8683,1.0528,437,156,2.947
people,5268,750,6.5257,6.3582,1.0258,1.0155,0.9988,2689,227,18.131
dust,471,67,0.5834,0.568,1.0207,0.8745,0.8924,368,139,2.481
seven,834,119,1.0331,1.0088,1.0204,0.9511,1.1486,675,170,4.551
cold,2429,348,3.0089,2.9502,1.0186,1.0048,0.9436,1680,217,11.328
second,1055,151,1.3069,1.2801,1.018,0.9905,0.9199,833,189,5.617
table,400,57,0.4955,0.4832,1.0178,0.9714,0.8664,349,133,2.353
my,118362,17007,146.6197,144.1788,1.0169,1.0114,1.0357,13993,252,94.35
dad,336,48,0.4162,0.4069,1.0138,0.8659,0.8364,269,128,1.814
york,1618,233,2.0043,1.9753,1.0128,1.0051,1.5988,939,165,6.331
build,377,54,0.467,0.4578,1.0121,0.887,0.7885,293,118,1.976
met,951,137,1.178,1.1614,1.0111,0.9943,0.941,735,185,4.956
man's,397,57,0.4918,0.4832,1.0101,0.9705,1.2565,314,125,2.117
about,13907,2017,17.2272,17.0994,1.0073,0.9838,1.0339,6450,245,43.49
drinking,368,53,0.4559,0.4493,1.0064,0.892,0.7567,242,118,1.632
which,712,103,0.882,0.8732,1.0059,0.9255,0.9598,563,172,3.796
monster,354,51,0.4385,0.4324,1.0058,0.9257,1.6047,257,109,1.733
wherever,319,46,0.3952,0.39,1.004,0.8691,0.9334,216,112,1.456
show,6972,1019,8.6365,8.6387,0.9993,1.0133,1.009,3970,237,26.768
made,4828,707,5.9806,5.9937,0.9972,0.968,0.8681,3151,229,21.246
whatever,1784,261,2.2099,2.2127,0.9971,0.8886,1.1268,1221,209,8.233
means,902,132,1.1173,1.119,0.9953,0.9781,0.8806,648,172,4.369
cards,323,47,0.4001,0.3984,0.9951,0.8995,0.8177,260,131,1.753
right,15759,2315,19.5213,19.6257,0.9945,0.9954,0.9718,7161,243,48.284
closed,411,60,0.5091,0.5087,0.9939,0.8997,1.1037,373,149,2.515
trust,1483,218,1.8371,1.8481,0.9921,0.9775,0.7981,1062,197,7.161
ways,797,117,0.9873,0.9919,0.9917,0.9359,0.8666,634,184,4.275
tv,691,102,0.856,0.8647,0.9858,0.972,0.9525,580,166,3.911
future,690,102,0.8547,0.8647,0.9843,0.9332,0.8968,504,150,3.398
is,50833,7568,62.9689,64.1586,0.9814,0.9742,0.9712,12404,252,83.636
spend,1272,189,1.5757,1.6023,0.9812,1.0073,0.8762,890,192,6.001
camera,345,51,0.4274,0.4324,0.9803,0.9944,1.5435,277,128,1.868
bump,620,92,0.768,0.7799,0.9802,0.9655,1.4534,413,140,2.785
mr,1403,209,1.738,1.7718,0.9789,0.8847,1.3357,952,195,6.419
room,1636,244,2.0266,2.0685,0.978,0.9714,0.7836,1211,208,8.165
ok,672,100,0.8324,0.8478,0.9778,0.9644,1.0129,409,151,2.758
doubt,845,126,1.0467,1.0682,0.9766,0.9601,0.7942,647,176,4.362
as,12675,1897,15.701,16.082,0.9761,0.9696,0.9265,6043,243,40.746
super,904,135,1.1198,1.1445,0.9754,1.0771,0.9739,582,167,3.924
soon,1484,222,1.8383,1.882,0.9749,0.8976,0.9691,1150,193,7.754
lo,408,61,0.5054,0.5171,0.9706,0.9051,1.3823,245,110,1.652
figure,645,97,0.799,0.8223,0.9674,0.966,0.8325,554,170,3.735
how,18202,2758,22.5475,23.3813,0.9642,0.9615,0.9349,8109,247,54.676
stayed,325,49,0.4026,0.4154,0.9608,0.8886,0.7526,270,131,1.821
safe,647,98,0.8015,0.8308,0.9605,0.9102,0.885,513,155,3.459
page,351,53,0.4348,0.4493,0.96,0.94,0.9503,287,132,1.935
after,2839,433,3.5168,3.6708,0.9571,0.9495,0.9903,2098,224,14.146
cause,25773,3940,31.926,33.4018,0.9557,0.9539,0.9251,9069,246,61.149
able,310,47,0.384,0.3984,0.9552,0.9073,0.9935,267,114,1.8
scream,773,118,0.9575,1.0004,0.9538,0.9467,0.7685,565,172,3.81
child,877,134,1.0864,1.136,0.9533,0.9116,0.8012,664,166,4.477
push,1405,215,1.7404,1.8227,0.953,0.965,1.1071,909,190,6.129
whoo,379,58,0.4695,0.4917,0.9479,0.7952,0.823,224,83,1.51
saying,1668,257,2.0662,2.1787,0.9468,0.9326,0.8207,1064,195,7.174
shoulda,423,65,0.524,0.551,0.9448,0.8658,1.189,313,137,2.11
age,455,70,0.5636,0.5934,0.9441,0.7791,1.0539,386,149,2.603
happens,331,51,0.41,0.4324,0.9406,0.8262,1.1475,242,116,1.632
loud,755,117,0.9352,0.9919,0.9395,0.9009,0.7956,589,176,3.971
uh,11486,1786,14.2282,15.141,0.9395,0.9645,0.8675,3379,225,22.783
outside,1044,162,1.2932,1.3734,0.9392,0.8997,0.8674,743,186,5.01
hole,759,118,0.9402,1.0004,0.9365,0.869,1.1875,579,161,3.904
getting,3511,549,4.3492,4.6542,0.9338,0.9267,1.0306,2109,228,14.22
and,164196,25708,203.3961,217.9425,0.9332,0.9327,0.8919,14527,253,97.95
prove,430,67,0.5327,0.568,0.9319,0.9155,0.8768,369,145,2.488
rise,634,99,0.7854,0.8393,0.9318,0.8776,0.6403,420,156,2.832
race,366,57,0.4534,0.4832,0.9313,0.8898,1.0345,317,137,2.137
for,49680,7795,61.5406,66.083,0.9312,0.9365,0.921,12488,253,84.202
see,25705,4035,31.8418,34.2072,0.9308,0.934,0.8937,9698,250,65.39
yet,1183,186,1.4654,1.5768,0.9272,0.9286,0.902,935,189,6.304
fear,874,138,1.0827,1.1699,0.9226,0.87,0.7704,659,169,4.443
took,2464,390,3.0523,3.3063,0.9222,0.8874,0.8399,1825,220,12.305
feet,1695,269,2.0997,2.2805,0.9193,0.9057,0.8679,1313,216,8.853
trying,2796,444,3.4635,3.7641,0.9193,0.9278,0.8099,1672,212,11.274
mc,619,98,0.7668,0.8308,0.919,0.8981,0.7902,410,125,2.764
leave,5379,855,6.6632,7.2484,0.9188,0.9232,0.8497,3496,232,23.572
clock,461,73,0.5711,0.6189,0.9175,0.8766,0.7307,374,146,2.522
had,8442,1345,10.4574,11.4024,0.9168,0.886,0.8613,4635,245,31.252
by,9044,1444,11.2032,12.2417,0.9149,0.9127,0.8869,5252,242,35.412
passed,402,64,0.498,0.5426,0.9118,0.8375,0.868,360,143,2.427
phone,1832,294,2.2694,2.4924,0.9092,0.905,0.9498,1328,208,8.954
of,58907,9509,72.9704,80.6136,0.9051,0.9002,0.9036,13086,253,88.234
fame,937,151,1.1607,1.2801,0.9042,0.9605,1.1393,719,177,4.848
reality,361,58,0.4472,0.4917,0.9029,0.7787,0.9481,274,120,1.847
until,2267,367,2.8082,3.1113,0.9016,0.8813,0.8097,1595,215,10.755
grow,736,119,0.9117,1.0088,0.9006,0.8776,0.7764,565,166,3.81
through,9971,1620,12.3515,13.7337,0.8991,0.8965,0.9011,5625,240,37.927
girls,3121,507,3.8661,4.2982,0.8987,0.891,0.8231,1589,212,10.714
pressure,482,78,0.5971,0.6613,0.8981,0.8561,1.1809,371,148,2.502
side,3209,522,3.9751,4.4253,0.8975,0.8621,0.7807,1992,224,13.431
anyway,517,84,0.6404,0.7121,0.8949,0.8149,0.8175,368,157,2.481
fool,1452,237,1.7987,2.0092,0.8936,0.8644,0.8707,1075,201,7.248
planet,345,56,0.4274,0.4747,0.8935,0.879,1.1313,224,91,1.51
sleep,1971,322,2.4416,2.7298,0.8933,0.8884,0.7877,1391,207,9.379
lord,1879,307,2.3276,2.6026,0.8931,0.9187,0.7493,1099,190,7.41
meet,1322,216,1.6376,1.8312,0.8926,0.864,0.8933,1018,200,6.864
hours,369,60,0.4571,0.5087,0.8924,0.7395,0.7197,327,138,2.205
enemy,454,74,0.5624,0.6273,0.8914,0.8188,1.146,294,115,1.982
look,10005,1642,12.3936,13.9202,0.8901,0.8715,1.0079,5419,240,36.538
winter,368,60,0.4559,0.5087,0.89,0.8021,0.784,309,132,2.083
bay,391,64,0.4843,0.5426,0.8869,0.8852,1.2708,266,100,1.794
admit,312,51,0.3865,0.4324,0.8866,0.8442,0.6596,261,115,1.76
start,3455,569,4.2798,4.8238,0.8866,0.8925,0.9527,2409,230,16.243
ohhh,317,52,0.3927,0.4408,0.8837,0.8029,0.6874,137,79,0.924
summer,770,127,0.9538,1.0767,0.883,0.8222,0.8525,581,170,3.917
minute,1229,203,1.5224,1.721,0.8828,0.8559,0.857,925,196,6.237
feelin,1875,310,2.3226,2.6281,0.8826,0.815,0.8683,1234,201,8.32
history,436,72,0.5401,0.6104,0.8797,0.8523,1.0251,330,135,2.225
if,30202,5017,37.4124,42.5322,0.8796,0.8815,0.92,10214,250,68.869
radio,747,124,0.9253,1.0512,0.8773,0.8238,0.792,546,162,3.681
an,5912,986,7.3234,8.3589,0.8758,0.866,0.8582,3796,235,25.595
fix,458,76,0.5673,0.6443,0.8758,0.8231,0.7583,350,142,2.36
gets,1477,246,1.8296,2.0855,0.8758,0.8433,0.801,1035,196,6.979
partner,362,60,0.4484,0.5087,0.8755,0.8728,1.1708,283,112,1.908
what,41016,6845,50.8082,58.0293,0.8755,0.8747,0.851,11216,248,75.625
bury,338,56,0.4187,0.4747,0.8754,0.7714,1.3175,269,105,1.814
doing,2091,349,2.5902,2.9587,0.8744,0.8184,0.7968,1364,217,9.197
rather,1096,183,1.3577,1.5514,0.8731,0.8732,0.9332,828,189,5.583
follow,1171,196,1.4506,1.6616,0.8711,0.7739,0.9221,865,200,5.832
seeing,390,65,0.4831,0.551,0.8711,0.8303,0.7703,298,128,2.009
they'll,676,113,0.8374,0.958,0.8709,0.8496,0.8054,533,154,3.594
when,34325,5772,42.5197,48.9328,0.8689,0.8708,0.8551,10978,251,74.021
here,13771,2330,17.0587,19.7528,0.8635,0.8499,0.766,6130,244,41.332
party,2774,469,3.4363,3.976,0.8635,0.799,0.8687,1270,202,8.563
against,941,159,1.1657,1.3479,0.8625,0.8361,0.7667,769,179,5.185
now,29494,4998,36.5354,42.3711,0.8622,0.8534,0.8526,10063,248,67.851
treat,826,140,1.0232,1.1869,0.8596,0.8047,0.827,637,179,4.295
twisted,431,73,0.5339,0.6189,0.8578,0.7357,0.8016,334,128,2.252
waist,477,81,0.5909,0.6867,0.8561,0.8911,0.9308,412,140,2.778
dangerous,342,58,0.4236,0.4917,0.8555,0.7405,0.7619,264,118,1.78
behind,1822,311,2.257,2.6365,0.8549,0.8358,0.7654,1415,210,9.541
eye,1201,205,1.4877,1.7379,0.8543,0.8279,0.6999,891,203,6.008
called,1183,202,1.4654,1.7125,0.854,0.8261,0.812,972,201,6.554
make,19814,3392,24.5444,28.7561,0.8534,0.8423,0.9074,8346,247,56.274
hour,522,89,0.6466,0.7545,0.853,0.8141,0.8149,398,153,2.684
rolling,643,110,0.7965,0.9325,0.8509,0.8536,0.7989,460,157,3.102
noise,375,64,0.4645,0.5426,0.8507,0.7739,0.8505,290,122,1.955
lie,1729,297,2.1418,2.5179,0.8495,0.8605,0.6587,950,199,6.406
being,1454,250,1.8011,2.1194,0.8484,0.8017,0.7703,1056,195,7.12
to,147597,25428,182.8343,215.5688,0.8481,0.8501,0.8292,14556,253,98.146
hand,2891,498,3.5812,4.2219,0.8475,0.822,0.7588,2100,220,14.16
small,761,131,0.9427,1.1106,0.8462,0.7788,0.8574,631,187,4.255
it,113896,19693,141.0875,166.9497,0.8451,0.8455,0.8595,14015,253,94.498
ahh,517,89,0.6404,0.7545,0.8449,0.7993,0.6024,246,108,1.659
strange,418,72,0.5178,0.6104,0.8435,0.793,0.7084,298,122,2.009
know,45083,7825,55.8461,66.3373,0.8418,0.8397,0.799,11777,251,79.408
their,2396,418,2.968,3.5436,0.8367,0.8482,0.7519,1586,213,10.694
listening,340,59,0.4212,0.5002,0.8362,0.7717,0.7628,298,127,2.009
faster,311,54,0.3852,0.4578,0.8352,0.7157,0.8808,261,116,1.76
round,3103,544,3.8438,4.6118,0.8328,0.8122,0.8013,1694,216,11.422
supposed,924,162,1.1446,1.3734,0.8313,0.7746,0.9105,646,174,4.356
caught,1646,289,2.039,2.45,0.831,0.7858,0.833,1308,209,8.819
here's,724,127,0.8968,1.0767,0.8303,0.7727,0.6948,584,174,3.938
shoulder,416,73,0.5153,0.6189,0.828,0.8372,0.7768,286,128,1.928
swear,976,172,1.209,1.4581,0.8272,0.8076,0.8355,748,171,5.043
dig,923,163,1.1434,1.3819,0.8253,0.8759,1.3132,643,164,4.336
beer,352,62,0.436,0.5256,0.8241,0.7794,0.7067,255,106,1.719
pictures,441,78,0.5463,0.6613,0.8218,0.8495,0.8442,380,138,2.562
but,41649,7407,51.5923,62.7937,0.8216,0.8161,0.7874,11971,252,80.716
single,579,103,0.7172,0.8732,0.8181,0.8136,0.8535,426,151,2.872
silly,355,63,0.4398,0.5341,0.818,0.7495,0.6909,317,137,2.137
work,4375,786,5.4195,6.6634,0.8129,0.8406,0.9281,2459,216,16.58
open,2329,420,2.885,3.5606,0.8095,0.7932,0.7548,1695,221,11.429
played,627,113,0.7767,0.958,0.8078,0.6999,0.8473,525,175,3.54
band,444,80,0.55,0.6782,0.8068,0.7756,0.7847,312,124,2.104
key,630,114,0.7804,0.9664,0.8046,0.7688,0.7725,514,165,3.466
walk,3718,675,4.6056,5.7224,0.8044,0.7731,0.7756,2384,225,16.074
quiet,420,76,0.5203,0.6443,0.8032,0.7838,0.7974,338,120,2.279
knowing,376,68,0.4658,0.5765,0.8031,0.7797,0.7183,298,130,2.009
everybody,4299,783,5.3253,6.638,0.8018,0.7747,0.9334,2339,215,15.771
asked,587,107,0.7271,0.9071,0.7986,0.7912,0.7961,469,158,3.162
laughing,323,59,0.4001,0.5002,0.7944,0.7038,0.665,252,124,1.699
deep,2106,387,2.6088,3.2808,0.7943,0.7628,0.8323,1605,211,10.822
used,3252,599,4.0284,5.0781,0.7927,0.7824,0.7584,2113,215,14.247
boat,408,75,0.5054,0.6358,0.7906,0.7584,0.7888,313,129,2.11
couldn't,1888,349,2.3387,2.9587,0.7895,0.7917,0.7693,1471,210,9.918
stay,6269,1160,7.7657,9.834,0.7894,0.8279,0.8497,3754,237,25.312
face,5325,988,6.5963,8.3759,0.7872,0.8035,0.8576,3486,239,23.505
tomorrow,853,158,1.0566,1.3395,0.7868,0.799,0.7468,545,161,3.675
sister,427,79,0.5289,0.6697,0.7857,0.7444,0.6725,361,143,2.434
blame,588,109,0.7284,0.9241,0.7853,0.77,0.6022,462,142,3.115
laugh,748,139,0.9266,1.1784,0.784,0.7776,0.6629,585,164,3.944
spent,522,97,0.6466,0.8223,0.783,0.7346,0.7046,425,153,2.866
situation,334,62,0.4137,0.5256,0.782,0.7061,1.023,281,126,1.895
wheel,548,102,0.6788,0.8647,0.7819,0.7849,0.9074,427,145,2.879
choose,553,103,0.685,0.8732,0.7814,0.789,0.7498,401,150,2.704
i,243774,45757,301.9726,387.9102,0.7785,0.7776,0.7676,14589,252,98.368
near,668,125,0.8275,1.0597,0.7783,0.7559,0.6596,550,168,3.708
sunday,385,72,0.4769,0.6104,0.777,0.6819,0.9763,263,121,1.773
life,11954,2259,14.8079,19.1509,0.7731,0.7689,0.7209,5095,240,34.354
da,4450,842,5.5124,7.1382,0.7719,0.7691,0.6285,883,180,5.954
down,22084,4203,27.3563,35.6314,0.7677,0.753,0.7753,8344,242,56.261
old,3323,634,4.1163,5.3748,0.7654,0.7394,0.7824,2444,229,16.479
story,923,176,1.1434,1.4921,0.7645,0.7699,0.6737,675,189,4.551
become,462,88,0.5723,0.746,0.7636,0.7255,0.6924,357,122,2.407
why,10218,1959,12.6574,16.6076,0.762,0.7636,0.7086,4990,240,33.646
try,5032,966,6.2333,8.1894,0.7608,0.7437,0.7395,3320,239,22.386
girlfriend,574,110,0.711,0.9325,0.7597,0.6387,1.1191,353,126,2.38
learn,978,188,1.2115,1.5938,0.7585,0.7416,0.7132,763,182,5.145
everywhere,796,153,0.986,1.2971,0.7582,0.7617,0.7151,544,159,3.668
really,6487,1254,8.0357,10.6309,0.7556,0.7452,0.6942,3564,232,24.031
texas,426,82,0.5277,0.6952,0.7554,0.7508,0.8092,302,98,2.036
mama,2352,455,2.9135,3.8573,0.7547,0.8049,0.9809,1353,199,9.123
did,5021,972,6.2197,8.2402,0.7545,0.7594,0.7081,3228,233,21.765
changed,915,177,1.1334,1.5005,0.7536,0.7371,0.677,732,183,4.936
win,958,186,1.1867,1.5768,0.751,0.7694,0.7558,717,177,4.834
your,56964,11178,70.5636,94.7628,0.7446,0.7396,0.7312,11362,250,76.61
door,2261,444,2.8008,3.7641,0.7434,0.73,0.6349,1557,219,10.498
town,2411,474,2.9866,4.0184,0.7426,0.7232,0.6932,1644,210,11.085
past,1183,233,1.4654,1.9753,0.7406,0.7306,0.6444,980,201,6.608
fed,392,77,0.4856,0.6528,0.74,0.6686,1.1807,336,135,2.266
playing,1009,199,1.2499,1.687,0.7394,0.7074,0.6973,726,180,4.895
turned,862,170,1.0678,1.4412,0.7392,0.6825,0.6368,703,182,4.74
having,612,121,0.7581,1.0258,0.7366,0.6873,0.6756,483,157,3.257
piece,1176,233,1.4568,1.9753,0.7362,0.8125,1.0953,937,190,6.318
po,641,127,0.794,1.0767,0.7352,0.8785,2.1305,379,128,2.555
understand,2060,410,2.5518,3.4758,0.7334,0.7258,0.6896,1496,218,10.087
before,5260,1049,6.5158,8.893,0.7324,0.7349,0.7792,3473,230,23.417
snow,417,83,0.5166,0.7036,0.7306,0.7157,0.6772,356,138,2.4
been,10641,2138,13.1814,18.1251,0.7271,0.7059,0.6679,5516,243,37.192
so,40998,8240,50.7859,69.8555,0.727,0.7263,0.728,11889,252,80.163
all,42077,8489,52.1225,71.9665,0.7242,0.7222,0.7007,11844,251,79.86
hear,4962,1001,6.1466,8.4861,0.724,0.7134,0.6788,2971,227,20.032
hips,358,72,0.4435,0.6104,0.7225,0.6962,0.5323,238,118,1.605
tell,12973,2630,16.0702,22.2961,0.7207,0.7209,0.7075,6175,241,41.636
running,1342,272,1.6624,2.3059,0.7199,0.6942,0.6602,921,200,6.21
wake,1424,289,1.764,2.45,0.719,0.7201,0.6755,903,195,6.089
around,7745,1575,9.594,13.3522,0.7184,0.7119,0.6676,4382,236,29.546
lady,1201,244,1.4877,2.0685,0.718,0.6863,0.7471,834,181,5.623
children,581,118,0.7197,1.0004,0.717,0.7036,0.6517,449,142,3.027
extra,633,129,0.7841,1.0936,0.7148,0.7628,1.0909,460,152,3.102
shake,2654,543,3.2876,4.6033,0.7137,0.7244,0.5584,1027,193,6.925
every,7501,1537,9.2918,13.0301,0.7129,0.6996,0.6522,4311,242,29.067
hair,1142,234,1.4146,1.9838,0.7119,0.7411,0.6129,905,196,6.102
go,24312,4991,30.1162,42.3118,0.7117,0.7086,0.7057,8890,249,59.942
lying,439,90,0.5438,0.763,0.7096,0.6773,0.6741,354,135,2.387
ends,424,87,0.5252,0.7376,0.7089,0.6395,0.7098,359,147,2.421
change,3402,702,4.2142,5.9513,0.7077,0.7084,0.7009,2136,229,14.402
letter,336,69,0.4162,0.585,0.7075,0.6941,0.6428,222,100,1.497
queen,530,110,0.6565,0.9325,0.7015,0.6827,0.6029,385,141,2.596
blue,1714,357,2.1232,3.0265,0.7008,0.6922,0.6801,1298,208,8.752
gone,4584,957,5.6784,8.1131,0.6996,0.7047,0.6696,2560,229,17.261
ready,3751,784,4.6465,6.6465,0.6987,0.7057,0.7811,2156,221,14.537
dj,1383,289,1.7132,2.45,0.6983,0.6555,0.9061,807,179,5.441
circle,321,67,0.3976,0.568,0.696,0.7013,1.0372,261,112,1.76
forgot,387,81,0.4794,0.6867,0.6947,0.6432,0.7699,332,138,2.239
sunshine,396,83,0.4905,0.7036,0.6938,0.6243,0.5271,183,94,1.234
never,15021,3173,18.6071,26.8995,0.6916,0.6943,0.6148,6852,243,46.201
thoughts,541,114,0.6702,0.9664,0.691,0.6623,0.6562,456,151,3.075
explain,455,96,0.5636,0.8139,0.6897,0.6722,0.5448,359,142,2.421
wonder,1209,256,1.4976,2.1703,0.689,0.6718,0.639,831,182,5.603
crowd,671,142,0.8312,1.2038,0.6886,0.6835,0.7501,514,161,3.466
pretty,1344,285,1.6649,2.4161,0.6881,0.6986,0.5935,939,186,6.331
because,2948,626,3.6518,5.307,0.6877,0.6867,0.6201,1907,218,12.858
ground,1125,239,1.3936,2.0262,0.6867,0.6693,0.6095,791,192,5.333
let's,6102,1299,7.5588,11.0124,0.6862,0.6921,0.6876,2948,229,19.877
somebody,2091,445,2.5902,3.7725,0.686,0.6452,0.7265,1342,199,9.049
shine,1991,424,2.4663,3.5945,0.6855,0.6474,0.6726,1230,199,8.293
steal,546,116,0.6764,0.9834,0.6854,0.665,0.6663,429,155,2.893
across,586,125,0.7259,1.0597,0.6829,0.6661,0.5542,502,162,3.385
boy,8773,1877,10.8675,15.9125,0.6828,0.6879,0.6577,3946,232,26.606
boom,1137,243,1.4084,2.0601,0.6826,0.7023,0.765,367,136,2.475
screaming,476,102,0.5896,0.8647,0.6793,0.6106,0.7067,354,134,2.387
sweat,600,129,0.7432,1.0936,0.6776,0.6648,0.7354,456,152,3.075
wide,600,129,0.7432,1.0936,0.6776,0.6633,0.7296,434,149,2.926
turn,4709,1017,5.8332,8.6217,0.6763,0.6719,0.6597,2854,234,19.243
truth,1674,363,2.0737,3.0774,0.6731,0.6289,0.681,1234,207,8.32
too,8548,1862,10.5887,15.7853,0.6707,0.659,0.6665,4756,240,32.068
pain,2231,486,2.7636,4.1201,0.6702,0.6683,0.5508,1397,205,9.419
mine,3111,679,3.8537,5.7563,0.6691,0.6811,0.6526,1880,223,12.676
fill,542,118,0.6714,1.0004,0.6689,0.6483,0.6248,453,156,3.054
reason,1438,314,1.7813,2.662,0.6683,0.6713,0.6706,1051,201,7.087
do,31272,6842,38.7379,58.0038,0.6678,0.6567,0.6734,9780,252,65.943
bright,527,115,0.6528,0.9749,0.6673,0.6481,0.6736,419,145,2.825
dry,321,70,0.3976,0.5934,0.6663,0.5759,0.5882,272,117,1.834
stop,7854,1725,9.7291,14.6239,0.6651,0.7051,0.83,4207,234,28.366
own,3076,676,3.8104,5.7309,0.6645,0.6615,0.6768,2078,223,14.011
killing,465,102,0.576,0.8647,0.6636,0.6231,0.7877,377,142,2.542
be,42509,9379,52.6576,79.5116,0.6622,0.6667,0.6715,11571,251,78.019
times,2059,454,2.5506,3.8488,0.6621,0.6392,0.6294,1440,208,9.709
star,1631,360,2.0204,3.0519,0.6613,0.6484,0.8167,1082,192,7.296
burnin,314,69,0.389,0.585,0.6612,0.5451,0.6248,254,111,1.713
wanna,16820,3721,20.8356,31.5452,0.6604,0.6673,0.6643,6596,243,44.474
songs,601,133,0.7445,1.1275,0.6584,0.6456,0.7465,520,158,3.506
it's,37568,8375,46.537,71.0,0.6554,0.6505,0.6821,10884,249,73.387
you,217394,48595,269.2946,411.9697,0.6537,0.6543,0.6528,14508,253,97.822
ago,346,77,0.4286,0.6528,0.6533,0.6005,0.6237,308,148,2.077
say,16621,3724,20.5891,31.5706,0.6521,0.6546,0.6218,7083,244,47.758
shouldn't,407,91,0.5042,0.7715,0.6507,0.6188,0.6142,315,131,2.124
miss,1733,389,2.1467,3.2978,0.6503,0.6384,0.6718,1103,202,7.437
train,521,117,0.6454,0.9919,0.6485,0.5954,0.6242,405,148,2.731
give,10749,2422,13.3152,20.5328,0.6484,0.668,0.6768,5616,243,37.867
could,8391,1896,10.3943,16.0736,0.6465,0.6389,0.5706,4455,236,30.038
luck,408,92,0.5054,0.7799,0.6453,0.5782,0.7498,357,137,2.407
wave,403,91,0.4992,0.7715,0.6444,0.6605,0.6545,254,117,1.713
can,25093,5698,31.0837,48.3055,0.6434,0.6441,0.6411,9157,248,61.742
yours,1005,228,1.2449,1.9329,0.643,0.6424,0.5735,677,181,4.565
only,6642,1514,8.2277,12.8351,0.6409,0.6297,0.6283,4113,237,27.732
working,645,147,0.799,1.2462,0.6395,0.6004,0.5707,463,154,3.122
fight,1806,413,2.2372,3.5013,0.6384,0.6548,0.6369,1274,212,8.59
lines,539,123,0.6677,1.0427,0.6383,0.635,0.6492,480,150,3.236
older,354,81,0.4385,0.6867,0.6356,0.5774,0.8273,322,136,2.171
think,9177,2110,11.3679,17.8878,0.6354,0.6326,0.6202,5063,240,34.138
me,105525,24278,130.718,205.8195,0.6351,0.6362,0.6413,13806,252,93.089
life's,458,105,0.5673,0.8901,0.635,0.6065,0.622,345,130,2.326
who's,1299,299,1.6091,2.5348,0.634,0.6218,0.6856,908,200,6.122
sign,837,193,1.0368,1.6362,0.6324,0.6259,0.6607,642,177,4.329
hold,5343,1236,6.6186,10.4783,0.6314,0.6407,0.5987,3058,229,20.619
stand,2575,596,3.1898,5.0527,0.6309,0.6488,0.5781,1745,221,11.766
boots,347,80,0.4298,0.6782,0.6308,0.587,0.6021,301,128,2.03
home,4826,1118,5.9782,9.478,0.6305,0.6169,0.6116,3036,237,20.471
close,1865,433,2.3102,3.6708,0.6288,0.6099,0.55,1404,211,9.467
best,4055,942,5.0231,7.9859,0.6287,0.6114,0.7057,2683,226,18.09
thing,4954,1153,6.1367,9.7747,0.6276,0.625,0.6364,3062,231,20.646
bad,4560,1062,5.6487,9.0032,0.6272,0.5936,0.7392,2713,228,18.293
part,1309,305,1.6215,2.5857,0.6263,0.5945,0.6246,1019,192,6.871
other,3688,861,4.5685,7.2992,0.6256,0.6374,0.6523,2590,230,17.463
didn't,2730,638,3.3818,5.4087,0.6249,0.6232,0.5933,1819,224,12.265
dark,1091,255,1.3515,2.1618,0.6242,0.5986,0.6227,824,194,5.556
thank,1230,288,1.5237,2.4416,0.6232,0.6296,0.5671,748,178,5.043
proud,402,94,0.498,0.7969,0.6224,0.6182,0.5067,299,131,2.016
longer,419,98,0.519,0.8308,0.6223,0.6008,0.6383,361,132,2.434
sense,521,122,0.6454,1.0343,0.622,0.6025,0.4968,442,147,2.98
day,7941,1866,9.8368,15.8192,0.6217,0.6177,0.6369,4245,235,28.622
said,7513,1767,9.3067,14.9799,0.6211,0.6066,0.5475,3822,238,25.77
moving,772,182,0.9563,1.5429,0.6185,0.6453,0.5656,492,157,3.317
easy,1508,356,1.868,3.018,0.6183,0.6069,0.5738,990,196,6.675
don't,44293,10490,54.8675,88.9302,0.617,0.6143,0.6526,11604,249,78.242
wouldn't,1450,343,1.7962,2.9078,0.617,0.6102,0.5732,1050,195,7.08
friends,1980,469,2.4527,3.976,0.6164,0.6171,0.5209,1346,207,9.076
those,2027,481,2.5109,4.0777,0.6153,0.6193,0.5897,1453,216,9.797
come,17779,4229,22.0236,35.8518,0.6142,0.6062,0.6302,7520,248,50.705
should,3428,817,4.2464,6.9262,0.6128,0.6067,0.5675,2264,223,15.265
mind,5359,1278,6.6384,10.8344,0.6125,0.6102,0.5638,3206,231,21.617
take,14309,3425,17.7251,29.0358,0.6104,0.6066,0.6356,6988,245,47.118
mess,632,151,0.7829,1.2801,0.61,0.6137,0.5064,457,153,3.081
ex,356,85,0.441,0.7206,0.6093,0.6235,1.1795,278,128,1.874
dying,400,96,0.4955,0.8139,0.6064,0.6023,0.6111,287,130,1.935
spin,499,120,0.6181,1.0173,0.6057,0.6387,0.9614,396,144,2.67
carry,638,154,0.7903,1.3056,0.6039,0.5599,0.7232,490,163,3.304
pride,427,103,0.5289,0.8732,0.6035,0.5511,0.5008,330,131,2.225
matter,2182,529,2.7029,4.4847,0.6023,0.606,0.632,1580,220,10.653
clear,966,234,1.1966,1.9838,0.6022,0.5802,0.5639,783,184,5.279
tear,718,174,0.8894,1.4751,0.6016,0.5669,0.559,516,165,3.479
places,450,109,0.5574,0.9241,0.6012,0.5877,0.4783,313,138,2.11
deserve,388,94,0.4806,0.7969,0.6007,0.6197,0.5118,299,127,2.016
pray,1308,318,1.6203,2.6959,0.6003,0.5981,0.5232,755,172,5.091
just,31315,7623,38.7911,64.6249,0.6002,0.608,0.6058,10562,251,71.216
no,31710,7734,39.2804,65.5659,0.5991,0.6118,0.5816,10434,248,70.353
ohh,838,204,1.0381,1.7294,0.5991,0.5878,0.3854,335,127,2.259
one,19668,4799,24.3635,40.6841,0.5988,0.5972,0.6327,8140,245,54.885
drive,1420,347,1.759,2.9417,0.5973,0.5686,0.6322,1065,193,7.181
sure,1938,475,2.4007,4.0269,0.5957,0.5836,0.5334,1448,216,9.763
very,894,219,1.1074,1.8566,0.5955,0.607,0.5523,642,174,4.329
need,11233,2766,13.9148,23.4491,0.5933,0.5863,0.5704,5565,243,37.523
words,1429,354,1.7702,3.0011,0.5892,0.5964,0.558,1117,191,7.532
over,7827,1945,9.6956,16.489,0.5879,0.5899,0.6902,4383,236,29.553
yes,3074,764,3.8079,6.4769,0.5876,0.6147,0.5325,1620,212,10.923
into,3442,856,4.2637,7.2568,0.5873,0.5942,0.5721,2503,229,16.877
fade,572,142,0.7086,1.2038,0.587,0.5828,0.6498,487,161,3.284
wine,396,99,0.4905,0.8393,0.5823,0.5051,0.491,267,120,1.8
rough,455,114,0.5636,0.9664,0.5813,0.6129,0.5708,358,144,2.414
minutes,433,109,0.5364,0.9241,0.5785,0.5689,0.9142,360,143,2.427
thought,3012,761,3.7311,6.4515,0.578,0.5528,0.5468,2147,228,14.476
almost,452,114,0.5599,0.9664,0.5775,0.5735,0.5302,375,141,2.528
lose,1840,467,2.2793,3.959,0.5753,0.5724,0.5272,1250,208,8.428
left,3350,851,4.1498,7.2145,0.575,0.5624,0.551,2362,233,15.926
favorite,572,145,0.7086,1.2293,0.5749,0.5406,0.5766,442,141,2.98
good,8751,2229,10.8402,18.8966,0.5736,0.5715,0.5707,4434,244,29.897
little,6426,1639,7.9601,13.8948,0.5728,0.5827,0.5726,3661,235,24.685
last,3350,856,4.1498,7.2568,0.5716,0.5697,0.5932,2305,226,15.542
fallin,369,94,0.4571,0.7969,0.5713,0.5328,0.4873,225,114,1.517
girl,11069,2833,13.7116,24.0171,0.5708,0.5703,0.5245,3633,238,24.496
way,11546,2956,14.3025,25.0598,0.5707,0.575,0.5275,5756,243,38.811
guy,817,209,1.0121,1.7718,0.5702,0.564,0.5434,586,168,3.951
have,11860,3050,14.6915,25.8567,0.5681,0.5657,0.5336,6323,247,42.634
higher,650,167,0.8052,1.4158,0.5675,0.5704,0.6441,413,144,2.785
jealous,405,104,0.5017,0.8817,0.567,0.5541,0.7828,316,115,2.131
walking,728,188,0.9018,1.5938,0.5647,0.5423,0.5214,511,168,3.445
both,1149,297,1.4233,2.5179,0.5646,0.5641,0.4737,892,189,6.014
remember,2179,564,2.6992,4.7814,0.5642,0.5714,0.5541,1368,212,9.224
let,16059,4173,19.8929,35.3771,0.5623,0.5529,0.5852,6904,246,46.551
believe,3292,860,4.0779,7.2907,0.5591,0.5527,0.5094,2075,225,13.991
lips,731,191,0.9055,1.6192,0.5582,0.5192,0.5377,607,167,4.093
reach,750,196,0.9291,1.6616,0.5581,0.542,0.575,619,177,4.174
stone,341,89,0.4224,0.7545,0.5575,0.5214,0.5544,295,138,1.989
fell,583,153,0.7222,1.2971,0.5554,0.5289,0.5178,475,155,3.203
tried,1461,384,1.8098,3.2554,0.5554,0.5609,0.4884,1077,207,7.262
answer,486,128,0.602,1.0851,0.5532,0.5487,0.4965,355,135,2.394
empty,485,128,0.6008,1.0851,0.5521,0.4908,0.5045,410,141,2.764
can't,16925,4497,20.9657,38.1238,0.5499,0.5585,0.5518,7490,249,50.502
hands,2955,785,3.6605,6.6549,0.5498,0.5714,0.6163,1650,219,11.125
crazy,3122,834,3.8673,7.0703,0.5467,0.5347,0.5475,1870,218,12.609
nobody,3046,815,3.7732,6.9093,0.5459,0.5459,0.6298,1820,212,12.272
holding,647,173,0.8015,1.4666,0.5453,0.5239,0.4457,468,155,3.156
bed,1037,278,1.2846,2.3568,0.5443,0.5429,0.5397,840,185,5.664
sitting,639,172,0.7916,1.4581,0.5417,0.4962,0.4827,513,154,3.459
others,367,99,0.4546,0.8393,0.5397,0.5387,0.4553,307,123,2.07
wrong,2823,764,3.497,6.4769,0.5397,0.5366,0.5124,1924,216,12.973
trigger,374,101,0.4633,0.8562,0.5391,0.4834,0.8609,315,123,2.124
once,1748,475,2.1653,4.0269,0.5373,0.5497,0.5345,1306,206,8.806
maybe,1823,497,2.2582,4.2134,0.5356,0.527,0.4623,1185,187,7.99
each,879,240,1.0889,2.0346,0.5344,0.5373,0.5258,652,171,4.396
knees,655,180,0.8114,1.526,0.5306,0.5283,0.4997,536,162,3.614
not,14438,3984,17.8849,33.7748,0.5295,0.5265,0.5339,7045,242,47.502
much,3890,1080,4.8187,9.1558,0.5261,0.5184,0.4662,2548,220,17.18
amazing,325,90,0.4026,0.763,0.5255,0.4806,0.4445,191,108,1.288
simple,465,129,0.576,1.0936,0.5252,0.506,0.5064,354,143,2.387
question,558,155,0.6912,1.314,0.5248,0.5448,0.7036,468,166,3.156
coming,2323,647,2.8776,5.485,0.5243,0.4916,0.524,1517,215,10.229
under,2081,580,2.5778,4.917,0.5239,0.4525,0.859,1561,214,10.525
jesus,596,166,0.7383,1.4073,0.5235,0.5059,0.4952,428,140,2.886
making,1340,374,1.6599,3.1706,0.523,0.5292,0.5801,1003,199,6.763
our,4321,1207,5.3526,10.2325,0.5229,0.5198,0.4926,2493,228,16.809
begin,334,93,0.4137,0.7884,0.5227,0.5112,0.4524,260,109,1.753
long,4519,1270,5.5979,10.7666,0.5198,0.5186,0.5238,2957,227,19.938
enough,2252,634,2.7896,5.3748,0.5187,0.5165,0.5099,1618,209,10.91
yourself,1527,431,1.8916,3.6539,0.5173,0.4807,0.4508,908,181,6.122
ma,1489,424,1.8445,3.5945,0.5127,0.5783,1.4546,781,162,5.266
needed,345,98,0.4274,0.8308,0.5125,0.4746,0.4791,295,131,1.989
care,2028,578,2.5122,4.9001,0.5124,0.5079,0.492,1373,215,9.258
hope,1957,558,2.4242,4.7305,0.5121,0.4939,0.5187,1389,213,9.366
looking,2284,652,2.8293,5.5274,0.5116,0.5044,0.4893,1502,210,10.127
another,3768,1077,4.6676,9.1304,0.511,0.5259,0.6516,2532,228,17.072
saw,1138,326,1.4097,2.7637,0.5095,0.5115,0.4213,879,195,5.927
ring,1165,334,1.4431,2.8315,0.5091,0.5375,0.5982,841,188,5.671
secret,359,103,0.4447,0.8732,0.5075,0.4792,0.4779,307,128,2.07
voice,619,178,0.7668,1.509,0.5071,0.5145,0.4712,488,163,3.29
yeah,28074,8095,34.7764,68.6263,0.5067,0.4957,0.463,7764,242,52.35
sight,413,119,0.5116,1.0088,0.5056,0.4846,0.5129,366,143,2.468
break,3499,1014,4.3344,8.5963,0.504,0.5112,0.5827,2127,223,14.342
days,2036,590,2.5221,5.0018,0.5039,0.4783,0.4562,1428,217,9.628
floor,2056,596,2.5468,5.0527,0.5038,0.5297,0.5063,1258,203,8.482
want,14841,4307,18.3841,36.5131,0.5035,0.4977,0.5162,6168,241,41.589
soul,1837,533,2.2756,4.5186,0.5033,0.4826,0.4654,1193,200,8.044
light,2787,816,3.4524,6.9177,0.4988,0.5058,0.5151,1894,219,12.771
feelings,373,109,0.462,0.9241,0.4984,0.46,0.4593,316,138,2.131
mary,526,154,0.6516,1.3056,0.4979,0.4407,0.4281,228,113,1.537
fall,2257,663,2.7958,5.6207,0.4972,0.4977,0.4347,1587,215,10.701
thinking,1306,384,1.6178,3.2554,0.4965,0.4924,0.4415,828,185,5.583
breath,701,206,0.8684,1.7464,0.4964,0.4906,0.485,604,183,4.073
taking,900,265,1.1149,2.2466,0.4956,0.4728,0.4796,732,191,4.936
i'll,9473,2796,11.7346,23.7034,0.495,0.5014,0.4903,4668,237,31.475
di,480,142,0.5946,1.2038,0.4927,0.4794,0.6879,120,68,0.809
dress,490,145,0.607,1.2293,0.4926,0.5055,0.5321,407,152,2.744
hello,813,241,1.0071,2.0431,0.4922,0.4814,0.483,353,139,2.38
hurry,327,97,0.4051,0.8223,0.4908,0.4837,0.5304,236,109,1.591
promise,757,225,0.9377,1.9075,0.4908,0.4757,0.4515,521,158,3.513
world,6148,1832,7.6158,15.531,0.4903,0.4956,0.4847,3217,235,21.691
above,568,169,0.7036,1.4327,0.4901,0.4506,0.4519,468,164,3.156
whenever,494,147,0.6119,1.2462,0.4899,0.4935,0.6447,371,133,2.502
oooh,581,173,0.7197,1.4666,0.4897,0.4633,0.3562,210,97,1.416
tree,396,118,0.4905,1.0004,0.4889,0.4809,0.511,294,122,1.982
view,312,93,0.3865,0.7884,0.4884,0.459,0.5138,275,119,1.854
sin,318,95,0.3939,0.8054,0.4873,0.4704,0.4375,243,114,1.638
rocking,340,102,0.4212,0.8647,0.4854,0.4868,0.4916,242,112,1.632
nights,559,168,0.6925,1.4242,0.4852,0.4506,0.5451,409,153,2.758
bones,318,96,0.3939,0.8139,0.4823,0.464,0.7877,257,116,1.733
free,2179,660,2.6992,5.5952,0.4822,0.4793,0.5002,1450,214,9.777
late,1195,362,1.4803,3.0689,0.4819,0.4531,0.4788,862,198,5.812
earth,610,185,0.7556,1.5684,0.4809,0.4623,0.5418,531,159,3.58
something,3664,1115,4.5387,9.4525,0.48,0.4782,0.454,2156,225,14.537
would,4892,1489,6.0599,12.6232,0.48,0.4758,0.432,2800,229,18.879
time,14474,4412,17.9295,37.4032,0.4793,0.4809,0.4971,6970,242,46.996
alive,1109,338,1.3738,2.8654,0.4789,0.4892,0.5357,633,163,4.268
song,2296,701,2.8441,5.9428,0.4783,0.4745,0.4589,1523,215,10.269
shame,438,134,0.5426,1.136,0.4764,0.4119,0.5316,384,150,2.589
special,581,178,0.7197,1.509,0.476,0.4199,0.4651,394,142,2.657
moment,483,148,0.5983,1.2547,0.4757,0.4391,0.4118,350,135,2.36
always,4209,1293,5.2139,10.9616,0.4755,0.4688,0.4454,2583,231,17.416
living,1747,537,2.1641,4.5525,0.4751,0.4592,0.5087,1113,197,7.505
moved,339,104,0.4199,0.8817,0.4747,0.4559,0.478,295,129,1.989
wanted,1179,364,1.4605,3.0859,0.4728,0.4612,0.4543,853,193,5.751
please,3167,980,3.9231,8.3081,0.472,0.4744,0.4811,1943,222,13.101
place,2367,737,2.9321,6.248,0.4691,0.4645,0.4721,1656,225,11.166
true,1908,594,2.3635,5.0357,0.4691,0.4633,0.4419,1367,206,9.217
today,1325,414,1.6413,3.5097,0.4673,0.4585,0.4337,856,189,5.772
end,2223,696,2.7537,5.9004,0.4665,0.46,0.5569,1644,219,11.085
trouble,830,261,1.0282,2.2127,0.4641,0.4848,0.5785,553,160,3.729
knew,1884,595,2.3338,5.0442,0.4624,0.4567,0.4219,1336,213,9.008
guess,2029,641,2.5134,5.4342,0.4623,0.4614,0.5681,1471,212,9.918
music,3110,983,3.8525,8.3335,0.4621,0.4191,0.7302,1740,211,11.732
there,7570,2395,9.3773,20.3039,0.4618,0.4584,0.43,4220,241,28.454
hmm,339,107,0.4199,0.9071,0.4615,0.4391,0.3305,149,77,1.005
road,1106,350,1.37,2.9672,0.4613,0.4522,0.4512,809,192,5.455
strong,1374,438,1.702,3.7132,0.458,0.4562,0.5357,1000,203,6.743
hey,6457,2061,7.9985,17.4724,0.4577,0.4447,0.3507,2108,218,14.213
ever,4400,1406,5.4505,11.9195,0.4572,0.4566,0.4556,2710,230,18.273
seem,631,202,0.7816,1.7125,0.4557,0.4397,0.3881,530,152,3.574
glad,365,117,0.4521,0.9919,0.4545,0.4467,0.4666,297,135,2.003
he's,2415,776,2.9916,6.5786,0.4545,0.4448,0.389,1333,212,8.988
lights,1340,433,1.6599,3.6708,0.4518,0.4703,0.476,918,199,6.19
wrap,347,112,0.4298,0.9495,0.4513,0.457,0.519,283,121,1.908
between,916,297,1.1347,2.5179,0.4501,0.4484,0.4714,728,176,4.909
must,1959,636,2.4267,5.3918,0.4498,0.4375,0.5296,1390,213,9.372
may,862,280,1.0678,2.3737,0.4493,0.4497,0.4022,622,170,4.194
space,545,177,0.6751,1.5005,0.4491,0.4092,0.4134,399,146,2.69
telling,725,237,0.8981,2.0092,0.4464,0.4338,0.4347,537,163,3.621
without,2462,806,3.0498,6.833,0.4461,0.4329,0.4122,1721,219,11.604
sky,1344,440,1.6649,3.7302,0.446,0.451,0.3931,845,190,5.698
more,9450,3106,11.7061,26.3315,0.4445,0.4609,0.5731,5154,239,34.752
help,1818,598,2.252,5.0696,0.444,0.4397,0.4446,1204,205,8.118
taste,738,243,0.9142,2.0601,0.4432,0.4278,0.4401,567,176,3.823
worry,850,280,1.0529,2.3737,0.443,0.4464,0.4292,549,163,3.702
going,3249,1073,4.0247,9.0965,0.4423,0.4348,0.4208,1843,219,12.427
sexy,671,222,0.8312,1.882,0.441,0.4239,0.3743,358,135,2.414
giving,552,183,0.6838,1.5514,0.4399,0.4185,0.4314,458,163,3.088
anything,1241,412,1.5373,3.4928,0.4398,0.422,0.3779,882,198,5.947
am,4117,1379,5.0999,11.6906,0.4361,0.4386,0.4209,2151,229,14.503
things,3419,1149,4.2353,9.7408,0.4347,0.4333,0.3689,2002,221,13.499
friend,1352,456,1.6748,3.8658,0.4329,0.4293,0.4227,991,209,6.682
she'll,392,133,0.4856,1.1275,0.4296,0.4056,0.4348,280,112,1.888
will,7656,2606,9.4838,22.0927,0.4292,0.426,0.4182,4059,241,27.368
well,4110,1401,5.0912,11.8771,0.4286,0.4196,0.3804,2678,229,18.057
hide,884,303,1.095,2.5687,0.4258,0.4133,0.3705,659,180,4.443
waste,495,170,0.6132,1.4412,0.4246,0.4277,0.3636,352,146,2.373
forgive,404,140,0.5005,1.1869,0.4207,0.4189,0.4539,280,115,1.888
stupid,1303,453,1.6141,3.8404,0.42,0.484,0.6691,844,185,5.691
night,5191,1806,6.4303,15.3106,0.4199,0.4203,0.4023,2907,231,19.601
burn,1282,447,1.5881,3.7895,0.4188,0.3419,0.4629,891,192,6.008
fun,948,333,1.1743,2.823,0.4156,0.4131,0.43,671,172,4.524
watching,657,231,0.8139,1.9583,0.415,0.4081,0.3701,475,164,3.203
wait,1860,655,2.3041,5.5528,0.4147,0.4121,0.4314,1321,211,8.907
morning,988,349,1.2239,2.9587,0.4133,0.3886,0.3355,612,182,4.126
body,3475,1229,4.3046,10.419,0.413,0.4548,0.5193,2001,219,13.492
again,4214,1492,5.22,12.6486,0.4126,0.3999,0.4071,2214,226,14.928
won't,5405,1921,6.6954,16.2855,0.4111,0.4161,0.3986,3215,234,21.678
shining,344,122,0.4261,1.0343,0.4109,0.4027,0.4364,237,102,1.598
mirror,452,161,0.5599,1.3649,0.4094,0.4037,0.4048,319,124,2.151
walked,462,165,0.5723,1.3988,0.4083,0.4124,0.383,368,148,2.481
needs,413,148,0.5116,1.2547,0.4069,0.3921,0.3798,280,127,1.888
breathe,875,314,1.0839,2.662,0.4068,0.4104,0.4239,559,169,3.769
learned,436,157,0.5401,1.331,0.405,0.379,0.4494,372,145,2.508
calling,624,225,0.773,1.9075,0.4047,0.3878,0.4069,415,153,2.798
fine,1263,456,1.5645,3.8658,0.4044,0.3911,0.4367,923,197,6.223
tired,1062,385,1.3155,3.2639,0.4027,0.4112,0.4408,741,174,4.996
walls,337,122,0.4175,1.0343,0.4026,0.3971,0.4083,297,132,2.003
comes,1443,524,1.7875,4.4423,0.4021,0.3791,0.3517,940,199,6.338
eyes,3404,1238,4.2167,10.4953,0.4017,0.4044,0.3667,2316,225,15.616
hurt,1435,524,1.7776,4.4423,0.3999,0.3987,0.3949,1021,192,6.884
takes,587,217,0.7271,1.8396,0.3947,0.3891,0.3686,394,153,2.657
does,885,328,1.0963,2.7807,0.3939,0.3855,0.3522,615,159,4.147
dear,374,139,0.4633,1.1784,0.3923,0.3887,0.3632,218,109,1.47
remind,325,121,0.4026,1.0258,0.3915,0.351,0.5205,257,111,1.733
dream,1468,548,1.8185,4.6457,0.3912,0.3851,0.3905,928,187,6.257
find,3346,1251,4.1448,10.6055,0.3907,0.3941,0.3856,2320,224,15.643
somewhere,438,164,0.5426,1.3903,0.3895,0.3773,0.386,356,130,2.4
he'll,387,145,0.4794,1.2293,0.3891,0.3762,0.3509,304,133,2.05
getcha,431,162,0.5339,1.3734,0.388,0.3592,0.3706,108,73,0.728
missing,338,127,0.4187,1.0767,0.3879,0.3475,0.3817,259,115,1.746
forget,1464,553,1.8135,4.6881,0.3866,0.3673,0.4369,1094,201,7.376
lost,1962,742,2.4304,6.2904,0.3862,0.3743,0.3964,1411,209,9.514
feel,8435,3198,10.4488,27.1114,0.3854,0.3765,0.3809,4369,236,29.459
feeling,1497,568,1.8544,4.8153,0.3849,0.3616,0.3288,948,199,6.392
stars,678,260,0.8399,2.2042,0.3806,0.3745,0.3977,540,167,3.641
meant,490,188,0.607,1.5938,0.3802,0.3548,0.3627,354,153,2.387
perfect,697,268,0.8634,2.272,0.3796,0.3779,0.3243,468,160,3.156
lives,360,140,0.4459,1.1869,0.3749,0.3231,0.3593,286,124,1.928
mm,342,133,0.4236,1.1275,0.3749,0.3444,0.2573,109,67,0.735
has,1223,481,1.515,4.0777,0.3713,0.3614,0.3245,878,191,5.92
storm,315,124,0.3902,1.0512,0.3703,0.3612,0.3997,255,109,1.719
rain,1480,588,1.8333,4.9848,0.3676,0.3768,0.3374,839,193,5.657
seems,796,319,0.986,2.7044,0.3643,0.3527,0.262,511,152,3.445
share,421,169,0.5215,1.4327,0.3634,0.3517,0.3672,347,137,2.34
save,887,357,1.0988,3.0265,0.3627,0.3674,0.4273,626,183,4.221
flying,324,131,0.4014,1.1106,0.3606,0.3673,0.4291,253,110,1.706
sing,1234,500,1.5286,4.2388,0.3604,0.3627,0.3039,741,178,4.996
woke,351,142,0.4348,1.2038,0.3604,0.3904,0.4464,254,119,1.713
wind,567,230,0.7024,1.9499,0.3598,0.3541,0.3103,459,159,3.095
ah,2543,1041,3.1501,8.8252,0.3568,0.3514,0.3032,803,180,5.414
read,755,309,0.9352,2.6196,0.3567,0.365,0.5466,635,170,4.282
realize,323,133,0.4001,1.1275,0.3541,0.3566,0.3256,261,115,1.76
inside,1870,776,2.3164,6.5786,0.352,0.3549,0.3323,1405,210,9.473
la,4303,1803,5.3303,15.2851,0.3487,0.3512,0.3593,682,161,4.598
myself,2048,859,2.5369,7.2823,0.3483,0.3613,0.338,1272,211,8.577
sometimes,1295,547,1.6042,4.6373,0.3457,0.3498,0.2944,803,183,5.414
dreams,1148,487,1.4221,4.1286,0.3442,0.33,0.3054,745,175,5.023
wish,1725,734,2.1368,6.2226,0.3433,0.3361,0.3496,1010,193,6.81
control,1090,465,1.3502,3.9421,0.3423,0.352,0.3467,710,186,4.787
you'll,2412,1032,2.9878,8.7489,0.3414,0.3456,0.3165,1633,212,11.011
touch,2127,922,2.6348,7.8164,0.337,0.3556,0.3411,1415,212,9.541
alright,1560,681,1.9324,5.7733,0.3346,0.3301,0.2874,697,187,4.7
nothing,3431,1498,4.2501,12.6995,0.3346,0.3342,0.3591,2124,228,14.321
else,1194,522,1.4791,4.4253,0.334,0.3217,0.3441,842,183,5.677
are,7314,3213,9.0601,27.2386,0.3326,0.3302,0.3411,3861,237,26.033
goes,1669,733,2.0675,6.2141,0.3326,0.3214,0.42,1070,208,7.215
worth,878,388,1.0876,3.2893,0.3304,0.3282,0.4322,675,186,4.551
found,1273,564,1.5769,4.7814,0.3296,0.3242,0.32,882,198,5.947
together,1683,748,2.0848,6.3413,0.3286,0.3164,0.4167,1055,201,7.113
looked,465,208,0.576,1.7633,0.3262,0.3014,0.3295,379,143,2.555
whoa,1406,635,1.7417,5.3833,0.3234,0.316,0.2565,452,141,3.048
everything,3097,1404,3.8364,11.9026,0.3223,0.3192,0.3196,1903,215,12.831
i'd,2181,993,2.7017,8.4183,0.3208,0.3197,0.302,1452,208,9.79
far,1542,710,1.9101,6.0191,0.3172,0.3354,0.4123,1110,211,7.484
kiss,1270,586,1.5732,4.9679,0.3165,0.321,0.3178,902,195,6.082
kind,1025,480,1.2697,4.0693,0.3119,0.3091,0.312,782,186,5.273
keeps,586,276,0.7259,2.3398,0.3099,0.3362,0.4444,413,156,2.785
hollywood,450,212,0.5574,1.7973,0.3098,0.3216,0.3262,244,110,1.645
woman,959,456,1.188,3.8658,0.3071,0.3113,0.3625,633,167,4.268
we'll,1191,567,1.4753,4.8068,0.3068,0.3041,0.2786,770,193,5.192
heaven,867,413,1.074,3.5013,0.3065,0.3106,0.3243,533,156,3.594
nowhere,563,269,0.6974,2.2805,0.3055,0.3024,0.2748,328,134,2.212
bye,406,195,0.5029,1.6531,0.3038,0.3195,0.2734,217,101,1.463
baby,13871,6729,17.1826,57.0459,0.3012,0.2945,0.2972,5088,234,34.307
ba,433,210,0.5364,1.7803,0.3009,0.3009,0.356,104,67,0.701
smile,1053,516,1.3044,4.3744,0.298,0.296,0.2633,755,183,5.091
standing,545,267,0.6751,2.2635,0.298,0.2936,0.2603,409,147,2.758
de,432,212,0.5351,1.7973,0.2974,0.2963,0.3257,229,96,1.544
forever,1316,658,1.6302,5.5783,0.2921,0.2989,0.3293,807,175,5.441
cry,1340,675,1.6599,5.7224,0.29,0.2857,0.2473,710,184,4.787
hoo,462,233,0.5723,1.9753,0.2894,0.3115,0.2155,114,56,0.769
such,547,278,0.6776,2.3568,0.2873,0.2807,0.2742,421,128,2.839
honey,525,267,0.6503,2.2635,0.287,0.2994,0.322,398,142,2.684
happy,792,405,0.9811,3.4334,0.2856,0.2837,0.3139,573,167,3.864
wants,511,264,0.633,2.2381,0.2826,0.2813,0.2637,332,128,2.239
felt,653,339,0.8089,2.8739,0.2813,0.2872,0.3066,531,163,3.58
upon,317,165,0.3927,1.3988,0.2803,0.2788,0.2317,268,124,1.807
dance,1996,1048,2.4725,8.8845,0.2782,0.297,0.2958,959,209,6.466
love,16740,8801,20.7365,74.6115,0.2779,0.2772,0.3193,6148,246,41.454
loves,346,182,0.4286,1.5429,0.2774,0.2649,0.2729,208,99,1.402
there's,3294,1740,4.0804,14.7511,0.2766,0.2774,0.2639,2074,222,13.984
afraid,449,237,0.5562,2.0092,0.2765,0.2798,0.2217,285,120,1.922
along,541,288,0.6702,2.4416,0.2743,0.2714,0.2809,443,153,2.987
lovin,615,330,0.7618,2.7976,0.2721,0.2739,0.2992,418,149,2.818
says,456,248,0.5649,2.1024,0.2684,0.266,0.2333,329,136,2.218
tonight,2241,1227,2.776,10.402,0.2668,0.2688,0.2524,1000,204,6.743
closer,346,190,0.4286,1.6107,0.2658,0.2814,0.275,239,119,1.611
gonna,5802,3212,7.1872,27.2301,0.2639,0.2647,0.2688,2936,233,19.796
looks,424,235,0.5252,1.9922,0.2634,0.2561,0.2433,319,134,2.151
everyone,370,207,0.4583,1.7549,0.2609,0.2486,0.2172,258,112,1.74
they're,752,423,0.9315,3.586,0.2596,0.2546,0.2424,524,167,3.533
loved,413,233,0.5116,1.9753,0.2588,0.2533,0.2623,321,134,2.164
lies,534,303,0.6615,2.5687,0.2573,0.2403,0.3053,437,161,2.947
tears,612,349,0.7581,2.9587,0.2561,0.2448,0.2424,486,159,3.277
sugar,340,195,0.4212,1.6531,0.2545,0.2733,0.312,208,101,1.402
sun,1086,626,1.3453,5.307,0.2534,0.2445,0.2493,816,187,5.502
pa,365,212,0.4521,1.7973,0.2513,0.2711,0.2131,157,79,1.059
alone,1674,986,2.0737,8.3589,0.248,0.2456,0.2327,1020,205,6.877
sweet,1120,672,1.3874,5.697,0.2435,0.2455,0.2911,828,190,5.583
you'd,539,325,0.6677,2.7552,0.2422,0.2427,0.2169,407,146,2.744
miles,339,207,0.4199,1.7549,0.2391,0.249,0.2654,239,109,1.611
arms,462,285,0.5723,2.4161,0.2367,0.2276,0.2459,386,144,2.603
isn't,310,194,0.384,1.6447,0.2333,0.219,0.2297,233,97,1.571
she's,1997,1258,2.4738,10.6648,0.2319,0.2251,0.2322,973,187,6.561
heart,2812,1819,3.4833,15.4208,0.2259,0.2226,0.2398,1888,220,12.73
sad,378,248,0.4682,2.1024,0.2226,0.2123,0.223,296,130,1.996
doesn't,376,248,0.4658,2.1024,0.2214,0.2153,0.1934,273,104,1.841
goodbye,477,315,0.5909,2.6704,0.2211,0.2196,0.141,178,85,1.2
away,3770,2524,4.67,21.3975,0.2182,0.2261,0.2165,2056,227,13.863
moon,356,239,0.441,2.0262,0.2175,0.2084,0.2346,280,127,1.888
finally,477,322,0.5909,2.7298,0.2163,0.2222,0.2001,341,138,2.299
beautiful,710,481,0.8795,4.0777,0.2156,0.2267,0.212,466,148,3.142
sorry,824,567,1.0207,4.8068,0.2123,0.2188,0.2802,556,164,3.749
knows,765,531,0.9476,4.5016,0.2104,0.2135,0.2457,547,166,3.688
i've,3410,2394,4.2241,20.2954,0.2081,0.2048,0.1906,1956,224,13.189
were,1552,1091,1.9225,9.2491,0.2078,0.2091,0.1712,980,193,6.608
woah,335,236,0.415,2.0007,0.2073,0.1989,0.1695,134,78,0.904
leaving,394,278,0.4881,2.3568,0.207,0.1907,0.203,306,141,2.063
bringin,352,249,0.436,2.1109,0.2064,0.2156,0.3462,303,124,2.043
makes,962,681,1.1917,5.7733,0.2064,0.2022,0.1907,610,171,4.113
you're,7631,5536,9.4528,46.9321,0.2014,0.2029,0.1906,3326,240,22.426
breaking,312,230,0.3865,1.9499,0.1981,0.193,0.2317,210,109,1.416
loving,430,322,0.5327,2.7298,0.1951,0.1943,0.1676,237,111,1.598
lonely,480,360,0.5946,3.0519,0.1948,0.1865,0.1992,276,117,1.861
we're,1728,1314,2.1405,11.1396,0.1921,0.1937,0.1698,858,192,5.785
bum,472,359,0.5847,3.0435,0.192,0.2179,0.5624,167,90,1.126
we've,351,272,0.4348,2.3059,0.1885,0.1869,0.1378,205,111,1.382
american,328,255,0.4063,2.1618,0.1879,0.1907,0.2958,231,101,1.558
doo,487,389,0.6033,3.2978,0.1829,0.1895,0.3305,150,79,1.011
chance,915,753,1.1334,6.3836,0.1775,0.1807,0.3001,680,185,4.585
skin,565,476,0.6999,4.0353,0.1734,0.1411,0.3203,481,177,3.243
gimme,922,789,1.1421,6.6888,0.1707,0.1923,0.5209,469,151,3.162
broken,337,290,0.4175,2.4585,0.1698,0.164,0.1518,269,125,1.814
feels,697,653,0.8634,5.5359,0.156,0.1594,0.1379,424,148,2.859
christmas,348,327,0.4311,2.7722,0.1555,0.1473,0.1738,195,85,1.315
waiting,866,867,1.0727,7.3501,0.146,0.1418,0.1675,546,163,3.681
you've,805,822,0.9972,6.9686,0.1431,0.1418,0.1297,530,160,3.574
na,1598,1643,1.9795,13.9287,0.1421,0.1607,0.1426,216,98,1.456
oh,11544,12492,14.3,105.9024,0.135,0.1369,0.1195,3565,229,24.037
ooh,2540,2857,3.1464,24.2205,0.1299,0.1245,0.0907,704,172,4.747
someone,549,727,0.6801,6.1632,0.1104,0.1102,0.1136,377,130,2.542
eh,408,787,0.5054,6.6719,0.0758,0.0776,0.1397,153,82,1.032
