word,rap_count,other_count,rap_per_10k,other_per_10k,ratio,year_matched_ratio,unique_line_ratio,rap_songs,rap_artists,rap_song_pct
guap,1502,0,0.8697,0.0,357.3029,35.8514,187.3787,607,124,1.768
bankroll,830,0,0.4806,0.0,197.4976,19.8114,119.5124,403,103,1.174
deuce,714,0,0.4134,0.0,169.9121,17.0426,122.8957,487,161,1.419
guwop,695,0,0.4024,0.0,165.3938,16.589,88.266,275,36,0.801
soulja,1828,1,1.0585,0.0049,144.9425,36.54,104.3204,540,60,1.573
glock,2311,2,1.3382,0.0097,109.9375,41.4918,79.0712,1663,225,4.845
stuntin,1355,1,0.7846,0.0049,107.4485,28.8081,68.2312,831,175,2.421
choppers,1110,1,0.6427,0.0049,88.0277,21.9507,52.5748,647,136,1.885
flocka,1109,1,0.6422,0.0049,87.9484,22.5746,56.2899,353,59,1.028
trappin,1432,2,0.8292,0.0097,68.1313,22.6783,39.6252,702,145,2.045
thot,825,1,0.4777,0.0049,65.4362,15.0903,40.3018,411,98,1.197
compton,779,1,0.4511,0.0049,61.7898,15.4661,44.4149,445,90,1.297
purp,715,1,0.414,0.0049,56.7166,14.0317,35.9234,410,116,1.195
sosa,1161,2,0.6723,0.0097,55.2422,18.1215,36.2418,486,81,1.416
waka,695,1,0.4024,0.0049,55.1313,14.1473,34.5302,265,53,0.772
kush,2763,6,1.5999,0.0292,50.552,26.9012,32.6319,1685,183,4.909
montana,948,2,0.5489,0.0097,45.1117,14.9684,24.8976,424,115,1.235
choppa,1219,3,0.7059,0.0146,41.4291,17.6469,26.0576,591,105,1.722
skrt,1492,4,0.8639,0.0195,39.4361,19.4814,43.327,371,83,1.081
thuggin,809,2,0.4685,0.0097,38.5007,13.5673,25.5743,516,134,1.503
thugger,780,2,0.4517,0.0097,37.1215,11.5647,25.4946,296,35,0.862
og,1686,5,0.9763,0.0243,36.4599,21.2668,26.696,1174,201,3.42
gat,726,2,0.4204,0.0097,34.5532,12.3701,25.8131,536,171,1.562
muthafuckin,726,2,0.4204,0.0097,34.5532,13.9145,24.2209,375,131,1.093
louie,710,2,0.4111,0.0097,33.7922,11.082,23.9423,467,136,1.361
projects,986,3,0.5709,0.0146,33.5136,14.5942,21.1958,616,172,1.795
beef,2591,9,1.5003,0.0438,32.4354,24.8865,23.8983,1871,248,5.451
mob,1141,4,0.6607,0.0195,30.1617,14.3145,19.5373,712,180,2.074
nigga's,1394,5,0.8072,0.0243,30.1473,14.2323,21.8471,872,208,2.541
blunts,1139,4,0.6595,0.0195,30.1088,16.3404,21.5054,867,198,2.526
chopper,2109,8,1.2212,0.039,29.5089,21.0543,20.1304,1318,167,3.84
mayne,859,3,0.4974,0.0146,29.1991,12.6135,20.3713,397,92,1.157
rappers,3261,13,1.8883,0.0633,28.726,20.6274,22.611,2356,263,6.864
mothafuckin,805,3,0.4661,0.0146,27.3646,10.0346,17.8693,445,149,1.297
trapping,803,3,0.465,0.0146,27.2967,11.2362,16.1065,435,114,1.267
homie,6193,27,3.5861,0.1315,26.7791,22.9212,20.1929,3571,262,10.404
goons,954,4,0.5524,0.0195,25.2206,13.16,17.9009,717,159,2.089
shooters,1783,8,1.0324,0.039,24.9486,15.4561,15.4242,1030,164,3.001
ap,722,3,0.4181,0.0146,24.5449,11.2181,16.5899,428,113,1.247
skrr,700,3,0.4053,0.0146,23.7975,9.1494,16.1634,184,59,0.536
stackin,687,3,0.3978,0.0146,23.3559,11.3532,15.4242,459,147,1.337
rep,1275,6,0.7383,0.0292,23.3324,15.1619,15.3017,827,206,2.409
nut,881,4,0.5101,0.0195,23.2917,11.3627,18.122,719,191,2.095
jewelry,1270,6,0.7354,0.0292,23.2409,14.1756,16.3274,943,193,2.747
o's,672,3,0.3891,0.0146,22.8463,9.983,29.82,375,138,1.093
niggas,82027,446,47.4978,2.172,21.8439,20.9498,18.3239,19398,306,56.516
rollie,1924,10,1.1141,0.0487,21.7932,15.2767,17.2036,1147,170,3.342
killa,1003,5,0.5808,0.0243,21.6944,11.8744,14.411,546,151,1.591
killers,1549,8,0.8969,0.039,21.6753,15.2181,19.4811,1090,198,3.176
chrome,975,5,0.5646,0.0243,21.089,10.7604,15.388,774,213,2.255
buck,1858,10,1.0759,0.0487,21.0458,13.901,15.0785,989,227,2.881
mane,2387,13,1.3822,0.0633,21.0282,16.4903,14.09,1147,158,3.342
pistol,2198,12,1.2728,0.0584,20.9126,17.2065,16.1164,1609,224,4.688
dre,1137,6,0.6584,0.0292,20.808,11.699,16.1896,707,148,2.06
hoes,16133,92,9.3418,0.448,20.7386,18.7732,14.2141,7647,294,22.28
dawg,2516,14,1.4569,0.0682,20.6358,14.6691,14.4807,1253,200,3.651
thugs,953,5,0.5518,0.0243,20.6134,11.6341,16.8837,596,192,1.736
thug,2749,16,1.5918,0.0779,19.8135,14.5439,13.4468,1400,224,4.079
broad,1239,7,0.7174,0.0341,19.6507,12.1196,14.376,949,207,2.765
rari,1041,6,0.6028,0.0292,19.0519,11.128,12.5919,651,114,1.897
rappin,1200,7,0.6949,0.0341,19.0324,13.226,14.721,949,217,2.765
nigga,111708,701,64.6846,3.4138,18.9344,18.0655,18.0546,21249,310,61.909
mill,1168,7,0.6763,0.0341,18.5251,12.9371,13.4472,841,187,2.45
sellin,1777,11,1.029,0.0536,18.3782,15.4092,12.0668,1126,212,3.281
pew,842,5,0.4876,0.0243,18.2137,10.3079,10.8286,182,63,0.53
dope,9236,62,5.3481,0.3019,17.5719,16.2482,13.8628,4502,285,13.117
bentley,1975,13,1.1436,0.0633,17.3994,13.2817,15.7464,1390,199,4.05
gang,8815,60,5.1043,0.2922,17.3254,16.3447,15.006,3531,252,10.288
gucci,5460,37,3.1616,0.1802,17.3138,18.4748,13.8711,2333,219,6.797
ak,1070,7,0.6196,0.0341,16.9714,10.8418,13.7248,762,167,2.22
pac,1614,11,0.9346,0.0536,16.6929,13.1961,12.2917,1166,217,3.397
rapper,2295,16,1.3289,0.0779,16.5419,12.4148,12.8369,1728,249,5.035
cook,1597,11,0.9247,0.0536,16.5172,12.2988,10.6217,1030,226,3.001
motherfuckin,3521,25,2.0388,0.1217,16.4202,14.6071,16.334,1795,232,5.23
wack,745,5,0.4314,0.0243,16.1167,8.4075,12.8188,579,181,1.687
spittin,739,5,0.4279,0.0243,15.987,8.6132,15.6674,610,182,1.777
snoop,1005,7,0.5819,0.0341,15.9409,10.6824,11.5233,546,134,1.591
pistols,736,5,0.4262,0.0243,15.9222,8.5564,10.7381,532,134,1.55
rapping,1130,8,0.6543,0.039,15.8141,9.742,12.3452,916,215,2.669
wraith,856,6,0.4957,0.0292,15.6677,9.5507,9.9893,499,103,1.454
clips,852,6,0.4934,0.0292,15.5946,10.2269,16.0212,651,184,1.897
racks,4262,32,2.4679,0.1558,15.5946,13.5313,9.8124,1941,188,5.655
bustin,983,7,0.5692,0.0341,15.5921,8.901,11.8418,654,187,1.905
stacks,1769,13,1.0243,0.0633,15.5851,12.3836,10.397,1162,203,3.385
cheese,1767,13,1.0232,0.0633,15.5675,11.5291,13.4253,1312,246,3.823
servin,713,5,0.4129,0.0243,15.4249,8.5948,10.4848,469,144,1.366
rap,8355,65,4.838,0.3165,15.1678,14.4089,12.0473,5151,305,15.007
shooter,826,6,0.4783,0.0292,15.1189,9.8499,10.3721,583,154,1.699
trap,7712,61,4.4656,0.2971,14.9112,13.4931,9.4302,3097,250,9.023
spray,1305,10,0.7557,0.0487,14.7836,11.1603,10.4297,928,210,2.704
polo,802,6,0.4644,0.0292,14.6799,7.6681,9.5148,521,143,1.518
strapped,1284,10,0.7435,0.0487,14.5458,10.601,11.4647,982,214,2.861
fiends,794,6,0.4598,0.0292,14.5336,8.5264,12.5293,622,171,1.812
dick,10120,83,5.86,0.4042,14.4114,13.875,10.6577,5620,287,16.374
bruh,1635,13,0.9467,0.0633,14.4049,9.884,12.1273,826,165,2.407
chief,784,6,0.454,0.0292,14.3507,8.4446,9.9893,517,146,1.506
homies,3075,25,1.7806,0.1217,14.3406,12.9184,11.028,1893,234,5.515
hater,1361,11,0.7881,0.0536,14.0771,9.9559,10.0032,908,206,2.645
phantom,1122,9,0.6497,0.0438,14.0493,10.179,10.2915,797,166,2.322
snitch,882,7,0.5107,0.0341,13.9909,8.5568,13.1987,637,175,1.856
fo,1704,14,0.9867,0.0682,13.9772,10.3746,13.415,958,211,2.791
eatin,1087,9,0.6294,0.0438,13.6112,9.7421,11.6076,876,209,2.552
versace,1310,11,0.7586,0.0536,13.5498,9.8958,7.9565,643,135,1.873
lambo,736,6,0.4262,0.0292,13.4726,8.914,9.3004,514,129,1.498
rob,1528,13,0.8848,0.0633,13.4624,9.1735,9.3945,1084,210,3.158
chop,1298,11,0.7516,0.0536,13.4257,10.0239,10.6162,793,187,2.31
project,727,6,0.421,0.0292,13.308,8.0403,9.6525,520,152,1.515
strap,1170,10,0.6775,0.0487,13.2548,10.5905,10.7,894,186,2.605
tony,941,8,0.5449,0.039,13.1702,8.4466,10.0108,585,159,1.704
bands,4688,42,2.7146,0.2045,13.1171,10.9788,8.2206,2087,187,6.08
yall,1043,9,0.6039,0.0438,13.0605,6.6485,12.4521,554,175,1.614
raps,820,7,0.4748,0.0341,13.008,6.6684,10.3027,689,191,2.007
flexing,708,6,0.41,0.0292,12.9604,7.5921,12.1735,454,121,1.323
rims,926,8,0.5362,0.039,12.9604,9.3214,17.2596,696,169,2.028
dogg,921,8,0.5333,0.039,12.8905,9.0801,9.2545,437,123,1.273
lil,14651,135,8.4837,0.6574,12.8569,11.9827,11.5398,6268,278,18.262
g's,1325,12,0.7672,0.0584,12.6085,9.7268,10.8941,971,230,2.829
whippin,1325,12,0.7672,0.0584,12.6085,8.5081,9.8231,757,159,2.206
dro,687,6,0.3978,0.0292,12.5763,8.1951,8.7493,470,142,1.369
wit,7667,72,4.4396,0.3506,12.575,10.2913,10.2726,2648,286,7.715
coupe,2693,25,1.5594,0.1217,12.5594,11.1305,10.138,1722,217,5.017
mc,677,6,0.392,0.0292,12.3933,6.9549,9.4841,497,166,1.448
feds,1718,16,0.9948,0.0779,12.3839,8.8247,9.5084,1239,206,3.61
syrup,883,8,0.5113,0.039,12.3589,9.3211,11.9141,510,128,1.486
blunt,2313,22,1.3393,0.1071,12.2259,10.3646,8.7454,1533,231,4.466
skrrt,3538,35,2.0487,0.1704,11.8518,12.6764,7.9861,999,118,2.911
mack,845,8,0.4893,0.039,11.8273,8.6675,16.0212,566,177,1.649
hustling,732,7,0.4239,0.0341,11.6128,6.6364,7.1051,442,149,1.288
stash,1024,10,0.5929,0.0487,11.6015,8.2097,11.8285,803,196,2.34
hood,9082,94,5.2589,0.4578,11.4279,10.6045,9.4818,5042,288,14.69
motherfucking,2730,28,1.5808,0.1364,11.3917,10.532,9.3519,1462,226,4.26
flex,2516,26,1.4569,0.1266,11.2913,10.0596,7.6977,1141,230,3.324
bread,3053,32,1.7678,0.1558,11.1714,9.0183,10.1091,2203,260,6.418
hunnid,1606,17,0.93,0.0828,10.9153,8.8834,11.737,659,142,1.92
peep,772,8,0.447,0.039,10.8062,6.6774,8.9361,612,207,1.783
suckers,681,7,0.3943,0.0341,10.8043,6.8697,8.3655,557,174,1.623
hustlin,862,9,0.4991,0.0438,10.7951,6.3692,6.353,494,152,1.439
dis,675,7,0.3909,0.0341,10.7092,5.6444,6.4151,272,128,0.792
shits,763,8,0.4418,0.039,10.6803,7.2018,7.6093,477,170,1.39
philly,762,8,0.4412,0.039,10.6663,6.6045,7.2526,469,139,1.366
fiend,750,8,0.4343,0.039,10.4984,7.3085,8.3788,566,196,1.649
mike,1357,15,0.7858,0.073,10.4136,8.1133,7.8934,945,212,2.753
grindin,743,8,0.4302,0.039,10.4005,6.6452,8.091,398,140,1.16
stack,2404,27,1.392,0.1315,10.3964,8.6496,8.6574,1611,249,4.694
ya'll,2297,26,1.3301,0.1266,10.3086,8.1473,11.9986,1128,228,3.286
tech,822,9,0.476,0.0438,10.2945,6.5598,9.7852,533,154,1.553
nuts,1077,12,0.6236,0.0584,10.2494,7.5651,7.4872,826,199,2.407
popped,1159,13,0.6711,0.0633,10.2124,7.5502,6.94,836,210,2.436
k,4641,54,2.6874,0.263,10.1264,9.8241,8.4178,2834,281,8.257
block,7908,93,4.5791,0.4529,10.0571,9.429,8.759,4576,291,13.332
trunk,1986,23,1.15,0.112,10.0511,9.1631,7.9022,1208,229,3.52
stripper,709,8,0.4105,0.039,9.9249,6.6003,6.6539,416,146,1.212
bust,4954,59,2.8686,0.2873,9.9009,9.0195,8.5459,2897,297,8.44
playa,947,11,0.5484,0.0536,9.7966,6.0652,7.8509,479,146,1.396
bitch,76329,926,44.1984,4.5096,9.7958,9.0432,9.5709,18678,307,54.418
lames,688,8,0.3984,0.039,9.6311,6.2512,17.2722,565,162,1.646
countin,1403,17,0.8124,0.0828,9.536,6.9707,6.1666,797,174,2.322
bro,2279,28,1.3197,0.1364,9.5101,8.8906,7.4778,1546,225,4.504
duck,993,12,0.575,0.0584,9.4504,7.9366,7.1688,752,210,2.191
mac,2022,25,1.1708,0.1217,9.4306,7.3041,7.4294,1371,226,3.994
bitches,24581,312,14.2336,1.5194,9.353,8.9564,7.5271,10643,290,31.008
scale,823,10,0.4766,0.0487,9.3254,6.6904,6.345,588,157,1.713
molly,2387,30,1.3822,0.1461,9.3076,7.9211,6.6109,1261,171,3.674
hundreds,1602,20,0.9276,0.0974,9.2947,8.6067,6.0325,908,178,2.645
broads,898,11,0.52,0.0536,9.2899,6.0659,6.4076,645,179,1.879
bag,7278,94,4.2143,0.4578,9.158,9.1172,5.7161,3579,273,10.427
finna,2649,34,1.5339,0.1656,9.1314,8.2253,6.4988,1591,205,4.635
realest,1338,17,0.7748,0.0828,9.0944,6.6079,5.5868,787,176,2.293
soda,878,11,0.5084,0.0536,9.0831,6.8371,9.4137,631,170,1.838
bricks,3241,42,1.8767,0.2045,9.0688,8.3062,12.0501,1881,208,5.48
pussy,13996,187,8.1044,0.9107,8.8759,9.8298,7.2131,6378,282,18.582
atlanta,1299,17,0.7522,0.0828,8.8294,6.7958,6.0019,858,174,2.5
hoe,4262,57,2.4679,0.2776,8.8143,8.8141,7.6272,1977,248,5.76
hip,2627,35,1.5212,0.1704,8.8005,7.4525,7.258,1642,260,4.784
ugh,1494,20,0.8651,0.0974,8.6683,7.3444,6.2789,660,157,1.923
pounds,1344,18,0.7782,0.0877,8.6413,6.6761,6.2638,1009,192,2.94
dome,830,11,0.4806,0.0536,8.5869,6.4433,7.0653,650,198,1.894
dough,3065,42,1.7748,0.2045,8.5764,9.0626,7.4694,1971,261,5.743
cocaine,1761,24,1.0197,0.1169,8.5489,7.138,6.9581,1096,201,3.193
tha,1828,25,1.0585,0.1217,8.526,7.2853,8.6119,473,151,1.378
rhymes,1387,19,0.8031,0.0925,8.4604,6.472,7.3553,999,228,2.911
holla,1381,19,0.7997,0.0925,8.4238,6.3495,6.4284,951,215,2.771
balling,1377,19,0.7974,0.0925,8.3994,6.611,6.6993,824,174,2.401
success,738,10,0.4273,0.0487,8.3628,5.5728,7.2748,641,173,1.868
jay,1079,15,0.6248,0.073,8.281,6.2741,6.6672,864,201,2.517
titties,863,12,0.4997,0.0584,8.2138,6.6146,5.5288,610,174,1.777
ballin,3901,56,2.2589,0.2727,8.2106,7.404,6.1029,1767,221,5.148
fam,1276,18,0.7389,0.0877,8.2043,5.7,8.1636,912,209,2.657
motherfucker,4900,71,2.8373,0.3458,8.1494,7.6289,7.0336,2566,265,7.476
yay,990,14,0.5733,0.0682,8.1223,6.1785,5.3457,467,150,1.361
flexin,1444,21,0.8361,0.1023,7.9886,5.7364,5.6076,714,145,2.08
dollars,2883,43,1.6694,0.2094,7.8818,6.8056,6.9734,1888,246,5.501
lame,1811,27,1.0487,0.1315,7.8325,6.7717,5.9726,1295,227,3.773
grind,3581,54,2.0736,0.263,7.8138,7.3051,6.2312,2106,244,6.136
cops,2564,39,1.4847,0.1899,7.7197,7.1315,6.5845,1777,257,5.177
spit,3451,53,1.9983,0.2581,7.6709,6.886,6.3559,2483,273,7.234
chevy,864,13,0.5003,0.0633,7.6142,5.3663,6.3384,632,147,1.841
puff,927,14,0.5368,0.0682,7.6057,6.169,5.2329,561,187,1.634
throwin,1502,23,0.8697,0.112,7.6022,6.0654,5.7789,980,216,2.855
wassup,787,12,0.4557,0.0584,7.4909,5.0914,5.71,402,153,1.171
clip,2167,34,1.2548,0.1656,7.4702,7.5913,6.3097,1601,227,4.665
whip,5367,85,3.1078,0.4139,7.4645,7.1751,7.0044,3135,261,9.134
uncle,972,15,0.5628,0.073,7.4602,5.7449,5.8069,755,185,2.2
cali,1088,17,0.63,0.0828,7.3958,6.0182,6.2005,745,201,2.171
bullshit,2234,36,1.2936,0.1753,7.2791,6.7374,6.736,1549,249,4.513
rack,700,11,0.4053,0.0536,7.2427,4.948,4.698,344,146,1.002
hatin,2404,39,1.392,0.1899,7.238,6.4654,7.6258,1504,231,4.382
motherfuckers,1902,31,1.1014,0.151,7.1814,6.0514,6.9509,1265,229,3.686
diss,808,13,0.4679,0.0633,7.121,5.669,5.4362,659,182,1.92
wrist,4569,76,2.6457,0.3701,7.1023,6.7667,5.3258,2534,236,7.383
gangsta,2596,43,1.5032,0.2094,7.0973,6.1319,7.6095,1145,212,3.336
hol,1043,17,0.6039,0.0828,7.09,5.0715,3.5397,298,103,0.868
cop,2533,42,1.4667,0.2045,7.088,6.9411,7.8939,1798,254,5.238
grill,862,14,0.4991,0.0682,7.0727,5.2276,5.3109,636,195,1.853
ratchet,860,14,0.498,0.0682,7.0563,4.9155,5.4731,496,163,1.445
hopped,680,11,0.3938,0.0536,7.0359,4.4669,6.4682,479,143,1.396
twerk,973,16,0.5634,0.0779,7.0153,6.011,5.515,293,123,0.854
disrespect,971,16,0.5623,0.0779,7.0009,5.6705,5.528,729,195,2.124
hating,1852,31,1.0724,0.151,6.9926,5.8802,5.4224,1223,212,3.563
pot,1788,30,1.0353,0.1461,6.9724,5.8494,5.5316,1210,216,3.525
uzi,1025,17,0.5935,0.0828,6.9677,4.0585,12.6379,484,133,1.41
major,1021,17,0.5912,0.0828,6.9405,5.0018,5.1173,714,195,2.08
max,670,11,0.388,0.0536,6.9326,5.0671,5.5255,457,161,1.331
pimpin,1253,21,0.7256,0.1023,6.9323,6.6653,11.0247,825,174,2.404
lifestyle,726,12,0.4204,0.0584,6.9106,5.6572,4.7895,448,154,1.305
maybach,1131,19,0.6549,0.0925,6.8994,6.657,5.853,722,151,2.104
ghetto,2275,39,1.3173,0.1899,6.8497,5.9248,5.3183,1175,232,3.423
cats,890,15,0.5154,0.073,6.8312,4.9887,5.7819,657,197,1.914
shit,74756,1304,43.2875,6.3504,6.8139,6.9872,5.9303,21428,319,62.43
hop,4944,86,2.8628,0.4188,6.7967,6.663,6.6051,2939,282,8.563
hittin,1171,20,0.6781,0.0974,6.7949,5.3831,5.8892,843,216,2.456
foreign,3166,55,1.8333,0.2678,6.7839,5.7247,5.5902,1790,212,5.215
slim,826,14,0.4783,0.0682,6.7775,5.4866,5.7836,582,168,1.696
court,1211,21,0.7012,0.1023,6.7,5.29,5.1908,1009,230,2.94
ima,1374,24,0.7956,0.1169,6.6707,5.1085,7.5662,659,171,1.92
y'all,15342,273,8.8838,1.3295,6.6701,6.7258,5.2419,6674,306,19.445
plug,2994,53,1.7337,0.2581,6.6552,6.1247,6.4538,1630,208,4.749
haters,4055,72,2.3481,0.3506,6.6512,6.2567,5.3117,2736,263,7.971
blocks,805,14,0.4661,0.0682,6.6053,5.3384,5.027,661,194,1.926
yo,20410,369,11.8184,1.797,6.568,6.0519,6.6423,7950,324,23.162
naw,963,17,0.5576,0.0828,6.5464,4.7854,4.7795,622,178,1.812
hammer,1128,20,0.6532,0.0974,6.5455,5.3991,5.0352,710,193,2.069
main,1788,32,1.0353,0.1558,6.5433,5.9708,5.2849,1197,234,3.487
signed,740,13,0.4285,0.0633,6.522,5.1211,5.134,615,175,1.792
ill,1397,25,0.8089,0.1217,6.5163,4.9087,5.6767,1010,228,2.943
thats,2217,40,1.2838,0.1948,6.5103,5.389,7.514,1274,241,3.712
label,1065,19,0.6167,0.0925,6.497,5.0675,5.8169,863,211,2.514
thou,731,13,0.4233,0.0633,6.4428,4.9371,4.6213,476,151,1.387
pump,1323,24,0.7661,0.1169,6.4232,5.2491,6.1408,714,223,2.08
hella,1958,36,1.1338,0.1753,6.38,5.837,5.5644,1241,195,3.616
benz,2440,45,1.4129,0.2191,6.3776,6.0442,5.8979,1699,243,4.95
fifty,1796,33,1.04,0.1607,6.3764,5.9127,5.4912,1183,224,3.447
boss,4843,90,2.8043,0.4383,6.3636,5.9986,4.5891,2662,261,7.756
lawyer,766,14,0.4436,0.0682,6.2854,4.714,5.1488,639,171,1.862
crib,3195,60,1.8501,0.2922,6.2802,5.6688,4.8639,2416,248,7.039
cash,8899,168,5.153,0.8182,6.28,6.2201,5.1052,4780,294,13.927
killin,1975,37,1.1436,0.1802,6.2638,5.7339,5.2545,1238,238,3.607
ace,709,13,0.4105,0.0633,6.249,4.7649,6.1934,573,167,1.669
weed,6473,123,3.7482,0.599,6.2325,5.9058,5.8425,3920,265,11.421
snakes,753,14,0.436,0.0682,6.1788,5.1106,4.0662,516,159,1.503
salute,747,14,0.4326,0.0682,6.1296,5.4821,5.4826,466,147,1.358
fifth,797,15,0.4615,0.073,6.1177,4.8004,4.6577,659,202,1.92
partner,1101,21,0.6375,0.1023,6.0917,4.965,5.7565,808,173,2.354
sack,1454,28,0.8419,0.1364,6.0682,4.6155,4.6135,895,189,2.608
rolls,1349,26,0.7811,0.1266,6.0551,6.4761,6.2862,930,176,2.71
squad,2671,52,1.5466,0.2532,6.0505,7.5666,5.318,1398,209,4.073
henny,737,14,0.4268,0.0682,6.0476,4.7179,4.4116,515,163,1.5
millions,1193,23,0.6908,0.112,6.0387,5.7164,4.3715,805,199,2.345
brick,2855,56,1.6532,0.2727,6.0093,5.4179,6.8356,1697,217,4.944
im,6172,122,3.5739,0.5941,5.9912,4.6885,5.4115,1740,238,5.069
police,2843,56,1.6462,0.2727,5.9841,6.0539,5.1221,1954,251,5.693
butt,875,17,0.5067,0.0828,5.9485,4.8284,6.0065,644,201,1.876
rich,9042,182,5.2358,0.8863,5.8914,5.6087,5.3954,4663,276,13.586
fuck,68732,1387,39.7993,6.7546,5.8901,5.9709,5.5118,20005,314,58.285
stunt,1107,22,0.641,0.1071,5.8527,5.0469,4.5121,594,174,1.731
jordan,811,16,0.4696,0.0779,5.8479,4.2886,5.8798,564,170,1.643
hah,1427,29,0.8263,0.1412,5.7537,5.1328,4.9692,642,164,1.87
ass,23907,495,13.8434,2.4106,5.737,5.9265,5.3994,10642,311,31.005
hustler,841,17,0.487,0.0828,5.7175,4.0021,4.4711,542,165,1.579
mic,1944,40,1.1257,0.1948,5.7088,6.0832,4.8003,1333,252,3.884
dash,975,20,0.5646,0.0974,5.658,4.0996,5.2227,696,192,2.028
porsche,1022,21,0.5918,0.1023,5.6548,4.9111,4.0059,756,161,2.203
range,1160,24,0.6717,0.1169,5.6321,4.6696,4.745,868,217,2.529
smash,1395,29,0.8078,0.1412,5.6247,5.0472,4.0236,799,209,2.328
chips,824,17,0.4771,0.0828,5.602,4.286,4.7045,630,192,1.836
extra,1616,34,0.9357,0.1656,5.5712,4.5255,4.2759,1022,216,2.978
pimp,2017,43,1.1679,0.2094,5.5146,4.9971,4.2382,1358,228,3.957
bank,3530,76,2.044,0.3701,5.4874,5.0919,4.016,2138,258,6.229
president,714,15,0.4134,0.073,5.481,4.1353,4.0937,495,175,1.442
droppin,805,17,0.4661,0.0828,5.4729,4.7533,4.9172,637,190,1.856
rat,851,18,0.4928,0.0877,5.4727,4.6348,5.9746,648,191,1.888
fuckin,13562,296,7.8531,1.4415,5.4389,5.2874,5.043,6166,288,17.965
grams,797,17,0.4615,0.0828,5.4186,3.9944,5.5447,628,162,1.83
lean,4705,103,2.7244,0.5016,5.4058,5.3939,5.4032,2417,239,7.042
money,52239,1159,30.249,5.6443,5.357,5.2867,4.7817,16196,313,47.187
winnin,696,15,0.403,0.073,5.343,3.6371,4.7462,428,156,1.247
mil,1218,27,0.7053,0.1315,5.2685,4.5709,7.4191,833,175,2.427
belt,900,20,0.5211,0.0974,5.223,3.8871,5.2034,723,188,2.106
gangster,848,19,0.491,0.0925,5.1738,4.4165,5.9189,559,168,1.629
punk,760,17,0.4401,0.0828,5.1672,3.9292,3.5341,502,174,1.463
frontin,711,16,0.4117,0.0779,5.1272,3.7811,3.7718,543,193,1.582
rounds,877,20,0.5078,0.0974,5.0896,4.3841,4.1141,634,181,1.847
ayy,16485,385,9.5457,1.8749,5.0848,5.3189,4.6603,2878,187,8.385
bought,5376,126,3.113,0.6136,5.0536,5.0664,3.9591,3360,264,9.789
hustle,3353,79,1.9416,0.3847,5.0156,5.7889,4.2688,1871,233,5.451
checks,1029,24,0.5958,0.1169,4.9963,4.6552,3.6226,750,206,2.185
stove,816,19,0.4725,0.0925,4.9787,3.5327,3.5966,535,146,1.559
team,4314,103,2.498,0.5016,4.9566,5.1639,4.5506,2887,279,8.411
cuz,4616,111,2.6729,0.5406,4.923,4.1987,4.4881,2283,276,6.652
trill,1055,25,0.6109,0.1217,4.9216,3.8525,3.8717,585,141,1.704
coke,2336,56,1.3527,0.2727,4.9171,4.3734,5.0876,1649,235,4.804
pockets,2447,59,1.4169,0.2873,4.891,4.7099,4.5361,1749,238,5.096
industry,759,18,0.4395,0.0877,4.8814,3.9595,3.5689,599,170,1.745
bunch,1531,37,0.8865,0.1802,4.856,4.3952,4.3232,1143,224,3.33
ate,710,17,0.4111,0.0828,4.8275,4.0956,3.7899,614,195,1.789
deck,1234,30,0.7145,0.1461,4.8126,4.7281,3.9741,759,196,2.211
louis,1755,43,1.0162,0.2094,4.7985,4.4211,4.152,1142,202,3.327
suck,3194,79,1.8495,0.3847,4.7778,4.45,4.1058,2135,251,6.22
hundred,7767,193,4.4975,0.9399,4.773,4.7324,4.461,4284,271,12.481
facts,1261,31,0.7302,0.151,4.7618,3.9987,3.7098,813,210,2.369
jet,2057,51,1.1911,0.2484,4.7503,4.5074,3.4954,1304,217,3.799
juice,1890,47,1.0944,0.2289,4.7323,5.2589,4.4841,1064,224,3.1
haha,2045,51,1.1842,0.2484,4.7226,4.7897,3.5853,1259,219,3.668
shinin,853,21,0.4939,0.1023,4.7202,3.8946,3.9901,508,165,1.48
designer,1287,32,0.7452,0.1558,4.7104,4.689,3.3924,774,168,2.255
booty,2115,53,1.2247,0.2581,4.7017,4.5651,3.3778,1040,192,3.03
riches,689,17,0.399,0.0828,4.6848,3.7613,3.6562,508,172,1.48
ridin,4558,116,2.6393,0.5649,4.6525,4.8922,4.7228,2351,244,6.85
codeine,997,25,0.5773,0.1217,4.6512,3.2772,6.6066,643,113,1.873
swerve,723,18,0.4187,0.0877,4.6501,4.2426,3.2839,368,141,1.072
selling,1817,46,1.0521,0.224,4.6474,4.2097,3.736,1266,217,3.688
shootin,1226,31,0.7099,0.151,4.6297,4.227,6.0019,878,192,2.558
lap,912,23,0.5281,0.112,4.617,3.7832,3.5338,673,199,1.961
bars,2090,54,1.2102,0.263,4.5608,4.3067,5.3778,1494,238,4.353
charge,976,25,0.5652,0.1217,4.5533,3.8696,3.5641,781,211,2.275
mo,2420,63,1.4013,0.3068,4.5324,4.1547,3.4208,1237,251,3.604
thick,1656,43,0.9589,0.2094,4.5279,3.8237,3.701,1156,232,3.368
shoe,779,20,0.4511,0.0974,4.5212,3.4243,3.9955,616,178,1.795
represent,817,21,0.4731,0.1023,4.5211,4.1019,4.1313,541,197,1.576
poppin,3815,100,2.2091,0.487,4.5142,4.3304,4.5351,2225,265,6.483
paid,4449,117,2.5762,0.5698,4.5026,4.3145,3.6444,2851,278,8.306
split,1229,32,0.7117,0.1558,4.4982,4.2579,3.7527,1026,248,2.989
blast,1301,34,0.7533,0.1656,4.4856,3.7856,3.7797,959,232,2.794
gas,2953,78,1.7099,0.3799,4.4736,4.0806,3.4298,1841,240,5.364
sell,3434,91,1.9885,0.4432,4.4631,4.2736,3.5317,2328,261,6.783
turnt,1064,28,0.6161,0.1364,4.4411,3.6631,4.3513,521,139,1.518
quarter,1585,42,0.9178,0.2045,4.4358,3.74,3.6819,1100,214,3.205
dudes,1020,27,0.5906,0.1315,4.4124,3.6065,3.9952,813,198,2.369
aight,685,18,0.3966,0.0877,4.4058,4.5075,6.1435,410,174,1.195
smokin,3978,107,2.3035,0.5211,4.4005,4.0254,5.4921,2362,253,6.882
ho,10247,277,5.9335,1.349,4.3908,4.4537,4.4207,4166,264,12.138
dot,718,19,0.4158,0.0925,4.3811,3.4832,3.3753,474,162,1.381
dog,4748,129,2.7493,0.6282,4.3599,4.2078,4.4269,2913,277,8.487
fresh,3977,108,2.3029,0.526,4.3589,4.3793,4.2552,2545,279,7.415
mansion,1115,30,0.6456,0.1461,4.3487,3.8364,3.7708,775,163,2.258
brains,747,20,0.4326,0.0974,4.3356,3.397,3.5339,641,196,1.868
savage,1221,33,0.707,0.1607,4.3355,4.1464,4.2493,731,193,2.13
thirty,1512,41,0.8755,0.1997,4.3335,3.8846,3.9567,1012,213,2.948
booth,1072,29,0.6207,0.1412,4.3228,3.4777,4.6029,902,204,2.628
z,779,21,0.4511,0.1023,4.3109,3.2925,4.1402,574,193,1.672
respect,3264,90,1.89,0.4383,4.289,4.025,3.1379,2119,279,6.174
plate,1268,35,0.7342,0.1704,4.2487,3.7614,3.7537,1031,218,3.004
jewels,1015,28,0.5877,0.1364,4.2367,3.7948,6.2397,748,193,2.179
piss,943,26,0.546,0.1266,4.2334,3.7516,4.0059,773,208,2.252
paper,6114,172,3.5403,0.8376,4.2147,4.1038,3.8873,3605,276,10.503
murder,3380,95,1.9572,0.4626,4.2089,3.9046,5.0654,1847,242,5.381
streets,7659,216,4.435,1.0519,4.2066,3.9894,3.6449,4515,291,13.154
dem,1812,51,1.0492,0.2484,4.1847,4.9264,4.8273,534,169,1.556
triple,1206,34,0.6983,0.1656,4.1582,3.7613,4.4736,817,209,2.38
flow,5079,146,2.941,0.711,4.1226,3.7628,4.1164,3456,289,10.069
fat,2577,74,1.4922,0.3604,4.1137,4.1901,4.1877,1953,274,5.69
tag,743,21,0.4302,0.1023,4.1118,3.3855,4.3888,563,189,1.64
bling,1294,37,0.7493,0.1802,4.1045,3.2958,6.4618,599,168,1.745
cousin,983,28,0.5692,0.1364,4.1032,3.2563,3.3019,777,191,2.264
playin,3604,105,2.0869,0.5113,4.0624,3.6813,3.3979,2244,272,6.538
dropped,1622,47,0.9392,0.2289,4.0615,3.8912,4.0239,1277,239,3.721
ball,5981,175,3.4633,0.8522,4.0525,3.8328,3.4548,3517,276,10.247
album,1480,43,0.857,0.2094,4.0468,3.8279,3.3822,1111,216,3.237
fucked,6545,192,3.7899,0.935,4.043,3.7335,4.0561,3851,275,11.22
eating,1330,39,0.7701,0.1899,4.0051,3.2812,3.6373,1103,225,3.214
neighborhood,721,21,0.4175,0.1023,3.9902,3.6722,3.8167,493,167,1.436
you's,954,28,0.5524,0.1364,3.9822,3.3695,2.8257,535,166,1.559
hook,1891,56,1.095,0.2727,3.9806,3.4627,2.8012,1022,240,2.978
smoking,4531,135,2.6237,0.6574,3.9764,3.6392,5.006,2815,244,8.201
doe,815,24,0.4719,0.1169,3.9578,3.2164,6.6672,430,157,1.253
popping,1505,45,0.8715,0.2191,3.9342,3.8905,3.3984,1018,212,2.966
tape,1041,31,0.6028,0.151,3.9313,3.555,3.6143,851,223,2.479
beast,1370,41,0.7933,0.1997,3.9267,3.5045,3.2281,1011,216,2.946
d,6341,192,3.6718,0.935,3.917,3.8481,3.9086,3372,301,9.824
cars,3407,103,1.9728,0.5016,3.9146,3.7328,3.426,2386,265,6.952
aye,4449,135,2.5762,0.6574,3.9045,3.6403,3.3124,1336,208,3.892
cap,1131,34,0.6549,0.1656,3.8997,3.2715,3.1219,737,219,2.147
chris,770,23,0.4459,0.112,3.8985,2.8284,4.2548,586,187,1.707
code,1161,35,0.6723,0.1704,3.8903,3.4417,3.2771,833,212,2.427
fold,960,29,0.5559,0.1412,3.8714,3.3143,3.779,688,207,2.004
switch,2533,78,1.4667,0.3799,3.8375,3.464,3.5988,1698,259,4.947
legend,822,25,0.476,0.1217,3.8352,2.8711,4.3432,596,183,1.736
spot,3515,109,2.0354,0.5308,3.8174,3.7151,3.4806,2516,281,7.33
chain,4746,148,2.7482,0.7208,3.8005,3.847,3.889,3015,266,8.784
check,9885,309,5.7239,1.5048,3.7978,3.8762,3.3302,4970,308,14.48
double,4332,136,2.5084,0.6623,3.774,3.6151,3.3442,2705,285,7.881
g,8196,258,4.7459,1.2564,3.7702,3.8063,3.7517,4515,291,13.154
player,1658,52,0.9601,0.2532,3.7562,3.4765,3.6262,1077,221,3.138
flip,3010,96,1.7429,0.4675,3.7094,3.3168,3.7916,1933,270,5.632
food,1728,55,1.0006,0.2678,3.7031,3.2981,2.8933,1410,245,4.108
lotta,1999,64,1.1575,0.3117,3.686,3.5474,4.5302,853,203,2.485
seats,882,28,0.5107,0.1364,3.6818,3.2567,3.5654,681,173,1.984
neck,4189,135,2.4256,0.6574,3.6763,3.6255,3.109,2981,285,8.685
verse,3199,103,1.8524,0.5016,3.6756,3.3985,2.9987,1906,273,5.553
riding,3717,120,2.1523,0.5844,3.6682,3.3985,3.0678,2202,238,6.416
drank,1738,56,1.0064,0.2727,3.6586,3.5263,2.6142,816,175,2.377
slap,784,25,0.454,0.1217,3.658,3.1292,2.6106,547,187,1.594
rick,689,22,0.399,0.1071,3.6437,2.9182,2.7177,520,169,1.515
cake,2765,90,1.6011,0.4383,3.6334,3.5689,3.7629,1540,230,4.487
shots,3903,128,2.26,0.6234,3.612,3.6174,3.8361,2715,270,7.91
brr,774,25,0.4482,0.1217,3.6114,3.4754,2.9266,271,83,0.79
average,681,22,0.3943,0.1071,3.6014,3.1487,3.095,547,196,1.594
sold,2193,72,1.2699,0.3506,3.5974,3.3925,3.0425,1632,248,4.755
gettin,10393,344,6.0181,1.6753,3.5873,3.8069,3.2576,5542,307,16.147
whats,736,24,0.4262,0.1169,3.5744,2.3759,3.8266,521,179,1.518
action,1121,37,0.6491,0.1802,3.556,3.4343,2.6695,774,225,2.255
lit,2465,82,1.4274,0.3993,3.5534,3.2935,2.5448,1390,234,4.05
swag,3055,102,1.769,0.4967,3.5445,3.4556,2.846,1549,212,4.513
enemies,1319,44,0.7638,0.2143,3.5257,3.2956,3.2238,850,207,2.476
rhyme,1548,52,0.8964,0.2532,3.5071,3.0238,3.4229,1126,235,3.281
crew,2746,93,1.5901,0.4529,3.4927,3.4244,3.1999,1927,283,5.614
froze,803,27,0.465,0.1315,3.4741,2.4758,2.6072,499,176,1.454
instagram,686,23,0.3972,0.112,3.4735,3.0399,2.8615,524,163,1.527
rip,1503,51,0.8703,0.2484,3.4713,3.2298,3.5572,1055,236,3.074
bags,1911,65,1.1066,0.3165,3.47,3.2707,2.7782,1304,225,3.799
w,771,26,0.4464,0.1266,3.4616,2.898,2.4409,443,172,1.291
grand,1526,52,0.8836,0.2532,3.4572,3.2003,2.8093,1078,223,3.141
pow,828,28,0.4795,0.1364,3.4565,3.2878,2.5892,322,138,0.938
j,2149,74,1.2444,0.3604,3.4306,3.4462,3.1654,1430,254,4.166
c,3241,112,1.8767,0.5454,3.426,3.4671,3.194,2018,278,5.879
sour,762,26,0.4412,0.1266,3.4213,2.9146,2.6233,553,167,1.611
fans,1509,52,0.8738,0.2532,3.4187,3.1997,2.7065,1132,218,3.298
killed,2167,75,1.2548,0.3652,3.4135,3.1038,3.3261,1600,242,4.662
prolly,1076,37,0.6231,0.1802,3.4133,3.1608,3.7347,707,166,2.06
actin,1936,67,1.121,0.3263,3.4112,3.5689,3.2982,1312,238,3.823
section,845,29,0.4893,0.1412,3.4079,2.4671,4.1994,651,188,1.897
pocket,3090,108,1.7893,0.526,3.3868,3.1312,2.9006,1922,242,5.6
cost,2241,79,1.2977,0.3847,3.3525,3.1764,3.1059,1617,241,4.711
east,1677,59,0.9711,0.2873,3.3523,2.8617,2.7721,1180,238,3.438
pack,3368,119,1.9502,0.5795,3.3517,3.5535,2.8285,2225,274,6.483
studio,1078,38,0.6242,0.1851,3.3308,2.6927,2.5136,830,197,2.418
chicks,1132,40,0.6555,0.1948,3.3249,2.9484,2.8166,827,205,2.409
lick,2278,81,1.3191,0.3945,3.3242,3.1389,3.2451,1469,252,4.28
ice,5559,199,3.2189,0.9691,3.3135,3.2965,2.5996,3193,286,9.303
rockin,1628,58,0.9427,0.2825,3.31,3.1143,3.0286,1069,225,3.115
bullets,1543,55,0.8935,0.2678,3.3068,3.1128,3.5372,1182,214,3.444
balls,931,33,0.5391,0.1607,3.3062,3.1141,2.9068,750,210,2.185
college,1014,36,0.5872,0.1753,3.3048,3.0407,2.6493,843,195,2.456
dealer,847,30,0.4905,0.1461,3.3039,2.9868,2.9061,618,169,1.801
sippin,2558,92,1.4812,0.448,3.2888,3.3958,2.8089,1673,242,4.874
pants,1561,56,0.9039,0.2727,3.2861,3.0206,3.274,1200,228,3.496
whoever,731,26,0.4233,0.1266,3.2822,3.0181,2.7045,541,175,1.576
model,1057,38,0.6121,0.1851,3.266,2.7953,2.5805,838,205,2.442
trippin,2594,94,1.5021,0.4578,3.2645,3.1657,2.3782,1588,231,4.627
diamonds,6947,254,4.0227,1.237,3.2459,3.2257,3.5028,3613,250,10.526
jail,1948,71,1.128,0.3458,3.2403,3.2799,3.3445,1539,240,4.484
stomach,884,32,0.5119,0.1558,3.236,2.7423,2.9452,805,204,2.345
chanel,775,28,0.4488,0.1364,3.2354,2.8232,2.435,497,133,1.448
mixed,720,26,0.4169,0.1266,3.2328,2.755,2.8504,580,176,1.69
talkin,8626,318,4.9949,1.5486,3.2205,3.0983,2.9643,4685,290,13.65
these,43687,1616,25.297,7.8698,3.2135,3.106,2.921,16521,318,48.134
mask,1067,39,0.6178,0.1899,3.2134,2.9427,2.6868,804,195,2.342
wayne,819,30,0.4742,0.1461,3.1948,3.0029,3.2034,621,166,1.809
fucking,12043,448,6.9735,2.1817,3.1929,2.9947,2.8968,5791,281,16.872
momma,3876,144,2.2444,0.7013,3.1898,2.9777,2.8604,2276,258,6.631
cooking,710,26,0.4111,0.1266,3.1879,2.3799,2.7932,529,167,1.541
hahaha,683,25,0.3955,0.1217,3.1871,2.8175,2.4448,505,150,1.471
don,1512,56,0.8755,0.2727,3.183,2.6999,2.9417,1051,232,3.062
serve,1164,43,0.674,0.2094,3.183,3.0145,4.279,892,216,2.599
kill,8625,323,4.9943,1.573,3.1703,3.0377,2.9938,4959,301,14.448
jumpin,980,37,0.5675,0.1802,3.1089,2.3078,2.1791,641,197,1.868
bobby,900,34,0.5211,0.1656,3.1035,2.0456,2.6651,545,153,1.588
guns,3170,121,1.8356,0.5893,3.1027,2.9567,4.677,2086,260,6.078
case,2948,113,1.707,0.5503,3.0889,3.0252,2.6373,2174,269,6.334
shoot,6607,254,3.8258,1.237,3.087,2.8758,3.4002,3943,279,11.488
chillin,1334,51,0.7725,0.2484,3.0811,2.6868,4.1053,971,227,2.829
pullin,1122,43,0.6497,0.2094,3.0682,2.7328,2.3215,724,198,2.109
forty,967,37,0.5599,0.1802,3.0677,2.8239,2.671,697,197,2.031
straight,8350,324,4.8351,1.5779,3.0598,3.0147,2.8036,5017,305,14.617
dont,2454,95,1.421,0.4626,3.056,2.5033,3.0383,1117,220,3.254
r,2799,109,1.6208,0.5308,3.0399,2.8192,2.4335,1718,259,5.005
purple,1927,75,1.1158,0.3652,3.0356,2.5283,3.0153,1132,201,3.298
position,803,31,0.465,0.151,3.033,2.6656,2.7168,655,196,1.908
chick,2732,107,1.582,0.5211,3.0223,2.8957,2.3973,1744,242,5.081
raw,2043,80,1.183,0.3896,3.0184,2.983,4.1806,1445,244,4.21
clique,1331,52,0.7707,0.2532,3.0156,3.5495,2.7138,886,199,2.581
cup,2954,116,1.7105,0.5649,3.0154,2.8468,2.463,1789,232,5.212
smoked,845,33,0.4893,0.1607,3.001,3.0165,3.6335,607,169,1.768
vibe,1269,50,0.7348,0.2435,2.9891,2.756,2.1497,671,186,1.955
eat,5891,234,3.4112,1.1396,2.9873,3.0638,2.6175,3989,296,11.622
super,2771,110,1.6045,0.5357,2.9823,2.8128,2.5483,1556,234,4.533
that'll,1489,59,0.8622,0.2873,2.9766,2.7861,2.8946,1126,231,3.281
pair,961,38,0.5565,0.1851,2.9695,2.8215,2.5977,769,196,2.24
pen,1383,55,0.8008,0.2678,2.964,2.7114,2.5922,1142,227,3.327
cream,1257,50,0.7279,0.2435,2.9608,2.6281,2.9749,839,222,2.444
gon,28365,1142,16.4248,5.5615,2.9521,3.0349,2.7962,11160,292,32.515
bills,1427,57,0.8263,0.2776,2.9519,2.6657,2.4444,1050,216,3.059
bill,1302,52,0.7539,0.2532,2.9499,2.6726,3.2026,981,235,2.858
smoke,10333,422,5.9833,2.0551,2.9081,2.7947,2.6269,5322,296,15.506
drop,9962,407,5.7685,1.9821,2.9069,2.9957,2.4421,5441,309,15.852
slide,2065,84,1.1957,0.4091,2.9064,2.8221,2.5965,1209,238,3.522
ta,717,29,0.4152,0.1412,2.892,2.5358,3.0902,308,157,0.897
yah,1884,77,1.0909,0.375,2.8913,2.741,2.1216,463,158,1.349
them,50028,2059,28.9688,10.0272,2.8883,2.8888,2.7105,18087,322,52.696
post,886,36,0.513,0.1753,2.8879,2.5955,2.4941,696,198,2.028
trick,1541,63,0.8923,0.3068,2.8864,2.765,1.9676,917,233,2.672
couple,5892,243,3.4118,1.1834,2.8774,2.8775,2.4628,3951,269,11.511
rocks,1292,53,0.7481,0.2581,2.8726,2.6278,2.7289,1030,237,3.001
cock,1074,44,0.6219,0.2143,2.871,2.9356,7.5111,828,228,2.412
rubber,1049,43,0.6074,0.2094,2.8687,2.8734,2.6899,747,197,2.176
waist,902,37,0.5223,0.1802,2.8616,2.5942,2.5204,703,192,2.048
plus,2875,119,1.6648,0.5795,2.8611,2.9904,3.842,2200,277,6.41
screamin,1020,42,0.5906,0.2045,2.8551,2.5516,2.7292,743,206,2.165
load,1016,42,0.5883,0.2045,2.8439,2.6989,2.7684,757,204,2.206
master,1016,42,0.5883,0.2045,2.8439,2.6034,2.2938,766,211,2.232
brooklyn,728,30,0.4215,0.1461,2.84,2.5092,2.3751,455,131,1.326
box,2060,86,1.1928,0.4188,2.8324,2.6841,2.74,1543,253,4.496
lane,1820,76,1.0539,0.3701,2.8296,2.6233,2.7162,1299,231,3.785
jumping,915,38,0.5298,0.1851,2.8274,2.3885,2.0132,566,174,1.649
slick,842,35,0.4876,0.1704,2.8218,2.9639,3.5014,640,211,1.865
bucks,722,30,0.4181,0.1461,2.8166,2.8007,3.3592,563,187,1.64
tone,674,28,0.3903,0.1364,2.814,2.503,2.5005,508,182,1.48
numbers,1167,49,0.6758,0.2386,2.8044,2.4746,2.2466,852,194,2.482
grip,1048,44,0.6068,0.2143,2.8016,2.4624,2.1483,815,228,2.375
cups,765,32,0.443,0.1558,2.8006,2.5654,1.6917,375,137,1.093
cat,1162,49,0.6729,0.2386,2.7924,2.6455,3.0373,879,241,2.561
wet,3580,152,2.073,0.7402,2.7917,2.5326,2.2249,2039,253,5.941
dollar,3764,160,2.1795,0.7792,2.7888,2.6798,3.1564,2329,258,6.786
dude,1718,73,0.9948,0.3555,2.7801,2.2983,2.6124,1326,234,3.863
focused,992,42,0.5744,0.2045,2.7767,2.8437,2.4272,740,192,2.156
whips,897,38,0.5194,0.1851,2.7718,2.6668,5.1025,677,187,1.972
important,709,30,0.4105,0.1461,2.766,2.4385,2.17,556,173,1.62
b,5478,236,3.172,1.1493,2.7544,2.6801,2.7352,2940,294,8.566
chilling,704,30,0.4077,0.1461,2.7465,2.0332,4.1005,532,177,1.55
em,41831,1817,24.2223,8.8487,2.7367,2.7044,3.1525,14618,325,42.59
game,13641,593,7.8988,2.8879,2.733,2.7396,2.6697,7860,311,22.9
hat,953,41,0.5518,0.1997,2.7319,2.66,2.3324,784,213,2.284
month,792,34,0.4586,0.1656,2.7313,2.3409,2.0244,607,186,1.768
kitchen,2262,98,1.3098,0.4773,2.7311,2.6019,2.4672,1657,244,4.828
jumped,836,36,0.4841,0.1753,2.725,2.4716,2.2224,634,170,1.847
quick,3058,133,1.7707,0.6477,2.7241,2.6618,2.4333,2281,290,6.646
miami,926,40,0.5362,0.1948,2.7201,2.3427,2.4025,682,197,1.987
drip,2044,89,1.1836,0.4334,2.7162,3.0554,2.9504,663,160,1.932
squeeze,924,40,0.535,0.1948,2.7142,2.4198,2.2047,677,211,1.972
imma,2302,101,1.333,0.4919,2.6973,2.6749,2.8658,1115,199,3.249
joint,755,33,0.4372,0.1607,2.6815,2.1901,2.0802,553,170,1.611
west,2513,111,1.4552,0.5406,2.6804,2.6561,2.4583,1510,251,4.399
kickin,776,34,0.4493,0.1656,2.6762,2.3969,2.3575,563,171,1.64
shawty,6146,273,3.5588,1.3295,2.6722,2.5375,2.0527,2424,209,7.062
pull,14107,628,8.1687,3.0583,2.6689,2.7685,2.7808,7046,299,20.529
huh,11295,505,6.5404,2.4593,2.6569,2.8319,2.5694,3759,291,10.952
park,1840,82,1.0655,0.3993,2.6526,2.3929,2.4303,1427,246,4.158
thang,2643,118,1.5304,0.5747,2.6525,2.5933,3.6402,1331,234,3.878
loaded,1236,55,0.7157,0.2678,2.6491,2.5419,2.261,642,182,1.87
mall,1498,67,0.8674,0.3263,2.6396,2.3835,2.4677,1068,197,3.112
add,962,43,0.557,0.2094,2.6309,2.4414,2.1343,609,192,1.774
sipping,1116,50,0.6462,0.2435,2.6288,2.3942,2.3971,817,189,2.38
baddest,938,42,0.5431,0.2045,2.6257,2.4505,2.1632,574,189,1.672
shorty,2307,104,1.3359,0.5065,2.6255,2.277,2.8409,1339,226,3.901
mission,1091,49,0.6317,0.2386,2.6219,2.425,2.1629,863,219,2.514
havin,1283,58,0.7429,0.2825,2.6087,2.3147,2.6029,898,214,2.616
zone,2245,102,1.3,0.4967,2.6048,2.3605,2.6054,1448,242,4.219
pound,2121,97,1.2282,0.4724,2.5872,2.1782,4.0342,1479,234,4.309
dice,900,41,0.5211,0.1997,2.58,2.378,2.2233,759,195,2.211
bae,965,44,0.5588,0.2143,2.5798,2.282,1.9207,454,103,1.323
sayin,4002,184,2.3174,0.8961,2.5794,2.4686,2.2144,2389,283,6.96
tip,1548,71,0.8964,0.3458,2.5751,2.4798,2.3372,1083,245,3.155
pipe,1006,46,0.5825,0.224,2.5737,2.3333,2.5074,783,197,2.281
bottles,2779,128,1.6092,0.6234,2.5719,2.5692,2.3455,1684,232,4.906
eight,1351,62,0.7823,0.3019,2.5712,2.3614,2.1166,990,226,2.884
blowin,1646,76,0.9531,0.3701,2.5591,2.3867,2.4807,1197,223,3.487
drippin,978,45,0.5663,0.2191,2.5571,2.8237,2.1445,565,159,1.646
gun,5674,264,3.2855,1.2857,2.5509,2.448,2.6464,3522,281,10.261
style,2624,122,1.5194,0.5941,2.5474,2.5021,2.4034,1906,279,5.553
yea,5205,243,3.014,1.1834,2.5419,2.9179,3.4333,1822,237,5.308
dogs,1271,59,0.736,0.2873,2.5409,2.3948,2.2427,929,221,2.707
re,1100,51,0.637,0.2484,2.5408,2.2676,1.8885,675,196,1.967
level,1568,73,0.908,0.3555,2.5374,2.5531,1.9162,958,213,2.791
mention,735,34,0.4256,0.1656,2.5349,2.3332,1.9628,619,192,1.803
soft,1585,74,0.9178,0.3604,2.5305,2.3808,2.2394,1226,248,3.572
famous,1563,73,0.9051,0.3555,2.5293,2.3849,2.1704,983,201,2.864
nah,6132,288,3.5507,1.4025,2.5275,2.4824,2.1344,2942,264,8.572
top,12481,587,7.2271,2.8587,2.5261,2.4722,2.3841,7056,306,20.558
system,1093,51,0.6329,0.2484,2.5247,2.203,2.2162,801,217,2.334
counting,1199,56,0.6943,0.2727,2.5243,2.3629,2.0277,810,172,2.36
grinding,667,31,0.3862,0.151,2.5196,2.2904,1.8581,443,143,1.291
stick,3272,154,1.8947,0.75,2.5185,2.5117,2.1722,2135,270,6.22
fore,1421,67,0.8228,0.3263,2.504,2.1153,2.7296,1115,223,3.249
ugly,1251,59,0.7244,0.2873,2.501,2.1056,2.0656,760,208,2.214
young,16142,768,9.347,3.7401,2.4976,2.4045,2.3222,7720,303,22.492
pop,9500,452,5.501,2.2012,2.4964,2.6037,2.6109,4737,301,13.801
sauce,1243,59,0.7198,0.2873,2.485,2.6113,2.3694,665,176,1.937
type,3893,186,2.2542,0.9058,2.4823,2.5147,2.2412,2496,282,7.272
n,4722,226,2.7343,1.1006,2.4791,2.4395,2.4057,1887,276,5.498
they,108611,5218,62.8913,25.4114,2.4747,2.4702,2.3469,25221,330,73.481
hit,22772,1094,13.1861,5.3277,2.4739,2.4399,2.5847,11950,320,34.816
i'mma,5915,284,3.4251,1.3831,2.4723,2.2801,2.8981,2897,257,8.44
rent,861,41,0.4986,0.1997,2.4683,2.5171,2.0044,722,196,2.104
owe,1338,64,0.7748,0.3117,2.4675,2.2517,2.1712,953,206,2.777
um,1024,49,0.5929,0.2386,2.4609,2.6378,1.6575,528,158,1.538
price,1581,76,0.9155,0.3701,2.4581,2.2071,1.8578,1112,231,3.24
cell,1126,54,0.652,0.263,2.4577,2.1173,2.2636,869,223,2.532
brothers,1476,71,0.8547,0.3458,2.4554,2.2141,2.2588,1028,232,2.995
law,1347,65,0.78,0.3165,2.4461,2.3939,2.0413,989,223,2.881
steady,1445,70,0.8367,0.3409,2.4379,2.203,1.8812,1005,234,2.928
deal,3390,165,1.963,0.8035,2.4359,2.2683,2.6448,2439,280,7.106
plenty,1358,66,0.7864,0.3214,2.429,2.0804,2.1788,930,207,2.71
dig,1779,87,1.0301,0.4237,2.4181,2.191,3.1726,1097,219,3.196
bend,1019,50,0.5901,0.2435,2.4004,2.1145,1.8756,623,189,1.815
goddamn,2060,102,1.1928,0.4967,2.3902,2.4382,2.356,1017,206,2.963
order,1194,59,0.6914,0.2873,2.387,2.1692,2.1463,895,212,2.608
walkin,1569,78,0.9085,0.3799,2.3773,2.3452,2.1969,1087,226,3.167
dip,1289,64,0.7464,0.3117,2.3771,2.4977,2.2543,677,203,1.972
pass,4246,212,2.4586,1.0324,2.3761,2.3245,2.0363,2846,287,8.292
club,8216,411,4.7575,2.0016,2.3742,2.3414,2.3639,4549,288,13.254
lyin,1107,55,0.641,0.2678,2.3727,2.1545,2.1929,746,201,2.173
south,2820,141,1.6329,0.6867,2.3701,2.4723,2.6484,1729,260,5.037
buy,5137,258,2.9746,1.2564,2.3631,2.3141,2.0537,3289,271,9.582
bus,1119,56,0.648,0.2727,2.356,2.1254,2.1862,927,226,2.701
drugs,3337,169,1.9323,0.823,2.3412,2.4667,2.4108,1886,248,5.495
hi,895,45,0.5183,0.2191,2.3402,2.4638,1.7262,538,180,1.567
struggle,1032,52,0.5976,0.2532,2.3384,2.2599,1.7671,741,190,2.159
panties,716,36,0.4146,0.1753,2.3341,2.2703,1.903,543,168,1.582
tryna,17089,873,9.8954,4.2515,2.3263,2.3902,2.0766,8164,274,23.786
f,2845,145,1.6474,0.7061,2.3253,2.3255,2.1088,1176,241,3.426
mercedes,670,34,0.388,0.1656,2.3109,1.924,3.144,527,164,1.535
rollin,3662,188,2.1205,0.9156,2.3102,2.3776,2.0357,1786,252,5.204
public,844,43,0.4887,0.2094,2.3084,2.0236,2.2657,714,191,2.08
clap,2104,108,1.2183,0.526,2.3063,2.1511,1.8486,780,219,2.273
v,1754,90,1.0157,0.4383,2.3051,2.1645,2.4336,1253,245,3.651
doin,4756,245,2.754,1.1931,2.3037,2.3191,1.9678,2817,284,8.207
kid,3589,185,2.0782,0.9009,2.3008,2.2387,2.2824,2515,277,7.327
coast,1498,77,0.8674,0.375,2.299,2.3929,1.9972,913,227,2.66
joke,781,40,0.4522,0.1948,2.2944,2.0734,1.9047,602,212,1.754
school,4320,224,2.5015,1.0909,2.2883,2.2874,2.2266,3154,288,9.189
real,28231,1468,16.3472,7.1491,2.2859,2.2115,2.1111,12067,319,35.157
everytime,756,39,0.4378,0.1899,2.2772,1.8585,2.0016,518,185,1.509
dat,2211,115,1.2803,0.56,2.2767,2.4856,2.4811,624,186,1.818
big,19015,993,11.0107,4.8359,2.2758,2.3201,2.2718,9159,319,26.685
pulled,1899,99,1.0996,0.4821,2.2699,2.1232,1.7254,1345,231,3.919
uhh,1554,81,0.8998,0.3945,2.2679,2.3889,2.0053,769,199,2.24
tripping,1153,60,0.6676,0.2922,2.267,2.2387,2.0428,777,185,2.264
family,3745,196,2.1685,0.9545,2.2664,2.1491,1.9214,2497,270,7.275
third,771,40,0.4464,0.1948,2.265,1.8258,2.0689,629,194,1.833
business,3676,193,2.1286,0.9399,2.2592,2.169,2.3546,2539,273,7.397
p,4056,213,2.3486,1.0373,2.2592,2.2233,2.4791,2503,280,7.292
beam,901,47,0.5217,0.2289,2.2567,2.1411,2.9459,691,194,2.013
closet,844,44,0.4887,0.2143,2.2565,2.1983,1.8132,579,173,1.687
pills,1641,86,0.9502,0.4188,2.2564,2.2529,2.2455,1095,192,3.19
yellow,2114,111,1.2241,0.5406,2.2549,2.0419,2.0835,1327,225,3.866
po,898,47,0.52,0.2289,2.2491,2.5567,2.3551,479,175,1.396
crack,3617,191,2.0944,0.9302,2.2461,2.0715,3.0506,2553,271,7.438
talking,8427,447,4.8797,2.1769,2.2392,2.2073,2.019,4874,288,14.2
takin,2306,122,1.3353,0.5941,2.2388,2.4297,2.1337,1624,257,4.732
bone,1530,81,0.8859,0.3945,2.2329,2.1077,2.0387,903,222,2.631
state,2105,112,1.2189,0.5454,2.2253,2.0621,2.1409,1486,255,4.329
brother,3246,173,1.8796,0.8425,2.2249,2.0853,2.0789,2223,271,6.477
folks,1393,74,0.8066,0.3604,2.224,1.9936,1.7033,985,210,2.87
mud,961,51,0.5565,0.2484,2.2199,2.1575,1.8252,582,146,1.696
x,6128,328,3.5484,1.5973,2.2183,1.8666,1.6051,2861,297,8.336
lemme,844,45,0.4887,0.2191,2.2069,2.106,2.0076,465,157,1.355
white,9057,491,5.2445,2.3911,2.1912,2.1509,1.9911,5216,293,15.197
chose,801,43,0.4638,0.2094,2.1908,1.9242,1.727,591,183,1.722
flat,800,43,0.4632,0.2094,2.1881,1.9463,1.9093,652,193,1.9
puttin,947,51,0.5484,0.2484,2.1876,1.9484,2.3541,690,220,2.01
whole,12055,655,6.9805,3.1898,2.1868,2.1484,2.0861,6863,314,19.995
women,2767,150,1.6022,0.7305,2.1865,2.1389,1.9673,1953,265,5.69
tank,669,36,0.3874,0.1753,2.181,1.9346,1.783,487,175,1.419
cookin,704,38,0.4077,0.1851,2.1758,1.729,3.1512,505,155,1.471
probably,4726,258,2.7366,1.2564,2.1741,2.0541,1.8853,3235,253,9.425
worried,1396,76,0.8084,0.3701,2.1706,2.2308,1.7644,782,192,2.278
lot,10411,570,6.0285,2.7759,2.17,2.1634,1.8808,5558,302,16.193
store,1650,90,0.9554,0.4383,2.1685,2.0896,2.0129,1275,237,3.715
funk,665,36,0.3851,0.1753,2.1679,1.8932,2.1914,337,128,0.982
posted,809,44,0.4685,0.2143,2.163,2.2413,2.907,610,163,1.777
dime,1318,72,0.7632,0.3506,2.1624,1.9558,1.8567,1009,227,2.94
claim,845,46,0.4893,0.224,2.162,1.9294,2.1037,673,209,1.961
fist,695,38,0.4024,0.1851,2.148,1.7216,2.1014,472,177,1.375
date,1071,59,0.6202,0.2873,2.1412,2.1476,2.0426,838,220,2.442
afford,853,47,0.4939,0.2289,2.1365,1.8613,1.9537,700,190,2.039
locked,1767,98,1.0232,0.4773,2.1336,2.0719,1.769,1366,245,3.98
full,6870,383,3.9781,1.8652,2.1302,2.0751,1.8949,4537,301,13.219
i'ma,17195,961,9.9568,4.68,2.1265,2.2554,2.0407,6871,295,20.019
loyal,687,38,0.3978,0.1851,2.1233,2.0351,1.7537,451,152,1.314
doctor,878,49,0.5084,0.2386,2.1102,1.7811,1.7924,656,204,1.911
suicide,752,42,0.4354,0.2045,2.1053,2.0037,1.9885,451,157,1.314
house,8621,487,4.992,2.3717,2.1028,2.1233,1.841,5138,304,14.97
twenty,2288,129,1.3249,0.6282,2.1012,1.9436,2.0678,1598,257,4.656
ain't,97228,5511,56.3,26.8383,2.0976,2.0815,2.0637,25337,330,73.819
lyrics,925,52,0.5356,0.2532,2.0961,2.0246,1.7149,782,201,2.278
credit,678,38,0.3926,0.1851,2.0955,1.8196,1.8966,573,177,1.669
throwing,1346,76,0.7794,0.3701,2.0928,1.9458,1.9167,935,213,2.724
building,1480,84,0.857,0.4091,2.0833,1.7972,2.3229,1052,224,3.065
million,4844,276,2.8049,1.3441,2.0833,2.0102,2.1253,3009,269,8.767
none,3191,182,1.8478,0.8863,2.0793,2.1506,1.8634,2104,270,6.13
buying,688,39,0.3984,0.1899,2.0725,1.9179,2.1351,551,164,1.605
trip,2359,135,1.366,0.6574,2.0705,2.0814,1.7926,1522,253,4.434
askin,843,48,0.4881,0.2338,2.0679,2.0491,1.9217,656,189,1.911
broke,7484,430,4.3336,2.0941,2.0672,2.0867,2.0033,4588,293,13.367
five,4405,253,2.5507,1.2321,2.0664,1.9701,1.8771,2861,280,8.336
green,3827,220,2.216,1.0714,2.0639,1.9678,1.8446,2566,275,7.476
nose,1585,91,0.9178,0.4432,2.0603,1.9909,1.6941,1200,242,3.496
tap,683,39,0.3955,0.1899,2.0575,1.9411,2.7244,409,166,1.192
brain,2970,172,1.7198,0.8376,2.0475,2.0277,1.7901,2155,272,6.279
throat,1024,59,0.5929,0.2873,2.0473,1.7507,2.16,828,207,2.412
aw,1110,64,0.6427,0.3117,2.0472,1.7745,1.8661,474,151,1.381
fame,2418,140,1.4001,0.6818,2.0467,2.0415,1.6459,1604,248,4.673
weight,1759,102,1.0186,0.4967,2.0411,1.9724,1.9415,1257,238,3.662
liquor,1929,112,1.117,0.5454,2.0393,1.9903,1.9172,1400,238,4.079
winning,1121,65,0.6491,0.3165,2.0359,1.9796,1.8655,640,183,1.865
lookin,6510,380,3.7696,1.8506,2.0345,1.9686,1.9541,3934,293,11.462
dumb,2311,135,1.3382,0.6574,2.0284,1.9596,2.0854,1537,256,4.478
pool,928,54,0.5374,0.263,2.0257,1.8608,1.668,762,201,2.22
tellin,1882,110,1.0898,0.5357,2.0257,1.8968,1.8675,1243,241,3.621
clean,2853,167,1.652,0.8133,2.0256,1.9271,1.5257,1922,264,5.6
ok,1439,84,0.8333,0.4091,2.0256,1.9516,1.6663,845,207,2.462
yup,1520,89,0.8802,0.4334,2.02,2.0305,1.6759,669,174,1.949
roof,1926,113,1.1153,0.5503,2.0182,1.9037,1.736,1305,234,3.802
chicken,1174,69,0.6798,0.336,2.0094,1.9312,1.9968,903,209,2.631
street,5970,353,3.4569,1.7191,2.0082,1.9306,1.9181,3769,292,10.981
mad,6354,376,3.6793,1.8311,2.0068,2.0472,1.9602,3846,302,11.205
ten,3937,233,2.2797,1.1347,2.0051,1.9023,1.8978,2450,272,7.138
pole,1234,73,0.7145,0.3555,1.9971,1.7555,2.1438,699,191,2.037
damn,14377,857,8.325,4.1735,1.9936,1.9909,1.9695,7343,305,21.394
blessed,1043,62,0.6039,0.3019,1.9852,1.9325,1.7284,779,215,2.27
yard,692,41,0.4007,0.1997,1.9841,1.7351,1.6374,568,188,1.655
car,7316,439,4.2363,2.1379,1.9794,1.9526,1.8712,4930,294,14.364
four,5098,306,2.952,1.4902,1.9779,1.9486,1.9543,3243,290,9.448
doors,1771,106,1.0255,0.5162,1.9778,1.9251,1.8802,1243,230,3.621
son,3424,207,1.9827,1.0081,1.9623,1.7944,1.9678,2416,277,7.039
catch,7465,452,4.3226,2.2012,1.9617,1.9073,1.8453,4622,295,13.466
cameras,717,43,0.4152,0.2094,1.9612,1.8351,1.4255,531,169,1.547
flows,766,46,0.4436,0.224,1.96,1.8884,1.8287,628,184,1.83
zero,682,41,0.3949,0.1997,1.9554,1.6294,1.4154,358,157,1.043
babies,926,56,0.5362,0.2727,1.9498,1.6375,1.9399,711,205,2.071
pay,6057,369,3.5073,1.797,1.9493,1.8041,1.9923,4160,289,12.12
john,1079,66,0.6248,0.3214,1.9302,1.9033,1.7922,697,205,2.031
givin,1222,75,0.7076,0.3652,1.9253,1.9021,1.7591,914,230,2.663
grew,1332,82,0.7713,0.3993,1.9205,1.8376,1.4782,980,218,2.855
fake,4236,262,2.4529,1.2759,1.919,2.1052,1.8734,2793,277,8.137
bounce,2427,150,1.4054,0.7305,1.9179,1.8533,1.9443,847,232,2.468
tour,1152,71,0.6671,0.3458,1.9166,1.7918,1.5885,971,210,2.829
drug,2055,128,1.1899,0.6234,1.902,1.8889,1.8327,1299,238,3.785
h,1667,104,0.9653,0.5065,1.8973,1.8529,1.3722,954,224,2.779
shout,2446,153,1.4164,0.7451,1.8951,1.8231,2.1388,1581,235,4.606
traffic,868,54,0.5026,0.263,1.8948,1.5039,1.948,628,184,1.83
class,1775,111,1.0278,0.5406,1.8934,1.9142,2.2558,1420,242,4.137
early,1165,73,0.6746,0.3555,1.8855,1.6925,1.5405,853,221,2.485
press,768,48,0.4447,0.2338,1.8841,1.6419,1.5407,593,197,1.728
pill,1164,73,0.674,0.3555,1.8838,1.9566,1.8349,861,197,2.509
mom,1449,91,0.839,0.4432,1.8836,1.7546,1.5986,1128,211,3.286
ray,878,55,0.5084,0.2678,1.8821,1.6861,2.1618,528,165,1.538
strip,1525,96,0.8831,0.4675,1.8797,1.7276,2.2253,1074,222,3.129
send,3436,217,1.9896,1.0568,1.8787,1.7696,1.9052,2523,265,7.351
michael,1159,73,0.6711,0.3555,1.8758,1.7383,1.6706,898,211,2.616
black,12312,780,7.1293,3.7986,1.8757,1.8742,1.9761,6344,309,18.483
fact,2231,141,1.2919,0.6867,1.8751,1.7126,1.807,1742,269,5.075
corner,2309,146,1.337,0.711,1.8744,1.8511,1.7147,1613,244,4.699
creep,701,44,0.4059,0.2143,1.8744,1.6845,1.7141,520,190,1.515
bury,764,48,0.4424,0.2338,1.8743,1.6936,1.5908,503,162,1.465
text,1172,74,0.6786,0.3604,1.8713,1.8556,1.6512,870,182,2.535
boat,1707,108,0.9884,0.526,1.8712,1.7891,1.8481,1023,203,2.981
throw,7351,467,4.2566,2.2743,1.8698,1.8858,1.9574,4188,296,12.202
camera,950,60,0.5501,0.2922,1.8681,1.7934,1.845,716,208,2.086
heads,949,60,0.5495,0.2922,1.8661,1.7188,1.6877,760,217,2.214
pour,2783,177,1.6115,0.862,1.8646,1.8375,1.9292,1557,228,4.536
some,39017,2488,22.5928,12.1164,1.8643,1.8472,1.6787,16356,328,47.653
feed,1509,96,0.8738,0.4675,1.8599,1.7389,1.8,1177,231,3.429
watchin,1524,97,0.8825,0.4724,1.8592,1.7676,1.7521,1090,231,3.176
makin,2521,161,1.4598,0.7841,1.8564,1.8388,2.0219,1784,272,5.198
its,6279,402,3.6359,1.9577,1.855,1.6673,1.6992,3319,284,9.67
blew,1021,65,0.5912,0.3165,1.8543,1.7587,1.6479,793,211,2.31
man,40022,2575,23.1748,12.5401,1.8477,1.8175,1.8579,15182,328,44.233
rolled,986,63,0.5709,0.3068,1.8472,1.7301,1.3656,730,197,2.127
blow,7091,456,4.106,2.2207,1.8471,1.7917,1.9978,4347,296,12.665
nine,2258,145,1.3075,0.7061,1.8456,1.7447,1.932,1587,269,4.624
prison,876,56,0.5072,0.2727,1.8446,1.8177,1.9988,747,192,2.176
gold,5531,358,3.2027,1.7434,1.8346,1.8325,1.7186,3359,277,9.786
fucks,670,43,0.388,0.2094,1.8327,1.9141,1.6475,447,174,1.302
uh,25408,1648,14.7125,8.0257,1.8327,1.887,1.8402,6972,304,20.313
sip,1841,119,1.066,0.5795,1.8323,1.6516,1.6055,1267,231,3.691
smart,774,50,0.4482,0.2435,1.8236,1.5183,1.6345,634,191,1.847
nasty,1720,112,0.996,0.5454,1.8184,1.9238,1.4188,803,203,2.34
bottom,2362,154,1.3677,0.75,1.8182,1.8057,1.6434,1641,242,4.781
yuh,1548,101,0.8964,0.4919,1.814,1.9527,1.436,391,114,1.139
front,4953,325,2.868,1.5827,1.8095,1.7564,1.6474,3439,298,10.02
sleepin,737,48,0.4268,0.2338,1.8081,1.6174,1.3639,481,168,1.401
livin,3823,251,2.2137,1.2224,1.8077,1.8227,1.8269,2366,259,6.893
bout,22779,1499,13.1902,7.3001,1.8063,1.8327,1.8048,10707,305,31.195
match,947,62,0.5484,0.3019,1.8026,1.7414,1.6009,717,213,2.089
ran,2380,157,1.3781,0.7646,1.7971,1.7335,1.4591,1642,250,4.784
jack,1425,94,0.8251,0.4578,1.7936,1.5943,1.5753,1066,249,3.106
t,4426,293,2.5629,1.4269,1.7933,1.7352,1.8117,2564,285,7.47
cut,5533,367,3.2039,1.7873,1.7903,1.7504,1.6455,3762,295,10.961
movie,2126,141,1.2311,0.6867,1.7869,1.744,1.6741,1545,230,4.501
cum,682,45,0.3949,0.2191,1.7835,1.8394,1.9002,495,164,1.442
showing,682,45,0.3949,0.2191,1.7835,1.5149,1.4828,564,199,1.643
swear,6629,442,3.8385,2.1525,1.7814,1.8156,1.4976,3663,252,10.672
fools,680,45,0.3938,0.2191,1.7783,1.6565,1.4999,534,183,1.556
aim,1157,77,0.67,0.375,1.7759,1.6875,2.1568,844,218,2.459
blowing,1634,109,0.9462,0.5308,1.7749,1.7151,1.5989,1141,218,3.324
bomb,1410,94,0.8165,0.4578,1.7747,1.7066,1.7992,1031,233,3.004
couch,992,66,0.5744,0.3214,1.7746,1.6144,1.36,754,194,2.197
stage,1409,94,0.8159,0.4578,1.7735,1.7742,1.4796,1085,241,3.161
hot,7119,477,4.1223,2.323,1.7728,1.7107,1.7489,4313,306,12.566
james,812,54,0.4702,0.263,1.7726,1.6443,1.6823,608,194,1.771
dinner,945,63,0.5472,0.3068,1.7704,1.6133,1.548,833,206,2.427
north,1060,71,0.6138,0.3458,1.7636,1.5688,2.1178,740,202,2.156
outta,3012,203,1.7441,0.9886,1.7602,1.6236,1.7621,1938,275,5.646
truck,1941,131,1.1239,0.638,1.7555,1.6736,1.7097,1444,241,4.207
shows,1581,107,0.9155,0.5211,1.7493,1.677,1.4421,1279,238,3.726
city,8641,587,5.0036,2.8587,1.7489,1.6966,1.5547,4828,296,14.066
getting,11357,776,6.5763,3.7791,1.7391,1.7113,1.5801,6126,301,17.848
watch,11610,794,6.7228,3.8667,1.7376,1.687,1.5751,6558,307,19.107
wood,1043,71,0.6039,0.3458,1.7353,1.6318,1.4825,762,194,2.22
problems,2130,146,1.2334,0.711,1.7292,1.6697,1.5285,1330,232,3.875
color,1286,88,0.7447,0.4286,1.7285,1.6122,1.5682,903,213,2.631
half,4259,293,2.4662,1.4269,1.7256,1.6452,1.6877,2968,282,8.647
off,36589,2528,21.1869,12.3112,1.7206,1.7596,1.6794,15843,331,46.159
s,7214,500,4.1773,2.435,1.7139,1.7298,2.6496,4104,305,11.957
came,12432,863,7.1988,4.2028,1.7119,1.6409,1.4921,7112,310,20.721
shop,1153,80,0.6676,0.3896,1.7038,1.6397,2.1987,925,231,2.695
ceiling,1023,71,0.5924,0.3458,1.7021,1.8027,1.808,728,183,2.121
smell,2221,155,1.2861,0.7548,1.6987,1.7153,1.7917,1613,245,4.699
keys,1778,124,1.0296,0.6039,1.6985,1.6358,1.498,1189,231,3.464
force,735,51,0.4256,0.2484,1.6981,1.5582,1.6917,587,199,1.71
grab,2414,169,1.3978,0.823,1.6938,1.6588,1.6319,1786,272,5.204
knock,2755,193,1.5953,0.9399,1.6932,1.5793,1.7614,1772,261,5.163
drinkin,1487,104,0.861,0.5065,1.6925,1.5487,1.3545,854,204,2.488
acting,1700,119,0.9844,0.5795,1.692,1.7968,1.6199,1320,242,3.846
heat,2181,153,1.2629,0.7451,1.6898,1.6094,1.7762,1695,265,4.938
handle,1706,120,0.9879,0.5844,1.6839,1.729,1.539,1219,252,3.552
tryin,3795,268,2.1975,1.3051,1.6808,1.7084,1.6157,2222,279,6.474
daughter,1278,90,0.74,0.4383,1.6797,1.5949,1.792,981,211,2.858
she,82144,5830,47.5655,28.3918,1.6752,1.5999,1.4886,16720,314,48.714
thousand,3926,279,2.2734,1.3587,1.6704,1.6484,1.6754,2409,252,7.019
wife,1732,123,1.0029,0.599,1.668,1.5507,1.5657,1351,251,3.936
chase,1731,123,1.0023,0.599,1.667,1.6157,1.304,1156,243,3.368
e,3917,279,2.2681,1.3587,1.6666,1.8761,2.0649,2145,277,6.249
weak,1366,97,0.791,0.4724,1.6665,1.603,1.3711,959,232,2.794
dead,6000,428,3.4743,2.0843,1.6651,1.6046,1.8156,3786,296,11.031
plan,2203,157,1.2756,0.7646,1.6635,1.7045,1.4581,1595,259,4.647
goin,8046,575,4.659,2.8002,1.6625,1.6756,1.6517,3911,294,11.395
brought,2047,146,1.1853,0.711,1.6618,1.5413,1.4376,1593,262,4.641
count,4150,297,2.4031,1.4464,1.6588,1.7367,1.7947,2091,240,6.092
ay,4159,298,2.4083,1.4512,1.6569,1.7215,1.7945,1320,241,3.846
fed,825,59,0.4777,0.2873,1.6497,1.5968,1.4705,641,189,1.868
movin,1639,118,0.9491,0.5747,1.6451,1.6385,1.4487,1062,239,3.094
grandma,670,48,0.388,0.2338,1.6438,1.4755,3.2213,473,139,1.378
jam,1029,74,0.5958,0.3604,1.6431,1.416,1.6481,705,210,2.054
mr,2189,158,1.2675,0.7695,1.6425,1.4075,1.59,1387,255,4.041
her,55475,4020,32.1228,19.5772,1.6406,1.5879,1.494,15183,312,44.236
field,1041,75,0.6028,0.3652,1.6402,1.535,1.5986,776,197,2.261
beats,1496,108,0.8663,0.526,1.64,1.5129,2.0793,1204,240,3.508
bang,7688,559,4.4517,2.7223,1.6339,1.5155,2.4053,2185,260,6.366
fan,1174,85,0.6798,0.4139,1.6333,1.576,1.5001,877,213,2.555
stretch,693,50,0.4013,0.2435,1.6329,1.5446,1.992,523,178,1.524
plane,1361,99,0.7881,0.4821,1.627,1.5197,1.3684,1003,218,2.922
named,799,58,0.4627,0.2825,1.625,1.2591,1.7874,615,191,1.792
passed,799,58,0.4627,0.2825,1.625,1.5124,1.3941,671,207,1.955
short,1412,103,0.8176,0.5016,1.6227,1.4622,1.6066,1128,244,3.286
everywhere,2420,177,1.4013,0.862,1.6214,1.5579,1.4032,1341,243,3.907
stress,1232,90,0.7134,0.4383,1.6193,1.5304,1.3366,931,236,2.712
spent,2178,160,1.2612,0.7792,1.6139,1.5895,1.4484,1483,224,4.321
heard,7249,534,4.1975,2.6006,1.6127,1.5985,1.346,4647,305,13.539
flight,1346,99,0.7794,0.4821,1.6091,1.5615,1.5901,1019,232,2.969
shades,723,53,0.4187,0.2581,1.608,1.4356,1.2769,551,175,1.605
course,885,65,0.5125,0.3165,1.6075,1.6119,1.4297,738,218,2.15
job,1938,143,1.1222,0.6964,1.6062,1.5967,1.4725,1549,251,4.513
swallow,870,64,0.5038,0.3117,1.6047,1.4954,1.6153,710,206,2.069
moves,1247,92,0.7221,0.448,1.6036,1.5056,1.3204,827,216,2.409
silly,703,52,0.4071,0.2532,1.5933,1.4382,1.4492,572,194,1.667
excuse,783,58,0.4534,0.2825,1.5925,1.4853,1.2235,551,190,1.605
shot,5382,403,3.1165,1.9626,1.5861,1.4756,1.7104,3573,287,10.41
platinum,913,68,0.5287,0.3312,1.5857,1.4833,1.8054,672,192,1.958
since,6473,485,3.7482,2.3619,1.5854,1.5537,1.4434,4503,301,13.119
shoes,2937,221,1.7007,1.0763,1.5769,1.4852,1.4439,2147,261,6.255
dirty,4354,329,2.5212,1.6022,1.5714,1.4768,1.5004,2270,272,6.614
leather,851,64,0.4928,0.3117,1.5697,1.4275,1.4675,700,185,2.039
mix,1642,124,0.9508,0.6039,1.5687,1.6425,1.688,1137,245,3.313
mama,7613,578,4.4083,2.8148,1.5649,1.53,1.454,3871,271,11.278
chill,2217,168,1.2838,0.8182,1.5648,1.5165,2.2643,1494,263,4.353
fish,1042,79,0.6034,0.3847,1.5592,1.5188,1.4692,829,206,2.415
everyday,2706,206,1.5669,1.0032,1.5584,1.4321,1.6758,1693,250,4.933
started,4551,347,2.6353,1.6899,1.5574,1.5282,1.4551,2963,285,8.633
shirt,1588,121,0.9195,0.5893,1.5545,1.5295,1.4277,1177,224,3.429
roll,9129,698,5.2862,3.3992,1.5541,1.5292,1.4599,4820,301,14.043
kids,4001,307,2.3168,1.4951,1.5473,1.4849,1.6077,2873,277,8.37
sent,1214,93,0.703,0.4529,1.5445,1.635,1.5325,1011,234,2.946
proof,784,60,0.454,0.2922,1.5418,1.325,1.5396,605,195,1.763
ya,26127,2015,15.1289,9.813,1.5414,1.5543,1.7211,8475,320,24.692
th,1481,114,0.8576,0.5552,1.5385,1.4951,1.3313,1047,237,3.05
kick,3586,277,2.0765,1.349,1.5367,1.5038,1.6744,2572,290,7.494
self,1660,128,0.9612,0.6234,1.5365,1.4759,1.4095,1113,238,3.243
word,4425,342,2.5623,1.6655,1.5364,1.4786,1.3506,2840,299,8.274
then,32878,2545,19.038,12.394,1.5358,1.5391,1.4254,15733,324,45.838
killer,1476,114,0.8547,0.5552,1.5333,1.3828,1.4604,1086,229,3.164
test,1359,105,0.7869,0.5113,1.5322,1.4737,1.4695,1072,247,3.123
got,133407,10362,77.2494,50.4625,1.5308,1.5319,1.5202,28705,332,83.632
bow,1885,147,1.0915,0.7159,1.5199,1.5455,1.5239,929,209,2.707
nothin,6716,525,3.8889,2.5567,1.5197,1.545,1.2194,3383,290,9.856
trigger,874,68,0.5061,0.3312,1.518,1.456,1.3532,653,196,1.903
chorus,2176,170,1.26,0.8279,1.5178,1.2681,1.2257,856,223,2.494
card,1000,78,0.5791,0.3799,1.5154,1.4774,1.3877,792,215,2.307
records,757,59,0.4383,0.2873,1.5138,1.3945,1.4804,636,195,1.853
naked,1202,94,0.696,0.4578,1.513,1.4285,1.8555,952,220,2.774
death,3077,242,1.7817,1.1785,1.509,1.4601,1.5578,2205,270,6.424
brand,2201,173,1.2745,0.8425,1.5087,1.6265,1.709,1369,245,3.989
speed,1283,101,0.7429,0.4919,1.5036,1.4245,1.4913,962,234,2.803
safe,2342,185,1.3561,0.9009,1.5015,1.5359,1.2978,1441,237,4.198
bein,1066,84,0.6173,0.4091,1.5007,1.592,1.6625,728,200,2.121
speaking,762,60,0.4412,0.2922,1.4986,1.376,1.7899,634,196,1.847
act,4745,377,2.7476,1.836,1.4947,1.4955,1.5285,3126,282,9.108
war,3269,261,1.8929,1.2711,1.4866,1.4009,1.2829,1995,261,5.812
get,111945,8954,64.8218,43.6056,1.4865,1.4752,1.5307,27225,331,79.32
battle,854,68,0.4945,0.3312,1.4832,1.2974,1.5675,616,178,1.795
with,137873,11054,79.8355,53.8325,1.483,1.482,1.4956,29598,330,86.234
jungle,866,69,0.5015,0.336,1.4824,1.645,1.6917,632,179,1.841
teeth,1251,100,0.7244,0.487,1.4807,1.4337,1.3346,983,218,2.864
paint,1872,150,1.084,0.7305,1.4794,1.4553,1.5848,1355,215,3.948
vision,1299,104,0.7522,0.5065,1.4786,1.452,1.3334,1066,215,3.106
that's,44020,3542,25.4898,17.2494,1.4775,1.4753,1.4949,17611,328,51.31
grown,1570,126,0.9091,0.6136,1.4762,1.4211,1.3456,1183,235,3.447
mouth,4486,362,2.5976,1.7629,1.4716,1.4633,1.4599,3132,289,9.125
freaky,794,64,0.4598,0.3117,1.4646,1.3082,1.6581,472,171,1.375
toast,929,75,0.5379,0.3652,1.4638,1.4203,1.3993,683,194,1.99
rolling,2518,205,1.458,0.9983,1.4572,1.3531,1.4048,1559,242,4.542
suit,839,68,0.4858,0.3312,1.4572,1.2863,1.4034,695,197,2.025
jeans,1953,159,1.1309,0.7743,1.4563,1.4526,1.363,1438,230,4.19
chest,1728,141,1.0006,0.6867,1.4525,1.4586,1.4376,1386,247,4.038
went,6307,516,3.6521,2.5129,1.452,1.3773,1.3551,4416,299,12.866
drama,1407,115,0.8147,0.56,1.449,1.5133,1.5619,1084,236,3.158
though,8662,712,5.0157,3.4674,1.4456,1.4035,1.4418,5097,291,14.85
different,4931,406,2.8553,1.9772,1.4425,1.3988,1.2986,3092,273,9.009
seen,7863,648,4.5531,3.1557,1.4418,1.4433,1.235,4952,302,14.428
his,17069,1409,9.8838,6.8618,1.44,1.4351,1.3231,8378,318,24.409
he,37431,3098,21.6745,15.0871,1.4364,1.4349,1.2847,13415,325,39.085
crime,1065,88,0.6167,0.4286,1.4315,1.2555,1.4346,887,224,2.584
told,14236,1185,8.2434,5.7709,1.4279,1.4393,1.3858,8113,304,23.637
bay,810,67,0.469,0.3263,1.4277,1.1629,1.5681,603,161,1.757
witness,809,67,0.4685,0.3263,1.426,1.4165,1.7054,685,205,1.996
six,3118,260,1.8055,1.2662,1.4234,1.393,1.5161,2217,280,6.459
put,28903,2416,16.7363,11.7658,1.4222,1.4348,1.4156,14005,323,40.804
king,4629,387,2.6804,1.8847,1.4205,1.4441,1.8307,3037,278,8.848
bodies,1030,86,0.5964,0.4188,1.4165,1.3429,1.2089,718,203,2.092
fit,1695,142,0.9815,0.6915,1.4147,1.475,1.2235,1369,248,3.989
him,16672,1401,9.6539,6.8228,1.4145,1.4947,1.3737,8061,314,23.486
new,19102,1606,11.061,7.8211,1.4138,1.4391,1.4669,9547,316,27.815
either,1752,147,1.0145,0.7159,1.4127,1.3037,1.4966,1309,241,3.814
raised,1585,133,0.9178,0.6477,1.4121,1.3511,1.2172,1124,231,3.275
killing,1842,155,1.0666,0.7548,1.4089,1.3967,1.6214,1248,243,3.636
faces,1166,98,0.6752,0.4773,1.4081,1.3241,1.3656,789,224,2.299
most,3908,330,2.2629,1.6071,1.4061,1.4028,1.3115,2705,275,7.881
runnin,4048,342,2.344,1.6655,1.4055,1.3235,1.5537,2381,272,6.937
hotter,666,56,0.3856,0.2727,1.4026,1.2984,1.4582,498,186,1.451
chains,2127,180,1.2316,0.8766,1.4015,1.2225,2.0839,1528,216,4.452
play,13498,1151,7.816,5.6053,1.3938,1.4075,1.3503,7683,314,22.384
trash,802,68,0.4644,0.3312,1.393,1.3372,1.2747,601,194,1.751
workin,1694,145,0.9809,0.7061,1.3847,1.3861,1.6774,971,217,2.829
chasin,832,71,0.4818,0.3458,1.3844,1.2565,1.6475,554,175,1.614
hungry,1087,93,0.6294,0.4529,1.383,1.3933,1.3298,849,215,2.474
up,153601,13255,88.9428,64.5512,1.3778,1.3839,1.347,29192,331,85.051
shooting,1115,96,0.6456,0.4675,1.3745,1.1478,1.4099,850,192,2.476
toes,1334,115,0.7725,0.56,1.3738,1.2723,1.2936,928,220,2.704
finger,1723,149,0.9977,0.7256,1.3708,1.3242,1.4927,1300,248,3.788
ask,6768,587,3.919,2.8587,1.3699,1.3616,1.3311,4551,301,13.259
leavin,708,61,0.41,0.2971,1.3698,1.3051,1.2727,535,186,1.559
sittin,1835,159,1.0626,0.7743,1.3683,1.2312,1.3774,1276,240,3.718
ex,1294,112,0.7493,0.5454,1.3682,1.3129,1.4432,888,200,2.587
threw,1117,97,0.6468,0.4724,1.3628,1.2514,1.2078,907,213,2.643
clothes,3164,276,1.8321,1.3441,1.3608,1.402,1.3165,2258,265,6.579
season,943,82,0.546,0.3993,1.3598,1.325,1.3676,633,201,1.844
coat,757,66,0.4383,0.3214,1.3544,1.2466,1.2975,601,188,1.751
book,1143,100,0.6619,0.487,1.3529,1.2559,1.2003,956,224,2.785
callin,1777,156,1.029,0.7597,1.3505,1.5082,1.4131,1124,237,3.275
smack,686,60,0.3972,0.2922,1.3492,1.3904,1.3831,554,193,1.614
comin,4726,417,2.7366,2.0308,1.3461,1.3882,1.4819,2884,292,8.403
person,922,81,0.5339,0.3945,1.3459,1.2913,1.2152,680,191,1.981
two,13691,1211,7.9278,5.8975,1.3438,1.3116,1.2832,7815,317,22.769
beat,8497,753,4.9202,3.6671,1.3409,1.3426,1.5192,5366,312,15.634
serious,884,78,0.5119,0.3799,1.3397,1.3337,1.3253,589,188,1.716
week,2358,209,1.3654,1.0178,1.3386,1.2954,1.2714,1665,254,4.851
sister,915,81,0.5298,0.3945,1.3357,1.2391,1.2906,726,200,2.115
god,14384,1283,8.3291,6.2481,1.3326,1.4029,1.4197,7255,307,21.137
ride,11816,1054,6.8421,5.1329,1.3324,1.28,1.317,5936,303,17.295
tall,1080,96,0.6254,0.4675,1.3313,1.2414,1.2277,847,208,2.468
track,2411,215,1.3961,1.047,1.3306,1.3558,1.606,1947,270,5.673
first,9570,856,5.5415,4.1687,1.3286,1.3439,1.1983,6100,310,17.772
bottle,2005,179,1.161,0.8717,1.3285,1.276,1.2753,1401,244,4.082
circle,730,65,0.4227,0.3165,1.3261,1.6098,1.5114,588,189,1.713
foot,929,83,0.5379,0.4042,1.3236,1.2956,1.2008,694,208,2.022
supposed,1875,168,1.0857,0.8182,1.3235,1.2178,1.0842,1169,238,3.406
tv,1173,105,0.6792,0.5113,1.3226,1.2048,1.1229,929,224,2.707
from,45816,4121,26.5298,20.0691,1.3218,1.3071,1.2469,19530,328,56.901
piece,2315,208,1.3405,1.013,1.3205,1.2651,1.1413,1646,260,4.796
fly,8023,723,4.6457,3.521,1.3186,1.2665,1.2277,4436,298,12.924
headed,947,85,0.5484,0.4139,1.3177,1.2531,1.2353,716,208,2.086
like,165749,14961,95.9771,72.8594,1.3173,1.3306,1.412,30297,329,88.27
red,6086,549,3.5241,2.6736,1.317,1.2759,1.2387,3877,286,11.296
ghost,1776,160,1.0284,0.7792,1.3161,1.2172,1.4338,1200,212,3.496
steal,1000,90,0.5791,0.4383,1.3145,1.1788,1.1399,735,219,2.141
brown,1685,153,0.9757,0.7451,1.3056,1.2907,1.5437,1255,248,3.656
rock,6466,589,3.7441,2.8684,1.3043,1.2389,1.3445,3793,310,11.051
seat,1660,151,0.9612,0.7354,1.3032,1.3035,1.3364,1271,242,3.703
laid,936,85,0.542,0.4139,1.3024,1.1775,1.2952,776,218,2.261
might,11888,1086,6.8838,5.2888,1.301,1.3018,1.2334,6751,309,19.669
woo,6382,583,3.6955,2.8392,1.3006,1.3838,1.2645,2011,216,5.859
record,1481,135,0.8576,0.6574,1.3,1.3447,1.3758,1193,248,3.476
york,2002,185,1.1593,0.9009,1.2836,1.3149,1.3159,1122,218,3.269
calm,835,77,0.4835,0.375,1.2818,1.2486,1.1388,588,191,1.713
three,5421,503,3.139,2.4496,1.2803,1.2827,1.2219,3537,298,10.305
spending,769,71,0.4453,0.3458,1.2797,1.1754,1.1629,551,185,1.605
ticket,735,68,0.4256,0.3312,1.2767,1.1585,1.5118,565,178,1.646
died,1346,125,0.7794,0.6087,1.2757,1.2381,1.1626,1033,209,3.01
l,3405,317,1.9717,1.5438,1.2753,1.1892,1.548,1806,274,5.262
toe,841,78,0.487,0.3799,1.2746,1.2812,1.3236,622,202,1.812
o,6872,641,3.9792,3.1216,1.2738,1.3071,1.8181,3256,293,9.486
sick,3676,343,2.1286,1.6704,1.2726,1.287,1.3778,2524,286,7.354
judge,1374,128,0.7956,0.6234,1.2718,1.2216,1.1629,986,228,2.873
done,12680,1186,7.3424,5.7758,1.2708,1.2695,1.2952,6908,307,20.126
call,20230,1894,11.7142,9.2237,1.2697,1.2764,1.3457,11027,320,32.127
minute,2898,271,1.6781,1.3198,1.2694,1.2661,1.0667,1667,264,4.857
a,398952,37428,231.0135,182.2726,1.2674,1.2669,1.26,33598,331,97.888
on,211034,19828,122.1994,96.5614,1.2655,1.2652,1.2576,32101,332,93.526
speak,2878,270,1.6665,1.3149,1.2653,1.3053,1.2101,2100,276,6.118
race,1001,94,0.5796,0.4578,1.2601,1.2046,1.2538,810,213,2.36
already,4444,419,2.5733,2.0405,1.2597,1.2509,1.1274,2702,267,7.872
guys,1487,140,0.861,0.6818,1.2588,1.246,1.1598,1032,221,3.007
rings,1115,105,0.6456,0.5113,1.2572,1.2948,1.2278,808,202,2.354
cards,687,65,0.3978,0.3165,1.248,1.1407,1.1337,566,197,1.649
greatest,791,75,0.458,0.3652,1.2465,1.1103,1.3104,590,181,1.719
soldier,810,77,0.469,0.375,1.2435,1.2121,1.1723,517,178,1.506
funny,2240,214,1.2971,1.0422,1.242,1.2206,1.1572,1702,264,4.959
many,6949,665,4.0238,3.2385,1.2416,1.2547,1.1469,4004,301,11.666
table,1361,130,0.7881,0.6331,1.2405,1.186,1.1077,1051,221,3.062
which,1431,137,0.8286,0.6672,1.2379,1.1456,0.9279,986,229,2.873
treat,2281,219,1.3208,1.0665,1.2359,1.1712,1.1605,1608,253,4.685
wheel,908,87,0.5258,0.4237,1.2346,1.157,1.0567,692,201,2.016
at,47695,4601,27.6178,22.4067,1.2325,1.2356,1.1631,19558,328,56.982
bigger,1901,183,1.1008,0.8912,1.2321,1.264,1.4448,1395,250,4.064
flash,678,65,0.3926,0.3165,1.2317,1.1682,1.0202,517,184,1.506
barely,1030,99,0.5964,0.4821,1.2315,1.1325,1.1139,825,203,2.404
scene,1825,176,1.0568,0.8571,1.2298,1.1887,1.3402,1326,254,3.863
knife,697,67,0.4036,0.3263,1.2287,1.1063,1.1376,576,179,1.678
bring,8427,816,4.8797,3.9739,1.2273,1.2043,1.2364,4879,302,14.215
ear,1180,114,0.6833,0.5552,1.2259,1.1853,1.0828,872,212,2.541
talk,13317,1292,7.7112,6.292,1.2251,1.2034,1.1926,7237,308,21.085
music,4916,477,2.8466,2.323,1.2243,1.2054,1.1396,2974,275,8.665
spend,3868,376,2.2398,1.8311,1.2217,1.2267,1.1491,2356,256,6.864
dad,1082,105,0.6265,0.5113,1.22,1.1822,0.9812,751,177,2.188
arm,1256,122,0.7273,0.5941,1.2196,1.1056,1.1553,927,228,2.701
attack,732,71,0.4239,0.3458,1.2181,1.298,1.408,552,191,1.608
freak,2207,215,1.278,1.047,1.218,1.1202,1.3318,1208,246,3.52
chasing,1110,108,0.6427,0.526,1.217,1.1161,1.1111,735,196,2.141
texas,762,74,0.4412,0.3604,1.217,1.0879,1.2858,484,147,1.41
had,23154,2262,13.4073,11.0158,1.2169,1.1946,1.1619,11790,317,34.35
hate,8144,797,4.7158,3.8814,1.2143,1.2505,1.2621,4919,298,14.331
hits,1013,99,0.5866,0.4821,1.2111,1.1685,1.0504,815,226,2.375
champagne,1458,143,0.8443,0.6964,1.2085,1.2027,1.1925,993,194,2.893
father,1731,170,1.0023,0.8279,1.2075,1.1319,1.1077,1264,227,3.683
won,685,67,0.3966,0.3263,1.2075,1.1944,1.1274,488,179,1.422
feelin,4112,405,2.3811,1.9723,1.2059,1.2401,1.0988,2323,269,6.768
my,297382,29329,172.1993,142.8308,1.2056,1.2179,1.1939,32629,331,95.065
finish,1068,105,0.6184,0.5113,1.2042,1.2034,1.3243,854,224,2.488
hill,683,67,0.3955,0.3263,1.204,1.0438,1.1738,519,184,1.512
row,875,86,0.5067,0.4188,1.2035,1.1519,1.473,578,188,1.684
hell,6977,689,4.04,3.3554,1.2033,1.1882,1.0874,4154,297,12.103
bet,4931,487,2.8553,2.3717,1.2028,1.1402,1.1879,3077,275,8.965
who,23869,2361,13.8214,11.498,1.2018,1.2415,1.2298,11442,323,33.336
i'm,233055,23067,134.9507,112.3352,1.2013,1.2146,1.2372,31082,331,90.557
peace,2966,294,1.7175,1.4318,1.1977,1.1291,1.1811,2035,267,5.929
stupid,2759,274,1.5976,1.3344,1.1953,1.2276,1.4832,1816,258,5.291
number,2781,277,1.6103,1.349,1.1918,1.1474,1.1328,1919,275,5.591
ring,3086,308,1.787,1.4999,1.1896,1.1696,1.0951,1887,257,5.498
win,2968,297,1.7186,1.4464,1.1864,1.1331,1.0406,1780,266,5.186
america,802,80,0.4644,0.3896,1.1853,1.0615,1.1439,466,159,1.358
few,2394,240,1.3862,1.1688,1.1838,1.1676,1.0326,1776,263,5.174
low,5959,599,3.4506,2.9171,1.182,1.2055,1.2138,3467,301,10.101
fast,5130,519,2.9705,2.5275,1.1743,1.1601,1.0968,3171,290,9.239
gotta,25528,2587,14.782,12.5986,1.1731,1.1754,1.2502,11666,318,33.989
everybody,8503,862,4.9237,4.1979,1.1723,1.179,1.1921,4484,296,13.064
sir,693,70,0.4013,0.3409,1.1696,1.0712,0.9069,405,157,1.18
lets,1302,132,0.7539,0.6428,1.1688,1.0921,1.0848,727,211,2.118
took,7036,717,4.0742,3.4918,1.1661,1.156,1.0429,4749,296,13.836
ol,984,100,0.5698,0.487,1.1648,1.0566,1.0107,534,183,1.556
legs,1080,110,0.6254,0.5357,1.1627,1.1459,1.0207,865,215,2.52
made,14514,1484,8.4043,7.227,1.1626,1.1529,1.0495,8281,309,24.127
high,14178,1450,8.2098,7.0614,1.1623,1.1409,1.1035,6845,309,19.943
the,622421,63805,360.4134,310.7273,1.1599,1.1578,1.1463,34024,332,99.129
poor,890,91,0.5154,0.4432,1.1572,1.1535,1.0399,675,200,1.967
pray,3715,382,2.1512,1.8603,1.155,1.1674,1.0432,2063,249,6.011
kept,1558,160,0.9022,0.7792,1.1546,1.1203,0.9599,1223,244,3.563
private,1004,103,0.5814,0.5016,1.154,1.0899,1.3207,742,176,2.162
grave,703,72,0.4071,0.3506,1.1538,1.1607,1.0026,540,192,1.573
key,1663,171,0.963,0.8328,1.1533,1.1541,1.1394,1238,254,3.607
lord,5560,573,3.2195,2.7905,1.1528,1.1044,0.9623,2588,266,7.54
island,750,77,0.4343,0.375,1.1514,1.0989,1.2743,588,182,1.713
cheap,875,90,0.5067,0.4383,1.1503,1.1059,1.0682,684,204,1.993
out,77664,8047,44.9714,39.1885,1.1475,1.1418,1.1627,24187,330,70.469
phone,5790,600,3.3527,2.922,1.1466,1.1201,1.0761,3759,270,10.952
die,9193,953,5.3232,4.6411,1.1464,1.1088,1.1163,4605,298,13.417
that,200441,20811,116.0655,101.3486,1.1452,1.1436,1.1068,31480,332,91.717
blood,4327,449,2.5056,2.1866,1.1447,1.1504,1.137,2733,272,7.963
click,1217,126,0.7047,0.6136,1.1444,1.2887,1.9465,821,215,2.392
u,3077,320,1.7817,1.5584,1.1417,1.0572,1.255,1085,234,3.161
turned,2871,299,1.6625,1.4561,1.14,1.1046,0.9186,1932,264,5.629
boy,19896,2083,11.5208,10.1441,1.1355,1.1772,1.1289,8583,311,25.007
thanks,729,76,0.4221,0.3701,1.1339,1.0974,1.0147,475,173,1.384
while,8615,903,4.9885,4.3976,1.1338,1.1092,1.1357,5867,311,17.093
praying,748,78,0.4331,0.3799,1.1337,1.0431,0.93,539,174,1.57
winter,766,80,0.4436,0.3896,1.1322,1.1151,1.0063,616,187,1.795
message,937,98,0.5426,0.4773,1.1317,1.0606,0.9631,730,197,2.127
cool,4941,520,2.8611,2.5324,1.1288,1.2029,1.2129,3364,294,9.801
ayo,1020,107,0.5906,0.5211,1.1287,1.2097,1.1166,532,149,1.55
showed,914,96,0.5293,0.4675,1.1268,1.0317,0.9812,709,209,2.066
evil,1008,106,0.5837,0.5162,1.1259,1.1635,1.2936,761,186,2.217
wipe,703,74,0.4071,0.3604,1.1228,0.9893,1.1515,523,182,1.524
putting,872,92,0.5049,0.448,1.1215,1.1768,1.2231,720,219,2.098
nice,2807,298,1.6254,1.4512,1.1183,1.1709,1.019,1954,283,5.693
in,228813,24380,132.4944,118.7294,1.1159,1.1173,1.1219,32764,332,95.458
wasn't,4165,444,2.4117,2.1623,1.1143,1.1142,1.0031,2894,279,8.432
having,1763,188,1.0209,0.9156,1.1124,1.1625,1.0164,1224,234,3.566
hang,2251,241,1.3034,1.1737,1.1085,1.0953,1.0188,1627,265,4.74
doing,6402,688,3.7071,3.3505,1.1057,1.0903,1.0456,3877,290,11.296
push,2521,271,1.4598,1.3198,1.1043,1.112,1.309,1530,264,4.458
gave,4986,538,2.8871,2.62,1.101,1.0737,1.074,3468,282,10.104
later,1698,183,0.9832,0.8912,1.1006,1.073,0.9993,1351,252,3.936
wrap,890,96,0.5154,0.4675,1.0972,1.2561,1.2324,659,201,1.92
fingers,1222,132,0.7076,0.6428,1.097,1.0419,0.9059,891,226,2.596
picture,2569,278,1.4876,1.3538,1.097,1.0697,0.9551,1858,264,5.413
girlfriend,1249,135,0.7232,0.6574,1.0965,1.2806,0.9451,736,177,2.144
slow,5056,548,2.9277,2.6687,1.0961,1.0572,0.9628,2881,288,8.394
welcome,1562,169,0.9045,0.823,1.0961,1.0165,1.1208,912,209,2.657
caught,3744,406,2.168,1.9772,1.0953,1.0913,1.0836,2749,287,8.009
people,9689,1052,5.6104,5.1232,1.0946,1.0831,1.0082,5208,307,15.173
this,97598,10603,56.5142,51.6361,1.0944,1.1017,1.0644,25982,331,75.699
pressure,1540,167,0.8917,0.8133,1.0936,1.0227,1.1139,958,219,2.791
screaming,1585,172,0.9178,0.8376,1.0929,1.0621,0.9988,1034,226,3.013
twice,1407,153,0.8147,0.7451,1.0903,1.0765,0.9284,1088,244,3.17
back,48802,5325,28.2588,25.9325,1.0896,1.084,1.0779,18259,325,53.198
notice,782,85,0.4528,0.4139,1.0882,1.036,0.9569,546,185,1.591
bless,1037,113,0.6005,0.5503,1.0869,1.0965,1.3516,722,209,2.104
set,4527,495,2.6214,2.4106,1.0864,1.0498,1.1263,3000,297,8.74
candy,1373,150,0.795,0.7305,1.0851,1.1358,1.1551,857,209,2.497
still,25551,2810,14.7953,13.6846,1.081,1.1037,1.0951,12199,319,35.542
bird,1202,132,0.696,0.6428,1.0791,1.022,1.0516,844,218,2.459
standin,856,94,0.4957,0.4578,1.0777,0.9922,1.1324,615,171,1.792
daddy,3910,432,2.2641,2.1038,1.0751,1.0825,0.9875,2174,263,6.334
rose,1486,164,0.8605,0.7987,1.0745,1.0846,1.1955,1095,218,3.19
look,23489,2599,13.6013,12.657,1.0744,1.0621,1.0627,11551,321,33.654
playing,3214,356,1.8611,1.7337,1.0721,1.0651,0.9562,2268,267,6.608
twisted,688,76,0.3984,0.3701,1.0701,0.9752,0.967,515,173,1.5
steel,714,79,0.4134,0.3847,1.0686,0.9605,1.3795,593,191,1.728
waitin,1404,156,0.813,0.7597,1.0671,1.0094,1.0199,931,233,2.712
trust,4709,525,2.7268,2.5567,1.0656,1.0858,0.9285,2744,275,7.995
point,2108,235,1.2206,1.1444,1.0646,1.0938,0.9155,1639,262,4.775
rest,3116,348,1.8043,1.6947,1.0633,1.0292,1.0577,2187,279,6.372
sit,3391,381,1.9636,1.8555,1.057,1.0477,0.9496,2553,288,7.438
heavy,1755,197,1.0162,0.9594,1.0569,1.0535,1.1056,1277,244,3.721
bite,1205,136,0.6978,0.6623,1.0501,1.0649,1.0603,915,232,2.666
quit,1831,207,1.0602,1.0081,1.0495,0.9882,0.9863,1195,250,3.482
sucker,754,85,0.4366,0.4139,1.0493,1.07,1.5629,581,193,1.693
or,23355,2647,13.5237,12.8908,1.0489,1.0308,1.0337,12021,326,35.023
saying,3843,437,2.2253,2.1282,1.0446,0.9895,1.0064,2451,273,7.141
same,12003,1366,6.9503,6.6524,1.0445,1.0357,1.025,6424,302,18.716
pulling,873,99,0.5055,0.4821,1.0438,0.9876,1.1569,677,189,1.972
breakin,670,76,0.388,0.3701,1.0421,1.0021,1.4746,462,179,1.346
drive,3557,406,2.0597,1.9772,1.0406,1.0231,0.9143,2446,270,7.126
teach,1097,125,0.6352,0.6087,1.0398,1.0642,0.8997,739,216,2.153
wear,2119,242,1.227,1.1785,1.0392,1.024,0.9964,1657,254,4.828
question,1260,144,0.7296,0.7013,1.0372,1.0226,0.9138,955,228,2.782
built,972,111,0.5628,0.5406,1.0371,0.9502,0.8657,742,201,2.162
list,1048,120,0.6068,0.5844,1.0346,1.0133,1.097,787,210,2.293
than,15765,1812,9.1287,8.8244,1.0342,1.0399,1.064,9275,320,27.023
church,1186,136,0.6868,0.6623,1.0335,0.9825,1.1191,913,204,2.66
loose,1351,155,0.7823,0.7548,1.0334,0.9622,1.2061,1006,250,2.931
wrote,1264,145,0.7319,0.7061,1.0334,1.0034,0.9083,911,213,2.654
crash,907,104,0.5252,0.5065,1.0326,1.0023,0.9228,647,195,1.885
missin,802,92,0.4644,0.448,1.0316,1.1212,1.3265,612,192,1.783
somethin,4259,491,2.4662,2.3911,1.0305,1.046,1.0862,2304,267,6.713
dj,1835,212,1.0626,1.0324,1.027,1.0664,1.2445,1191,240,3.47
birds,1384,160,0.8014,0.7792,1.0257,0.9873,1.1376,940,205,2.739
asked,1296,150,0.7504,0.7305,1.0243,0.9605,0.9519,1011,226,2.946
till,4678,543,2.7088,2.6444,1.0235,0.9795,1.106,3009,296,8.767
show,13296,1546,7.6991,7.5289,1.0223,1.0122,0.9978,7482,318,21.799
devil,1792,208,1.0377,1.013,1.0222,1.0039,1.0056,1214,234,3.537
wheels,743,86,0.4302,0.4188,1.022,0.9587,1.302,561,179,1.634
mother,2539,295,1.4702,1.4366,1.0218,0.909,0.9751,1680,259,4.895
taught,1129,131,0.6537,0.638,1.0213,0.9601,0.8338,845,212,2.462
head,13057,1520,7.5607,7.4023,1.0211,1.0224,1.0488,7768,313,22.632
work,11279,1313,6.5311,6.3942,1.0211,1.004,1.2114,5732,304,16.7
keep,30015,3497,17.3802,17.0302,1.0204,1.016,0.9976,13497,325,39.323
ones,3022,352,1.7499,1.7142,1.0195,1.0631,1.0201,2006,265,5.844
wow,1408,164,0.8153,0.7987,1.0181,1.1526,0.9682,636,181,1.853
beep,1089,127,0.6306,0.6185,1.016,0.8257,1.6453,310,102,0.903
sticks,692,81,0.4007,0.3945,1.0103,0.9582,1.0689,448,140,1.305
seeing,970,114,0.5617,0.5552,1.0078,1.0034,0.8882,735,209,2.141
shine,4026,475,2.3313,2.3132,1.0069,0.9688,1.0491,2132,271,6.212
live,10994,1298,6.3661,6.3212,1.0068,0.9763,1.0007,6172,309,17.982
attention,1515,179,0.8773,0.8717,1.0039,0.9776,0.9308,1129,221,3.289
changed,2199,260,1.2733,1.2662,1.0039,1.0161,0.9165,1398,238,4.073
swing,772,91,0.447,0.4432,1.0039,0.9194,0.9316,516,194,1.503
what's,10043,1190,5.8154,5.7952,1.0031,0.9628,0.9952,5427,308,15.812
months,687,81,0.3978,0.3945,1.003,0.941,0.9162,561,175,1.634
was,51831,6148,30.0128,29.9405,1.0023,0.9888,0.9505,17890,327,52.122
weather,802,95,0.4644,0.4626,0.9992,0.9797,0.8475,535,185,1.559
sober,667,79,0.3862,0.3847,0.9983,0.9129,0.9466,496,150,1.445
even,17632,2101,10.2098,10.2318,0.9976,1.0017,1.0051,10003,318,29.144
face,11136,1327,6.4483,6.4624,0.9975,0.9704,0.944,6765,312,19.71
great,2176,259,1.26,1.2613,0.9973,1.0282,0.9608,1579,247,4.6
see,46255,5520,26.784,26.8821,0.9963,0.9896,0.9369,18783,326,54.724
stayed,848,101,0.491,0.4919,0.994,1.0041,0.94,650,190,1.894
run,13579,1628,7.8629,7.9283,0.9915,0.9817,1.0339,7175,314,20.904
pictures,1279,153,0.7406,0.7451,0.9911,0.9134,0.9779,1060,210,3.088
bad,15563,1868,9.0118,9.0971,0.9904,1.0526,0.9802,7816,300,22.772
closed,1086,130,0.6288,0.6331,0.9899,0.9351,0.9616,826,218,2.407
drinking,1527,183,0.8842,0.8912,0.9898,1.012,0.8033,973,211,2.835
really,16390,1970,9.4906,9.5938,0.989,0.9923,0.9411,8349,313,24.325
energy,740,89,0.4285,0.4334,0.9838,0.9647,0.9357,547,165,1.594
happened,1095,132,0.6341,0.6428,0.9831,0.9725,0.8629,793,217,2.31
filled,871,105,0.5044,0.5113,0.9822,0.9299,0.8554,720,211,2.098
couldn't,4313,523,2.4974,2.547,0.9797,0.9482,0.9736,3150,289,9.178
round,8450,1027,4.893,5.0014,0.9779,0.9337,0.9924,4516,293,13.157
ready,6804,827,3.9399,4.0275,0.9777,0.9877,0.8803,3415,301,9.95
favorite,1590,193,0.9207,0.9399,0.9773,1.0222,1.0012,1162,213,3.385
woke,1638,199,0.9485,0.9691,0.9766,0.9924,0.8858,1039,209,3.027
window,1687,205,0.9769,0.9983,0.9764,0.9485,0.8484,1220,237,3.554
hard,14394,1754,8.3349,8.5419,0.9755,0.9781,0.9786,8119,314,23.655
water,4554,555,2.637,2.7028,0.9749,0.973,0.9561,2625,269,7.648
years,3527,430,2.0423,2.0941,0.9743,0.9473,0.8518,2658,284,7.744
shoulda,789,96,0.4569,0.4675,0.9728,1.0553,0.8831,526,182,1.533
tie,680,83,0.3938,0.4042,0.969,0.8961,1.0124,549,179,1.6
used,8554,1053,4.9532,5.1281,0.9655,0.9504,0.9676,5052,302,14.719
rocking,1152,142,0.6671,0.6915,0.9617,0.9627,0.8742,840,213,2.447
clock,844,104,0.4887,0.5065,0.9609,0.8802,0.9256,662,212,1.929
we,122525,15170,70.9482,73.8772,0.9603,0.9658,0.9649,25258,331,73.589
limit,851,105,0.4928,0.5113,0.9597,0.9195,1.0,622,189,1.812
games,1480,183,0.857,0.8912,0.9593,0.9706,0.8904,1045,237,3.045
cannot,1497,186,0.8668,0.9058,0.9547,0.9764,0.7627,890,199,2.593
step,3083,384,1.7852,1.8701,0.9535,0.9681,1.0712,2170,294,6.322
faded,1094,136,0.6335,0.6623,0.9534,0.9332,0.7274,573,164,1.669
for,107678,13432,62.351,65.4132,0.9532,0.9525,0.9499,27193,330,79.227
shut,2077,259,1.2027,1.2613,0.9519,0.9336,0.9924,1293,254,3.767
listen,4394,550,2.5443,2.6785,0.9492,0.9392,0.8635,3167,291,9.227
problem,3045,381,1.7632,1.8555,0.9492,0.8505,1.1066,1755,250,5.113
cold,6075,762,3.5177,3.7109,0.9474,0.909,0.897,3922,299,11.427
demons,760,95,0.4401,0.4626,0.9469,0.886,0.8622,548,156,1.597
art,775,97,0.4488,0.4724,0.9457,0.8941,0.9544,613,184,1.786
difference,838,105,0.4852,0.5113,0.945,0.9216,0.863,629,179,1.833
did,12405,1561,7.1831,7.602,0.9446,0.9372,0.8706,7110,314,20.715
after,5418,682,3.1373,3.3213,0.944,0.928,0.9522,3634,303,10.588
children,1153,145,0.6676,0.7061,0.9426,0.9157,0.9255,834,215,2.43
thinkin,2758,348,1.597,1.6947,0.9412,0.9576,0.9422,1836,255,5.349
year,3251,411,1.8825,2.0016,0.9395,0.8955,0.936,2198,277,6.404
line,5350,677,3.0979,3.297,0.939,0.9227,0.9006,3563,294,10.381
mean,8265,1050,4.7859,5.1135,0.9355,0.8745,1.0412,4962,305,14.457
jesus,1714,218,0.9925,1.0616,0.933,0.9401,0.922,1022,208,2.978
sign,1830,233,1.0597,1.1347,0.9321,0.9195,0.8769,1369,241,3.989
they'll,1553,198,0.8993,0.9643,0.9306,0.9371,0.8545,1119,226,3.26
bullet,1052,134,0.6092,0.6526,0.9304,0.8812,1.2396,831,201,2.421
unless,1173,150,0.6792,0.7305,0.9271,0.8361,0.9946,963,224,2.806
tell,30796,3951,17.8324,19.2412,0.9267,0.928,0.8877,13754,319,40.072
patience,673,86,0.3897,0.4188,0.9258,0.9071,0.7371,523,175,1.524
called,2276,292,1.3179,1.422,0.9254,0.8639,0.8539,1774,271,5.169
drink,4501,579,2.6063,2.8197,0.9236,0.9014,0.852,2515,277,7.327
what,76060,9799,44.0426,47.7207,0.9229,0.9182,0.9002,22653,330,65.999
start,6499,837,3.7633,4.0762,0.9228,0.9135,0.9198,4337,311,12.636
happen,1663,214,0.963,1.0422,0.9221,0.9395,0.9846,1165,240,3.394
it,255431,32995,147.9075,160.6841,0.9205,0.9285,0.9256,31924,332,93.011
trying,5977,772,3.461,3.7596,0.9201,0.8641,0.8888,3483,288,10.148
harder,1419,183,0.8217,0.8912,0.9198,0.8995,0.8908,927,219,2.701
soon,2864,370,1.6584,1.8019,0.9193,0.954,0.8587,2068,263,6.025
signs,931,120,0.5391,0.5844,0.9192,0.8633,0.6956,599,186,1.745
next,5925,767,3.4309,3.7353,0.918,0.9259,1.0189,4072,303,11.864
news,1300,168,0.7528,0.8182,0.9177,0.8816,1.019,1049,234,3.056
i,618412,80192,358.092,390.5313,0.9169,0.9211,0.8943,33848,332,98.616
repeat,782,101,0.4528,0.4919,0.9167,0.9199,0.8956,531,207,1.547
recognize,664,86,0.3845,0.4188,0.9134,0.8502,0.8829,489,171,1.425
how,35597,4638,20.6125,22.5868,0.9125,0.9099,0.8819,15373,325,44.789
floor,4001,524,2.3168,2.5519,0.9071,0.9142,0.7941,2455,290,7.153
stuck,2313,303,1.3393,1.4756,0.9064,0.8991,0.9925,1762,266,5.134
rough,689,90,0.399,0.4383,0.9059,0.8954,0.8335,519,198,1.512
no,86924,11410,50.3334,55.5662,0.9058,0.91,0.8713,24439,329,71.203
minutes,917,120,0.531,0.5844,0.9053,0.8156,0.8366,664,194,1.935
beach,1130,148,0.6543,0.7208,0.9052,0.8426,0.8111,859,215,2.503
higher,1848,243,1.0701,1.1834,0.9026,0.8778,0.8722,1107,224,3.225
monster,770,101,0.4459,0.4919,0.9026,0.9594,0.8829,520,180,1.515
pride,906,119,0.5246,0.5795,0.902,0.8827,0.7935,676,202,1.97
moving,1839,242,1.0649,1.1785,0.9019,0.8576,0.8956,1305,246,3.802
tough,1171,154,0.6781,0.75,0.9016,0.9019,0.8285,929,226,2.707
name,9828,1296,5.6909,6.3115,0.9014,0.9196,0.9416,6028,320,17.563
dirt,1533,202,0.8877,0.9837,0.9004,0.8766,0.9592,1142,241,3.327
listening,835,110,0.4835,0.5357,0.899,0.8759,0.8432,651,188,1.897
figure,1311,173,0.7591,0.8425,0.8988,0.8566,0.8878,1024,248,2.983
working,2016,267,1.1674,1.3003,0.8963,0.8706,0.9038,1328,235,3.869
an,13471,1787,7.8004,8.7026,0.8961,0.9027,0.9427,8459,317,24.645
through,19160,2542,11.0946,12.3794,0.8961,0.9049,0.8573,10431,319,30.391
windows,711,94,0.4117,0.4578,0.8952,0.8372,0.785,545,177,1.588
forgot,972,129,0.5628,0.6282,0.8929,0.8473,0.9756,758,210,2.208
okay,6008,800,3.4789,3.896,0.8925,0.992,0.7754,2571,256,7.491
trees,1219,162,0.7059,0.7889,0.8923,0.8575,0.7715,924,211,2.692
machine,738,98,0.4273,0.4773,0.8915,0.8081,0.8331,473,167,1.378
wonder,2790,372,1.6156,1.8116,0.8907,0.882,0.821,1767,265,5.148
any,4562,609,2.6416,2.9658,0.8901,0.857,0.8429,3174,287,9.247
jump,3535,472,2.0469,2.2986,0.8897,0.8711,1.0466,1975,274,5.754
thirsty,676,90,0.3914,0.4383,0.8888,0.8014,1.0986,444,172,1.294
us,18299,2448,10.5961,11.9216,0.8887,0.8879,0.8838,8266,315,24.083
luck,892,119,0.5165,0.5795,0.888,0.8523,0.8505,693,208,2.019
fair,862,115,0.4991,0.56,0.8879,0.882,0.7456,649,195,1.891
where,23358,3129,13.5255,15.2381,0.8875,0.8662,0.8797,11314,319,32.963
boo,1673,224,0.9688,1.0909,0.8863,0.8406,1.7155,992,227,2.89
m,4049,543,2.3446,2.6444,0.8859,0.9105,1.2636,1924,270,5.606
turn,12214,1639,7.0725,7.9819,0.8858,0.8782,0.8719,6489,312,18.906
sex,2707,363,1.5675,1.7678,0.8856,0.887,0.9604,1674,270,4.877
use,2847,383,1.6486,1.8652,0.8829,0.8455,0.8956,2137,276,6.226
boom,2378,320,1.377,1.5584,0.8824,0.9164,1.362,782,212,2.278
their,5059,685,2.9294,3.3359,0.8776,0.8811,0.8153,3453,298,10.06
yeah,106955,14497,61.9324,70.5997,0.8772,0.9065,0.8154,18775,325,54.701
doubt,1323,179,0.7661,0.8717,0.8767,0.8154,0.7465,958,235,2.791
seven,1484,201,0.8593,0.9789,0.876,0.8303,0.967,1140,247,3.321
history,791,107,0.458,0.5211,0.8755,0.8492,0.8261,616,193,1.795
move,7215,980,4.1779,4.7726,0.875,0.8218,0.9064,4259,307,12.409
being,3446,468,1.9954,2.2791,0.8747,0.8509,0.8248,2445,272,7.124
outside,2486,338,1.4395,1.646,0.8734,0.8281,0.8324,1570,250,4.574
door,4938,672,2.8594,3.2726,0.8732,0.8089,0.7766,3342,295,9.737
lady,2121,289,1.2282,1.4074,0.8713,0.7643,0.9082,1397,256,4.07
summer,2080,284,1.2044,1.3831,0.8695,0.8702,0.7103,1305,233,3.802
men,1581,216,0.9155,1.0519,0.8686,0.8845,0.7884,1148,250,3.345
loud,3073,421,1.7794,2.0503,0.867,0.8517,0.883,2003,254,5.836
about,26670,3681,15.4433,17.9263,0.8614,0.8685,0.8798,12388,327,36.092
earth,1423,196,0.824,0.9545,0.8614,0.7771,0.8169,1047,220,3.05
rule,684,94,0.3961,0.4578,0.8613,0.8175,1.0749,458,180,1.334
other,7387,1020,4.2774,4.9674,0.8607,0.833,0.8123,4794,309,13.967
bass,1086,150,0.6288,0.7305,0.8584,0.8787,0.8756,523,193,1.524
hours,891,123,0.5159,0.599,0.8583,0.7838,0.6716,657,199,1.914
drum,674,93,0.3903,0.4529,0.8578,0.8222,0.8302,522,172,1.521
cross,1739,241,1.007,1.1737,0.8564,0.9208,0.9173,1304,242,3.799
understand,3794,527,2.1969,2.5665,0.8553,0.8275,0.7502,2350,278,6.847
why,20357,2838,11.7877,13.8209,0.8528,0.862,0.8422,9684,320,28.214
making,3766,525,2.1807,2.5567,0.8522,0.8208,0.8406,2609,274,7.601
make,43636,6099,25.2675,29.7018,0.8506,0.8394,0.8903,17901,325,52.155
til,7936,1110,4.5953,5.4056,0.8498,0.8282,0.837,4738,286,13.804
worst,939,131,0.5437,0.638,0.8495,0.8002,0.7696,673,193,1.961
life,24592,3448,14.24,16.7916,0.8479,0.8375,0.8175,10966,318,31.949
walk,7764,1089,4.4958,5.3034,0.8474,0.8886,0.8403,4482,301,13.058
attitude,672,94,0.3891,0.4578,0.8462,0.8345,0.8941,560,197,1.632
story,2045,287,1.1842,1.3977,0.846,0.8161,0.7849,1395,241,4.064
is,89477,12583,51.8117,61.2786,0.8455,0.8445,0.8702,24656,331,71.835
party,6056,853,3.5067,4.1541,0.8437,0.8889,0.8383,2625,292,7.648
power,2641,372,1.5293,1.8116,0.8432,0.8655,0.9883,1503,249,4.379
before,9686,1372,5.6087,6.6816,0.8392,0.8344,0.7943,6211,312,18.096
by,16786,2382,9.7199,11.6002,0.8378,0.8376,0.8255,9439,320,27.501
yes,4467,634,2.5866,3.0876,0.8372,0.8256,0.7018,2409,286,7.019
married,833,118,0.4823,0.5747,0.8363,0.762,0.8506,684,197,1.993
because,5207,740,3.0151,3.6038,0.8362,0.8357,0.8374,3417,296,9.955
magic,1515,215,0.8773,1.047,0.8362,0.8095,0.8321,1028,226,2.995
near,1100,156,0.637,0.7597,0.8361,0.8301,0.819,903,224,2.631
now,58867,8371,34.087,40.7664,0.8361,0.8305,0.8063,20344,326,59.272
own,7236,1029,4.19,5.0112,0.8358,0.818,0.7673,4296,302,12.516
taking,2882,410,1.6688,1.9967,0.8349,0.8073,0.8263,2162,259,6.299
tried,3300,470,1.9109,2.2889,0.8341,0.8159,0.7411,2369,288,6.902
rules,1363,194,0.7892,0.9448,0.8335,0.8864,1.0492,1018,229,2.966
thoughts,1333,190,0.7719,0.9253,0.8323,0.8378,0.779,1007,206,2.934
boys,4818,688,2.7899,3.3505,0.8321,0.8877,0.9777,2883,282,8.4
birthday,968,138,0.5605,0.6721,0.8315,0.8436,0.6966,485,164,1.413
go,56444,8079,32.6839,39.3443,0.8307,0.8311,0.8202,19379,327,56.461
side,7499,1073,4.3423,5.2255,0.8307,0.82,0.7125,4101,299,11.948
mood,694,99,0.4019,0.4821,0.8299,0.8091,0.7926,476,171,1.387
and,289299,41588,167.5188,202.5316,0.8271,0.8222,0.81,33030,332,96.233
past,2709,389,1.5686,1.8944,0.8271,0.8105,0.7382,2048,267,5.967
scared,3179,457,1.8408,2.2256,0.8263,0.828,0.8016,2024,268,5.897
star,3195,460,1.8501,2.2402,0.8251,0.8137,0.8054,2091,268,6.092
build,905,130,0.524,0.6331,0.825,0.7489,0.7778,696,213,2.028
if,55557,8016,32.1703,39.0375,0.824,0.823,0.8203,20792,329,60.577
planet,688,99,0.3984,0.4821,0.8228,0.8004,0.9121,500,165,1.457
knowing,771,111,0.4464,0.5406,0.8227,0.7896,0.7195,600,190,1.748
crown,1068,154,0.6184,0.75,0.8223,0.8122,0.7528,758,201,2.208
lines,1114,161,0.6451,0.7841,0.8205,0.7793,0.7854,887,220,2.584
leave,11075,1609,6.413,7.8358,0.8182,0.8045,0.8193,6739,313,19.634
longer,944,137,0.5466,0.6672,0.8168,0.8228,0.7947,753,193,2.194
spread,772,112,0.447,0.5454,0.8165,0.8552,0.8347,583,196,1.699
to,272841,39845,157.9888,194.0433,0.8142,0.8068,0.8005,32948,332,95.994
change,7088,1036,4.1043,5.0453,0.8132,0.8074,0.8019,3974,298,11.578
know,101907,14915,59.0093,72.6353,0.8124,0.8214,0.7719,25812,331,75.203
age,747,109,0.4326,0.5308,0.8117,0.7969,0.9023,584,188,1.701
ye,941,138,0.5449,0.6721,0.8083,0.8821,1.0002,433,145,1.262
write,2008,295,1.1627,1.4366,0.8082,0.8322,0.802,1559,245,4.542
of,112637,16601,65.2225,80.8461,0.8067,0.8021,0.81,27598,330,80.407
stand,4771,704,2.7627,3.4284,0.8053,0.8058,0.8323,3115,297,9.076
been,30164,4456,17.4665,21.7005,0.8048,0.7999,0.7545,13225,318,38.531
land,1897,280,1.0985,1.3636,0.8043,0.8041,0.8432,1394,251,4.061
more,21507,3188,12.4536,15.5254,0.802,0.7785,0.7924,10342,319,30.131
today,3395,503,1.9659,2.4496,0.8019,0.7942,0.7296,1842,255,5.367
yet,2408,357,1.3944,1.7386,0.8011,0.762,0.9267,1723,271,5.02
means,1377,204,0.7974,0.9935,0.8009,0.801,0.8192,1051,235,3.062
meet,2823,419,1.6347,2.0405,0.8003,0.8251,0.8708,2034,274,5.926
lock,1624,241,0.9404,1.1737,0.7998,0.9098,1.1115,1166,249,3.397
ahead,1442,214,0.835,1.0422,0.7996,0.7655,0.7809,1076,241,3.135
wearing,767,114,0.4441,0.5552,0.797,0.7963,0.7499,621,203,1.809
deep,4048,604,2.344,2.9415,0.7963,0.8091,0.7664,2797,286,8.149
when,67197,10046,38.9105,48.9235,0.7953,0.7878,0.7973,22866,330,66.62
all,108993,16321,63.1125,79.4825,0.794,0.7978,0.7832,27269,330,79.448
let's,11460,1717,6.6359,8.3617,0.7934,0.8013,0.7556,5090,306,14.83
worse,842,126,0.4876,0.6136,0.7919,0.7868,0.7557,640,198,1.865
feelings,2000,300,1.1581,1.461,0.7916,0.7969,0.8148,1240,219,3.613
fill,1285,193,0.7441,0.9399,0.7899,0.7741,0.7099,928,224,2.704
jealous,812,122,0.4702,0.5941,0.7886,0.7728,0.8642,610,195,1.777
air,3836,579,2.2212,2.8197,0.7872,0.8029,0.8059,2373,283,6.914
pink,918,139,0.5316,0.6769,0.7829,0.7566,0.8028,652,188,1.9
special,1207,183,0.6989,0.8912,0.7824,0.7666,0.6553,769,210,2.24
lately,1251,190,0.7244,0.9253,0.7811,0.8198,0.6781,727,174,2.118
asking,1073,163,0.6213,0.7938,0.7807,0.7581,0.8394,857,216,2.497
crazy,8277,1261,4.7928,6.141,0.7802,0.7883,0.7462,4294,299,12.511
but,85623,13072,49.5801,63.66,0.7788,0.7738,0.7612,25615,331,74.629
old,8200,1252,4.7482,6.0972,0.7785,0.764,0.8035,5227,305,15.229
say,37085,5667,21.4741,27.598,0.778,0.78,0.7612,15754,329,45.899
pick,3383,517,1.9589,2.5178,0.7774,0.79,0.8182,2326,279,6.777
hangin,702,107,0.4065,0.5211,0.777,0.788,0.9316,544,186,1.585
grass,741,113,0.4291,0.5503,0.7768,0.747,0.7186,605,184,1.763
clear,1896,290,1.0979,1.4123,0.7762,0.7374,0.7663,1401,244,4.082
stop,12935,1981,7.49,9.6474,0.7762,0.8131,0.8204,6691,315,19.494
lay,3700,567,2.1425,2.7613,0.7753,0.7464,0.7181,2216,281,6.456
free,6142,943,3.5565,4.5924,0.7741,0.7658,0.8334,3669,288,10.69
ha,4933,758,2.8565,3.6914,0.7734,0.8043,1.1846,1763,265,5.136
do,63664,9806,36.8647,47.7548,0.7719,0.7734,0.7708,20186,329,58.812
hole,1110,171,0.6427,0.8328,0.7699,0.7192,0.9461,876,219,2.552
reason,2785,430,1.6127,2.0941,0.7693,0.7505,0.726,1962,269,5.716
bar,1689,261,0.978,1.2711,0.7682,0.7869,0.8059,1261,246,3.674
band,1172,181,0.6786,0.8815,0.7681,0.7671,0.6966,798,199,2.325
choice,668,103,0.3868,0.5016,0.768,0.7011,0.5532,458,182,1.334
fool,2612,404,1.5125,1.9675,0.7679,0.7494,0.8268,1813,274,5.282
telling,1829,283,1.0591,1.3782,0.7673,0.7353,0.7727,1384,238,4.032
better,16203,2511,9.3824,12.2285,0.7671,0.7721,0.8403,8578,319,24.992
somebody,4283,665,2.4801,3.2385,0.7653,0.776,0.7017,2368,271,6.899
rather,2286,355,1.3237,1.7288,0.7648,0.7239,0.7996,1637,248,4.769
slip,812,126,0.4702,0.6136,0.7637,0.7108,0.7419,634,207,1.847
town,4682,729,2.7111,3.5502,0.7632,0.7552,0.7003,2905,289,8.464
feet,3269,509,1.8929,2.4788,0.763,0.7431,0.7638,2442,281,7.115
sitting,1607,250,0.9305,1.2175,0.763,0.7087,0.7081,1262,233,3.677
please,6162,960,3.5681,4.6752,0.7629,0.7741,0.6881,3428,294,9.987
busy,1117,174,0.6468,0.8474,0.7615,0.7845,0.6892,810,203,2.36
sweat,944,147,0.5466,0.7159,0.7614,0.6702,0.8025,717,217,2.089
addicted,905,141,0.524,0.6867,0.7609,0.6915,0.9134,498,174,1.451
dare,745,116,0.4314,0.5649,0.7609,0.7533,0.8599,532,189,1.55
too,23024,3602,13.3321,17.5416,0.7599,0.7636,0.7543,10876,315,31.687
mi,756,118,0.4378,0.5747,0.7591,0.7946,0.5815,260,121,0.758
insane,1056,165,0.6115,0.8035,0.759,0.7454,0.7255,757,203,2.206
guess,4519,708,2.6167,3.4479,0.7585,0.7676,0.6989,3159,287,9.204
hope,5799,911,3.3579,4.4365,0.7565,0.7652,0.6953,3627,275,10.567
drunk,2115,333,1.2247,1.6217,0.7542,0.7733,0.7339,1269,242,3.697
sleep,4960,782,2.8721,3.8083,0.7538,0.7472,0.7071,3127,278,9.111
pain,4494,709,2.6023,3.4528,0.7532,0.7449,0.658,2730,283,7.954
ways,1654,261,0.9578,1.2711,0.7523,0.7677,0.7815,1159,242,3.377
anybody,1426,225,0.8257,1.0957,0.7522,0.7264,0.8438,930,220,2.71
met,2575,407,1.4911,1.9821,0.7515,0.7292,0.7076,1844,263,5.372
holdin,982,155,0.5686,0.7548,0.7513,0.7437,0.8771,687,209,2.002
living,5027,797,2.9109,3.8814,0.7496,0.7016,0.8259,3194,281,9.306
future,1735,275,1.0047,1.3392,0.749,0.7594,0.811,1273,225,3.709
just,82551,13104,47.8012,63.8159,0.749,0.7514,0.7352,24667,328,71.867
laughing,714,113,0.4134,0.5503,0.7485,0.7009,0.6643,545,183,1.588
she'll,914,145,0.5293,0.7061,0.7473,0.6725,0.6966,620,190,1.806
another,8780,1397,5.0841,6.8033,0.7471,0.7343,0.7334,5087,310,14.821
said,19325,3075,11.1902,14.9751,0.7471,0.7228,0.6722,9486,315,27.637
as,24396,3886,14.1265,18.9246,0.7464,0.7324,0.7893,11567,323,33.7
flame,1087,173,0.6294,0.8425,0.7453,0.7061,0.7116,727,193,2.118
don't,106630,17045,61.7442,83.0083,0.7438,0.7493,0.7545,26512,328,77.243
second,2002,320,1.1593,1.5584,0.7429,0.7211,0.7041,1489,253,4.338
whatever,3113,498,1.8026,2.4252,0.7426,0.7279,0.7871,1981,259,5.772
single,1526,244,0.8836,1.1883,0.7424,0.7542,0.651,1034,225,3.013
flying,951,152,0.5507,0.7402,0.7419,0.7091,0.6695,719,190,2.095
against,1739,279,1.007,1.3587,0.74,0.7109,0.7795,1236,236,3.601
can't,40334,6487,23.3554,31.5914,0.7393,0.7444,0.7113,16575,325,48.291
give,21857,3517,12.6563,17.1276,0.7389,0.7395,0.7855,11254,324,32.789
played,1220,196,0.7064,0.9545,0.7385,0.7593,0.7228,1012,236,2.948
soul,4155,669,2.406,3.258,0.738,0.7145,0.6503,2654,277,7.732
ladies,1585,255,0.9178,1.2418,0.7378,0.7856,0.6831,1063,238,3.097
remember,5618,906,3.2531,4.4122,0.737,0.7306,0.6908,3311,285,9.647
nobody,7011,1133,4.0597,5.5177,0.7355,0.7296,0.6942,3679,289,10.719
quiet,849,137,0.4916,0.6672,0.7346,0.7796,0.5932,612,204,1.783
until,3943,639,2.2832,3.1119,0.7332,0.7204,0.7102,2793,285,8.137
lying,1277,207,0.7394,1.0081,0.732,0.6984,0.7176,922,211,2.686
over,15446,2511,8.944,12.2285,0.7313,0.7177,0.7539,8180,311,23.832
cause,47026,7647,27.2304,37.2405,0.7312,0.7362,0.7616,18375,325,53.536
tongue,1164,189,0.674,0.9204,0.7307,0.7147,0.711,901,224,2.625
survive,856,139,0.4957,0.6769,0.73,0.7372,0.6924,558,175,1.626
it's,69365,11331,40.1659,55.1814,0.7279,0.7316,0.7188,22381,328,65.207
day,17898,2928,10.3639,14.2592,0.7267,0.7191,0.739,8807,314,25.659
right,30914,5059,17.9008,24.6371,0.7265,0.7238,0.69,13107,326,38.187
behind,2949,483,1.7076,2.3522,0.7253,0.684,0.7175,2225,276,6.483
try,10048,1648,5.8183,8.0257,0.7248,0.7169,0.7274,6453,315,18.801
mm,989,162,0.5727,0.7889,0.724,0.7246,0.4911,304,132,0.886
so,78206,12891,45.2852,62.7786,0.7213,0.7256,0.7162,24370,330,71.002
take,30124,4972,17.4433,24.2134,0.7203,0.7241,0.7325,14429,324,42.039
bleed,729,120,0.4221,0.5844,0.7198,0.7188,0.7566,566,167,1.649
gone,10646,1759,6.1646,8.5662,0.7195,0.7025,0.7154,5333,303,15.538
wall,1985,328,1.1494,1.5973,0.7187,0.6978,0.6797,1351,248,3.936
room,3798,628,2.1992,3.0583,0.7186,0.7342,0.6515,2705,276,7.881
small,1367,226,0.7916,1.1006,0.7179,0.7126,0.6897,1073,233,3.126
blue,3968,658,2.2977,3.2044,0.7166,0.7052,0.6876,2594,279,7.558
life's,1027,170,0.5947,0.8279,0.7166,0.7041,0.7479,726,189,2.115
here,24969,4150,14.4583,20.2103,0.7153,0.7065,0.6825,11481,323,33.45
best,7350,1222,4.256,5.9511,0.7149,0.7169,0.7983,4730,307,13.781
proud,1187,197,0.6873,0.9594,0.7149,0.6717,0.5992,766,203,2.232
every,16926,2821,9.801,13.7381,0.7133,0.7074,0.7054,9287,318,27.058
kinda,2000,333,1.1581,1.6217,0.7132,0.7382,0.6561,1499,257,4.367
noise,715,119,0.414,0.5795,0.7119,0.6914,0.6216,516,201,1.503
open,4471,747,2.5889,3.6379,0.7113,0.6883,0.7027,3042,291,8.863
hotel,720,120,0.4169,0.5844,0.7109,0.6455,0.6781,522,170,1.521
going,10784,1804,6.2445,8.7854,0.7106,0.6955,0.7379,5614,300,16.356
sense,1153,193,0.6676,0.9399,0.7088,0.6601,0.6426,828,209,2.412
fear,1663,279,0.963,1.3587,0.7077,0.7047,0.6149,1219,244,3.552
sight,1030,173,0.5964,0.8425,0.7062,0.7035,0.6271,757,218,2.206
y,1427,240,0.8263,1.1688,0.7058,0.6782,0.7145,664,213,1.935
tear,1225,206,0.7093,1.0032,0.7056,0.6651,0.6753,780,232,2.273
strong,2701,456,1.564,2.2207,0.7036,0.7021,0.6176,1903,252,5.544
country,1644,278,0.952,1.3538,0.7021,0.6609,0.6534,900,203,2.622
need,29934,5072,17.3333,24.7004,0.7017,0.707,0.7124,13302,322,38.755
sound,3637,616,2.106,2.9999,0.7016,0.6899,0.6868,2418,284,7.045
could've,674,114,0.3903,0.5552,0.7004,0.7019,0.6556,467,171,1.361
stay,12297,2090,7.1206,10.1782,0.6995,0.7006,0.7364,7140,312,20.802
wave,1591,271,0.9213,1.3198,0.697,0.7005,0.6947,848,215,2.471
tired,2384,407,1.3805,1.9821,0.6958,0.6587,0.609,1514,243,4.411
me,231826,39630,134.239,192.9962,0.6955,0.6933,0.713,31686,329,92.317
shoulder,786,134,0.4551,0.6526,0.6953,0.6187,0.705,617,201,1.798
worth,2499,427,1.447,2.0795,0.6952,0.6562,0.654,1743,252,5.078
lie,4341,743,2.5137,3.6184,0.6943,0.7155,0.6278,2394,269,6.975
stone,749,128,0.4337,0.6234,0.6935,0.6239,0.6799,615,200,1.792
everything,10116,1736,5.8577,8.4542,0.6927,0.6889,0.6499,5340,288,15.558
middle,2212,380,1.2809,1.8506,0.6914,0.6884,0.7485,1626,252,4.737
matter,4004,689,2.3185,3.3554,0.6906,0.6711,0.7053,2501,284,7.287
eye,2413,417,1.3972,2.0308,0.6874,0.658,0.6541,1577,266,4.595
calling,1964,340,1.1373,1.6558,0.686,0.66,0.5946,1287,230,3.75
come,30149,5226,17.4578,25.4504,0.6859,0.6932,0.7254,14176,327,41.302
think,20681,3598,11.9753,17.5221,0.6834,0.7009,0.6993,10848,323,31.606
dressed,686,119,0.3972,0.5795,0.6831,0.6644,0.7117,567,200,1.652
girls,6243,1093,3.615,5.3229,0.6789,0.6973,0.6712,3053,290,8.895
sounds,733,128,0.4244,0.6234,0.6787,0.6497,0.6329,548,196,1.597
view,887,155,0.5136,0.7548,0.6786,0.6322,0.6627,700,197,2.039
known,1879,329,1.088,1.6022,0.6782,0.6551,0.6467,1318,272,3.84
mornin,829,145,0.48,0.7061,0.6779,0.6407,0.562,471,163,1.372
shining,1094,192,0.6335,0.935,0.676,0.6565,0.6633,659,189,1.92
times,4724,832,2.7354,4.0518,0.6748,0.6603,0.6363,2882,282,8.397
wait,5915,1043,3.4251,5.0794,0.674,0.6795,0.651,3242,287,9.446
down,43319,7660,25.0839,37.3038,0.6724,0.6689,0.6567,16171,326,47.114
be,88576,15664,51.29,76.2829,0.6723,0.6703,0.6818,24852,330,72.406
never,38135,6747,22.0821,32.8576,0.672,0.6627,0.6887,15784,322,45.987
should've,997,176,0.5773,0.8571,0.672,0.646,0.5792,637,206,1.856
crowd,1081,191,0.626,0.9302,0.6715,0.6046,0.636,808,224,2.354
fell,2141,380,1.2397,1.8506,0.6692,0.6867,0.583,1397,237,4.07
around,17180,3064,9.9481,14.9215,0.6666,0.6629,0.7141,9302,317,27.101
pieces,669,119,0.3874,0.5795,0.6662,0.6702,0.5838,477,174,1.39
help,3749,669,2.1709,3.258,0.6659,0.6829,0.5872,2370,282,6.905
thought,6859,1232,3.9717,5.9998,0.6618,0.6646,0.6353,4416,300,12.866
glad,720,129,0.4169,0.6282,0.6615,0.5749,0.5747,543,191,1.582
last,7609,1368,4.406,6.6621,0.6612,0.6555,0.6668,4827,300,14.063
much,10123,1823,5.8617,8.8779,0.6601,0.6776,0.607,5693,303,16.587
wake,3886,700,2.2502,3.409,0.6597,0.6896,0.6277,2236,268,6.515
thank,2732,493,1.582,2.4009,0.6584,0.6976,0.7003,1546,254,4.504
thing,10113,1830,5.8559,8.912,0.6569,0.6531,0.6289,5954,311,17.347
grow,1470,266,0.8512,1.2954,0.6561,0.6285,0.6766,1117,239,3.254
learned,972,176,0.5628,0.8571,0.6551,0.6169,0.6238,760,210,2.214
child,1394,253,0.8072,1.2321,0.6541,0.6267,0.6156,1032,227,3.007
wanna,35883,6527,20.7781,31.7862,0.6536,0.6671,0.6522,13358,325,38.919
least,1238,226,0.7169,1.1006,0.6502,0.6111,0.6135,970,218,2.826
time,34868,6377,20.1903,31.0557,0.6501,0.641,0.5961,14790,326,43.091
your,110447,20212,63.9544,98.4315,0.6497,0.6454,0.6626,25952,331,75.611
tight,1974,361,1.143,1.7581,0.6494,0.6422,0.7032,1434,270,4.178
hear,8048,1476,4.6602,7.1881,0.6481,0.6349,0.6028,5014,307,14.608
instead,1002,184,0.5802,0.8961,0.6461,0.6114,0.7057,854,204,2.488
answer,1011,186,0.5854,0.9058,0.6449,0.5978,0.6691,769,197,2.24
left,7367,1358,4.2659,6.6134,0.6448,0.6311,0.6154,4862,299,14.165
it'll,956,176,0.5536,0.8571,0.6444,0.6735,0.6034,702,193,2.045
mirror,1395,257,0.8078,1.2516,0.6444,0.6389,0.5963,931,216,2.712
burn,2679,494,1.5513,2.4058,0.6443,0.6387,0.574,1504,260,4.382
wouldn't,2944,543,1.7047,2.6444,0.6442,0.6552,0.6469,2045,266,5.958
days,4736,874,2.7424,4.2563,0.644,0.6313,0.6309,3051,295,8.889
looking,7113,1314,4.1188,6.3991,0.6435,0.6422,0.6925,4455,285,12.98
very,1772,327,1.0261,1.5925,0.6435,0.6327,0.5749,1177,235,3.429
friend,3622,669,2.0973,3.258,0.6434,0.6369,0.6123,2245,276,6.541
body,7491,1385,4.3377,6.7449,0.6429,0.6453,0.6815,4220,304,12.295
can,45869,8492,26.5605,41.3556,0.6422,0.6361,0.6413,17758,328,51.738
lead,1114,206,0.6451,1.0032,0.6417,0.6535,0.6637,916,227,2.669
read,1576,292,0.9126,1.422,0.6409,0.6642,0.6573,1236,240,3.601
watching,1975,368,1.1436,1.7921,0.6374,0.6126,0.6804,1417,243,4.128
stuff,1207,225,0.6989,1.0957,0.6367,0.6118,0.8681,905,232,2.637
strange,757,141,0.4383,0.6867,0.6365,0.6381,0.555,509,171,1.483
focus,842,157,0.4876,0.7646,0.636,0.6003,1.0763,685,202,1.996
raise,1045,195,0.6051,0.9496,0.6359,0.6315,0.635,787,225,2.293
must,3282,615,1.9004,2.995,0.6341,0.6429,0.621,2226,289,6.485
you,429337,80674,248.6079,392.8786,0.6328,0.6339,0.6344,33210,332,96.757
honest,928,174,0.5374,0.8474,0.6327,0.6234,0.5923,597,174,1.739
prove,799,150,0.4627,0.7305,0.6316,0.6263,0.6654,634,203,1.847
plans,664,125,0.3845,0.6087,0.6296,0.6151,0.5856,529,193,1.541
running,4095,776,2.3712,3.7791,0.6271,0.6154,0.6611,2573,266,7.496
forgive,1055,200,0.6109,0.974,0.6259,0.5738,0.631,667,186,1.943
happens,670,127,0.388,0.6185,0.6253,0.6113,0.5677,463,163,1.349
mary,780,148,0.4517,0.7208,0.6249,0.5826,0.6192,500,175,1.457
guy,1629,310,0.9433,1.5097,0.624,0.6387,0.5878,1123,240,3.272
choose,1150,219,0.6659,1.0665,0.6232,0.575,0.609,812,214,2.366
diamond,1714,328,0.9925,1.5973,0.6206,0.6102,1.0185,1242,223,3.619
letting,670,128,0.388,0.6234,0.6204,0.5665,0.5447,361,172,1.052
songs,1200,230,0.6949,1.1201,0.6193,0.6176,0.5782,945,209,2.753
coming,6506,1249,3.7673,6.0826,0.6192,0.6194,0.6602,3853,301,11.226
only,15711,3018,9.0975,14.6975,0.6189,0.614,0.6684,8907,317,25.951
walking,1808,347,1.0469,1.6899,0.6188,0.5992,0.6182,1321,233,3.849
good,19446,3745,11.2602,18.238,0.6173,0.6179,0.5859,9060,313,26.396
explain,676,130,0.3914,0.6331,0.6164,0.5663,0.6359,505,192,1.471
friends,5311,1024,3.0753,4.9868,0.6164,0.6292,0.602,3342,283,9.737
one,39574,7646,22.9154,37.2357,0.6154,0.6112,0.6382,15853,323,46.188
sexy,892,172,0.5165,0.8376,0.6152,0.5813,0.5081,524,177,1.527
share,824,159,0.4771,0.7743,0.6146,0.589,0.5436,631,194,1.838
not,32710,6332,18.9408,30.8365,0.6142,0.6167,0.6274,15006,329,43.72
whenever,973,188,0.5634,0.9156,0.6141,0.5657,0.6957,706,199,2.057
blind,1178,228,0.6821,1.1103,0.6132,0.6,0.5446,958,234,2.791
want,36608,7114,21.1979,34.6448,0.6118,0.6196,0.6139,14146,323,41.214
true,3914,761,2.2664,3.706,0.6112,0.5985,0.5804,2465,287,7.182
amazing,811,158,0.4696,0.7695,0.6088,0.5471,0.6056,533,173,1.553
hold,10939,2154,6.3342,10.4899,0.6037,0.5844,0.6163,5696,304,16.595
tree,1064,210,0.6161,1.0227,0.6013,0.5969,0.6293,823,211,2.398
both,2783,551,1.6115,2.6833,0.6001,0.5887,0.565,2005,260,5.842
wanted,3026,600,1.7522,2.922,0.5993,0.5863,0.5395,1941,261,5.655
hand,5576,1108,3.2288,5.3959,0.5982,0.6043,0.5774,3781,299,11.016
let,32670,6500,18.9176,31.6547,0.5976,0.5824,0.6165,13810,325,40.235
hair,2689,539,1.5571,2.6249,0.5928,0.594,0.6161,1899,265,5.533
space,1732,347,1.0029,1.6899,0.5928,0.5917,0.6078,1149,229,3.348
rush,884,177,0.5119,0.862,0.5925,0.5751,0.5776,660,211,1.923
train,1003,201,0.5808,0.9789,0.5922,0.5998,0.7353,765,231,2.229
have,24383,4909,14.119,23.9066,0.5905,0.5897,0.5775,12389,325,36.095
fine,2872,578,1.663,2.8148,0.5904,0.5791,0.6415,1853,268,5.399
worry,1945,394,1.1263,1.9188,0.5864,0.5784,0.5391,1160,240,3.38
places,756,153,0.4378,0.7451,0.586,0.5496,0.5202,567,200,1.652
yours,1929,394,1.117,1.9188,0.5816,0.591,0.5379,1137,252,3.313
am,10066,2075,5.8287,10.1052,0.5767,0.5779,0.5521,5018,298,14.62
girl,25060,5171,14.511,25.1825,0.5762,0.5575,0.5498,8706,312,25.365
glass,1444,298,0.8361,1.4512,0.5754,0.5821,0.5922,1155,234,3.365
cover,925,191,0.5356,0.9302,0.5746,0.5652,0.6504,789,212,2.299
imagine,789,163,0.4569,0.7938,0.5742,0.5419,0.6328,553,186,1.611
thinking,3373,699,1.9531,3.4041,0.5734,0.5616,0.5579,2289,273,6.669
hollywood,875,182,0.5067,0.8863,0.5704,0.5743,0.9244,513,155,1.495
lost,5361,1118,3.1043,5.4446,0.57,0.561,0.5444,3351,289,9.763
gimme,1284,268,0.7435,1.3051,0.5688,0.5642,0.6428,590,206,1.719
laugh,1205,253,0.6978,1.2321,0.5654,0.5669,0.5145,960,236,2.797
driving,898,189,0.52,0.9204,0.5638,0.5349,0.5657,643,189,1.873
world,11861,2501,6.8681,12.1798,0.5638,0.5561,0.5447,5882,306,17.137
way,26891,5683,15.5713,27.6759,0.5626,0.5777,0.5543,11859,325,34.551
fight,3188,677,1.846,3.297,0.5596,0.554,0.5222,2148,283,6.258
wide,994,212,0.5756,1.0324,0.5565,0.5359,0.4775,694,206,2.022
ever,11568,2472,6.6985,12.0385,0.5563,0.5458,0.5625,6384,304,18.6
should,7993,1710,4.6284,8.3276,0.5557,0.5681,0.5765,4959,297,14.448
miss,3797,814,2.1987,3.9641,0.5544,0.5425,0.5841,2270,276,6.614
sure,3808,818,2.205,3.9836,0.5533,0.5368,0.5481,2707,289,7.887
lose,3938,847,2.2803,4.1249,0.5526,0.5385,0.5255,2446,274,7.126
knew,4225,910,2.4465,4.4317,0.5518,0.5502,0.5135,2853,278,8.312
snow,953,205,0.5518,0.9983,0.5517,0.5611,0.578,759,200,2.211
ago,831,179,0.4812,0.8717,0.5508,0.5362,0.4734,671,202,1.955
knees,1400,302,0.8107,1.4707,0.5505,0.5515,0.5238,1010,234,2.943
walked,1121,242,0.6491,1.1785,0.5499,0.5327,0.5019,799,210,2.328
pretty,3209,694,1.8582,3.3797,0.5495,0.5515,0.5421,2048,270,5.967
weekend,741,160,0.4291,0.7792,0.5493,0.5534,0.5438,482,175,1.404
didn't,5504,1193,3.1871,5.8099,0.5484,0.5498,0.5188,3705,303,10.795
missing,1118,243,0.6474,1.1834,0.5462,0.4935,0.5449,819,218,2.386
break,6216,1353,3.5994,6.589,0.5461,0.5383,0.549,3736,301,10.885
end,4793,1044,2.7754,5.0842,0.5457,0.5427,0.5399,3222,288,9.387
become,858,187,0.4968,0.9107,0.5444,0.5267,0.5337,645,196,1.879
fashion,716,156,0.4146,0.7597,0.5444,0.5695,0.587,522,169,1.521
hoping,770,168,0.4459,0.8182,0.5437,0.5362,0.5467,597,180,1.739
mind,11699,2559,6.7743,12.4622,0.5435,0.5386,0.5083,6308,305,18.378
woah,6175,1361,3.5756,6.628,0.5393,0.5255,0.5732,1427,174,4.158
morning,2895,638,1.6764,3.107,0.5392,0.5303,0.4863,1801,249,5.247
follow,2075,458,1.2015,2.2304,0.5382,0.5299,0.634,1432,257,4.172
remind,792,175,0.4586,0.8522,0.5369,0.5075,0.5191,520,176,1.515
dust,701,155,0.4059,0.7548,0.5364,0.489,0.5798,526,192,1.533
once,3083,683,1.7852,3.3262,0.5364,0.5427,0.5362,2250,293,6.555
feel,21472,4780,12.4334,23.2784,0.5341,0.5265,0.5141,9786,318,28.511
into,7599,1702,4.4002,8.2887,0.5307,0.521,0.5519,5054,305,14.725
light,6526,1463,3.7789,7.1247,0.5302,0.5283,0.4974,3765,301,10.969
looked,905,203,0.524,0.9886,0.5291,0.4908,0.4518,734,217,2.139
dying,913,205,0.5287,0.9983,0.5286,0.528,0.5573,643,200,1.873
fade,1022,230,0.5918,1.1201,0.5275,0.4928,0.5462,721,224,2.101
shake,3750,847,2.1714,4.1249,0.5262,0.5663,0.625,1553,275,4.525
would,10593,2396,6.1339,11.6684,0.5256,0.5293,0.4987,5985,303,17.437
forever,4071,922,2.3573,4.4901,0.5248,0.5137,0.4843,1963,252,5.719
always,10335,2343,5.9845,11.4103,0.5244,0.517,0.523,5890,307,17.161
reach,1208,275,0.6995,1.3392,0.5216,0.4954,0.5367,980,240,2.855
road,3266,745,1.8912,3.6281,0.521,0.5073,0.5257,2164,261,6.305
saw,2327,532,1.3475,2.5908,0.5197,0.5112,0.4701,1698,263,4.947
fallin,870,199,0.5038,0.9691,0.5188,0.5231,0.5138,509,181,1.483
who's,1814,416,1.0504,2.0259,0.518,0.5065,0.5723,1317,256,3.837
needed,1034,237,0.5987,1.1542,0.5179,0.5285,0.5336,706,196,2.057
wrong,5485,1259,3.1761,6.1313,0.5179,0.504,0.5072,3463,291,10.089
ma,1687,389,0.9769,1.8944,0.5151,0.5134,0.7783,796,202,2.319
nothing,9208,2127,5.3319,10.3584,0.5146,0.5179,0.5084,5065,304,14.757
hour,880,203,0.5096,0.9886,0.5145,0.5048,0.5737,712,207,2.074
lives,901,208,0.5217,1.013,0.5141,0.506,0.5009,634,200,1.847
fire,4906,1136,2.8408,5.5323,0.5133,0.5091,0.5184,2751,274,8.015
dangerous,709,164,0.4105,0.7987,0.5128,0.5526,0.5388,431,182,1.256
voice,1031,239,0.597,1.1639,0.5121,0.5115,0.4741,839,214,2.444
anything,2719,631,1.5744,3.0729,0.512,0.5045,0.4834,1798,262,5.238
giving,1580,369,0.9149,1.797,0.5086,0.4937,0.5355,1222,248,3.56
late,2722,636,1.5762,3.0973,0.5086,0.4856,0.507,1899,263,5.533
well,7563,1769,4.3794,8.6149,0.5082,0.5066,0.4653,4930,311,14.364
hey,14425,3381,8.3528,16.4653,0.5072,0.517,0.4807,4291,300,12.502
part,2448,574,1.4175,2.7954,0.5068,0.4825,0.5175,1744,262,5.081
tomorrow,1530,359,0.8859,1.7483,0.5062,0.5037,0.5379,966,233,2.814
here's,976,229,0.5652,1.1152,0.5059,0.478,0.4862,754,227,2.197
inside,4920,1157,2.8489,5.6345,0.5055,0.5078,0.4891,3290,280,9.585
something,7871,1853,4.5577,9.024,0.505,0.5088,0.4779,4471,300,13.026
scream,1151,271,0.6665,1.3198,0.5043,0.4919,0.4746,826,226,2.407
hands,5319,1257,3.08,6.1215,0.503,0.5145,0.4529,3107,299,9.052
home,9514,2252,5.5091,10.9671,0.5022,0.4907,0.5365,5703,305,16.616
dream,3877,920,2.245,4.4804,0.5009,0.4795,0.5132,2384,273,6.946
mine,5876,1396,3.4025,6.7985,0.5003,0.5119,0.4828,3327,286,9.693
under,3295,784,1.908,3.818,0.4995,0.4972,0.5566,2571,286,7.491
chance,1806,430,1.0458,2.0941,0.4989,0.4766,0.4733,1265,245,3.686
simple,794,189,0.4598,0.9204,0.4985,0.4479,0.4769,599,205,1.745
sad,1154,275,0.6682,1.3392,0.4983,0.4913,0.4524,743,209,2.165
close,3682,884,2.1321,4.305,0.495,0.5031,0.4741,2388,285,6.957
born,2466,593,1.4279,2.8879,0.4941,0.5094,0.5542,1673,259,4.874
hmm,893,215,0.5171,1.047,0.493,0.5721,0.4182,386,147,1.125
deserve,1163,281,0.6734,1.3685,0.4915,0.4821,0.476,756,196,2.203
believe,5983,1448,3.4645,7.0517,0.4912,0.4988,0.4812,3495,296,10.183
dress,1071,259,0.6202,1.2613,0.491,0.5002,0.5013,850,214,2.476
feeling,5533,1346,3.2039,6.555,0.4886,0.486,0.4573,3239,273,9.437
truth,3212,782,1.8599,3.8083,0.4881,0.4744,0.5173,2262,271,6.59
hurt,2914,710,1.6874,3.4577,0.4877,0.4936,0.4751,1854,266,5.402
long,10408,2539,6.0268,12.3648,0.4873,0.4788,0.4848,5789,306,16.866
between,1636,400,0.9473,1.948,0.4859,0.475,0.4612,1301,247,3.79
wild,2237,547,1.2953,2.6639,0.4859,0.4571,0.4993,1298,253,3.782
perfect,2005,491,1.161,2.3911,0.4852,0.4712,0.4473,1264,228,3.683
hello,1771,434,1.0255,2.1136,0.4848,0.4282,0.6171,778,205,2.267
care,4884,1201,2.8281,5.8488,0.4834,0.4834,0.4791,2945,288,8.58
easy,2523,627,1.4609,3.0535,0.4782,0.4559,0.4808,1563,264,4.554
gets,1847,459,1.0695,2.2353,0.4781,0.4759,0.5209,1382,267,4.026
myself,5472,1362,3.1686,6.6329,0.4776,0.4984,0.4492,2969,281,8.65
won't,11808,2942,6.8374,14.3274,0.4772,0.4751,0.4625,6570,314,19.142
could,16718,4180,9.6806,20.3564,0.4755,0.4702,0.4872,8844,319,25.767
those,3535,891,2.0469,4.3391,0.4715,0.4653,0.455,2462,288,7.173
taste,1749,442,1.0128,2.1525,0.4701,0.4611,0.4832,1231,253,3.587
fix,880,224,0.5096,1.0909,0.4663,0.481,0.5557,667,209,1.943
turning,714,182,0.4134,0.8863,0.4655,0.4271,0.423,514,175,1.498
wine,850,217,0.4922,1.0568,0.465,0.4345,0.4757,638,190,1.859
heaven,1761,453,1.0197,2.2061,0.4618,0.4283,0.4708,1150,234,3.351
sleeping,783,202,0.4534,0.9837,0.4601,0.4414,0.4575,631,190,1.838
bit,2116,547,1.2253,2.6639,0.4596,0.4716,0.4838,1412,254,4.114
trouble,1318,341,0.7632,1.6607,0.4591,0.4513,0.4622,788,222,2.296
sunday,668,173,0.3868,0.8425,0.4581,0.4419,0.467,481,169,1.401
touch,3911,1016,2.2647,4.9479,0.4575,0.4563,0.4556,2512,283,7.319
ends,801,208,0.4638,1.013,0.4571,0.4421,0.5109,575,189,1.675
dreams,2948,767,1.707,3.7353,0.4568,0.4446,0.4586,1891,261,5.509
find,6906,1804,3.9989,8.7854,0.4551,0.4539,0.4695,4513,303,13.149
da,5690,1490,3.2948,7.2562,0.454,0.4913,0.444,1221,247,3.557
leaving,929,244,0.5379,1.1883,0.452,0.4336,0.469,700,213,2.039
dark,2594,683,1.5021,3.3262,0.4513,0.4331,0.4433,1744,256,5.081
yesterday,709,187,0.4105,0.9107,0.4499,0.4205,0.4384,409,144,1.192
goes,2688,712,1.5565,3.4674,0.4487,0.4527,0.4128,1589,262,4.63
bed,2554,679,1.4789,3.3067,0.447,0.4502,0.45,1873,256,5.457
lift,977,260,0.5657,1.2662,0.4462,0.3624,0.4635,679,204,1.978
golden,694,185,0.4019,0.9009,0.4452,0.4693,0.5317,512,162,1.492
secret,674,180,0.3903,0.8766,0.4443,0.4268,0.4504,507,170,1.477
everyone,1204,324,0.6972,1.5779,0.4414,0.4315,0.397,782,194,2.278
enough,4888,1317,2.8304,6.4137,0.4412,0.4544,0.4546,3012,289,8.775
song,4035,1087,2.3365,5.2936,0.4412,0.4385,0.4359,2569,278,7.485
standing,1602,432,0.9276,2.1038,0.4406,0.4247,0.4637,1153,226,3.359
he's,3117,841,1.8049,4.0956,0.4405,0.4368,0.4198,1886,274,5.495
meant,1160,313,0.6717,1.5243,0.4401,0.4461,0.4414,813,209,2.369
words,2619,708,1.5165,3.4479,0.4396,0.4186,0.4433,1872,269,5.454
place,4308,1168,2.4946,5.6881,0.4384,0.4243,0.4414,2976,295,8.671
little,11182,3036,6.4749,14.7852,0.4379,0.4294,0.4678,6417,312,18.696
fun,2176,592,1.26,2.883,0.4368,0.4269,0.4125,1306,257,3.805
ohh,1371,373,0.7939,1.8165,0.4366,0.4271,0.3314,469,171,1.366
losing,837,228,0.4847,1.1103,0.4358,0.4399,0.3894,553,185,1.611
waste,1144,312,0.6624,1.5194,0.4355,0.4184,0.4157,744,215,2.168
empty,931,254,0.5391,1.237,0.4352,0.4289,0.4746,740,209,2.156
fighting,693,189,0.4013,0.9204,0.4351,0.4194,0.4461,515,187,1.5
ba,795,217,0.4603,1.0568,0.4349,0.5249,0.9228,159,91,0.463
lights,3392,927,1.9641,4.5144,0.4349,0.4376,0.4537,2001,273,5.83
without,4645,1273,2.6897,6.1994,0.4337,0.4256,0.4464,3057,290,8.907
night,13368,3668,7.7408,17.863,0.4333,0.4272,0.4102,6362,310,18.536
clouds,788,217,0.4563,1.0568,0.4311,0.4113,0.4151,558,168,1.626
will,13102,3619,7.5867,17.6244,0.4304,0.4192,0.4298,7224,318,21.047
rain,3182,879,1.8425,4.2807,0.4303,0.4217,0.448,1719,254,5.008
faith,941,260,0.5449,1.2662,0.4297,0.4265,0.3963,625,183,1.821
promise,1986,550,1.15,2.6785,0.4291,0.4599,0.4748,1260,222,3.671
breath,1100,305,0.637,1.4853,0.4283,0.4099,0.4297,887,236,2.584
shouldn't,743,206,0.4302,1.0032,0.4281,0.4276,0.3601,561,196,1.634
learn,1629,453,0.9433,2.2061,0.4272,0.4368,0.5013,1270,245,3.7
across,995,277,0.5762,1.349,0.4266,0.4049,0.4699,824,222,2.401
less,1880,524,1.0886,2.5519,0.4263,0.3828,0.5515,1414,258,4.12
anyway,949,265,0.5495,1.2905,0.4252,0.4143,0.4266,623,200,1.815
skin,1324,370,0.7667,1.8019,0.4251,0.4162,0.4189,1066,235,3.106
seem,1333,373,0.7719,1.8165,0.4245,0.3945,0.395,971,221,2.829
ground,1982,555,1.1477,2.7028,0.4243,0.4318,0.4348,1408,268,4.102
stars,1998,562,1.1569,2.7369,0.4224,0.3963,0.4121,1345,230,3.919
there,13663,3847,7.9116,18.7347,0.4223,0.4133,0.4148,7416,321,21.607
spin,747,210,0.4326,1.0227,0.4222,0.4543,0.499,605,198,1.763
holy,764,216,0.4424,1.0519,0.4199,0.4245,0.5063,528,184,1.538
ocean,878,249,0.5084,1.2126,0.4187,0.4193,0.4086,611,185,1.78
above,1200,341,0.6949,1.6607,0.418,0.4254,0.4319,931,228,2.712
far,3245,925,1.879,4.5047,0.417,0.4061,0.4324,2122,273,6.182
control,1898,543,1.099,2.6444,0.4153,0.4178,0.4129,1188,246,3.461
seems,1216,348,0.7041,1.6947,0.4151,0.4034,0.3379,828,215,2.412
things,6409,1856,3.7111,9.0386,0.4105,0.415,0.3773,3830,291,11.159
else,2628,764,1.5217,3.7206,0.4088,0.4182,0.3706,1544,263,4.498
alive,2041,594,1.1818,2.8928,0.4083,0.419,0.4908,1241,232,3.616
breaking,916,268,0.5304,1.3051,0.4059,0.378,0.4104,661,197,1.926
forget,2642,777,1.5299,3.784,0.4041,0.3999,0.4099,1840,279,5.361
fall,5405,1593,3.1298,7.7578,0.4033,0.401,0.4069,3177,289,9.256
our,7621,2252,4.4129,10.9671,0.4023,0.3945,0.3971,4243,298,12.362
queen,1084,323,0.6277,1.573,0.3986,0.4047,0.4345,814,210,2.372
save,2173,649,1.2583,3.1606,0.3979,0.4077,0.433,1409,254,4.105
sometimes,3023,905,1.7505,4.4073,0.397,0.3812,0.3795,1710,251,4.982
moon,1267,380,0.7337,1.8506,0.3961,0.3696,0.399,793,204,2.31
each,1594,479,0.923,2.3327,0.3954,0.3969,0.4057,1155,250,3.365
hide,1681,506,0.9734,2.4642,0.3947,0.3783,0.3921,1221,242,3.557
may,1764,531,1.0214,2.5859,0.3947,0.3934,0.4308,1184,229,3.45
wish,3981,1210,2.3052,5.8926,0.3911,0.3856,0.3737,2324,278,6.771
wings,820,250,0.4748,1.2175,0.3895,0.3753,0.4001,619,181,1.803
says,925,284,0.5356,1.3831,0.3868,0.347,0.3107,655,202,1.908
di,693,213,0.4013,1.0373,0.3862,0.4402,0.604,174,100,0.507
lo,675,208,0.3909,1.013,0.3852,0.412,0.4384,420,161,1.224
such,1323,410,0.7661,1.9967,0.3834,0.3745,0.3607,912,202,2.657
sorry,2610,815,1.5113,3.969,0.3806,0.3943,0.4095,1548,234,4.51
radio,981,307,0.568,1.4951,0.3795,0.3579,0.4404,679,207,1.978
again,8352,2618,4.8362,12.7495,0.3793,0.3876,0.3633,3791,305,11.045
carry,1039,329,0.6016,1.6022,0.3751,0.3021,0.3842,748,209,2.179
sky,3177,1007,1.8396,4.904,0.375,0.3641,0.3727,1830,248,5.332
breathe,1312,416,0.7597,2.0259,0.3747,0.3725,0.3524,793,204,2.31
felt,1494,474,0.8651,2.3084,0.3745,0.3609,0.3602,1067,223,3.109
shame,893,285,0.5171,1.3879,0.3721,0.3846,0.4137,639,197,1.862
they're,2101,676,1.2166,3.2921,0.3694,0.3631,0.3415,1376,258,4.009
walls,716,231,0.4146,1.125,0.368,0.3635,0.3111,504,169,1.468
woman,1658,543,0.9601,2.6444,0.3628,0.3712,0.3805,1033,222,3.01
eyes,6654,2186,3.853,10.6457,0.3619,0.359,0.3393,4363,298,12.712
pretend,778,256,0.4505,1.2467,0.3609,0.3797,0.3202,507,169,1.477
ahh,1094,362,0.6335,1.7629,0.359,0.3701,0.3464,472,178,1.375
bye,1062,352,0.615,1.7142,0.3584,0.4015,0.5144,477,178,1.39
does,1646,546,0.9531,2.659,0.3582,0.3527,0.3551,1087,210,3.167
maybe,3834,1273,2.2201,6.1994,0.358,0.3522,0.3432,2182,262,6.357
lies,1274,423,0.7377,2.06,0.3578,0.3499,0.3524,947,222,2.759
almost,986,330,0.5709,1.6071,0.3549,0.346,0.3978,743,206,2.165
closer,714,239,0.4134,1.1639,0.3547,0.3385,0.3484,441,169,1.285
hanging,866,292,0.5015,1.422,0.3522,0.3555,0.3843,669,199,1.949
dance,3424,1156,1.9827,5.6297,0.3521,0.3631,0.3572,1590,275,4.632
moment,1440,490,0.8338,2.3863,0.3492,0.3373,0.3742,981,202,2.858
afraid,958,327,0.5547,1.5925,0.348,0.3421,0.2748,529,182,1.541
baby,32323,11065,18.7167,53.886,0.3473,0.3463,0.3441,10586,317,30.842
together,2779,952,1.6092,4.6362,0.347,0.3442,0.361,1719,262,5.008
alright,3321,1138,1.923,5.542,0.3469,0.3503,0.3132,1401,243,4.082
i'll,15882,5465,9.1965,26.6143,0.3455,0.3443,0.3554,7954,316,23.174
nowhere,958,335,0.5547,1.6314,0.3397,0.3266,0.3059,595,196,1.734
tears,1548,548,0.8964,2.6687,0.3357,0.3346,0.3243,1084,224,3.158
california,918,325,0.5316,1.5827,0.3355,0.3223,0.5121,601,138,1.751
pro,692,245,0.4007,1.1931,0.3354,0.3241,0.4944,556,193,1.62
looks,727,260,0.421,1.2662,0.3321,0.3342,0.3216,585,205,1.704
are,16275,5833,9.4241,28.4064,0.3317,0.3294,0.3442,7832,321,22.819
holding,1063,382,0.6155,1.8603,0.3306,0.324,0.3377,803,225,2.34
blame,1360,489,0.7875,2.3814,0.3305,0.3584,0.3968,920,220,2.68
wants,938,338,0.5431,1.646,0.3297,0.3183,0.277,594,192,1.731
yourself,2482,907,1.4372,4.417,0.3253,0.3313,0.3699,1559,263,4.542
found,2624,959,1.5194,4.6703,0.3252,0.3204,0.3332,1848,263,5.384
sweet,2117,779,1.2259,3.7937,0.323,0.3236,0.3479,1481,262,4.315
mess,966,356,0.5594,1.7337,0.3224,0.3256,0.362,747,222,2.176
whoa,3165,1175,1.8327,5.7222,0.3202,0.3016,0.335,837,210,2.439
happy,1823,677,1.0556,3.297,0.32,0.3255,0.3282,1207,235,3.517
along,1149,428,0.6653,2.0843,0.319,0.3014,0.3036,749,206,2.182
rise,963,362,0.5576,1.7629,0.316,0.3242,0.3169,672,189,1.958
nights,1443,545,0.8356,2.6541,0.3146,0.3256,0.3451,1036,209,3.018
smile,1848,704,1.0701,3.4284,0.312,0.3156,0.2736,1270,245,3.7
kind,1841,702,1.066,3.4187,0.3117,0.3095,0.324,1309,240,3.814
finally,1086,416,0.6288,2.0259,0.3102,0.3315,0.2998,786,192,2.29
waiting,2134,822,1.2357,4.0031,0.3086,0.3011,0.296,1359,240,3.959
i've,9547,3688,5.5282,17.9604,0.3078,0.3047,0.277,4854,285,14.142
sun,2482,960,1.4372,4.6752,0.3073,0.2884,0.3085,1595,259,4.647
c'mon,1102,430,0.6381,2.0941,0.3045,0.3122,0.5602,496,177,1.445
keeps,792,311,0.4586,1.5146,0.3025,0.3008,0.2606,491,190,1.431
knows,2000,794,1.1581,3.8667,0.2994,0.283,0.3304,1186,244,3.455
ooh,13032,5229,7.5462,25.465,0.2963,0.3028,0.2844,2710,251,7.896
has,2085,839,1.2073,4.0859,0.2954,0.2943,0.2976,1540,266,4.487
gonna,11710,4750,6.7807,23.1323,0.2931,0.2832,0.3181,5688,311,16.572
la,7541,3063,4.3666,14.9167,0.2927,0.2951,0.2744,1458,248,4.248
i'd,4143,1707,2.399,8.313,0.2885,0.2887,0.2781,2645,280,7.706
isn't,775,324,0.4488,1.5779,0.2842,0.3144,0.3239,613,150,1.786
somewhere,1019,432,0.5901,2.1038,0.2803,0.2811,0.3034,776,196,2.261
away,8240,3507,4.7714,17.0789,0.2793,0.2758,0.2678,3960,301,11.537
takes,835,362,0.4835,1.7629,0.2741,0.2682,0.2641,564,195,1.643
love,40707,17751,23.5714,86.4465,0.2727,0.2745,0.3007,13396,323,39.029
comes,1960,855,1.1349,4.1638,0.2725,0.2658,0.2709,1347,271,3.924
you'll,3730,1633,2.1599,7.9526,0.2715,0.271,0.294,2484,298,7.237
bright,1124,500,0.6509,2.435,0.2671,0.2672,0.397,805,211,2.345
she's,3986,1776,2.3081,8.649,0.2668,0.2619,0.2793,2009,270,5.853
you'd,1093,490,0.6329,2.3863,0.2651,0.2603,0.2352,733,206,2.136
mmm,1106,497,0.6404,2.4204,0.2645,0.2991,0.2047,342,132,0.996
lips,1171,529,0.6781,2.5762,0.2631,0.2518,0.291,937,238,2.73
loved,966,439,0.5594,2.1379,0.2615,0.2605,0.2599,659,186,1.92
lonely,1274,583,0.7377,2.8392,0.2597,0.2628,0.21,679,194,1.978
wind,900,419,0.5211,2.0405,0.2552,0.2476,0.2559,680,205,1.981
sing,1970,918,1.1407,4.4706,0.2551,0.2669,0.2391,1216,242,3.543
doesn't,874,408,0.5061,1.9869,0.2545,0.2478,0.2402,573,161,1.669
oooh,797,376,0.4615,1.8311,0.2519,0.2249,0.2495,269,129,0.784
dancing,1032,490,0.5976,2.3863,0.2503,0.2443,0.2541,567,184,1.652
there's,5399,2585,3.1263,12.5888,0.2483,0.25,0.251,3572,293,10.407
kiss,2553,1237,1.4783,6.0241,0.2453,0.24,0.2846,1673,264,4.874
cry,2192,1064,1.2693,5.1816,0.2449,0.2478,0.2413,1280,236,3.729
we'll,2006,980,1.1616,4.7726,0.2433,0.2426,0.2353,1252,257,3.648
alone,3626,1779,2.0996,8.6636,0.2423,0.2467,0.2422,2052,273,5.978
loves,693,348,0.4013,1.6947,0.2366,0.2248,0.2153,376,162,1.095
angel,764,398,0.4424,1.9382,0.2281,0.2326,0.2611,524,160,1.527
feels,1725,912,0.9989,4.4414,0.2248,0.2327,0.2105,977,221,2.846
lovin,849,452,0.4916,2.2012,0.2232,0.2245,0.2522,548,195,1.597
heart,6755,3647,3.9115,17.7607,0.2202,0.2187,0.2284,4106,300,11.963
honey,876,487,0.5072,2.3717,0.2138,0.223,0.2048,636,217,1.853
you're,15723,8840,9.1044,43.0504,0.2115,0.2122,0.2125,6696,314,19.509
beautiful,1387,785,0.8031,3.8229,0.21,0.2139,0.2256,763,195,2.223
tonight,4380,2493,2.5362,12.1408,0.2089,0.2115,0.1907,1831,256,5.335
were,3696,2107,2.1402,10.261,0.2086,0.2075,0.1907,2246,274,6.544
makes,1429,826,0.8275,4.0226,0.2057,0.2108,0.2105,1002,251,2.919
burning,722,419,0.4181,2.0405,0.2048,0.2067,0.204,541,184,1.576
someone,1714,999,0.9925,4.8651,0.204,0.2075,0.1952,1035,212,3.015
na,3657,2150,2.1176,10.4704,0.2022,0.1942,0.1733,399,142,1.162
ah,5265,3247,3.0487,15.8127,0.1928,0.1951,0.2449,1811,258,5.276
broken,847,570,0.4905,2.7759,0.1766,0.1723,0.1827,644,194,1.876
loving,879,610,0.509,2.9707,0.1713,0.1617,0.1796,524,187,1.527
you've,1863,1312,1.0788,6.3894,0.1688,0.1656,0.1523,1038,228,3.024
we've,757,554,0.4383,2.698,0.1624,0.1541,0.1491,454,175,1.323
oh,30657,22573,17.752,109.9294,0.1615,0.1614,0.1598,8152,307,23.751
arms,820,611,0.4748,2.9755,0.1595,0.157,0.1787,606,195,1.766
we're,3909,3110,2.2635,15.1456,0.1494,0.1477,0.1489,2087,276,6.08
falling,825,710,0.4777,3.4577,0.1381,0.1419,0.1462,547,171,1.594
christmas,936,822,0.542,4.0031,0.1354,0.1429,0.1626,539,176,1.57
babe,1270,1314,0.7354,6.3991,0.1149,0.1099,0.0974,558,161,1.626
eh,878,1011,0.5084,4.9235,0.1033,0.1125,0.129,287,142,0.836
